ListID,Name,FullName,CompanyName,ContactName,Email,Phone,AltPhone,Fax,BillAddress,BillCity,BillState,BillZip,BillCountry,ShipAddress,ShipCity,ShipState,ShipZip,ShipCountry,CustomerType,Terms,SalesRep,Balance,TotalBalance,CreditLimit,AccountNumber,IsActive,Notes
80000112-1617705694,361 Degrees (Pvt) Ltd,361 Degrees (Pvt) Ltd,361 Degrees (Pvt) Ltd,,,,,,"361 Degrees (Pvt) Ltd, 185/1 Sri Gnanendra Mawatha",Nawala,,,,,,,,,Retail,,,0.00,0.00,0,,1,
80000174-1625650298,579 Holdings,579 Holdings,,,,,,,"579 Holdings, 78/1 , Welyaya Road",Maharagama,,,,,,,,,,,AD,0.00,0.00,0,,1,
80000111-1617705694,99X Technology Limited,99X Technology Limited,,,,,,,"99X Technology Limited, No 65 Walukarama Road,",Colombo 03,,,,,,,,,,,,0.00,0.00,0,,1,
80000110-1617705694,a-Design Studio,a-Design Studio,,,,,,,"a-Design Studio, 38 , Haig Road ,",,Haig,,,,,,,,,,,0.00,0.00,0,,1,
8000022A-1674108348,A-Networks (Pvt) Ltd,A-Networks (Pvt) Ltd,A-Networks (Pvt) Ltd,,,,,,"A-Networks (Pvt) Ltd, No.228 1/1, Galle Road, ",VAT No.,,174876258-700,,,,,,,,,AD,0.00,0.00,0,,1,
8000010B-1617705694,A.BAUR & COMPANY,A.BAUR & COMPANY,A.BAUR & COMPANY,,,,,,"A.BAUR & COMPANY, SALES & DISTRIBUTION DEPT.",COLOMBO 14,,,,,,,,,,,,0.00,0.00,0,,1,
800001BC-1640060820,A.D.ATTYGALLE AUTO MOBILE,A.D.ATTYGALLE AUTO MOBILE,A.D.ATTYGALLE AUTO MOBILE,,,,,,"A.D.ATTYGALLE AUTO MOBILE, Ellawala,",Eheliyagoda,,,,,,,,,,,AS,0.00,0.00,0,,1,
8000010F-1617705694,A & F Holdings ( Aasaf),A & F Holdings ( Aasaf),,,,,,,"A & F Holdings, 365 Grandpass Road,",Colombo 14.,,,,,,,,,,,,0.00,0.00,0,,1,
800002C5-1734062428,A & R Manufacturing,A & R Manufacturing,,,,,,,"A & R Manufacturing, Gomaduwa , Yatiyanthota",,,,,,,,,,,,AD,0.00,0.00,0,,1,
8000010E-1617705694,A J & Son,A J & Son,A J & Son,,,,,,"A J & Son, , No.44, Ketawalamulla Lane, ",Colombo 06,,,,,,,,,,,,0.00,0.00,0,,1,
8000010D-1617705694,A ONE INTERNET CAFE,A ONE INTERNET CAFE,A ONE INTERNET CAFE,,,,,,A ONE INTERNET CAFE,,,,,,,,,,,,,0.00,0.00,0,,1,
800001C8-1641015622,A S General Trading Company,A S General Trading Company,A S General Trading Company,,,,,,"A S General Trading Company, No. 39, 1st Floor, ",Colombo 11,,,,,,,,,,,AR,-1788.00,-1788.00,0,,1,
8000010C-1617705694,A S IT Solutions,A S IT Solutions,,,,,,,A S IT Solutions,,,,,,,,,,,,,0.00,0.00,0,,1,
8000010A-1617705694,Abans Electricals PLC,Abans Electricals PLC,,,,,,,"Abans Electricals PLC, No 498 , Galle Road,",Colombo 03,,,,,,,,,,,,0.00,0.00,0,,1,
80000109-1617705694,"Abans Electricals PLC, Service Dep","Abans Electricals PLC, Service Dep",,,,,,,"Abans Electricals PLC, Service Department, ",Wellawatta.,,,,,,,,,,,,0.00,0.00,0,,1,
80000108-1617705694,Abans PLC.,Abans PLC.,Abans PLC,,,,,,"Abans PLC, 3rd Floor, No. 498, ",Colombo 03,,,,,,,,,,,,0.00,0.00,0,,1,
80000107-1617705693,ABC Computers,ABC Computers,ABC Computers,,,,,,"TIN No : 114210730, ABC Computers (Pvt) Ltd.",Colombo 07,,,,,,,,,,Cheque,AD,708590.00,708590.00,0,,1,
80000106-1617705693,ABC TRADE & INVESTMENTS (PVT) LTD,ABC TRADE & INVESTMENTS (PVT) LTD,ABC TRADE & INVESTMENTS (PVT) LTD,,info@abcsrilanka.biz,5877700,,2677284,"ABC Trade & Invesments (Pvt)Ltd, No 3. Bandaranayakapura Road",Rajagiriya,,,,,,,,,,,,0.00,0.00,0,,1,
80000105-1617705693,Abercrombie & Kent (Pvt) Ltd,Abercrombie & Kent (Pvt) Ltd,,,,,,,"Abercrombie & Kent (Pvt) Ltd, Level 17 , Access tower, ",VAT No,,114150460-700,,,,,,,,,AD,0.00,0.00,0,,1,
80000104-1617705693,Abeygunawardene Associates (Pvt) Ltd,Abeygunawardene Associates (Pvt) Ltd,Abeygunawardene Associates (PVT) Ltd,,,,,,"Abeygunawardene Associates (PVT) Ltd, No- 29, Purana Road, ",Maharagama,,,,,,,,,,,AD,0.00,0.00,0,,1,
800002DD-1740552386,ABSOLUTE BUSINESS SOLUTIONS ( PVT) LTD,ABSOLUTE BUSINESS SOLUTIONS ( PVT) LTD,,,,,,,"ABSOLUTE BUSINESS SOLUTIONS ( PVT) LTD, No.25 Madu Mawatha,",Negombo.,,,,,,,,,,Cheque,AR,12000.00,12000.00,0,,1,
80000103-1617705693,ACA IT PARK,ACA IT PARK,ACA IT PARK,MR. SRIKANTH,,2470519,,,"MR. SRIKANTH, ACA IT PARK",248 GEORGE R.,DE,,,,,,,,,,,0.00,0.00,0,,1,
80000102-1617705693,Access Projects,Access Projects,Access Projects,,,,,,Access Projects,,,,,,,,,,,,A,0.00,0.00,0,,1,
80000101-1617705693,Access Projects (Pvt)Ltd,Access Projects (Pvt)Ltd,Access Projects (Pvt)Ltd,,,,,,"Access Projects (Pvt)Ltd, No:40, ",Rajagiriya,,,,,,,,,,,AS,0.00,0.00,0,,1,
80000100-1617705693,Accura-Tech Accurate Technologies,Accura-Tech Accurate Technologies,Accura-Tech Accurate Technologies,,,,,,"Accura-Tech Accurate Technologies, No 48, IBM building II , ",Colombo 2.,,,,,,,,,,,AD,0.00,0.00,0,,1,
800000FF-1617705693,Ace Apparels (Pvt) Ltd,Ace Apparels (Pvt) Ltd,Ace Apparels (Pvt) Ltd,,,,,,"Ace Apparels (Pvt) Ltd, Lot No 01, EPZ, Koggala,",Habaraduwa.,,,,,,,,,,,,0.00,0.00,0,,1,
800000FE-1617705693,Ace International Express (pvt) Ltd,Ace International Express (pvt) Ltd,"ACE INTERNATIONAL EXPRESS (PVT) LTD.,",,,,,,"ACE INTERNATIONAL EXPRESS (PVT) LTD., , 315, Vauxhall Street,",Colombo 02.,,,,,,,,,,,,0.00,0.00,0,,1,
800000FD-1617705693,Ace Power Embilipitiya (pvt) Ltd,Ace Power Embilipitiya (pvt) Ltd,"ACE POWER EMBILIPITIYA (PVT) LTD.,",,,,,,"ACE POWER EMBILIPITIYA (PVT) LTD., , 305, Vauxhall Street,",Colombo 02.,,,,,,,,,,,,0.00,0.00,0,,1,
800000FC-1617705693,Acecam (Pvt) Ltd,Acecam (Pvt) Ltd,Acecam (Pvt) Ltd,,,,,,"Acecam (Pvt) Ltd, 419-2/1 Galle Rd,",Colombo 03,,,,,,,,,,,,0.00,0.00,0,,1,
80000162-1623153520,ACSYS NETWORKS PRIVATE LIMITED,ACSYS NETWORKS PRIVATE LIMITED,ACSYS NETWORKS PRIVATE LIMITED,,,,,,"ACSYS NETWORKS PRIVATE LIMITED, Level 12, Parkland Building, ",Colombo 02,,,,,,,,,,,A,0.00,0.00,0,,1,
800000FB-1617705693,Adapt Information Technologies,Adapt Information Technologies,Adapt Information Technologies,,chathurika@adaptitsl.com,,,,"Adapt Information Technologies (Pvt) Ltd, No. 160, Nawala Road, ",VAT No. 102468295 -,,7000,,,,,,,,Cheque,A,696539.25,696539.25,0,,1,
8000024E-1689743602,"Addis Ventures (Pvt) Limited,","Addis Ventures (Pvt) Limited,","Addis Ventures (Pvt) Limited,",,,,,,"Addis Ventures (Pvt) Limited, , A-6, Seethawaka Export Processing Zone,",,Seethawaka Export,,,,,,,,,,AS,0.00,0.00,0,,1,
800002D3-1737533692,ADL Digi House,ADL Digi House,ADL Digi House,,,,,,"ADL Digi House, No.70/01/25, ","1st Floor, Y M B A Complex",Y M B,,,,,,,,,,AR,0.00,0.00,0,,1,
800000FA-1617705693,ADVANCE DIGITAL SYSTEMS,ADVANCE DIGITAL SYSTEMS,ADVANCE DIGITAL SYSTEMS,,,2949839,,2949839,"ADVANCE DIGITAL SYSTEMS, 15A, FIRST FLOOR, ",WATTALA,,,,,,,,,,,,0.00,0.00,0,,1,
800000F9-1617705692,Advance Network Technologies (Pvt)Ltd,Advance Network Technologies (Pvt)Ltd,,,,,,,"TIN No. 174929157, Advance Network Technologies(Pvt)Ltd",Galle.,,,,,,,,,,Cheque,A,0.00,0.00,0,,1,
800000F8-1617705692,Advanced Micro Technology,Advanced Micro Technology,Advanced Micro Technology (Pvt) Ltd,,,,,,"Advanced Micro Technology (Pvt) Ltd, 563/17, Sarasavi Mawatha, ",Rajagirya,,,,,,,,,,,,0.00,0.00,0,,1,
8000030C-1756274527,Adventa Holdings (Pvt) Ltd,Adventa Holdings (Pvt) Ltd,Adventa Holdings (Pvt) Ltd,,,,,,"Adventa Holdings (Pvt) Ltd, No262, Kaduwela Road, ",VAT No.103197465-7000,,,,,,,,,,,A,0.00,0.00,0,,1,
800000F7-1617705692,ADZ Insurance Brokers(Pvt) Ltd,ADZ Insurance Brokers(Pvt) Ltd,,,,,,,"ADZ Insurance Brokers(Pvt) Ltd, No 140, Vauxhall Street, ",VAT No,,114255742-700,,,,,,,,,AD,0.00,0.00,0,,1,
800000F6-1617705692,Aepona - valistar,Aepona - valistar,AePONA Int Lanka (pvt) Ltd,,,,,,"AEPONA INTERNATIONAL LANKA (PVT) LTD., , 4th Floor, 123 Bauddhaloka Mawatha, ",Colombo 04,,00400,,,,,,,,,,0.00,0.00,0,,1,
800000F5-1617705692,Aero Lanka Enterprises,Aero Lanka Enterprises,Aero Lanka Enterprises,,,,,,"Aero Lanka Enterprises, , 323, 2/5, ",colombo 12.,,,,,,,,,,,,0.00,0.00,0,,1,
800000F4-1617705692,AG International (PTE)Ltd,AG International (PTE)Ltd,AG International (PTE)Ltd,,,,,,"AG International (PTE)Ltd, No:112-114, ",Colombo 02,,,,,,,,,,,,0.00,0.00,0,,1,
800000F3-1617705692,AIIT COMPUTER CENTRE & COMMUNICATION,AIIT COMPUTER CENTRE & COMMUNICATION,AIIT COMPUTER CENTRE & COMMUNICATION,,,,,,"AIIT COMPUTER CENTRE & COMMUNICATION, 26, MUTHUWELLA MW,",COLOMBO 15.,,,,,,,,,,,,0.00,0.00,0,,1,
800000F2-1617705692,AIR COM,AIR COM,AIR COM,,,,,,AIR COM,,,,,,,,,,,,,0.00,0.00,0,,1,
800000F1-1617705692,Airport & Aviation Services(Sri Lanka)Ltd,Airport & Aviation Services(Sri Lanka)Ltd,Airport & Aviation Services(Sri Lanka)Ltd,,,,,,"Airport & Aviation Services(Sri Lanka)Ltd, Head Of IT, IT Division, ",Katunayake.,,,,,,,,,,,,0.00,0.00,0,,1,
800002CE-1736393954,AIT Business Solution (Pvt) Ltd,AIT Business Solution (Pvt) Ltd,,,,,,,"AIT Business Solution (Pvt) Ltd, No.106, Bernad's Business Park, ",VAT No.103522900-7000,,,,,,,,,,,A,139179.00,139179.00,0,,1,
800000F0-1617705692,Aitken Spence (Garment) Ltd,Aitken Spence (Garment) Ltd,Aitken Spence (Garment) Ltd,,purchasing@aitkenspence.lk,342247386 -2248923/4,,3422447387,"Aitken Spence (Garment) Ltd, No:222, ",Matugama.,,,,,,,,,,,,0.00,0.00,0,,1,
800000EF-1617705692,Aitken Spence Apparels (Pvt) Ltd,Aitken Spence Apparels (Pvt) Ltd,Aitken Spence Apparels (Pvt) Ltd,,purchasing@aitkenspence.lk,0912234083,,,"Aitken Spence Apparels (Pvt) Ltd, Lot No 7, ",Habaraduwa.,,,,,,,,,,,,0.00,0.00,0,,1,
800000EE-1617705692,Aitken Spence Cargo (pvt) Ltd,Aitken Spence Cargo (pvt) Ltd,"AITKEN SPENCE CARGO (PVT) LTD.,",,,,,,"AITKEN SPENCE CARGO (PVT) LTD., , 315, Vauxhall Street,",Colombo 02.,,,,,,,,,,,,0.00,0.00,0,,1,
800000ED-1617705692,Aitken Spence PLC,Aitken Spence PLC,Aitken Spence PLC,,,,,,"Aitken Spence PLC, Finance Division, ",Colombo 02,,,,,,,,,,,,0.00,0.00,0,,1,
800000EC-1617705692,Aitken Spence Power,Aitken Spence Power,Aitken Spence Power,,,,,2345132,"Aitken Spence Power, , Ace Power Embilipitiya Pvt Ltd",Colombo 02.,,,,,,,,,,,,0.00,0.00,0,,1,
800000EB-1617705692,Aitken Spence Printing & Packaging(Pvt)Lt,Aitken Spence Printing & Packaging(Pvt)Lt,Aitken Spence Printing & Packaging(Pvt)Lt,,,2976312,,2976314,"Aitken Spence Printing &Packaging(Pvt)Ltd, No:90, ",Siyambalape.,,,,,,,,,,,AS,0.00,0.00,0,,1,
800000EA-1617705691,Aitken Spence Shipping Ltd.,Aitken Spence Shipping Ltd.,AITKEN SPENCE SHIPPING LTD.,,,,,,"AITKEN SPENCE SHIPPING LTD., No: 315, Vauxhall street,",Colombo 02.,,,,,,,,,,,,0.00,0.00,0,,1,
800000E9-1617705691,Aitken Spence Travels (Private)Limited.,Aitken Spence Travels (Private)Limited.,Aitken Sepence Travels (Private)Limited,,,,,,"Aitken Spence Travels (Private)Limited, , Aitken Spence Towers II, ",Colombo 2.,,,,,,,,,,,,0.00,0.00,0,,1,
800000E8-1617705691,AJITH,AJITH,AJITH,,,,,,"AJITH, PUTTALAM",,,,,,,,,,,,,0.00,0.00,0,,1,
800000E7-1617705691,Ajith Samaranayake,Ajith Samaranayake,,Ajith,,0777302130,,,"Ajith Samaranayake, 75/4 Kynsey Road,",Colombo 08,,,,,,,,,,,,0.00,0.00,0,,1,
800000E6-1617705691,Akbar Brothers (Pvt) Ltd,Akbar Brothers (Pvt) Ltd,,,,,,,"Akbar Brothers (Pvt) Ltd,  # 334 , T B Jayah Mawatha, ",Sri Lanka.,,,,,,,,,,,,0.00,0.00,0,,1,
800000E5-1617705691,AKNY COMPUTERS,AKNY COMPUTERS,AKNY COMPUTERS,SHAMELA I. THOMAS,AKNYCOMPUTERS@GMAIL.COM,2807070,,2807071,"SHAMELA I. THOMAS, AKNY COMPUTERS",NAWALA,,,,,,,,,,,,0.00,0.00,0,,1,
8000018B-1631525392,Akoit Solutions,Akoit Solutions,Akoit Solutions,,,,,,"Akoit Solutions, No 142E/1",Warakapola,,,,,,,,,,,AD,0.00,0.00,0,,1,
80000205-1661404844,AL - ARAF HOTELS & RESORT (PVT) LTD,AL - ARAF HOTELS & RESORT (PVT) LTD,,,,,,,"TIN No. 102433866, AL - ARAF HOTELS & RESORT (PVT) LTD","Bonavista, Nuwara Eliya.",,,,,,,,,,Cheque,AS,23320.35,23320.35,0,,1,
800000E4-1617705691,Aliya Resort & Spa,Aliya Resort & Spa,,,,,,,"Aliya Resort & Spa, Avudangawa",Sigiriya,,,,,,,,,,,,0.00,0.00,0,,1,
800000E3-1617705691,ALLIANCE FRANCAISE,ALLIANCE FRANCAISE,ALLIANCE FRANCAISE,MR. NIROSHAN,,2688735,,,"MR. NIROSHAN, ALLIANCE FRANCAISE",COLOMBO 07.,,,,,,,,,,,,0.00,0.00,0,,1,
800000E2-1617705691,Alliance Media Company (Pvt) Ltd,Alliance Media Company (Pvt) Ltd,Alliance Media Company (Pvt) Ltd,,hisham@alliancemedia.lk,2300755,,,"Alliance Media Company (Pvt) Ltd., No 02",Colombo 02,,,,,,,,,,,,0.00,0.00,0,,1,
80000322-1765787490,Allied Techno Services Pvt Ltd,Allied Techno Services Pvt Ltd,Allied Techno Services Pvt Ltd,,,,,,"Allied Techno Services Pvt Ltd, 21A Kirula Place, ",VAT No. 174883653 -,,7000,,,,,,,,,AD,0.00,0.00,0,,1,
800001D6-1643858941,AlloT Technologies (Pvt) Ltd,AlloT Technologies (Pvt) Ltd,AlloT Technologies (Pvt) Ltd,,,,,,"AllOT TECHNOLOGIES (PVT)LTD, No.631, 6th Floor Jana Jaya City, ",VAT No.102994469-7000,,,,AllOT TECHNOLOGIES (PVT)LTD,,6th Floor Jana,,,,,AD,0.00,0.00,0,,1,
800000E1-1617705691,Alpha Industries,Alpha Industries,,,,,,,"Alpha Industries (Pvt) Ltd, Iceland Building",Colombo 03,,,,,,,,,,,,0.00,0.00,0,,1,
8000020B-1662031110,Alphasonic Technologies (Pvt) Ltd,Alphasonic Technologies (Pvt) Ltd,,,,,,,"TIN No.101045234, Alphasonic Technologies (Pvt) Ltd","Nawala, Rajagiriya.",,,,,,,,,,Cheque,A,0.00,0.00,0,,1,
800000E0-1617705691,Amana Global Limited,Amana Global Limited,Amana Global Limited,,,,,,"Amana Global Limited, No:06, ",colombo 04,,,,,,,,,,,,0.00,0.00,0,,1,
800000DF-1617705691,Amana Holdings,Amana Holdings,,,,,,,"Amana Holdings, No 6, Glen Aber Place",,Glen,,,,,,,,,,,0.00,0.00,0,,1,
8000021A-1666173770,American College Of Higher Education,American College Of Higher Education,,,,,,,"American College Of Higher Education, No.502, Peradeniya Road,",Kandy.,,,,,,,,,,,AR,0.00,0.00,0,,1,
800000DE-1617705691,American Premium Water Systems (Pvt)Ltd,American Premium Water Systems (Pvt)Ltd,,,stores@apwssl.com,0117-400780,,,"American Premium Water Systems (Pvt)Ltd, Level 06, No:281, ",VAT No.114143693-7000,,,,,,,,,,,A,0.00,0.00,0,,1,
800000DD-1617705691,American Water,American Water,American Water,,,,,,"American Water, Level-06, #281",Colombo 03,,,,,,,,,,,,0.00,0.00,0,,1,
800000DC-1617705691,AMGA VIDEO & COMMUNICATION,AMGA VIDEO & COMMUNICATION,AMGA VIDEO & COMMUNICATION,,,,,,"AMGA VIDEO & COMMUNICATION, 616 PERADENIYA RD. KANDY",,,,,,,,,,,,,0.00,0.00,0,,1,
800000DB-1617705691,AMMAN@CAFE,AMMAN@CAFE,AMMAN@CAFE,,,,,,"AMMAN@CAFE, 388A, BASE LINE ROAD, ",COLOMBO 09.,,,,,,,,,,,,0.00,0.00,0,,1,
80000294-1717485264,AMTEC ELECTRONIC (PVT) LTD,AMTEC ELECTRONIC (PVT) LTD,,,,,,,"AMTEC CCTV (PVT) LTD, 66/1, Crystal Plaza, ",Colombo 11,,,,,,,,,,,AR,47700.00,47700.00,0,,1,
800000DA-1617705690,AMW Computers (Pvt) Ltd,AMW Computers (Pvt) Ltd,,,,,,,"A M W Computers (Pvt) Ltd, No 06c, Station Road , ",VAT No,,174921091-700,,,,,,,,,,0.00,0.00,0,,1,
800000D9-1617705690,Analytical Instruments (Pvt) Ltd,Analytical Instruments (Pvt) Ltd,,,,,,,"Analytical Instruments (Pvt) Ltd, No 100, Elvitigala Mawatha,",Colombo 08,,,,,,,,,,,,0.00,0.00,0,,1,
800000D8-1617705690,And Beyond,And Beyond,And Beyond,,nigel.hay@andBeyondindia.com,0115-289570,,,"And Beyond, No:140, ","AEC Building, Colombo 02",,,,,,,,,,,AD,0.00,0.00,0,,1,
80000210-1663237836,Anexta Business Solutions (Pvt) Ltd,Anexta Business Solutions (Pvt) Ltd,Anexta Business Solutions (Pvt) Ltd,,,,,,"Anexta Business Solutions (Pvt) Ltd, No. 9 1/1, ",VAT No. 114815594 -,,7000,,,,,,,,,AD,0.00,0.00,0,,1,
80000214-1664170993,ANVERALLY & SONS (PVT) LTD,ANVERALLY & SONS (PVT) LTD,ANVERALLY & SONS (PVT) LTD,,,,,,"ANVERALLY & SONS (PVT) LTD, No. 17, ",VAT No.114087386-7000,,,,,,,,,,,A,0.00,0.00,0,,1,
800001F3-1654663439,Apex Business Solutions PVT Ltd.,Apex Business Solutions PVT Ltd.,Apex Business Solutions PVT Ltd.,,,,,,"Apex Business Solutions PVT Ltd., No, 300 3/1, ",VAT Reg No. 102891546 -,,7000,,,,,,,,,AD,0.00,0.00,0,,1,
800000D7-1617705690,APL,APL,APL Lanka (Private) Limited,Anton,,,,,"APL Lanka (pvt)Ltd, , No:8, 3rd Floor, York Arcade Bldg, ",Colombo 01.,,,,,,,,,,,,0.00,0.00,0,,1,
800000D6-1617705690,APL Logistics,APL Logistics,,,,,,,"APL Logistics Lanka Freight Forwarding, (Pvt) Ltd",Colombo 01,,,,,,,,,,,,0.00,0.00,0,,1,
800000D5-1617705690,APS COMPUTERS,APS COMPUTERS,APS COMPUTERS,,,,,,"APS COMPUTERS, 35 1/1, 7TH CROSS STREET,",,7TH,,,,,,,,,,,0.00,0.00,0,,1,
800002E7-1743501667,ARC ONE (Pvt) Ltd,ARC ONE (Pvt) Ltd,,,,,,,"ARC ONE (Pvt) Ltd, Level 35, West Tower , ",VAT No.103118018-7000,,,,,,,,,,,AD,177000.00,177000.00,0,,1,
800000D4-1617705690,Arc Tech,Arc Tech,Arc Tech Lanka (Pvt) Ltd.,,,,,,"Arc Tech Lanka (Pvt) Ltd., 108/4, Rosmead Place",Colombo 07.,,,,,,,,,,,,0.00,0.00,0,,1,
80000218-1665133006,Archnix (Pvt) Ltd,Archnix (Pvt) Ltd,Archnix (Pvt) Ltd,,,,,,"Archnix (Pvt) Ltd, No:304 1/1, Union Place,",Colombo 02,,,,,,,,,,,A,0.00,0.00,0,,1,
80000274-1706848257,Armanack Holding (Pvt) Ltd,Armanack Holding (Pvt) Ltd,,,,,,,"Armanack Holding (Pvt) Ltd, 98/3, Lake Drive, ",VAT Reg No.,,103199980-700,,,,,,,,,AS,0.00,0.00,0,,1,
800000D3-1617705690,ARPICO FINANCE CO.(LTD),ARPICO FINANCE CO.(LTD),ARPICO FINANCE CO.(LTD),,,,,,"ARPICO FINANCE COMPANY PLC, No 146 , HAVELOCK ROAD,",COLOMBO 05,,,,,,,,,,,,0.00,0.00,0,,1,
800002AB-1725352695,AS-tron Solutions (Pvt) Ltd,AS-tron Solutions (Pvt) Ltd,,,,,,,"AS-tron Solutions (Pvt) Ltd, 328-2, ",Battaramulla.,,,,,,,,,,,AD,0.00,0.00,0,,1,
800000D2-1617705690,AS IT Solution,AS IT Solution,AS IT Solution,,,,,,"AS IT Solution, No:134/B, ",Piliyandala,,,,,,,,,,,,0.00,0.00,0,,1,
8000028A-1714633007,Ascension Technologies (Pvt) Ltd,Ascension Technologies (Pvt) Ltd,,,,,,,"Ascension Information, Technologies (Pvt) Ltd",VAT No.106806403-7000,,,,,,,,,,,AD,0.00,0.00,0,,1,
800000D1-1617705690,Asia broadcasting cop (Hiru Tv),Asia broadcasting cop (Hiru Tv),,,,,,,"Asia Broadcasting corporation (pvt)Ltd, Level 37","East Tower, Word Tradr Center",Word,,,,,,,,,,,0.00,0.00,0,,1,
800000D0-1617705690,Asia Capital,Asia Capital,Asia Capital Ltd,,,,,,"ASIA CAPITAL PLC., , 21-01, West Tower, ",Colombo 01.,,,,,,,,,,,,0.00,0.00,0,,1,
800000CF-1617705690,Asia Digital Entertainment (Pvt)Ltd,Asia Digital Entertainment (Pvt)Ltd,,,,,,,"Asia Digital Entertainment (Pvt)Ltd, Level 21, West Tower, ",Colombo 01.,,,,,,,,,,,,0.00,0.00,0,,1,
800000CE-1617705690,Asia Disital Entertainment (Pvt)Ltd,Asia Disital Entertainment (Pvt)Ltd,ASIA DISITAL ENTERTAINMENT (PVT)LTD,,,,,,"ASIA DISITAL ENTERTAINMENT (PVT)LTD, Level 21, West Tower, ",Colombo 01,,,,,,,,,,,,0.00,0.00,0,,1,
800000CD-1617705689,Asia Pacific Technology Systems (Pvt) Ltd,Asia Pacific Technology Systems (Pvt) Ltd,,Inoka,,0115738070,,,"TIN No. 174747784, Asia Pacific Technology Systems (Pvt) Ltd",Colombo-03,,,,,,,,,,Cheque,AD,682040.00,682040.00,0,,1,
8000027D-1710307968,Asiacom Engineering Services (Pvt) Ltd.,Asiacom Engineering Services (Pvt) Ltd.,,,,,,,"Asiacom Engineering Services (Pvt) Ltd., 2nd Floor, McLarens Building, ",VAT No.,,103215722-700,,,,,,,,,AD,5900.00,5900.00,0,,1,
800000CC-1617705689,"ASIAN ALLIANCE INSURANCE CO LTD.,","ASIAN ALLIANCE INSURANCE CO LTD.,","ASIAN ALLIANCE INSURANCE CO LTD.,",,,,,,"ASIAN ALLIANCE INSURANCE CO LTD., , 7th Floor, Millenium House, ",Colombo 02.,,,,,,,,,,,,0.00,0.00,0,,1,
800000CB-1617705689,"ASIAN ALLIANCE INSURANCE PLC.,","ASIAN ALLIANCE INSURANCE PLC.,",,,,,,,"ASIAN ALLIANCE INSURANCE PLC., , No:283, ",Colombo 03,,,,,,,,,,,,0.00,0.00,0,,1,
800000CA-1617705689,ASIAN COMPUTERS,ASIAN COMPUTERS,ASIAN COMPUTERS,MR. LALIT,,2595854,,2505235,"MR. LALIT, ASIAN COMPUTERS",COLOMBO 04,,,,,,,,,,,,0.00,0.00,0,,1,
800000C9-1617705689,Asian Group of Companies,Asian Group of Companies,Asian Group of Companies,,,,,,"Asian Group of Companies (Pvt) Ltd, No.47 Maha Vidyalaya Mawatha",Colombo13,,,,,,,,,,,A,0.00,0.00,0,,1,
800000C8-1617705689,ASIAN MEDIA PUBLICATION (PVT)LTD,ASIAN MEDIA PUBLICATION (PVT)LTD,Asian Media Publications (Pvt)Ltd,,,0112522555,,0112529233,"Asian Media Publications (Pvt)Ltd, No:185, Grandpass Road,",Colombo 14.,,,,,,,,,,,,0.00,0.00,0,,1,
800000C7-1617705689,Asian Office Solutions,Asian Office Solutions,Asian Office Solutions,,,,,,"Asian Office Solutions, 69 Delkanda Plaza,",Nugegoda,,,,,,,,,,,,0.00,0.00,0,,1,
800000C6-1617705689,Asian Paints (Lanka) Limited,Asian Paints (Lanka) Limited,,,,,,,"Asian Paints (Lanka) Limited, No 81, Koralawella Road,",Moratuwa.,,,,,,,,,,,,0.00,0.00,0,,1,
800000C5-1617705689,ASIANA PUBLISHERS (PVT) LTD,ASIANA PUBLISHERS (PVT) LTD,ASIANA PUBLISHERS (PVT) LTD,,,,,,ASIANA PUBLISHERS (PVT) LTD,,,,,,,,,,,,,0.00,0.00,0,,1,
800000C4-1617705689,Asiri,Asiri,Asiri Surgical Hospital PLC,,,,,,"ASIRI SURGICAL HOSPITALS PLC., , 21, Kirimandala Mawatha, ",Colombo 05.,,,,,,,,,,,,0.00,0.00,0,,1,
800001B6-1639397051,Asiri Hospital Matara (Pvt) Ltd,Asiri Hospital Matara (Pvt) Ltd,Asiri Hospital Matara (Pvt) Ltd,,,,,,"Asiri Hospital Matara (Pvt) Ltd, No 26 Espalanda Road, ",Matara,,,,,,,,,,,A,0.00,0.00,0,,1,
800000C3-1617705689,Asiri Hospital PLC,Asiri Hospital PLC,Asiri Hospital PLC,Sangeeth,,07772972518,,,"ASIRI HOSPITAL HOLDINGS PLC, ,  181, Kirula Rd, Narahenpita, ",Sri Lanka.,,,,,,,,,,,,0.00,0.00,0,,1,
800002EF-1748496840,Asiri Surgical Hospital,Asiri Surgical Hospital,Asiri Surgical Hospital,,,,,,"Asiri Surgical Hospital, 21, Kirimandala Mawatha, ",VAT NO :,,124256500-700,,,,,,,,,AS,0.00,0.00,0,,1,
800000C2-1617705689,ASP NET,ASP NET,ASP NET,,,,,,"ASP NET, MODARA",COLOMBO 15,,,,,,,,,,,,0.00,0.00,0,,1,
800000C1-1617705688,ASP WORLD TECH WAY INTERNET CAFE,ASP WORLD TECH WAY INTERNET CAFE,ASP WORLD TECH WAY INTERNET CAFE,,,,,,"ASP WORLD TECH WAY INTERNET CAFE, WATTALA",,,,,,,,,,,,,0.00,0.00,0,,1,
800000C0-1617705688,AssetLine,AssetLine,AssetLine Leasing Company Ltd.,,,,,,"AssetLine Leasing Company Ltd., No. 46/12, "" Sayuru Sevana"", ",Colombo 02,,,,,,,,,,,,0.00,0.00,0,,1,
800000BF-1617705688,Assetline Leasing Company Limited,Assetline Leasing Company Limited,,,,,,,"Assetline Leasing Company Limited, 120, 120A, Pannipitiya Road,",,120A,,,,,,,,,,,0.00,0.00,0,,1,
800000BE-1617705688,Assidua Technologies,Assidua Technologies,Assidua Technologies,,,0112 710 090,,,"Assidua Technologies, 149 Galle Rd,",Dehiwala-Mount Lavinia,,,,,,,,,,,AD,0.00,0.00,0,,1,
800000BD-1617705688,Associated Electrical Corporation Limited,Associated Electrical Corporation Limited,Associated Electrical Corporation Limited,,,,,,"Associated Electrical Corporation Limited, No:140, ",VAT No. 124004179 -,,7000,,,,,,,,,AD,0.00,0.00,0,,1,
800000BC-1617705688,Associated Resoorts Developers (Pvt)Ltd,Associated Resoorts Developers (Pvt)Ltd,,,,,,,"Associated Resorts Developers (Pvt)Ltd, No 49/16, Iceland Building",VAT No,,114418552-700,,,,,,,,,,0.00,0.00,0,,1,
800000BB-1617705688,Aston Electronics,Aston Electronics,Aston Electronics,,,,,,Aston Electronics,,,,,,,,,,,,,0.00,0.00,0,,1,
800000BA-1617705688,ATG Ceylon (Pvt) Ltd,ATG Ceylon (Pvt) Ltd,ATG Ceylon (Pvt) Ltd,,,,,,"ATG CEYLON (PVT) LTD., , Spur Road 7, ",Katunayake.,,,,,,,,,,,,0.00,0.00,0,,1,
800000B9-1617705688,ATG Occupational (Pvt) Ltd,ATG Occupational (Pvt) Ltd,ATG Occupational (Pvt) Ltd,,local@atg-glovesolutions.com,0114838900,,0112259317,"ATG Occupational (Pvt) Ltd, Spur Road 7, ",Katunayake.,,,,,,,,,,,,0.00,0.00,0,,1,
800000B8-1617705688,Athee,Athee,Mr. Athee,,,,,,"Mr. Athee, 108 1/4 W.A Silva Mawata",Colombo 06,,,,,,,,,,,AD,0.00,0.00,0,,1,
800000B7-1617705688,ATHULA,ATHULA,ATHULA,,,,,,ATHULA,,,,,,,,,,,,,0.00,0.00,0,,1,
800000B6-1617705688,Austin Management Limited,Austin Management Limited,"AUSTIN MANAGEMENT LIMITED.,",,,,,,"AUSTIN MANAGEMENT LIMITED., , 30/84, Perera Gardens, ",Battaramulla.,,,,,,,,,,,,0.00,0.00,0,,1,
800000B5-1617705688,AUSTIN MANAGEMENT PVT LTD,AUSTIN MANAGEMENT PVT LTD,AUSTIN MANAGEMENT PVT LTD,,,,,,"AUSTIN MANAGEMENT PVT LTD, 30/84, PERERA GARDENS","PALAWATTE, BATTARAMULLA",,,,,,,,,,,,0.00,0.00,0,,1,
800000B4-1617705688,Authenticities Pvt Ltd,Authenticities Pvt Ltd,,,,,,,"Authenticities Pvt Ltd, Mr Prabath",,,,,,,,,,,,,0.00,0.00,0,,1,
800000B3-1617705688,Autogrill Lanka Limited,Autogrill Lanka Limited,"AUTOGRILL LANKA LIMITED.,",,,,,,"AUTOGRILL LANKA LIMITED., , 4th Floor, York Arcade Building, ","8-4/1, Leyden Bastian Road",Leyden,,,,,,,,,,,0.00,0.00,0,,1,
800000B2-1617705688,Avery Dennison Lanka (Pvt) Ltd,Avery Dennison Lanka (Pvt) Ltd,Avery Dennison Lanka (Pvt) Ltd,,,,,,"Avery Dennison Lanka (Pvt) Ltd, Block B",Biyagama,,,,,,,,,,,,0.00,0.00,0,,1,
800000B1-1617705687,Avian,Avian,Avian Technologies,,hemamali@avian.lk,0773 693160,,,"AVIAN TECHNOLOGIES (PVT) LTD., , No.45",VAT No -,,114470422-700,,,,,,,Wholesale,,A,15000.00,15000.00,0,,1,
80000204-1661402971,Avikans Pvt Ltd,Avikans Pvt Ltd,,,,,,,"Avikans Pvt Ltd, No 59, ",Rathmalana.,,,,,,,,,,,AD,0.00,0.00,0,,1,
800000B0-1617705687,Avis Engineering & Construction (Pvt)Limi,Avis Engineering & Construction (Pvt)Limi,Avis Engineering & Construction (Pvt)Limi,,,,,,"Avis Engineering & Construction (Pvt)Limi, No:401/6  Kotte Road, ",Sri Lanka.,,,,,,,,,,,,0.00,0.00,0,,1,
80000350-1783937135,Awakening Training Academi,Awakening Training Academi,Awakening Training Academy,,,,,,"Awakening Training Academy, No. 292 A, 3rd Floor, ",Colombo - 04,,,,,,,,,,,AS,0.00,0.00,0,,1,
800000AF-1617705687,Ayurvie  Weligama (PVT) Ltd,Ayurvie  Weligama (PVT) Ltd,Ayurvie  Weligama (PVT) Ltd,,,,,,"Ayurvie  Weligama (PVT) Ltd, LE CUBE","No. 130, High Level Rd",High,,,,,,,,,,,0.00,0.00,0,,1,
800000AE-1617705687,B.M. Amal perera,B.M. Amal perera, B.M. Amal perera,,,,,," B.M. Amal perera, Dummalasooriya  RD",Bingiriya.,,,,,,,,,,,,0.00,0.00,0,,1,
800000AD-1617705687,Ballys Limited,Ballys Limited,Ballys Limited,,,,,,"Ballys Limited, No:34, ",Colombo 10,,,,,,,,,,,,0.00,0.00,0,,1,
800000AC-1617705687,Barclays Computers (Pvt) Ltd,Barclays Computers (Pvt) Ltd,Barclays Computers (Pvt) Ltd,,ihthishaam@barclays.lk,0117-510510,,0117-510509,"TIN No. 114504890, Barclays Computers (Pvt) Ltd",Colombo 04,,,,,,,,,,Cheque,AS,1649868.92,1649868.92,0,,1,
800000AB-1617705687,Base Hp (Pvt) Ltd,Base Hp (Pvt) Ltd,Base Hp (Pvt) Ltd,,accounts@basehp.lk,,,0112-506633,"TIN No. 114629480, Base Hp (Pvt) Ltd",Colombo 05.,,,,,,,,,,Cheque,A,0.00,0.00,0,,1,
800000AA-1617705687,Bell Solutions (Pvt)Ltd,Bell Solutions (Pvt)Ltd,Bell Solutions (Pvt)Ltd,,,0115-322550,,0115-530633,"Bell Solutions (Pvt)Ltd, Lanka Bell Office complex","No:344, Galle Road, Colombo 03",Galle Road,,,,,,,,,,A,0.00,0.00,0,,1,
80000317-1758859566,Berlin Engineering (PVT) LTD,Berlin Engineering (PVT) LTD,Berlin Engineering (PVT) LTD,,,,,,"Berlin Engineering (PVT) LTD, No.333 1-1, Galle Road,",Colombo 03.,,,,,,,,,,,AR,0.00,0.00,0,,1,
800002BD-1732606474,Best Pictures (Pvt) Ltd,Best Pictures (Pvt) Ltd,,,,,,,"Best Pictures (Pvt) Ltd, #191/E, ",Polgasovita.,,,,,,,,,,,A,0.00,0.00,0,,1,
800002EA-1745642329,Bharat Aponso,Bharat Aponso,,,,,,,"Bharat Aponso, 82/1, ",Colombo -04,,,,,,,,,,,AD,0.00,0.00,0,,1,
8000026E-1704277492,Bl'Blue Danube Engineering (PVT) Limited,Bl'Blue Danube Engineering (PVT) Limited,,,,,,,"Blue Danube Engineering (PVT) Limited, 1427/A, ",Pannipitiya.,,,,,,,,,,,AD,0.00,0.00,0,,1,
800000A9-1617705687,BlueChip Technical Services(Pvt)Ltd,BlueChip Technical Services(Pvt)Ltd,,,,,,,"BlueChip Technical Services(Pvt)Ltd, #108, Nawala Road, ",VAT No.,,114684775-700,,,,,,,,,A,0.00,0.00,0,,1,
8000030D-1756278288,Brilliant Technologies,Brilliant Technologies,Brilliant Technologies,,,,,,"Brilliant Technologies, No.161/1/1, Kottawa,",Nawinna.,,,,,,,,,,,AR,0.00,0.00,0,,1,
80000229-1673588863,British Cosmetics (Pvt) Ltd,British Cosmetics (Pvt) Ltd,British Cosmetics (Pvt) Ltd,,,,,,"British Cosmetics (Pvt) Ltd, No. 174, ",VAT No. 114320293 -,,7000,,,,,,,,,AD,0.00,0.00,0,,1,
800002ED-1747209528,Byte Bolster solution,Byte Bolster solution,,,,,,,"Byte Bolster solution, No.262, Park Lane, ",Colombo - 08,,,,,,,,,,,AD,0.00,0.00,0,,1,
8000030F-1756980878,Call Lanka Telecom (Pvt) Ltd,Call Lanka Telecom (Pvt) Ltd,Call Lanka Telecom (Pvt) Ltd,,,,,,"TIN No. 114217590, Call Lanka Telecom (Pvt) Ltd",Nugegoda.,,,,,,,,,,Cheque,AR,606547.40,606547.40,0,,1,
8000029D-1721105077,Cameralk (Pvt) Ltd,Cameralk (Pvt) Ltd,Cameralk (Pvt) Ltd,,,,,,"Cameralk (Pvt) Ltd, 263, High Level Road, ",VAT No.174849196 -,,7000,,,,,,,,,AD,0.00,0.00,0,,1,
800001BA-1639714697,Care Lable Industries (Pvt) Ltd,Care Lable Industries (Pvt) Ltd,Care Lable Industries (Pvt) Ltd,,,,,,"Care Lable Industries (Pvt) Ltd, No 188, Pamunuwila Road",Sri Lanka.,,,,,,,,,,,AD,0.00,0.00,0,,1,
80000186-1629438584,Cargills Bank Ltd,Cargills Bank Ltd,Cargills Bank Ltd,,,,,,"Cargills Bank Ltd, No 696, Galle Road, ",VAT No.134048476-7000,,,,,,,,,,,A,0.00,0.00,0,,1,
80000326-1767346407,CEAT Kelani International Tyres (Pvt)Ltd,CEAT Kelani International Tyres (Pvt)Ltd,,,,,,,"CEAT Kelani International Tyres (Pvt)Ltd, Nungamugoda",VAT No.114238805-7000,,,,,,,,,,,AD,0.00,0.00,0,,1,
800000A8-1617705686,CEB - Distribution Division 01,CEB - Distribution Division 01,,,minsafnizam@gmail.com,,,,"Ceylon Electricity Board, Distribution Division 01","No 340 , R.A.De Mel Mawatha",R.A.De,,,,,,,,,,A,0.00,0.00,0,,1,
800000A7-1617705686,CEB - Kelanitissa,CEB - Kelanitissa,,,,,,,"Ceylon Electricity Board, Kelanitissa Power Station",New Kelani Bridge Road,,,,,,,,,,,A,0.00,0.00,0,,1,
800002CC-1735203309,Centra Business Advisory Pvt Ltd,Centra Business Advisory Pvt Ltd,,,,,,,"Centra Business Advisory Pvt Ltd, No.25, Simon hewawitharana Road,",,Simon,,,,,,,,,,AD,0.00,0.00,0,,1,
800002C9-1734687432,Central Engineering Consultancy Bureau,Central Engineering Consultancy Bureau,,,,,,,"Central Engineering Consultancy Bureau, No. 415, Bauddhaloka Mawatha, ",VAT No.409000100-7000,,,,,,,,,,,AS,0.00,0.00,0,,1,
800001E6-1650517789,CENTRAL ENGINEERING SERVICES (PVT) LTD,CENTRAL ENGINEERING SERVICES (PVT) LTD,CENTRAL ENGINEERING SERVICES (PVT) LTD,,,,,,"CENTRAL ENGINEERING SERVICES (PVT) LTD, CESL Base Office, SOEI Central Province, ",Rajawella.,,,,,,,,,,,AS,0.00,0.00,0,,1,
800000A6-1617705686,Cey Container Service (Pvt) Ltd,Cey Container Service (Pvt) Ltd,Cey Container Service (Pvt) Ltd,,,,,,"Cey Container Service (Pvt) Ltd, No.309/8, Negombo Road, ",VAT No.102893891 -,,7000,,,,,,,,,AD,0.00,0.00,0,,1,
800000A5-1617705686,Cey Net Software Solutions (Pvt) Ltd,Cey Net Software Solutions (Pvt) Ltd,,,,,,,"CeyNet Software Solutions (Pvt) Ltd, No 312 , 3rd Floor, ",Mount Lavinia-10370,,,,,,,,,,,A,0.00,0.00,0,,1,
800000A4-1617705686,Ceylinco General Insurance Limited,Ceylinco General Insurance Limited,,,,,,,"TIN No. 139051840, General Insurance Limited","# 69 , Ceylinco House, Level 5",Ceylinco House,,,,,,,,,,AS,0.00,0.00,0,,1,
800000A3-1617705686,Ceylinco Insurance Limited,Ceylinco Insurance Limited,,,,,,,Ceylinco Insurance Limited,,,,,,,,,,,,,0.00,0.00,0,,1,
8000025D-1697605222,Ceylon Electricity Board,Ceylon Electricity Board,,,,,,,"Ceylon Electricity Board, Deputy General Manager (Thermal Complex),",Kolonnawa.,,,,,,,,,,,A,0.00,0.00,0,,1,
80000183-1628586155,Ceylon Electricity Board - Colombo City,Ceylon Electricity Board - Colombo City,Ceylon Electricity Board - Colombo City,,,,,,"Ceylon Electricity Board - Colombo City, Colombo City Control Center",Colombo 05,,,,,,,,,,,A,0.00,0.00,0,,1,
800001AC-1637294315,Ceylon Linux (Pvt) Ltd,Ceylon Linux (Pvt) Ltd,Ceylon Linux (Pvt) Ltd,,,,,,"Ceylon Linux (Pvt) Ltd, No: 1257/2, Rajamalwatta Road,",Battaramulla,,,,,,,,,,,AD,0.00,0.00,0,,1,
80000333-1772784515,Chama Computers (Pvt) Ltd,Chama Computers (Pvt) Ltd,Chama Computers (Pvt) Ltd,,,,,,"Chama Computers (Pvt) Ltd, 110/01/01 Veyangoda Road, ",VAT No.,,103273307-700,,,,,,,,,AD,0.00,0.00,0,,1,
80000344-1779086297,Chamod Kavindu Dronegraphy (Pvt) Ltd,Chamod Kavindu Dronegraphy (Pvt) Ltd,,,,,,,"Chamod Kavindu Dronegraphy (Pvt) Ltd, 177/12, Udagalmaduwa Road, ",Kundasale,,,,,,,,,,,AD,0.00,0.00,0,,1,
800000A2-1617705686,CHINT Energy (Pvt) ltd,CHINT Energy (Pvt) ltd,,,shahid@chintenergy.lk,,,,"CHINT Energy (Pvt) ltd, No 113 Havelock Rd,",Colombo 05,,,,,,,,,,,AS,0.00,0.00,0,,1,
800000A1-1617705686,Chris and Mayu Photographers,Chris and Mayu Photographers,,,,,,,"Chris and Mayu Photographers, 58/4, DeMel Road",Moratuwa,,,,,,,,,,,AD,0.00,0.00,0,,1,
800000A0-1617705685,CHRISTIAN AID,CHRISTIAN AID,,,,,,,2CHRISTIAN AID,,,,,,,,,,,,,0.00,0.00,0,,1,
800002F5-1750072803,CK-CCTV Security System (pvt) Ltd,CK-CCTV Security System (pvt) Ltd,CK-CCTV Security System (pvt) Ltd,,,,,,"CK-CCTV Security System (pvt) Ltd, No. 35, Puttalam Road,",Kurunegala.,,,,,,,,,,,AR,0.00,0.00,0,,1,
80000299-1718189247,CK Electronics (pvt) ltd,CK Electronics (pvt) ltd,,,,,,,"CK Electronics (pvt) ltd, No. 50, Mahalwarawa Rd, ",Pannipitiya,,10230,,,,,,,,,AR,0.00,0.00,0,,1,
800001F4-1654745785,Clear Media Private Limited,Clear Media Private Limited,Clear Media Private Limited,,,,,,"Clear Media Private Limited, 12 Spathodea Avenue,",Colombo - 05.,,,,,,,,,,,AD,0.00,0.00,0,,1,
8000032D-1769497237,CNMS Holdings (Pvt) Ltd,CNMS Holdings (Pvt) Ltd,CNMS Holdings (Pvt) Ltd,,,,,,"CNMS Holdings (Pvt) Ltd, No, 274/5, Vidyaraja Mawatha, ",VAT No.,,102868706-700,,,,,,,,,AD,0.00,0.00,0,,1,
8000009F-1617705685,Colombo Centre For Cognitive Computing,Colombo Centre For Cognitive Computing,Colombo Centre For Cognitive Computing,,,,,,"Colombo Centre For Cognitive Computing, (Pvt) Ltd","No 752/5, Dr Danister De Silva ",Dr Danister De,,,,,,,,,,A,0.00,0.00,0,,1,
80000225-1672141490,Colombo Projects,Colombo Projects,Colombo Projects,,,,,,"Colombo Projects and, Technologies (Pvt) Ltd","Nawala Road, Nawala.",,,,,,,,,,,AS,0.00,0.00,0,,1,
8000029F-1723189533,Computerage (Pvt) Ltd,Computerage (Pvt) Ltd,,,,,,,"Computerage (Pvt) Ltd, No. 89,  D.S.Senanayeke Veediya, ",VAT No .,,114120464-700,,,,,,,,,AR,0.00,0.00,0,,1,
8000009E-1617705685,Connaissance De Ceylon,Connaissance De Ceylon,Connaissance De Ceylon,,,,,,"Connaissance De Ceylon, No 130, High Level Road",,High,,,,,,,,,,,0.00,0.00,0,,1,
8000017C-1627540123,Consolidated Business Systems Ltd.,Consolidated Business Systems Ltd.,,,,,,,"Consolidated Business Systems Ltd., 184/2, kaolin Refinery Road, ",Boralesgamuwa,,,,,,,,,,,A,0.00,0.00,0,,1,
8000013C-1618828900,Content Management & Solutions (Pvt) Ltd,Content Management & Solutions (Pvt) Ltd,,,,0115540444,,,"Content Management & Solutions (Pvt) Ltd, No.278 , 10th Floor, Access Towers",VAT No.,,114499676-700,,,,,,,,,AD,0.00,0.00,0,,1,
8000009D-1617705685,Crayon Software Lanka (Private) Ltd,Crayon Software Lanka (Private) Ltd,Crayon Software Lanka (Private) Ltd,,,,,,"Crayon Software Lanka (Private) Ltd, NO 12,",,St Kildas Lane,,Sri Lanka,,,,,,,,AD,0.00,0.00,0,,1,
800002B3-1727778493,Creattive Technologies,Creattive Technologies,,,,,,,"Creattive Technologies, No : #453A, T.B.Jayah mawatha, ",VAT No :,,770861276-700,,,,,,,,,AD,0.00,0.00,0,,1,
8000034C-1782968176,CSMD Networks,CSMD Networks,CSMD Networks,,,,,,"CSMD Networks, 279A, Swarnajothi mawatha,",panadura.,,,,,,,,,,,AR,148000.00,148000.00,0,,1,
8000019C-1633937946,Cyan Digital Technologies,Cyan Digital Technologies,,,,,,,"Cyan Digital Technologies, 75A, Sri Hemantha Mawatha, ",Galle.,,,,,,,,,,,AD,0.00,0.00,0,,1,
80000354-1786425486,Cyrus Information Technologies (Pvt) Ltd,Cyrus Information Technologies (Pvt) Ltd,Cyrus Information Technologies (Pvt) Ltd,,,,,,"TIN No.102436385, Cyrus Information Technologies (Pvt) Ltd",Colombo -06,,,,,,,,,,CASH,AR,0.00,0.00,0,,1,
800002A9-1724902075,D-TECH (PVT) LTD,D-TECH (PVT) LTD,,,,,,,"D-TECH (PVT) LTD, #110, ",VAT No.,,174996571-700,,,,,,,,,A,0.00,0.00,0,,1,
800002F0-1748518381,D. Samson Industries (Pvt) Ltd,D. Samson Industries (Pvt) Ltd,,,,,,,"D. Samson Industries (Pvt) Ltd, Sportswear Plant",VAT No.104025218-7000,,,,,,,,,,,AS,0.00,0.00,0,,1,
8000009C-1617705685,D.Samson Industries (Pvt) Ltd,D.Samson Industries (Pvt) Ltd,D.Samson Industries (Pvt) Ltd,,,,,,"D.Samson Industries (Pvt) Ltd, PO Box - 46, D.Samson",VAT No.104025218-7000,,,,,,,,,,,AS,0.00,0.00,0,,1,
80000340-1778484309,D & A Technologies (pvt) ltd,D & A Technologies (pvt) ltd,D & A Technologies (pvt) ltd,,,,,,"D & A Technologies (pvt) ltd, No : 858/A , siyambalapewaththa,",Delgoda.,,,,,,,,,,,AR,0.00,0.00,0,,1,
8000018A-1631105765,D C L Engineering (Private) Limited,D C L Engineering (Private) Limited,D C L Engineering (Private) Limited,,,,,,"D C L Engineering (Private) Limited, Level 01,",,"No. 21/1/1, Koswatta ",,Sri Lanka,,,,,,,,AS,0.00,0.00,0,,1,
800001CF-1642070175,Danushka Senadeera Photography,Danushka Senadeera Photography,Danushka Senadeera Photography,,,,,,"Danushka Senadeera Photography, No.17/2, ",Pannipitiya.,,,,Danushka Senadeera Photography,Pannipitiya.,,,,,,AD,0.00,0.00,0,,1,
80000241-1684831266,DAP Technologies,DAP Technologies,,,,,,,"DAP Technologies, No.166/3B, ",Kelaniya.,,,,,,,,,,,AD,0.00,0.00,0,,1,
800002D9-1739425969,Darshana Digital Colour Lab (Pvt) Ltd,Darshana Digital Colour Lab (Pvt) Ltd,,,,,,,Darshana Digital Colour Lab (Pvt) Ltd,,,,,,,,,,,,,0.00,0.00,0,,1,
80000355-1787304445,Darshana Traders (Pvt) Ltd,Darshana Traders (Pvt) Ltd,Darshana Traders (Pvt) Ltd,,,,,,"TIN No. 218046711, Darshana Traders (Pvt) Ltd",Tangalle.,,,,,,,,,,Cheque,AD,0.00,0.00,0,,1,
8000009B-1617705685,Data E Net Computer Systems (Pvt) Ltd,Data E Net Computer Systems (Pvt) Ltd,Data E Net Computer Systems (Pvt) Ltd,,,,,,"Data E Net Computer Systems (Pvt) Ltd, No 264, Peradeniya Road, ",VAT No,,114802573-700,,,,,,,,,AR,-0.40,-0.40,0,,1,
8000009A-1617705685,Data Holiday (Pvt) Ltd,Data Holiday (Pvt) Ltd,,,,,,,,,,,,,,,,,,,,0.00,0.00,0,,1,
80000099-1617705685,Data Management Systems (Pvt) Limited,Data Management Systems (Pvt) Limited,Data Management Systems (Pvt) Limited,,,,,,"TIN No. 104047440, Data Management Systems (Pvt) Limited",Colombo 07,,,,,,,,,,Cheque,A,690565.50,690565.50,0,,1,
80000098-1617705685,Data one Solutions (Pvt) Ltd,Data one Solutions (Pvt) Ltd,Data one Solutions (Pvt) Ltd,,,,,,"Data one Solutions (Pvt) Ltd, No 28, Sulaiman Terrace,",Colombo 05,,,,,,,,,,,A,0.00,0.00,0,,1,
8000015E-1620626754,Datalink Solutions (PVT) Ltd,Datalink Solutions (PVT) Ltd,Datalink Solutions (PVT) Ltd,Dulana,Dulana00@gmail.com,O717304596,,,"Datalink Solutions (PVT) Ltd, No 773, Kadawatha Road ,",,Kadawatha,,,,,,,,,,AD,0.00,0.00,0,,1,
800002B7-1728971536,DATAVERSE IT SOLUTIONS (PVT)LTD,DATAVERSE IT SOLUTIONS (PVT)LTD,,,,,,,"DATAVERSE IT SOLUTIONS (PVT)LTD, 841/A, Waragoda Road,",Kelaniya.,,,,,,,,,,,AR,0.00,0.00,0,,1,
80000097-1617705685,David Pieris Holdings (PVT) Ltd,David Pieris Holdings (PVT) Ltd,David Pieris Holdings (PVT) Ltd,,,,,,"David Pieris Holdings (PVT) Ltd, 75, Hyde Park Corner,",,Hyde,,,,,,,,,,,0.00,0.00,0,,1,
800001E7-1650866474,Debug Computer Peripherals (Pvt) Ltd,Debug Computer Peripherals (Pvt) Ltd,Debug Computer Peripherals (Pvt) Ltd,,,,,,"Debug Computer Peripherals (Pvt) Ltd, No 58, 42nd Lane, ",VAT No.114056103-7000,,,,Debug Computer Peripherals (Pvt) Ltd,,,,,,,AD,88500.00,88500.00,0,,1,
80000161-1622803309,Delmage Forsyth & Co. Ltd,Delmage Forsyth & Co. Ltd,Delmage Forsyth & Co. Ltd,,,,,,"Delmage Forsyth & Co. Ltd, No 101, Vinayalankara Mw",Colombo 10,,,,,,,,,,,AD,0.00,0.00,0,,1,
80000096-1617705685,Denipitiya Studio,Denipitiya Studio,,,,,,,"Denipitiya Studio, No 82/2, Miriswatta,",Gampaha,,,,,,,,,,,,170000.00,170000.00,0,,1,
800002E6-1743154582,Derana Macroentertainment Pvt. Ltd,Derana Macroentertainment Pvt. Ltd,,,,,,,"Derana Macroentertainment Pvt Ltd, No. 320, Level 4 T.B Jayah Mawatha",VAT No.114665517 -7000,,,,,,,,,,,A,0.00,0.00,0,,1,
8000034B-1782530059,Derby Lanka Pvt Ltd,Derby Lanka Pvt Ltd,Derby Lanka Pvt Ltd,,,,,,"Derby Lanka Pvt Ltd, A-6, Seethawaka Export Processing Zone, ",VAT No.,,114251240-700,,,,,,,,,AS,0.00,0.00,0,,1,
80000095-1617705684,Designology.lk,Designology.lk,,,,,,,"Designology.lk, No- 10E, Church Road ,",,Church,,,,,,,,,,AD,0.00,0.00,0,,1,
800002C8-1734676157,DEZiGN INTELLIGENCE (PVT)LTD,DEZiGN INTELLIGENCE (PVT)LTD,DEZiGN INTELLIGENCE (PVT)LTD,,,,,,"DEZiGN INTELLIGENCE (PVT)LTD, #10, Maya Avenue,",Colombo - 04,,,,,,,,,,,AD,0.00,0.00,0,,1,
800002C1-1733713438,Dialog Broadband Networks (Pvt) Ltd,Dialog Broadband Networks (Pvt) Ltd,Dialog Broadband Networks (Pvt) Ltd,,,,,,"Dialog Broadband Networks (Pvt) Ltd, 475, Union Place, ",VAT No.114115983-7000,,,,,,,,,,,AD,0.00,0.00,0,,1,
80000094-1617705684,Digital Mobility Solutions Lanka (pvt)Ltd,Digital Mobility Solutions Lanka (pvt)Ltd,Digital Mobility Solutions Lanka (pvt)Ltd,,,,,,"Digital Mobility Solutions Lanka (pvt)Ltd, No:309 , ",VAT No-,,174034419-700,,,,,,,,,AS,0.00,0.00,0,,1,
80000093-1617705684,Digital Post Services (Pvt) Ltd,Digital Post Services (Pvt) Ltd,Digital Post Services (Pvt) Ltd,,,,,,"Digital Post Services (Pvt) Ltd, 7A 1/1, Koranelis Mawatha",Kotte,,10100,,,,,,,,,AD,0.00,0.00,0,,1,
80000092-1617705684,Digitech Holdings (pvt) Ltd,Digitech Holdings (pvt) Ltd,,,,,,,Digitech Holdings (pvt) Ltd,,,,,,,,,,,,,0.00,0.00,0,,1,
80000324-1766575703,Dilru Production (Pvt) Ltd,Dilru Production (Pvt) Ltd,,,,,,,"Dilru Production (Pvt) Ltd, 2G-6, BMICH",Colombo -07,,,,,,,,,,,AD,0.00,0.00,0,,1,
80000227-1672733674,Dipped Products PLC,Dipped Products PLC,Dipped Products PLC,,,,,,"Dipped Products PLC, No.400 Deans Road,",Colombo 10,,,,,,,,,,,A,0.00,0.00,0,,1,
8000032F-1769667564,DMS Electronics (Pvt) Ltd Division 02,DMS Electronics (Pvt) Ltd Division 02,DMS Electronics (Pvt) Ltd Division 02,,,,,,"DMS Electronics (Pvt) Ltd Division 02, No. 71/A, ",VAT No. 104074375 -,,7000,,,,,,,,,A,0.00,0.00,0,,1,
8000031C-1762156349,DOT INK (PVT) LTD,DOT INK (PVT) LTD,DOT INK (PVT) LTD,,,,,,"DOT INK (PVT) LTD, #229/J, Enderamulla, ",VAT No.178769677-7000,,,,,,,,,,,AR,0.00,0.00,0,,1,
80000160-1622462030,DPL Holdings Pvt Ltd,DPL Holdings Pvt Ltd,DPL Holdings Pvt Ltd,,,,,,"DPL Holdings Pvt Ltd, Abeyrathne Mawatha,",Boralesgamuwa,,,,,,,,,,,AS,0.00,0.00,0,,1,
800002D4-1737612263,Dr. Chinthaka Jayakody,Dr. Chinthaka Jayakody,,,,,,,"Dr. Chinthaka Jayakody, Ward 02",Ragama.,,,,,,,,,,,AD,0.00,0.00,0,,1,
80000091-1617705684,DYN TECH ENTERPRISES,DYN TECH ENTERPRISES,DYN TECH ENTERPRISES,,,0714813614,,2934720,"DYN TECH ENTERPRISES, 115, Negombo Road, ",VAT No -,,409251447-700,,,,,,,,,A,0.00,0.00,0,,1,
8000033E-1778132500,DZone Pvt Ltd,DZone Pvt Ltd,DZone Pvt Ltd,,,,,,"DZone Pvt Ltd, No.170, Isuruwimana, Munagama,",Horana.,,,,,,,,,,,AD,0.00,0.00,0,,1,
80000246-1685703809,E-Net Integrated Solutions (Pvt.) Ltd,E-Net Integrated Solutions (Pvt.) Ltd,,,,,,,"E-Net Integrated Solutions (Pvt.) Ltd, No.178/C, ",Boralesgamuwa.,,,,,,,,,,,A,0.00,0.00,0,,1,
80000215-1664769450,E-Net Integrated Solutions (Pvt) Ltd,E-Net Integrated Solutions (Pvt) Ltd,,,,,,,"E-Net Integrated Solutions (Pvt) Ltd, No 178/C, Neelammahara Road,",Boralesgamuwa,,,,,,,,,,CASH,AR,44000.00,44000.00,0,,1,
8000028E-1716272162,E-Screen Systems (Pvt) Ltd,E-Screen Systems (Pvt) Ltd,,,,,,,"E-Screen Systems (Pvt) Ltd, 638/2, High Level Road, ",VAT No. 114490482 -7000,,,,,,,,,,,A,0.00,0.00,0,,1,
800002E8-1744099783,E Con Network (Pvt) Ltd,E Con Network (Pvt) Ltd,,,,,,,"E Con Network (Pvt) Ltd, Level 01 HQ Colombo",VAT No.103208858-7000,,,,,,,,,,,AR,0.00,0.00,0,,1,
800002EC-1746784305,E Tech IT Solutions Pvt Ltd,E Tech IT Solutions Pvt Ltd,E Tech IT Solutions Pvt Ltd,,,,,,"E Tech IT Solutions Pvt Ltd, No.273/B Colombo Road Kapuwaththa",VAT No.,,107252967-700,,,,,,,,,AD,0.00,0.00,0,,1,
80000303-1754293179,E Technology System (Pvt) Ltd,E Technology System (Pvt) Ltd,E Technology System (Pvt) Ltd,,,,,,"E Technology System (Pvt) Ltd, 2nd Floor, 41/A/1, Sri Saranabkara Road, ",VAT No.114278157-7000,,,,,,,,,,,AD,0.00,0.00,0,,1,
80000272-1705120992,E W Balasuriya & Co Pvt Ltd,E W Balasuriya & Co Pvt Ltd,,,,,,,"E W Balasuriya & Co Pvt Ltd, #267, Galle Road, ",VAT Reg No.114010650 -,,7000,,Sangaraja Main Store,Colombo - 10,,,,,,AD,0.00,0.00,0,,1,
8000027A-1709549561,Edge Networks (PVT) LTD,Edge Networks (PVT) LTD,,,,,,,"Edge Networks (PVT) LTD, No: 280/15/1A Dampe, ",VAT No.107688730-7000,,,,,,,,,,,A,0.00,0.00,0,,1,
80000090-1617705684,Editing Table Studio,Editing Table Studio,,,,,,,"Editing Table Studio, 56 B307, Sri Jayawardenapura",Kotte.,,,,,,,,,,,AD,0.00,0.00,0,,1,
800001B7-1639480137,EEE Technological Services,EEE Technological Services,EEE Technological Services (Pvt) Ltd,,,,,,"EEE Technological Services (Pvt) Ltd, No.474/1, Hokandara North, ",Malabe,,,,,,,,,,,,0.00,0.00,0,,1,
800001B8-1639480410,EEE Technological Services (Pvt) Ltd,EEE Technological Services (Pvt) Ltd,EEE Technological Services (Pvt) Ltd,,,,,,"EEE Technological Services (Pvt) Ltd, No.474/1, Hokandara North, ",Malabe,,,,,,,,,,,A,0.00,0.00,0,,1,
8000013A-1618209537,EFL Headquarters (Pvt) Ltd,EFL Headquarters (Pvt) Ltd,EFL Headquarters (Pvt) Ltd,,,,,,"EFL Headquarters (Pvt) Ltd, No 10, Milepost avenue,",Colombo 3.,,,,,,,,,,,AS,0.00,0.00,0,,1,
800001F5-1654762720,EHMTDD B Elkaduwa,EHMTDD B Elkaduwa,EHMTDD B Elkaduwa,,,,,,EHMTDD B Elkaduwa,,,,,,,,,,,,AD,0.00,0.00,0,,1,
8000008F-1617705684,EITS,EITS,Enterprise IT Solutions (Pvt) Ltd,,,,,,"Enterprise IT Solutions (Pvt) Ltd, 32/2-2/1 Nandimithra Place,",Colombo 06,,,,,,,,,,,,2095394.50,2095394.50,0,,1,
8000034A-1782379439,EL TORO Roofing Products LTD,EL TORO Roofing Products LTD,EL TORO Roofing Products LTD,,,,,,"EL TORO Roofing Products LTD, No. 752 Baseline Road, ",VAT No.,,139051017-700,,,,,,,,,A,0.00,0.00,0,,1,
8000008E-1617705684,Electro Net,Electro Net,Electro Net,,,,,,"Electro Net, No.45/1, Ernet Place, ",Moratuwa.,,,,,,,,,,,AD,0.00,0.00,0,,1,
8000008D-1617705683,Elegant Knitting International,Elegant Knitting International,Elegant Knitting International,,,,,,"Elegant Knitting International (Pvt) Ltd, 03B Biyagama",VAT No.101139280-7000,,,,,,,,,,,AS,0.00,0.00,0,,1,
800001E5-1648634781,Elegent Media Solutions,Elegent Media Solutions,,,,,,,"Elegent Media Solutions, #341/1A Thalawathugoda Road",Kotte.,,,,,,,,,,CASH,AD,113280.00,113280.00,0,,1,
8000034F-1783655148,Elevate Integrated technologies (Pvt) Ltd,Elevate Integrated technologies (Pvt) Ltd,Elevate Integrated technologies (Pvt) Ltd,,,,,,"TIN No. 103041694, Elevate Integrated technologies (Pvt) Ltd",Colombo 05.,,,,,,,,,,Cheque,AD,0.00,0.00,0,,1,
8000008C-1617705683,Embassy of The Republic of Indonesia,Embassy of The Republic of Indonesia,Embassy of The Republic of Indonesia,,,,,,"Embassy of The Republic of Indonesia, 400/50 Sarana Road, ",Colombo 07.,,,,,,,,,,,AS,0.00,0.00,0,,1,
8000027B-1709617656,Enash Global (Pvt) Ltd,Enash Global (Pvt) Ltd,,,,,,,"Enash Global (Pvt) Ltd, No 259/7/B/1, ",Pannipitiya.,,,,,,,,,,,AD,0.00,0.00,0,,1,
80000200-1659691298,Enexe (Pvt) Ltd,Enexe (Pvt) Ltd,Enexe (Pvt) Ltd,,,,,,"Enexe (Pvt) Ltd, No. 29/1, ",Maharagama.,,,,,,,,,,,A,0.00,0.00,0,,1,
8000008B-1617705683,Enext Technology (Pvt) Ltd,Enext Technology (Pvt) Ltd,,,,,,,"Enext Technology (Pvt) Ltd, No-6/A, 3rd Land, ",Kotte.,,,,,,,,,,,AS,0.00,0.00,0,,1,
80000337-1774931692,Enico Chemical Industries Pvt Ltd,Enico Chemical Industries Pvt Ltd,Enico Chemical Industries Pvt Ltd,,,,,,"Enico Chemical Industries Pvt Ltd, Ulapane Industrial Park, ",VAT No. 114823465 -,,7000,,,,,,,,Cheque,AD,0.00,0.00,0,,1,
800002B5-1728286614,ENTEC COMPUTER SYSTEMS (PVT) LTD,ENTEC COMPUTER SYSTEMS (PVT) LTD,,,,,,,"ENTEC COMPUTER SYSTEMS (PVT) LTD, No.52/E, Buthgamuwa Road,",Gothatuwa New Town,,,,,,,,,,,AD,0.00,0.00,0,,1,
800002DC-1740049469,EPG TECHNOLOGIES,EPG TECHNOLOGIES,,,,,,,"EPG TECHNOLOGIES, No. 68A, Galle Road,",Dehiwala,,,,,,,,,,,AR,0.00,0.00,0,,1,
800002B9-1729829069,Epro Technologies (Pvt) Ltd,Epro Technologies (Pvt) Ltd,,,,,,,"Epro Technologies (Pvt) Ltd, 171/29, Koswatte Road, ",VAT No.,,103017696-700,,,,,,,,,AD,0.00,0.00,0,,1,
80000187-1629877220,Eureka Technology Partners (Pvt) Ltd,Eureka Technology Partners (Pvt) Ltd,,,,,,,"Eureka Technology Partners (Pvt) Ltd,  2nd Floor, Bernards Business Park, ",Dehiwala,,,,,,,,,,,,0.00,0.00,0,,1,
8000008A-1617705683,Excello Developers (PVT) Ltd,Excello Developers (PVT) Ltd,Excello Developers (PVT) Ltd,,,,,,"Excello Developers (PVT) Ltd, No, 14, 37th Lane,",,14,,,,,,,,,,AD,0.00,0.00,0,,1,
80000089-1617705683,Fairfirst Insurance Limited,Fairfirst Insurance Limited,Fairfirst Insurance Limited,,malkaf@fairfirst.lk,,,,"Fairfirst Insurance Limited, No 33, St Michaels Road",,St,,,,,,,,,,A,0.00,0.00,0,,1,
8000020F-1662705283,Fairway Holdings (Pvt) Ltd,Fairway Holdings (Pvt) Ltd,Fairway Holdings (Pvt) Ltd,,,,,,"Fairway Holdings (Pvt) Ltd, No.100 Buthgamuwa Road,",Rajagiriya.,,,,,,,,,,,AD,0.00,0.00,0,,1,
80000327-1767603534,Fazaal Bath Studio,Fazaal Bath Studio,,,,,,,"Fazaal Bath Studio, 261 Nawala Rd,",Nawala.,,,,,,,,,,,AS,0.00,0.00,0,,1,
80000088-1617705683,Fazaal Ceramics,Fazaal Ceramics,Fazaal Ceramics,,,,,,"Fazaal Ceramics, No:196/1",Nawala,,,,,,,,,,,AS,0.00,0.00,0,,1,
80000213-1663650523,Fazaal Ceremics (Pvt) Ltd,Fazaal Ceremics (Pvt) Ltd,Fazaal Ceremics (Pvt) Ltd,,,,,,"Fazaal Ceremics (Pvt) Ltd, No.685, ",Kandy.,,,,,,,,,,,AS,0.00,0.00,0,,1,
80000250-1690178416,Fentons Ltd,Fentons Ltd,Fentons Ltd,,,,,,"TIN No - 204004781, Hayleys Fentons Ltd","180, Deans Road , 01000",Deans Road,,,,,,,,,Cheque,A,3916390.50,3916390.50,0,,1,
8000029A-1719287721,Finco Holdings (Pvt) Ltd,Finco Holdings (Pvt) Ltd,Finco Holdings (Pvt) Ltd,,,,,,"Finco Holdings (Pvt) Ltd, 49/16, Iceland Building, ",Colombo - 03,,,,,,,,,,,AD,0.00,0.00,0,,1,
80000087-1617705683,Fineline Technology,Fineline Technology,,,,,,,"Fineline Technology, 281/21D Samagimawatha, ","Handala, Wattala",,,,,,,,,,,A,0.00,0.00,0,,1,
80000086-1617705683,First Capital Holdings PLC,First Capital Holdings PLC,,,,,,,"First Capital Holdings PLC, No 02 Deal Place",VAT No.134003324-7000,,,,,,,,,,,AD,0.00,0.00,0,,1,
80000206-1661491477,Flexicare Lanka (Pvt) Ltd,Flexicare Lanka (Pvt) Ltd,,,,,,,"Flexicare Lanka (Pvt) Ltd, 382/X, Kumbuka Road, Raigama,",,Kumbuka,,,,,,,,,,AD,0.00,0.00,0,,1,
80000085-1617705683,Flix11 (Private) Limited,Flix11 (Private) Limited,Flix11 (Private) Limited,,,,,,"Flix11 (Private) Limited, No 09 , N J V Cooray Mawatha",,N J V,,,,,,,,,,A,0.00,0.00,0,,1,
80000084-1617705683,Fortress Developers (Pvt) Ltd.,Fortress Developers (Pvt) Ltd.,Fortress Developers (Pvt) Ltd.,,,,,,"Fortress Developers (Pvt) Ltd., 28 Galle Rd,",Dehiwala-Mount Lavinia,,,,,,,,,,,AS,0.00,0.00,0,,1,
80000083-1617705683,"FRONTIER AUTOMOTIVES (PVT) LTD.,","FRONTIER AUTOMOTIVES (PVT) LTD.,",,,,,,,".FRONTIER AUTOMOTIVES (PVT) LTD.,",,,,,,,,,,,,,0.00,0.00,0,,1,
80000082-1617705683,FT Soft (Pvt) Ltd,FT Soft (Pvt) Ltd,FT Soft (Pvt) Ltd,,,,,,"TIN No. 174027439, FT Soft (Pvt) Ltd",Colombo 04,,,,,,,,,,Cheque,A,1334904.50,1334904.50,0,,1,
80000247-1686540027,Future Global Tech (Pvt) Ltd,Future Global Tech (Pvt) Ltd,,,,,,,"Future Global Tech (Pvt) Ltd, 204/D/18, ",Piliyandala.,,,,,,,,,,,AR,0.00,0.00,0,,1,
80000191-1631780247,GAC Shipping Ltd,GAC Shipping Ltd,GAC Shipping Ltd,,,,,,"GAC Shipping Ltd, 284 Vauxhall St,",Colombo 02,,,,,,,,,,,A,0.00,0.00,0,,1,
800002BA-1729830138,Gadgetbox,Gadgetbox,,,,,,,"Gadgetbox, Paramount Tower Level2 to 5, ","Nawala Road, Kotte.",,,,,,,,,,,AD,6546.00,6546.00,0,,1,
80000228-1672911795,Gaja TV (Pvt) Ltd,Gaja TV (Pvt) Ltd,Gaja TV (Pvt) Ltd,,,,,,"Gaja TV (Pvt) Ltd, No.24/13, ",Nugegoda.,,,,,,,,,,,A,0.00,0.00,0,,1,
80000234-1678681919,Galle Face Hotel 1994 (Pvt) Ltd,Galle Face Hotel 1994 (Pvt) Ltd,Galle Face Hotel 1994 (Pvt) Ltd,,,,,,"Galle Face Hotel 1994 (Pvt) Ltd, No.2 Galle Road, ",VAT No. 114128538 -,,7000,,,,,,,,,AD,0.00,0.00,0,,1,
800002A8-1724651994,Gem Island Investments pvt Ltd,Gem Island Investments pvt Ltd,,,,,,,"Gem Island Investments pvt Ltd, No.371",VAT No.,,174981493-700,,,,,,,,,AS,0.00,0.00,0,,1,
80000207-1661744185,Genius Associates (Pvt) Ltd,Genius Associates (Pvt) Ltd,Genius Associates (Pvt) Ltd,,,,,,"Genius Associates (Pvt) Ltd, No.47, ",Nugegoda.,,,,,,,,,,,AD,0.00,0.00,0,,1,
80000081-1617705682,Gennext (Pvt) Ltd,Gennext (Pvt) Ltd,Gennext (Pvt) Ltd,,,,,,"Gennext (Pvt) Ltd, #117, Inner Flower Road, ",VAT No.174854890-7000,,,,,,,,,,,A,0.00,0.00,0,,1,
800001A6-1636355911,Genuine Computer & Network Systems,Genuine Computer & Network Systems,,,accounts@activelk.com,,,,Genuine Computer & Network Systems,,,,,,,,,,,,A,-75.00,-75.00,0,,1,
800001EE-1653475284,Geoinformatics International (Pvt.) Ltd.,Geoinformatics International (Pvt.) Ltd.,Geoinformatics International (Pvt.) Ltd.,,,,,,"Geoinformatics International (Pvt) Ltd., No. 584/4, ",Thalawathugoda.,,,,,,,,,,,AD,6000.00,6000.00,0,,1,
800002D0-1736997610,Giga Foods (Pvt)  Ltd,Giga Foods (Pvt)  Ltd,,,,,,,"TIN No.102899580, Giga Foods (Pvt)  Ltd","No.57, D.S Fonseka Road",D.S,,,,,,,,,Cheque,AR,0.00,0.00,0,,1,
800001EA-1651651423,GLC,GLC,GLC,,,,,,"GLC, NO 1/1, Mile post avenue,",,Mile,,,,,,,,,,AD,0.00,0.00,0,,1,
80000080-1617705682,Global Ehsan Relief - Sri Lanka,Global Ehsan Relief - Sri Lanka,Global Ehsan Relief - Sri Lanka,,,,,,"Global Ehsan Relief - Sri Lanka, Abdul Majeed Road ,",Kinniya-04,,,,,,,,,,,AD,0.00,0.00,0,,1,
8000007F-1617705682,Global Technologies,Global Technologies,,,,,,,"Global Technologies, No 30 , Higi Level Plaza, ",Nugegoda,,,,,,,,,,,AD,0.00,0.00,0,,1,
800001D4-1643612253,GLOBE GLASS (Pvt) Ltd.,GLOBE GLASS (Pvt) Ltd.,GLOBE GLASS (Pvt) Ltd.,,,,,,"GLOBE GLASS (Pvt) Ltd., 35, Sangamiththa Mawatha, ",Srilanka,,,,,,,,,,,AD,0.00,0.00,0,,1,
80000249-1686567221,GP Garments (Pvt) Ltd,GP Garments (Pvt) Ltd,,,,,,,"GP Garments (Pvt) Ltd, Seethawaka Industrial Zone, ",VAT Reg No. 114069744 -,,7000,,,,,,,,,A,0.00,0.00,0,,1,
8000023D-1683000095,Grace Lanka Apperals (Pvt) Ltd,Grace Lanka Apperals (Pvt) Ltd,,,,,,,"Grace Lanka Apperals (Pvt) Ltd, No- 83/15, Angulana Station Road, ",VAT No.,,104648371-700,,,,,,,,,AS,0.00,0.00,0,,1,
8000030E-1756292969,Green City Global (pvt) Ltd,Green City Global (pvt) Ltd,Green City Global (pvt) Ltd,,,,,,"Green City Global (pvt) Ltd, No.311, 1st Floor, Unity Plaza,",,1st Floor,,,,,,,,,,AR,0.00,0.00,0,,1,
800002D5-1737626513,Green Digital Technologies (Pvt) Ltd,Green Digital Technologies (Pvt) Ltd,,,,,,,"Green Digital Technologies (Pvt) Ltd, No. 91/1, Galle Road, ",Aluthgama.,,,,,,,,,,,AR,0.00,0.00,0,,1,
800001E4-1648031124,GRS Management & Secretary Service (Pvt),GRS Management & Secretary Service (Pvt),GRS Management & Secretary Service (Pvt),,,,,,"GRS Management &,  Secretary Service (Pvt) Ltd",Colombo -11,,,,,,,,,,,,0.00,0.00,0,,1,
80000242-1685006113,GSM Cellular Service Center,GSM Cellular Service Center,,,,,,,"GSM Cellular Service Center, #113/3, Samagi Mawatha, ",Kandy.,,,,,,,,,,,AS,0.00,0.00,0,,1,
80000306-1755840573,GTS Technology Solutions (pvt) Ltd,GTS Technology Solutions (pvt) Ltd,GTS Technology Solutions (pvt) Ltd,,,,,,"TIN No. 150157307, GTS Technology Solutions (pvt) Ltd",Papeliyana.,,,,,,,,,,Cheque,A,2418174.00,2418174.00,0,,1,
8000007E-1617705682,Haat Holdings (Pvt) Ltd,Haat Holdings (Pvt) Ltd,Haat Holdings (Pvt) Ltd,,anjana@activelk.com,,,,"Haat Holdings (Pvt) Ltd, 240, B1A, High Level Road",,"B1A, High",,,,,,,,,,A,230950.00,230950.00,0,,1,
80000257-1694153836,Haggai Tourist Bangalow,Haggai Tourist Bangalow,,,,,,,"Haggai Tourist Bangalow, No.20 , Costa Garden,",Colombo - 06,,,,,,,,,,,AD,0.00,0.00,0,,1,
800002D1-1737083700,Harsh Perera,Harsh Perera,,,,,,,"Harsh Perera, No.255, ",Kasbewa.,,,,,,,,,,,AD,0.00,0.00,0,,1,
8000019F-1634875760,Hayleys,Hayleys,,,,,,,"Hayleys Business Solutions, International (Pvt) Ltd",Colombo – 10,,,,,,,,,,,A,0.00,0.00,0,,1,
8000007D-1617705682,Hayleys Business Solution International (,Hayleys Business Solution International (,Hayleys Business Solution Interna,,,,,,"Hayleys Business Solutions, International (Pvt) Ltd",Colombo – 10,,,,,,,,,,,A,0.00,0.00,0,,1,
80000285-1712289948,HEMSONS INTERNATIONAL (Pte) Ltd,HEMSONS INTERNATIONAL (Pte) Ltd,,,,,,,"HEMSONS INTERNATIONAL (Pte) Ltd, Hemas Building, No.36, ",VAT No. 114117064 -,,7000,,,,,,,,,A,0.00,0.00,0,,1,
80000284-1712289829,HEMSONS INTERNATIONAL (Pvt) Ltd,HEMSONS INTERNATIONAL (Pvt) Ltd,,,,,,,"HEMSONS INTERNATIONAL (Pvt) Ltd, Hemas Building, No.36, ",VAT No. 114117064 -,,7000,,,,,,,,,,0.00,0.00,0,,1,
8000025F-1698231628,Hexar Evolution (Pvt) Ltd,Hexar Evolution (Pvt) Ltd,Hexar Evolution (Pvt) Ltd,,,,,,"TIN No. 107319298, Hexar Evolution (Pvt) Ltd",Colombo - 04.,,,,,,,,,,Cheque,AD,358720.00,358720.00,0,,1,
8000007C-1617705682,Hiran Wickramanayake,Hiran Wickramanayake,"HIRAN WICKRAMANAYAKE.,",,,,,,"HIRAN WICKRAMANAYAKE.,",,,,,,,,,,,,,0.00,0.00,0,,1,
8000033D-1778129553,HK Computers Solutions,HK Computers Solutions,HK Computers Solutions,,,,,,"HK Computers Solutions, No. 498, Colombo Road, ",VAT No.,,101003744-700,,,,,,,,,AD,0.00,0.00,0,,1,
8000029E-1721624718,HORANA PLANTATIONS PLC,HORANA PLANTATIONS PLC,,,,,,,"HORANA PLANTATIONS PLC, 400, DEANS ROAD, ",VAT No.294001344-7000,,,,,,,,,,,A,0.00,0.00,0,,1,
8000007B-1617705682,HSB Holdings (Pvt) Ltd,HSB Holdings (Pvt) Ltd,HSB Holdings (Pvt) Ltd,,,,,,"HSB Holdings (Pvt) Ltd, No 10/1 Hill Street, ",Kiribathgoda,,,,,,,,,,,A,0.00,0.00,0,,1,
80000269-1701251997,I - Net Systems & Solutions (Pvt) Ltd,I - Net Systems & Solutions (Pvt) Ltd,,,,,,,"I - Net Systems & Solutions (Pvt) Ltd, 65/1 1/1 Nawala Road,",Nugegoda.,,,,,,,,,,,AD,0.00,0.00,0,,1,
80000277-1708319208,I M Solutions,I M Solutions,,,,,,,"TIN No. 103410126, I M Solutions","Mangala Road, 3 Rd Kurana",3,,,,,,,,,Cheque,AD,49442.00,49442.00,0,,1,
8000007A-1617705682,I U C N,I U C N,I U C N,,IUCN@IUCNSL.ORG,2694094,,2682470,"I U C N, NO. 53 HORTON PLACE",SRILANKA,,,,,,,,,,,,0.00,0.00,0,,1,
80000321-1764755365,I7 Computers,I7 Computers,I7 Computers,,,,,,"I7 Computers, No.124b, ",Jaffna.,,,,,,,,,,,AD,0.00,0.00,0,,1,
80000079-1617705681,ICC Inernational Construction Consortium,ICC Inernational Construction Consortium,,,,,,,"TIN No - 104067336, International Construction Consortium","No 70, S De S Jayasinghe Mawath",S De S,,,,,,,,,Cheque,AD,25960.00,25960.00,0,,1,
800002CB-1735193937,IDawn Technologies,IDawn Technologies,,,,,,,"IDawn Technologies, No. 127, Pagoda Road, ",VAT No.,,100913950-700,,,,,,,,,A,0.00,0.00,0,,1,
8000013F-1618978344,Ideal Finance Ltd,Ideal Finance Ltd,Ideal Finance Ltd,,,,,,"Ideal Finance Ltd, No 299, Dr Colvin R. De Silva Mawatha",VAT No.134049634-7000,,,,,,,,,,,A,0.00,0.00,0,,1,
80000320-1764053207,Ideal Network System,Ideal Network System,Ideal Network System,,,,,,"Ideal Network System, 435/A Kudaarukgoda, ",Panadura.,,,,,,,,,,,AD,123000.00,123000.00,0,,1,
800002C2-1733815254,Illukkumbura Industrial,Illukkumbura Industrial,,,,,,,"Illukkumbura Industrial, Automation (Pvt) Ltd","Elvitigala Mw, Colombo - 05.",Colombo,,,,,,,,,,A,0.00,0.00,0,,1,
80000256-1693887235,IME Lanka (Pvt) Ltd,IME Lanka (Pvt) Ltd,IME Lanka (Pvt) Ltd,,,,,,"IME Lanka (Pvt) Ltd, 15/24A, 3rd Lane,",Sri Jayawardenepura Kotte.,,,,,,,,,,,AD,0.00,0.00,0,,1,
80000078-1617705681,Incotech Lanka (PVT) Ltd,Incotech Lanka (PVT) Ltd,Incotech Lanka (PVT) Ltd,,,,,,"Incotech Lanka (PVT) Ltd, 1001E, 8th Floor, ",Colombo 04,,,,,,,,,,,A,0.00,0.00,0,,1,
80000189-1631103720,IndexOne Technologies (Pvt) Limited,IndexOne Technologies (Pvt) Limited,IndexOne Technologies (Pvt) Limited,,,,,,"IndexOne Technologies (Pvt) Limited, No 262,",,Kaduwela Road,,Sri Lanka,,,,,,,,A,0.00,0.00,0,,1,
80000077-1617705681,Industrial Clothing (Pvt) Ltd - Malwana,Industrial Clothing (Pvt) Ltd - Malwana,,,amal@activelk.com,,,,"Industrial Clothing (Pvt) Ltd, 78 , Biyagama E.P.Z, ",Malwana.,,,,,,,,,,,,0.00,0.00,0,,1,
800002F3-1749726870,Infinity IT Solutions,Infinity IT Solutions,,,,,,,"Infinity IT Solutions, No 84/1, Kandy Road,",Kiribathgoda.,,,,,,,,,,,AR,0.00,0.00,0,,1,
80000076-1617705681,Information Technologies & Enterprise Sol,Information Technologies & Enterprise Sol,Information Technologies & Enterprise Sol,,,,,,"TIN No .114322792, Information Technologies &",Colombo-03,,,,,,,,,,Cheque,A,-2.35,-2.35,0,,1,
800001DF-1646294442,Intec Atebion,Intec Atebion,Intec Atebion,,,,,,"Intec Atebion, No.255 Baseline road,",Colombo 09,,,,,,,,,,,A,0.00,0.00,0,,1,
80000075-1617705681,Intec Systems and Solutions (Pvt) Ltd,Intec Systems and Solutions (Pvt) Ltd,Intec Systems and Solutions (Pvt) Ltd,,,,,,"Intec Systems and Solutions (Pvt) Ltd, No 293/A, Rajamaha Vihara Road",Pita Kotte,,,,,,,,,,,,0.00,0.00,0,,1,
80000338-1775101650,Intek IT Solutions,Intek IT Solutions,,,,,,,"Intek IT Solutions, No. 83/3N , ",Biyagama Western Province.,,,,,,,,,,,AD,53100.00,53100.00,0,,1,
80000334-1773125872,Intek Solutions,Intek Solutions,Intek Solutions,,,,,,"Intek Solutions, No. 325/3, ",Angoda.,,,,,,,,,,,AD,0.00,0.00,0,,1,
800002FA-1750996844,Intelliglow Solutions (Pvt) Ltd,Intelliglow Solutions (Pvt) Ltd,,,,,,,"Intelliglow Solutions (Pvt) Ltd, No 489 /1 / H, ",VAT No.,,106807779-700,,,,,,,,,A,0.00,0.00,0,,1,
80000074-1617705681,IOM International Organization for Migrat,IOM International Organization for Migrat,,,,,,,"International Organization for Migration, Colombo",Colombo 08,,,,,,,,,,,AD,0.00,0.00,0,,1,
800002D7-1738571473,IPhonik (Pvt) Ltd,IPhonik (Pvt) Ltd,,,,,,,"IPhonik (Pvt) Ltd, No. 179A 2/1, Dutugemunu Street, ",VAT No.,,114724394-700,,,,,,,,,A,0.00,0.00,0,,1,
80000073-1617705681,Isuru Udayanga.,Isuru Udayanga.,Isuru Udayanga,,,,,,Isuru Udayanga,,,,,,,,,,,,AS,0.00,0.00,0,,1,
80000072-1617705681,IT Expert,IT Expert,,,,,,,IT Expert,,,,,,,,,,,,,0.00,0.00,0,,1,
8000024F-1689839382,IT Galaxy (Pvt) Ltd,IT Galaxy (Pvt) Ltd,IT Galaxy (Pvt) Ltd,,,,,,"IT Galaxy (Pvt) Ltd, #401, Galle Road, Bambalapitiya, ",VAT No. 174860220 -,,7000,,,,,,,,,AS,0.00,0.00,0,,1,
80000325-1766992415,IT Shop,IT Shop,IT Shop,,,,,,"IT Shop, 743/8/A  Muwanhelawatta, ",Malabe.,,,,,,,,,,,AD,0.00,0.00,0,,1,
80000071-1617705681,IT Xpert (Pvt) Ltd,IT Xpert (Pvt) Ltd,IT Xpert (Pvt) Ltd,,,0773504665,,,"IT Xpert (Pvt) Ltd, 401/5, 2nd Floor, Unity",Colombo 04,,,,,,,,,,,AD,0.00,0.00,0,,1,
80000070-1617705681,IT Xpert Distribution,IT Xpert Distribution,,,,,,,"IT Xpert Distribution, 51/18 1st Floor",Bampalapitiya,,,,,,,,,,,A,0.00,0.00,0,,1,
8000006F-1617705681,ITs24x7,ITs24x7,ITs24x7,,,,,,"ITs24x7, 404/2a, Maithreedasa Mw, ",Homagama,,,,,,,,,,,A,0.00,0.00,0,,1,
8000006E-1617705680,ITX360 (Pvt) Ltd,ITX360 (Pvt) Ltd,,,procurement@itx360.com,,,,"ITX360 (Pvt) Ltd, No-10",Colombo 03,,,,,,,,,,,A,0.00,0.00,0,,1,
800001C5-1640752199,J.F Packaging Limited,J.F Packaging Limited,J.F Packaging Limited,,,0112233214,,,"J.F Packaging Limited, No: 98, Sri Sangaraja Mawatha,",,Sri,,,J.F Packaging Limited,,Sri,,,,,AD,0.00,0.00,0,,1,
80000318-1759312741,J Teem Solutions,J Teem Solutions,J Teem Solutions,,,,,,"J Teem Solutions, 225, Negombo Rd,",Kurunegala.,,,,,,,,,,Cheque,AR,38763.00,38763.00,0,,1,
800002BF-1732778104,JAGRO (PVT) LTD,JAGRO (PVT) LTD,,,,,,,"JAGRO (PVT) LTD, No.131/1, ",VAT No.114345270-7000,,,,,,,,,,,AS,0.00,0.00,0,,1,
800001DB-1644923045,Janaka Thushantha,Janaka Thushantha,,,,,,,Janaka Thushantha,,,,,,,,,,,,A,0.00,0.00,0,,1,
8000006D-1617705680,Janathakshana (Gte) Ltd,Janathakshana (Gte) Ltd,Janathakshana (Gte) Ltd,,,,,,"Janathakshana (Gte) Ltd, No 05, ",Colombo 05.,,,,,,,,,,,AS,0.00,0.00,0,,1,
8000006C-1617705680,JAY JAY MILLS LANKA (PVT) LTD,JAY JAY MILLS LANKA (PVT) LTD,JAY JAY MILLS LANKA (PVT) LTD,,,036 4278278,,036 2232673,"JAY JAY MILLS LANKA (PVT) LTD., , E-3, ",VAT No,,114250740-700,,,,,,,,,AS,0.00,0.00,0,,1,
80000147-1618988829,Jon Trepte,Jon Trepte,Jon Trepte,,,,,,"Jon Trepte, Sudaliya",Moratwa,,,,,,,,,,,AS,0.00,0.00,0,,1,
8000006B-1617705680,Just in Time Holdings (Pvt) Ltd,Just in Time Holdings (Pvt) Ltd,Just in Time Holdings (Pvt) Ltd,,,,,,"Just in Time Holdings (Pvt) Ltd, Regent Building, No:345 A, ",Colombo 03,,,,,,,,,,,,0.00,0.00,0,,1,
8000006A-1617705680,KAMINSKI. C/o STATESMAN HATS (PVT) LTD.,KAMINSKI. C/o STATESMAN HATS (PVT) LTD.,KAMINSKI. C/o STATESMAN HATS (PVT) LTD.,,thilini@kaminskisl.com,,,,"C/o Helen Kaminski P/ L., C/o STATESMAN HATS (PVT) LTD.",VAT No,,114261009-700,,,,,,,,,AS,0.00,0.00,0,,1,
80000069-1617705680,Kandy General Hospital,Kandy General Hospital,,,,,,,"National Hospital Kandy, Kandy",,,,,,,,,,,,AS,0.00,0.00,0,,1,
800001DE-1646132974,Karvin Fernando Production,Karvin Fernando Production,,,,,,,"Karvin Fernando Production, 388/12W Royal Gardens",Rajagiriya,,,,,,,,,,,AD,0.00,0.00,0,,1,
80000230-1677649683,KBSL Information Technologies Ltd,KBSL Information Technologies Ltd,KBSL Information Technologies Ltd,,,,,,"KBSL Information Technologies Ltd, 297, Union Place, ",VAT No.104060307 -,,7000,,,,,,,,,A,0.00,0.00,0,,1,
80000202-1660623291,Kect Impex (Pvt) Ltd,Kect Impex (Pvt) Ltd,,,,,,,"Kect Impex (Pvt) Ltd, No. 110/1 A, ",Colombo -08,,,,,,,,,,,AD,0.00,0.00,0,,1,
800002FF-1752212826,KRNS Contractor,KRNS Contractor,,,,,,,"KRNS Contractor, 128/1,",Henagama.,,,,,,,,,,,AR,0.00,0.00,0,,1,
80000068-1617705679,KTeK Networks (Pvt) Ltd,KTeK Networks (Pvt) Ltd,,,,,,,"KTeK Networks (Pvt) Ltd, No 211 , Angulana Station Rd, ",Moratuwa,,,,,,,,,,,A,0.00,0.00,0,,1,
80000067-1617705679,Kumaran Book House,Kumaran Book House,Kumaran Book House,,,,,,"Kumaran Book House, No 39, 36th Lane,",Colombo 06,,,,,,,,,,,AD,0.00,0.00,0,,1,
800001D8-1644561021,Lak Jaya Micro Finance Ltd,Lak Jaya Micro Finance Ltd,Lak Jaya Micro Finance Ltd,,,,,,"Lak Jaya Micro Finance Ltd, No.386B, 1/1, ",Pannipitiya.,,,,,,,,,,,A,0.00,0.00,0,,1,
80000066-1617705679,LAKDAM TRADING COMPANY (PVT) LTD,LAKDAM TRADING COMPANY (PVT) LTD,LAKDAM TRADING COMPANY (PVT) LTD,,,,,,"LAKDAM TRADING COMPANY (PVT) LTD, No. 215/1/1, Makola Road, ",VAT No.101009297-7000,,,,,,,,,,,AD,0.00,0.00,0,,1,
8000025E-1697689695,Lakseya Digital Colour Lab &,Lakseya Digital Colour Lab &,,,,,,,"Lakseya Digital Colour Lab & Studio (Pvt), No39/1 , Makola Road, ",Kelaniya,,,,,,,,,,,AD,0.00,0.00,0,,1,
80000065-1617705679,Lakvijaya Power Station,Lakvijaya Power Station,,,,,,,0Lakvijaya Power Station,,,,,,,,,,,,,0.00,0.00,0,,1,
80000064-1617705679,LANKA COMMODITY BROKERS LTD,LANKA COMMODITY BROKERS LTD,LANKA COMMODITY BROKERS LTD,Nipun,it@lcbl-sl.com,5222300,,5377090 / 2676625,"TIN  No. 134010010, LANKA COMMODITY BROKERS LTD",Colombo 10,,,,,,,,,,Cheque,AS,32885.01,32885.01,0,,1,
80000063-1617705678,LANKA MOUNT CASTLE (PVT) LTD,LANKA MOUNT CASTLE (PVT) LTD,LANKA MOUNT CASTLE (PVT) LTD,Mr. Shahabdeen,shaheer@activelk.com,2942670,,,"TIN No.114133957, LANKA MOUNT CASTLE (PVT) LTD",Uswetakeiyawa.,,,,,,,,,,Cheque,AS,155646.22,155646.22,0,,1,
80000062-1617705678,Lankem Ceylon PLC,Lankem Ceylon PLC,,,,,,,"Lankem Ceylon PLC, Ms. Head Office, ",Rajagiriya,,,,,,,,,,,,0.00,0.00,0,,1,
8000033F-1778147196,Laptop.lk pvt Ltd,Laptop.lk pvt Ltd,Laptop.lk pvt Ltd,,,,,,"Laptop.lk pvt Ltd, 401, Galle road, ",VAT No.,,103501385-700,,,,,,,,,AR,0.00,0.00,0,,1,
80000292-1717220688,Latest Technology,Latest Technology,,,,,,,"Latest Technology, No 636, Maradana Road",Colomobo - 10,,,,,,,,,,,AR,0.00,0.00,0,,1,
80000262-1699426723,Leema Creations (Pvt) Ltd,Leema Creations (Pvt) Ltd,,,,,,,"Leema Creations (Pvt) Ltd, 112/2 , ",Colombo 06.,,,,,,,,,,,AD,0.00,0.00,0,,1,
80000061-1617705678,LEGACY HEALTH,LEGACY HEALTH,,,,,,,"LEGACY HEALTH, No 23, Lillie Street, ",Colombo 02,,,,,,,,,,,,0.00,0.00,0,,1,
80000203-1660713140,Legalinc Srilanka,Legalinc Srilanka,,,,,,,"Legalinc Srilanka, 65 1/1 Norris Canal Rd,",Colombo 10.,,,,,,,,,,,AS,0.00,0.00,0,,1,
80000239-1680257753,LEOsys Corporation (Pvt) Ltd,LEOsys Corporation (Pvt) Ltd,LEOsys Corporation (Pvt) Ltd,,,,,,"LEOsys Corporation (Pvt) Ltd, 266/10, Samagi Mw,","Batalanda, Makola.",,,,,,,,,,,AD,0.00,0.00,0,,1,
8000026A-1702268446,LEOsys Corporation (Pvt) Ltd.,LEOsys Corporation (Pvt) Ltd.,,,,,,,"LEOsys Corporation (Pvt) Ltd., 266/10 , Samagi Mw, Batalanda, ",VAT No.102978242-7000,,,,,,,,,,,A,0.00,0.00,0,,1,
80000356-1788161228,Link Networks & Electric (Pvt) Ltd,Link Networks & Electric (Pvt) Ltd,Link Networks & Electric (Pvt) Ltd,,,,,,"Link Networks & Electric (Pvt) Ltd, No.35, Doluwa,",Gampola.,,,,,,,,,,CASH,AD,81420.00,81420.00,0,,1,
80000060-1617705678,Liyakta Office Systems (Pvt) Ltd,Liyakta Office Systems (Pvt) Ltd,,,,,,,"Liyakta Office Systems (Pvt) Ltd, No 151, 2nd Floor",VAT No.,,114751545-700,,,,,,,,,AD,0.00,0.00,0,,1,
800002F4-1749796770,LIZZY-B CANADA (PVT) LTD,LIZZY-B CANADA (PVT) LTD,,,,,,,"LIZZY-B CANADA (PVT) LTD, 31/3, Dutugemunu MW, ",VAT No.114397830-7000,,,,,,,,,,,AD,0.00,0.00,0,,1,
8000005F-1617705678,LK Domain Registry,LK Domain Registry,LK Domain Registry,,,,,,"LK Domain Registry, 106, Bernard's Business",VAT No.154011692-7000,,,,,,,,,,,AS,0.00,0.00,0,,1,
8000026C-1702466679,Logic Gate Lanka (Pvt) Ltd,Logic Gate Lanka (Pvt) Ltd,,,,,,,"Logic Gate Lanka (Pvt) Ltd, 1, 29, 4 Rohini Rd,",,"29, 4",,,,,,,,,,AS,0.00,0.00,0,,1,
800001F0-1653562088,Loons Lab (Pvt) Ltd,Loons Lab (Pvt) Ltd,Loons Lab (Pvt) Ltd,,,,,,"Loons Lab (Pvt) Ltd, World Trade Center, 10th Floor, ","East Tower , Bank of Ceylon Maw",Bank of,,,,,,,,,,AS,0.00,0.00,0,,1,
8000005E-1617705678,LTL Transformers (Pvt) Ltd,LTL Transformers (Pvt) Ltd,LTL Transformers (Pvt) Ltd,,,,,,"LTL Transformers (Pvt) Ltd, No 67, Park Street , ",VAT No,,104662692-700,,,,,,,,,A,0.00,0.00,0,,1,
8000028C-1715746091,LTL Transformers Pvt Ltd,LTL Transformers Pvt Ltd,,,,,,,"LTL Transformers Pvt Ltd, 154/11, Railway Station Road, Angulana, ",VAT No. 104662692 -,,7000,,,,,,,,,A,0.00,0.00,0,,1,
80000226-1672295980,M. Photocopy House,M. Photocopy House,M. Photocopy House,,,,,,"M. Photocopy House, 282/C, Colombo Main Rd,",,Colombo,,,,,,,,,,A,0.00,0.00,0,,1,
8000024D-1689659189,M.A Sirimal Die Cutter Makers,M.A Sirimal Die Cutter Makers,,,,,,,"M.A Sirimal Die Cutter Makers, No.415/6, ",Colombo - 10,,,,,,,,,,,AD,0.00,0.00,0,,1,
80000255-1692937391,M.D. Chandrasoma Amarasinghe,M.D. Chandrasoma Amarasinghe,,,,,,,"M.D. Chandrasoma Amarasinghe, No. 153, Kurunegala Road, ",Minuwangoda.,,,,,,,,,,,SA,0.00,0.00,0,,1,
8000029C-1719479395,M.D Ashger Ali,M.D Ashger Ali,,,,,,,"M.D Ashger Ali, No, 30. Grero Place , ",Colombo 06.,,,,,,,,,,,AD,0.00,0.00,0,,1,
800002FD-1751875978,M & A Distributors (Pvt) Ltd,M & A Distributors (Pvt) Ltd,M & A Distributors (Pvt) Ltd,,,,,,"M & A Distributors (Pvt) Ltd, 387, Kohalwila Road, ",VAT No.101143120-7000,,,,,,,,,,,AD,0.00,0.00,0,,1,
80000339-1775207024,M & U Foresight (Pvt) Ltd,M & U Foresight (Pvt) Ltd,M & U Foresight (Pvt) Ltd,,,,,,"M & U Foresight (Pvt) Ltd, No.24/2, Fairline Road,",Dehiwala.,,,,,,,,,,,AS,0.00,0.00,0,,1,
800001BB-1639738404,M Concepts Holdings (Pvt) Ltd,M Concepts Holdings (Pvt) Ltd,M Concepts Holdings (Pvt) Ltd,,,,,,"M Concepts Holdings (Pvt) Ltd, 43/7, Susantha Mawatha",Panadura.,,,,,,,,,,,A,0.00,0.00,0,,1,
8000005D-1617705678,M S Technologies (Pvt) Ltd,M S Technologies (Pvt) Ltd,M S Technologies (Pvt) Ltd,,,,,,"M S Technologies (Pvt) Ltd, 85/25, Jawatta Gardens, ",Colombo 05,,,,,,,,,,,A,0.00,0.00,0,,1,
8000005C-1617705678,MACSON MESH,MACSON MESH,"Macson Mesh Industries (Pvt) Ltd,",,imran@macsonmesh.com,,,,"Macson Mesh Industries (Pvt) Ltd., 304, Deans Road, ",VAT No,,114043613-700,,,,,,,,,AS,0.00,0.00,0,,1,
8000005B-1617705677,Maharaja Entertainments (Pvt) Ltd,Maharaja Entertainments (Pvt) Ltd,Maharaja Entertainments (Pvt) Ltd,,finance.me@maharaja.lk,,,,"Maharaja Entertainments (Pvt) Ltd, No:45/3, ",Colombo 02.,,,,,,,,,,,,0.00,0.00,0,,1,
80000331-1769831754,Mahendra Fernando,Mahendra Fernando,Mahendra Fernando,,,,,,"Mahendra Fernando, 416/5, Bauddhaloka Mw,",Colombo -07,,,,,,,,,,,AS,0.00,0.00,0,,1,
80000352-1785147455,Maliban Wovens (Pvt) Ltd,Maliban Wovens (Pvt) Ltd,Maliban Wovens (Pvt) Ltd,,,,,,"TIN No. 114141453, Maliban Wovens (Pvt) Ltd",Colombo 10.,,,,,,,,,,,,0.00,0.00,0,,1,
80000253-1691983095,Malsha Colour Lab,Malsha Colour Lab,,,,,,,"Malsha Colour Lab, Old Negombo Road, 29,",Ja-Ela.,,,,,,,,,,,AD,0.00,0.00,0,,1,
800001EB-1652417281,Mankind International (Pvt) Ltd,Mankind International (Pvt) Ltd,,,,,,,"Mankind International (Pvt) Ltd, 10, Davidson Rd,",Colombo – 04,,,,,,,,,,,A,0.00,0.00,0,,1,
80000302-1753765976,Manons Cine Combines,Manons Cine Combines,,,,,,,"Manons Cine Combines, 40B-7/1, 7th Floor, Metro Residencies",Colombo-02.,,,,,,,,,,,AD,0.00,0.00,0,,1,
80000295-1717568645,MARS Network (Pvt) Ltd,MARS Network (Pvt) Ltd,MARS Network (Pvt) Ltd,,,,,,"TIN No. 101153975, MARS Network (Pvt) Ltd",Colombo - 05,,,,,,,,,,Cheque,A,0.00,0.00,0,,1,
800001CB-1641448390,MAS Fabrics (Pvt) Ltd,MAS Fabrics (Pvt) Ltd,MAS Fabrics (Pvt) Ltd,,,,,,"MAS Fabrics (Pvt) Ltd, ,  (Matrix Division)",VAT No.174877734-7000,,,,"MAS Fabrics (Pvt) Ltd, ",Thulhiriya.,,,,,,A,0.00,0.00,0,,1,
8000028B-1714714190,"MBC Networks(Pvt)Ltd,","MBC Networks(Pvt)Ltd,",,,,,,,"MBC Networks(Pvt)Ltd, , No.36, Araliya Uyana, Depanama,",,Araliya,,,,,,,,,,AS,0.00,0.00,0,,1,
800001ED-1653305078,McLARENS Lubricants Ltd,McLARENS Lubricants Ltd,McLARENS Lubricants Ltd,,,,,,"McLARENS Lubricants Ltd, No.341, ",Colombo - 02.,,,,,,,,,,,AD,0.00,0.00,0,,1,
800002AA-1725279305,Merbok MDF Lanka,Merbok MDF Lanka,,,,,,,"Merbok MDF Lanka, BOI Zone, ",Horana.,,,,,,,,,,,A,0.00,0.00,0,,1,
80000297-1717817335,Metropolitan Technologies (Pvt) Ltd,Metropolitan Technologies (Pvt) Ltd,,,,,,,"Metropolitan Technologies (Pvt) Ltd, No.85, Braybrooke Place, ",VAT No. 104017703 -,,7000,,,,,,,,,AD,0.00,0.00,0,,1,
8000033B-1777461125,Micro Access Importers & Distributers,Micro Access Importers & Distributers,,,,,,,"Micro Access Importers & Distributers, (Pvt) Ltd",VAT No.218211984-7000,,,,,,,,,,,AR,0.00,0.00,0,,1,
8000005A-1617705677,Micro Solutions Information Systems (Pvt),Micro Solutions Information Systems (Pvt),,,support2@activelk.com,,,,"Micro Solutions Information Systems (Pvt), No 10, ",VAT No,,100880296-700,,,,,,,,,A,0.00,0.00,0,,1,
800002FC-1751456030,Micro Technology Lanka (Pvt) Ltd,Micro Technology Lanka (Pvt) Ltd,Micro Technology Lanka (Pvt) Ltd,,,,,,"Micro Technology Lanka (Pvt) Ltd, No.159/1, Nuwara Eliya Rd,",,Nuwara,,,,,,,,,,AR,62940.00,62940.00,0,,1,
80000059-1617705677,Micrro Channel,Micrro Channel,,,,0652224646,,,"Micro Channel, 165, ",Batticaloa.,,,,,,,,,,,A,0.00,0.00,0,,1,
8000022C-1674209388,Midas Safety Lanka (Pvt) Ltd,Midas Safety Lanka (Pvt) Ltd,Midas Safety Lanka (Pvt) Ltd,,,,,,"Midas Safety Lanka (Pvt) Ltd, No.78, Biyagama Export Processing Zone, ",VAT No.104056717-7000,,,,,,,,,,,AD,0.00,0.00,0,,1,
800002C0-1732947165,Millennium I.T.E.S.P (Pvt) Ltd,Millennium I.T.E.S.P (Pvt) Ltd,,,,,,,"Millennium I.T.E.S.P (Pvt) Ltd, No.450D, R A De Mel MW, ",VAT No.114165077-7000,,,,,,,,,,,AD,0.00,0.00,0,,1,
800002E2-1742538394,Mitra Innovation Limited,Mitra Innovation Limited,,,,,,,"Mitra Innovation Limited, 472 2/1, Rawathawatta, ",Moratuwa.,,,,,,,,,,,AS,0.00,0.00,0,,1,
800002DF-1741169734,MM Trade Stationers (Pvt) Ltd.,MM Trade Stationers (Pvt) Ltd.,,,,,,,"MM Trade Stationers (Pvt) Ltd., 70, Awissawella Road, ",VAT No:,,800141800-700,,,,,,,,,AR,252520.00,252520.00,0,,1,
80000248-1686549816,Mobile Visions Lanka (Pvt) Ltd,Mobile Visions Lanka (Pvt) Ltd,,,,,,,"Mobile Visions Lanka (Pvt) Ltd, No 45/3",Colombo 02.,,,,,,,,,,,AS,0.00,0.00,0,,1,
80000058-1617705677,Morison PLC,Morison PLC,Morison PLC,,,,,,"Morison PLC, No. 620 Biyagama Rd, ","Peliyagoda, Kelaniya",,,,,,,,,,,A,0.00,0.00,0,,1,
80000152-1619609904,Mr. Arshad Milhar,Mr. Arshad Milhar,Mr. Arshad Milhar,,devon@activelk.com,,,,"Mr. Arshad Milhar, 118/6 Quarry Road,",Dehiwala,,,,,,,,,,,AS,35000.00,35000.00,0,,1,
80000051-1617705677,Mr. Azari Cader,Mr. Azari Cader,Mr. Azari Cader,,,,,,Mr. Azari Cader,,,,,,,,,,,,AS,0.00,0.00,0,,1,
80000171-1624857042,Mr. Devon Senarathna,Mr. Devon Senarathna,Mr. Devon Senarathna,,Devonsenarathna@gmail.com,,,,"Mr. Devon Senarathna, 535/A New Kandy Road,",Biyagama,,,,,,,,,,,AS,0.00,0.00,0,,1,
800002A7-1724651461,Mr. Ifham Raji,Mr. Ifham Raji,,,,,,,"Mr. Ifham Raji, 29/12 Visaka Private Road",Colombo 04,,,,,,,,,,,AS,0.00,0.00,0,,1,
800001F6-1655293871,Mr. Krishantha Perera,Mr. Krishantha Perera,Mr. Krishantha Perera,,,,,,"Mr. Krishantha Perera, Rajagiriya.",,,,,,,,,,,,A,0.00,0.00,0,,1,
800001CC-1641455985,Mr. Lasith Hettiarachchi,Mr. Lasith Hettiarachchi,Mr. Lasith Hettiarachchi,,,,,,"Mr. Lasith Hettiarachchi, 291/5/1, Pragathi Place, ",Malabe,,,,,,,,,,,AD,0.00,0.00,0,,1,
800001B1-1637921480,Mr. Lasitha Weerasinghe,Mr. Lasitha Weerasinghe,Mr. Lasitha Weerasinghe,,,,,,"Mr. Lasitha Weerasinghe, No . 245/2, Hill House Garden",,Hill,,,,,,,,,,A,0.00,0.00,0,,1,
80000050-1617705677,Mr. Marrikar,Mr. Marrikar,Mr. Marrikar,,,,,,Mr. Marrikar,,,,,,,,,,,,AS,0.00,0.00,0,,1,
8000004F-1617705677,Mr. Nalim,Mr. Nalim,Mr. Nalim,,,,,,"Mr. Nalin, (Kinro Advertising)",,,,,,,,,,,,AS,0.00,0.00,0,,1,
8000032B-1767956956,Mr. Nipun Dissanayake,Mr. Nipun Dissanayake,,,,,,,"Mr. Nipun Dissanayake, 197/37, Pasal Mw, Weniwelpola,",,Pasal,,,,,,,,,,AR,0.00,0.00,0,,1,
80000199-1633681343,Mr. Nipuna,Mr. Nipuna,,,,,,,Mr. Nipuna,,,,,,,,,,,,AS,0.00,0.00,0,,1,
8000032A-1767953074,Mr. Nirosh (Rayfor),Mr. Nirosh (Rayfor),,,,,,,"Mr. Nirosh (Rayfor), 297C New Kandy Rd,",Kaduwela 10640.,,,,,,,,,,Net 15,AR,53000.00,53000.00,0,,1,
80000193-1632224167,Mr. Niroth,Mr. Niroth,Mr. Niroth,,,,,,"Mr. Niroth, 98, Nanayakkara Mawatha, ",Rajagiriya.,,,,,,,,,,,AD,0.00,0.00,0,,1,
8000004E-1617705676,Mr. Nishantha Amunugama,Mr. Nishantha Amunugama,Mr. Nishantha Amunugama,,,,,,"Mr. Nishantha Amunugama, De Saram Rd, ",Dehiwala,,,,,,,,,,,A,0.00,0.00,0,,1,
8000004D-1617705676,Mr. Pavithra,Mr. Pavithra,Mr. Pavithra Jayasundara,,,,,,"Mr. Pavithra Jayasundara, 65/A Bathiya Mawatha",Gonawala,,,,,,,,,,,AD,0.00,0.00,0,,1,
8000004C-1617705676,Mr. Prashaktha,Mr. Prashaktha,Mr. Prashaktha,,,,,,"Mr. Prashaktha, 36/1 Bulathwelgoda Road,",Pelmadulla,,,,,,,,,,,A,0.00,0.00,0,,1,
800002D8-1738843170,Mr. Sanjaya,Mr. Sanjaya,,,,,,,Mr. Sanjaya,,,,,,,,,,,,,0.00,0.00,0,,1,
800001C6-1640855905,Mr. Shaveendra Wickramaratne,Mr. Shaveendra Wickramaratne,Shaveendra Wickramaratne,,,,,,"Shaveendra Wickramaratne, 1/1, Sakvithi Lane, ",Colombo 05,,,,,,,,,,,A,0.00,0.00,0,,1,
8000004B-1617705676,Mr. Wijendra,Mr. Wijendra,Mr. Wijendra,,,,,,Mr. Wijendra,,,,,,,,,,,,A,0.00,0.00,0,,1,
800001B9-1639553253,Mr.Amal Adams,Mr.Amal Adams,,,,,,,Mr.Amal Adams,,,,,,,,,,,,AD,0.00,0.00,0,,1,
800002F1-1748583349,Mr.Chirath,Mr.Chirath,,,,,,,"Mr.Chirath, No.28, ",Kandy.,,,,,,,,,,,A,0.00,0.00,0,,1,
80000254-1692607598,Mr.Damith,Mr.Damith,,,,,,,Mr.Damith,,,,,,,,,,,,AD,0.00,0.00,0,,1,
800002D6-1738045291,Mr.Mahendra Fernando,Mr.Mahendra Fernando,,,,,,,"Mr.Mahendra Fernando, 410/5 Bauddhaloka Mawatha,",Colombo - 07,,,,,,,,,,,AD,0.00,0.00,0,,1,
80000219-1665483620,Mr.Mueen,Mr.Mueen,,,,,,,"Mr.Mueen Saheed, Billari Art Gallery",Colombo 05,,,,,,,,,,,AS,0.00,0.00,0,,1,
8000004A-1617705676,Mr.Yakub Ariff,Mr.Yakub Ariff,Mr.Yakub Ariff,,,,,,Mr.Yakub Ariff,,,,,,,,,,,,AS,0.00,0.00,0,,1,
800002F8-1750927969,Mr Amila Nuwan,Mr Amila Nuwan,,,,,,,"Mr Amila Nuwan, No 187/2, ",Homagama.,,,,,,,,,,,AR,0.00,0.00,0,,1,
80000057-1617705677,Mr Chamod,Mr Chamod,Mr Chamod,,,,,,"Mr Chamod, Horana Road",Neboda,,,,,,,,,,,AD,0.00,0.00,0,,1,
80000056-1617705677,Mr Dharshana (CEB),Mr Dharshana (CEB),Mr Dharshana (CEB),,,,,,"Mr Dharshana (CEB), Nugegoda",,,,,,,,,,,,A,0.00,0.00,0,,1,
80000055-1617705677,Mr H.A.M. Ishara,Mr H.A.M. Ishara,Mr H.A.M. Ishara,,,,,,Mr H.A.M. Ishara,,,,,,,,,,,,A,0.00,0.00,0,,1,
80000054-1617705677,Mr Haneez Haroon,Mr Haneez Haroon,,,,,,,"Mr Haneez Haroon, 105A 7/4, Sri Saranankara Road",,Sri,,,,,,,,,,,0.00,0.00,0,,1,
800001AA-1636634435,Mr Hemantha,Mr Hemantha,,,,,,,Mr Hemantha,,,,,,,,,,,,A,0.00,0.00,0,,1,
8000013B-1618571844,Mr Michael Janz,Mr Michael Janz,,,,,,,"Mr  Michael Elsworth Jansz, No 53/15, Madagodalanda Rd,",Athurugiriya,,,,,,,,,,,AR,0.00,0.00,0,,1,
80000188-1630250831,Mr Rajeewa,Mr Rajeewa,,,,,,,"Mr Rajeewa, 752/1/37, Pelangahawatta, ",Pannipitiya.,,,,,,,,,,,AD,0.00,0.00,0,,1,
80000053-1617705677,Mr Saman,Mr Saman,Mr Saman,,,,,,Mr Saman,,,,,,,,,,,,A,0.00,0.00,0,,1,
80000264-1699941189,Mr Suneth Jayalath,Mr Suneth Jayalath,,,,,,,"Mr Suneth Jayalath,  No, 14, ",Padukka.,,,,,,,,,,,AD,0.00,0.00,0,,1,
80000052-1617705677,Mr T. Y. Sahith,Mr T. Y. Sahith,Mr T. Y. Sahith,,,,,,"Mr T. Y. Sahith, No 719 , Malabe Road",Kottawa,,,,,,,,,,,AD,0.00,0.00,0,,1,
80000221-1669609725,Mrs. Ameena,Mrs. Ameena,Mrs. Ameena,,,,,,Mrs. Ameena,No 418,DE,,,,,,,,,,AS,0.00,0.00,0,,1,
80000049-1617705676,Mrs. Aqeela Aboo (Paan Paan),Mrs. Aqeela Aboo (Paan Paan),Mrs. Aqeela Aboo (Paan Paan),,,,,,Mrs. Aqeela Aboo (Paan Paan),,,,,,,,,,,,AS,20750.00,20750.00,0,,1,
8000017A-1627278515,Mrs. Faraha,Mrs. Faraha,Mrs. Faraha,,,,,,Mrs. Faraha Marikar,,,,,,,,,,,,AS,0.00,0.00,0,,1,
80000048-1617705676,MTI Consulting (Pvt)Ltd,MTI Consulting (Pvt)Ltd,MTI Consulting (Pvt)Ltd,,,,,,"MTI Consulting (Pvt)Ltd, 8th Floor , Aitken Spence Tower 01",VAT No,,114254606-700,,,,,,,,,AD,0.00,0.00,0,,1,
8000032C-1768282299,MTV Channel (Pvt) Ltd,MTV Channel (Pvt) Ltd,,,,,,,"MTV Channel (Pvt) Ltd, 45/3 Bray Brook Street, ",VAT No.114083020-7000,,,,,,,,,,,AS,0.00,0.00,0,,1,
80000293-1717390961,Multi9 Computer Systems,Multi9 Computer Systems,,,,,,,"Multi9 Computer Systems,  38 Ground Floor",Nugegoda,,,,,,,,,,,A,0.00,0.00,0,,1,
80000244-1685352034,Musaeus College,Musaeus College,,,,,,,"Musaeus College, 58, Rosmead Place,",Colombo 07,,,,,,,,,,,AD,0.00,0.00,0,,1,
80000047-1617705676,MUSLIM AID,MUSLIM AID,MUSLIM AID,,muneer.musthaffa@muslimaidsl.org,2819182,,2815022,"MUSLIM AID, 6/2 Malwatta Cross Ln,",Dehiwala-Mount Lavinia.,,,,,,,,,,,AS,62954.13,62954.13,0,,1,
8000023C-1682398479,My Cola Beverages (Pvt) Ltd,My Cola Beverages (Pvt) Ltd,My Cola Beverages (Pvt) Ltd,,,,,,"My Cola Beverages (Pvt) Ltd, #555/5D, ",VAT No.,,114137413-700,,,,,,,,,A,0.00,0.00,0,,1,
80000046-1617705676,Nabhan,Nabhan,,,,,,,"Bright Media, 178/G Sambawala Road, ",Malwana,,,,,,,,,,,,0.00,0.00,0,,1,
80000045-1617705676,Nadeera Paints (Pvt) Ltd,Nadeera Paints (Pvt) Ltd,Nadeera Paints (Pvt) Ltd,,,,,,"Nadeera Paints (Pvt) Ltd, No, 274/5, Vidyaraja Mawatha, ",VAT No.100934930-7000,,,,,,,,,,,AD,0.00,0.00,0,,1,
80000180-1628048146,Navesta Pharmaceuticals (Pvt) Ltd,Navesta Pharmaceuticals (Pvt) Ltd,Navesta Pharmaceuticals (Pvt) Ltd,,,,,,"Navesta Pharmaceuticals (Pvt) Ltd, No. 107/A,",,Nakandala Road,,Sri Lanka,,,,,,,,AD,0.00,0.00,0,,1,
800002EB-1746156664,Ncinga (Pvt) Ltd,Ncinga (Pvt) Ltd,Ncinga,,,,,,"Ncinga (Pvt) Ltd, Level 19 Parkland Building, ",VAT No.102949412-7000,,,,,,,,,,,A,0.00,0.00,0,,1,
80000044-1617705675,Nekzone Business System,Nekzone Business System,Nekzone Business SystemNekzone Business S,,,,,,"Nekzone Business System, 970/1/B/1 Thalangama North",Malabe,,,,,,,,,,,AD,0.00,0.00,0,,1,
8000022E-1675655149,Nekzone Solutions (Pvt) Ltd,Nekzone Solutions (Pvt) Ltd,,,,,,,"Nekzone Solutions (Pvt) Ltd, 970/1/B/1 Thalangama North",Malabe,,,,,,,,,,,AD,0.00,0.00,0,,1,
80000259-1695116324,Neo Graphics (Pvt) Ltd,Neo Graphics (Pvt) Ltd,Neo Graphics (Pvt) Ltd,,,,,,"Neo Graphics (Pvt) Ltd, 44, Udahamulla Station Road, ",Nugegoda.,,,,,,,,,,,AD,0.00,0.00,0,,1,
800002FE-1752205526,Neo Solution,Neo Solution,,,,,,,"Neo Solution, No.74, Kokila Road,",Colombo -06,,,,,,,,,,,SM,1500.00,1500.00,0,,1,
80000043-1617705675,NetCore Solutions,NetCore Solutions,NetCore Solutions,,,,,,"NetCore Solutions, # 95A, Old Kottawa Road,",,Old,,,,,,,,,,A,0.00,0.00,0,,1,
800002AC-1725512168,Neth Digital Studio,Neth Digital Studio,,,,,,,"Neth Digital Studio, No. 17/2 , ",Angunukolapelessa.,,,,,,,,,,,SM,0.00,0.00,0,,1,
80000042-1617705675,Netnotch Holdings (Pvt) Ltd,Netnotch Holdings (Pvt) Ltd,Netnotch Holdings (Pvt) Ltd,,,,,,"Netnotch Holdings (Pvt) Ltd, No. 275, Lotus Building, ",Nawala,,,,,,,,,,,AD,0.00,0.00,0,,1,
800002E3-1743044469,Netsys Solutions (Pvt) Ltd,Netsys Solutions (Pvt) Ltd,,,,,,,"Netsys Solutions (Pvt) Ltd, No.44A, ",VAT No.174865019-7000,,,,,,,,,,,A,0.00,0.00,0,,1,
8000025A-1695369580,Network Information Technologies (Pvt) Lt,Network Information Technologies (Pvt) Lt,Network Information Technologies (Pvt) Lt,,,,,,"TIN No.114295620, Network Information Technologies (Pvt)Ltd","Kirulapone, Colombo - 05",Colombo,,,,,,,,,Cheque,AS,4054408.07,4054408.07,0,,1,
80000196-1632912115,New Life Literature (Pvt) Ltd,New Life Literature (Pvt) Ltd,New Life Literature (Pvt) Ltd,,,,,,"New Life Literature (Pvt) Ltd, Spur Road 4,",,E.P.Z,,Sri Lanka,,,,,,,,AS,0.00,0.00,0,,1,
80000041-1617705675,Next IT,Next IT,,,,,,,Next IT,,,,,,,,,,,,,0.00,0.00,0,,1,
80000040-1617705675,Next IT Solutions,Next IT Solutions,Next IT Solutions,,,,,,"Next IT Solutions, No. 782, Ransalu Building, ",Heiyanthuduwa,,,,,,,,,,,A,0.00,0.00,0,,1,
8000003F-1617705675,NextEn (Pvt) Ltd,NextEn (Pvt) Ltd,NextEn (Pvt) Ltd,,,,,,"NextEn (Pvt) Ltd, 719/1, Ethulkotte, ",VAT No :,,174891206-700,,,,,,,,,A,0.00,0.00,0,,1,
80000153-1620033164,NextGen Holdings,NextGen Holdings,NextGen Holdings,,,,,,"TIN  No. 107592997, NextGen Holdings (Pvt) Ltd","No-46 1/8, Marine City, Station",Marine City,,,,,,,,,Cheque,AD,0.00,0.00,0,,1,
80000301-1753678598,NHK Holdings International (Pvt) Ltd,NHK Holdings International (Pvt) Ltd,,,,,,,"NHK Holdings International (Pvt) Ltd, 01/65 Ranawaka Building, ",Gampaha.,,,,,,,,,,,AR,0.00,0.00,0,,1,
8000003E-1617705675,Nimby Technologies (Pvt) Ltd,Nimby Technologies (Pvt) Ltd,,,,,,,"Nimby Technologies (Pvt) Ltd, # 73a , Welikadawatte Road, ",Rajagiriya,,,,,,,,,,,AD,0.00,0.00,0,,1,
800001B4-1638776134,Ninehearts Imaging (Pvt) Ltd,Ninehearts Imaging (Pvt) Ltd,Ninehearts Imaging (Pvt) Ltd,,,,,,"Ninehearts Colour Labs (Pvt) Ltd, 99, Stace Road, ",VAT No.,,114648396-700,,,,,,,,,AD,0.00,0.00,0,,1,
8000003D-1617705675,NOLIMIT,NOLIMIT,NOLIMIT,,info@nolimit.lk,011-2737441,,011-2718774,"TIN No. 409200990, Nolimit",Dehiwala,,,,,,,,,,Cheque,AR,63956.00,63956.00,0,,1,
80000237-1679048702,North American Aviation Group Inc,North American Aviation Group Inc,North American Aviation Group Inc,,,,,,"North American Aviation Group Inc, 61, 3/1, 3rd Floor, ",Colombo 03.,,,,,,,,,,,AS,0.00,0.00,0,,1,
8000003C-1617705675,Novaco Security Services,Novaco Security Services,Novaco Security Services,,,,,,"R. A  Athula Perera, Novaco Security Services (Pvt) Ltd",(3rd Lane) Pannipitiya,,,,,,,,,,,AS,0.00,0.00,0,,1,
800002DB-1740025575,NSK Media Systems (Pvt) Ltd,NSK Media Systems (Pvt) Ltd,,,,,,,"NSK Media Systems (Pvt) Ltd, No 20 6th Lane, ",Pannipitiya,,10230,,,,,,,,,AR,0.00,0.00,0,,1,
800001EC-1652852819,OAK INTEGRATED SYSTEMS PVT LTD,OAK INTEGRATED SYSTEMS PVT LTD,OAK INTEGRATED SYSTEMS PVT LTD,,,,,,"OAK INTEGRATED SYSTEMS PVT LTD, Level 26, East Tower, World Trade Center,",VAT No. 102197364 -,,7000,,,,,,,,,A,0.00,0.00,0,,1,
800002E4-1743067214,OCEAN 7 Logistics Pvt Ltd,OCEAN 7 Logistics Pvt Ltd,,,,,,,"Ocean7 Logistics Pvt Ltd, No. 26 B, 1st Floor, Alwis Place,",,1st Floor,,,,,,,,,,,0.00,0.00,0,,1,
80000319-1759894704,Ocnet Technologies,Ocnet Technologies,Ocnet Technologies,,,,,,"Ocnet Technologies, No. D 28, Matha Road,",Colombo 08.,,,,,,,,,,,AD,0.00,0.00,0,,1,
80000311-1757574698,Office Network (Pvt) Ltd,Office Network (Pvt) Ltd,Office Network (Pvt) Ltd,,,,,,"Office Network (Pvt) Ltd, No. 122, Nawala Road, ",VAT No.,,114152455-700,,,,,,,,,A,0.00,0.00,0,,1,
8000003B-1617705675,Open Systems Integrators,Open Systems Integrators,Open Systems Integrators (Pvt) Ltd,,smbsales@eopensys.com,,,,"Open Systems Integrators (Pvt) Ltd, No. 438-440, ",Colombo - 03,,,,,,,,,,,A,0.00,0.00,0,,1,
8000033A-1775632498,Open Systems Integrators (Pvt) Ltd,Open Systems Integrators (Pvt) Ltd,Open Systems Integrators (Pvt) Ltd,,,,,,"TIN No .114299910, Open Systems Integrators (Pvt) Ltd",Colombo 03.,,,,,,,,,,Cheque,A,0.00,0.00,0,,1,
80000316-1758704033,Openlink (PVT) Ltd,Openlink (PVT) Ltd,Openlink (PVT) Ltd,,,,,,"TIN No.174915830, Openlink (PVT) Ltd",Colombo04,,,,,,,,,,Cheque,A,0.00,0.00,0,,1,
8000003A-1617705675,Optimal Solutions,Optimal Solutions,Optimal Solutions,,,,,,"Optimal Solutions, 8, Pathiba Road,",Colombo 05,,,,,,,,,,,A,0.00,0.00,0,,1,
800001BF-1640590046,Orel Corporation (Pvt) Ltd,Orel Corporation (Pvt) Ltd,Orel Corporation (Pvt) Ltd,,,,,,"Orel Corporation (Pvt) Ltd, No: 76, Kandahena Estate, ",Padukka,,,,,,,,,,,A,0.00,0.00,0,,1,
800002CA-1734691098,Orikmo Technologies (Pvt) Ltd,Orikmo Technologies (Pvt) Ltd,Orikmo Technologies (Pvt) Ltd,,,,,,"Orikmo Technologies (Pvt) Ltd, No.75a, Sri Hemananda Mawatha, ",VAT No.103300983-7000,,,,,,,,,,,AR,0.00,0.00,0,,1,
800001FC-1656567686,Orit Trading Lanka (Pvt) Ltd,Orit Trading Lanka (Pvt) Ltd,Orit Trading Lanka (Pvt) Ltd,,,,,,"Orit Trading Lanka (Pvt) Ltd, 7th Floor, East Tower",Colombo 01,,,,,,,,,,,AD,0.00,0.00,0,,1,
800001E8-1650878574,OSILMO Special Education & Research Cente,OSILMO Special Education & Research Cente,OSILMO Special Education & Research Cente,,,,,,"OSILMO Special Education, & Research Center",Piliyandala,,,,,,,,,,,A,0.00,0.00,0,,1,
80000039-1617705675,P.K.B. Samaradiwakara,P.K.B. Samaradiwakara,P.K.B. Samaradiwakara,,,,,,"P.K.B. Samaradiwakara, Epitawaththa, Galgamuwa, ",Alawwa,,,,,,,,,,,AD,0.00,0.00,0,,1,
80000038-1617705674,Paan Paan,Paan Paan,Lanka Premier Foods (Pvt) Ltd,,tharaka@lpf.lk,,,,"Lanka Premier Foods (Pvt) Ltd, No 84, Lorenz Road",Colombo 04,,,,,,,,,,,AS,47500.00,47500.00,0,,1,
80000037-1617705674,Pacific Manning Agency Colombo(Pvt) Ltd,Pacific Manning Agency Colombo(Pvt) Ltd,Pacific Manning Agency Colombo(Pvt) Ltd,,,,,,"Pacific Manning Agency Colombo(Pvt) Ltd, No:61, ",Colombo 02,,,,,,,,,,,A,0.00,0.00,0,,1,
80000283-1712132887,Paramount Technology,Paramount Technology,,,,,,,"Paramount Technology, No.335/1 , ",Ratmalana,,,,,,,,,,,AR,0.00,0.00,0,,1,
80000341-1778665692,PARTNER IT SOLUTIONS & SERVICE (PVT) LTD,PARTNER IT SOLUTIONS & SERVICE (PVT) LTD,,,,,,,"PARTNER IT SOLUTIONS & SERVICE (PVT) LTD, Super Market Building, ",Nugegoda,,80150,,,,,,,,,AR,0.00,0.00,0,,1,
8000021C-1667451004,Pawara Tech Solutions,Pawara Tech Solutions,Pawara Tech Solutions,,,,,,"Pawara Tech Solutions, 712C, 1/1",Colombo - 09,,,,,,,,,,,AD,0.00,0.00,0,,1,
80000261-1699266226,PC Holdings,PC Holdings,,,,,,,"PC Holdings, No.65, Awissawella Road,",Angoda.,,,,,,,,,,,AD,0.00,0.00,0,,1,
8000019E-1634278148,PC TECHNOLOGIES (PVT) LTD.,PC TECHNOLOGIES (PVT) LTD.,,,,,,,"PC TECHNOLOGIES (PVT) LTD., NO.311A. 1st FLOOR, UNITY PLAZA,",COLOMBO-04.,,,,,,,,,,,A,0.00,0.00,0,,1,
8000034E-1783576284,PCS Office Automation,PCS Office Automation,PCS Office Automation,,,,,,"TIN No. 104215343, PCS Office Automation",Puttalam.,,,,,,,,,,Cheque,AR,49240.00,49240.00,0,,1,
800001E0-1646711297,Penguin Shipping Enterprises (Pvt) Ltd.,Penguin Shipping Enterprises (Pvt) Ltd.,,,,,,,"Penguin Shipping Enterprises (Pvt) Ltd., No.48/1 , ",Colombo 7.,,,,,,,,,,,AD,0.00,0.00,0,,1,
80000278-1708919148,Penta Technology Solutions (Pvt) Ltd,Penta Technology Solutions (Pvt) Ltd,,,,,,,"TIN No.102526996, Penta Technology Solutions (Pvt) Ltd",Nugegoda,,10250,,,,,,,,Cheque,AD,212990.00,212990.00,0,,1,
800001F9-1655792082,People's Merchant Finance PLC,People's Merchant Finance PLC,People's Merchant Finance PLC,,,,,,"PMF Finance PLC, No. 483/4, ",Narahenpita.,,,,,,,,,,,A,0.00,0.00,0,,1,
800001DA-1644640101,Peoples Organization,Peoples Organization,,,,,,,"Peoples Organization, Negambo",,,,,,,,,,,,A,0.00,0.00,0,,1,
80000036-1617705674,Peramuna Communication,Peramuna Communication,Peramuna Communication,,,,,,"Peramuna Communication, 719, Malabe Road,",Kottawa.,,,,,,,,,,,AD,0.00,0.00,0,,1,
800001B5-1639387031,Perfect Business Solution Services (Pvt),Perfect Business Solution Services (Pvt),Perfect Business Solution Services (Pvt),,,,,,"Perfect Business Solution, Services (Pvt) Ltd.",Colombo 03,,,,,,,,,,,A,0.00,0.00,0,,1,
80000035-1617705674,Phoenix Ogilvy (Pvt) Ltd,Phoenix Ogilvy (Pvt) Ltd,Phoenix O&M (Pvt) Ltd,,,,,,"Phoenix O&M (Pvt) Ltd, PO Box.1263, ",VAT No.,,114037826-700,,,,,,,,,AS,0.00,0.00,0,,1,
80000349-1781764800,Pixel Technology,Pixel Technology,Pixel Technology,,,,,,"Pixel Technology, No. 19/01, New Town,",Polonnaruwa.,,,,,,,,,,,AR,0.00,0.00,0,,1,
80000034-1617705674,POWER HOUSE (PVT) LTD,POWER HOUSE (PVT) LTD,POWER HOUSE (PVT) LTD,,,,,,"POWER HOUSE (PVT) LTD, No 320, Level 04, ",VAT No. 114333557 -7000,,,,,,,,,,,A,0.00,0.00,0,,1,
80000033-1617705674,Prabath Kanishka Photography,Prabath Kanishka Photography,,,,,,,"Prabath Kanishka Photography, No 508 , Mewella Road",Kelaniya,,,,,,,,,,,AD,0.00,0.00,0,,1,
80000195-1632911689,Precision Micro Solutions (Pvt) Ltd,Precision Micro Solutions (Pvt) Ltd,Precision Micro Solutions (Pvt) Ltd,,,,,,"Precision Micro Solutions (Pvt) Ltd, 714/2 Muththugoda Road, ",Battaramulla,,,,,,,,,,,A,0.00,0.00,0,,1,
800001CA-1641444812,Premier IT Solutions (pvt) Ltd,Premier IT Solutions (pvt) Ltd,Premier IT Solutions (pvt) Ltd,,,,,,"Premier IT Solutions (pvt) Ltd, No. G292/05, ",VAT No.107840370-7000,,,,Premier IT Solutions (pvt) Ltd,Colombo - 11,,,,,,AD,0.00,0.00,0,,1,
8000020A-1662030028,Pretec Solutions,Pretec Solutions,Pretec Solutions,,,0113680110,,,"Pretec Solutions, No 11, 1st Floor",Colombo 04,,,,,,,,,,,AR,0.00,0.00,0,,1,
800002CF-1736489853,Pretec Systems,Pretec Systems,,,,,,,"Pretec Systems, 27, Anura Mawatha, ",off Indrajothi Rd,,10390,,,,,,,,,AR,0.00,0.00,0,,1,
8000014C-1619071516,Pretec Systems (Pvt) Ltd,Pretec Systems (Pvt) Ltd,Pretec Systems (Pvt) Ltd,,,,,,"Pretec Systems (Pvt)Ltd, 1st Floor, Unity Plaza,",315A Galle Rd,,,,,,,,,,,AS,0.00,0.00,0,,1,
8000017D-1627541757,Prima Management Services (Pvt) Ltd,Prima Management Services (Pvt) Ltd,,,,,,,"Prima Management Services (Pvt) Ltd, No: 50, ",Rajagiriya,,,,,,,,,,,A,0.00,0.00,0,,1,
80000032-1617705674,Prime Finance PLC,Prime Finance PLC,Prime Finance PLC,,,,,,"Prime Finance PLC, No 61",VAT No -,,134011947-700,,,,,,,,,A,0.00,0.00,0,,1,
80000310-1757498343,Prime Lands (Pvt.) Ltd,Prime Lands (Pvt.) Ltd,,,,,,,"Prime Lands (Pvt.) Ltd, No 75, ",VAT No.114162310-7000,,,,,,,,,,,A,0.00,0.00,0,,1,
800002E5-1743135558,Prime Pulse Solutions (Pvt) Ltd,Prime Pulse Solutions (Pvt) Ltd,,,,,,,"TIN No. : 119574218, Prime Pulse Solutions (Pvt) Ltd",Dehiwala.,,,,,,,,,,Cheque,AD,645460.00,645460.00,0,,1,
800002BC-1730802334,Pristine Solutions (Pvt) Ltd,Pristine Solutions (Pvt) Ltd,,,,,,,"Pristine Solutions (Pvt) Ltd, Level 04 - Atrium Building, ",VAT No.,,114403768-700,,,,,,,,,AD,0.00,0.00,0,,1,
800001FB-1656399131,Priya Dharmarajah Spathodea,Priya Dharmarajah Spathodea,Priya Dharmarajah Spathodea,,,,,,"Priya Dharmarajah Spathodea, No, 109 5/4 , ",Colombo - 05.,,,,,,,,,,,AD,0.00,0.00,0,,1,
800001A3-1635498082,Property Finance & Investments Kandy,Property Finance & Investments Kandy,,,,,,,"Property Finance, & Investments Kandy (Pvt) Ltd","Welikada, Rajagiriya",,,,,,,,,,,A,0.00,0.00,0,,1,
800001A2-1635396700,Prudential Shipping Lines (Pvt) Ltd,Prudential Shipping Lines (Pvt) Ltd,Prudential Shipping Lines (Pvt) Ltd,,,,,,"Prudential Shipping Lines (Pvt) Ltd, Level 04, Resolute, ",Rajagiriya,,,,,,,,,,,AD,0.00,0.00,0,,1,
800002E0-1742193498,Pubudu Engineering (Pvt) Ltd,Pubudu Engineering (Pvt) Ltd,,,,,,,"Pubudu Engineering (Pvt) Ltd, No:68, UDA Idustrial Estate, ",VAT No.114257648-7000,,,,,,,,,,,AS,0.00,0.00,0,,1,
80000178-1626347632,R. M. N Rajakaruna,R. M. N Rajakaruna,,,,,,,"R. M. N Rajakaruna, 28/7, Rajaweediya,",Kiridiwela,,,,,,,,,,,A,0.00,0.00,0,,1,
800001E9-1651469327,R.M. Chemicals Ceylon (Pvt) Ltd,R.M. Chemicals Ceylon (Pvt) Ltd,R.M. Chemicals Ceylon (Pvt) Ltd,,,,,,"R.M. Chemicals Ceylon (Pvt) Ltd, Plot No 25, LINDEL Industrial Estate, ",Makola,,,,,,,,,,,,0.00,0.00,0,,1,
80000031-1617705674,R.P. Systems,R.P. Systems,R.P. Systems,,,,,,"R.P. Systems, 233, Rukmale,",Pannipitiya,,,,,,,,,,,A,0.00,0.00,0,,1,
800001BE-1640343155,R&D Technologies,R&D Technologies,R&D Technologies,,,,,,"R&D Technologies, 287/ 3/3, Havlock Road,",Colombo - 05,,,,,,,,,,,,-120000.00,-120000.00,0,,1,
800001D7-1644463801,Randev,Randev,Randev,,,,,,"Randev, No- 49/33 Nagahamulla Road ,",Talangama South.,,,,Randev,Nugegoda,,,,,,AD,0.00,0.00,0,,1,
8000023A-1682326165,Rangiri Srilanka Media Networks,Rangiri Srilanka Media Networks,,,,,,,"Rangiri Srilanka Media Networks, Rangiri Dambulla Development Foundation",VAT No.,,154012354-700,,,,,,,,,AS,0.00,0.00,0,,1,
80000030-1617705673,Rapidventure (Pvt) Ltd,Rapidventure (Pvt) Ltd,Rapidventure (Pvt) Ltd,,,,,,"Rapidventure (Pvt) Ltd, No:743/4/A Muwanhelawatta Road",VAT No.174792259 -,,7000,,,,,,,,,AD,29500.00,29500.00,0,,1,
8000002F-1617705673,Redline Technologies,Redline Technologies,Redline Technologies,,,,,,"Redline Technologies, No. 21, Joseph`s Place",Colombo 04.,,,,,,,,,,,AS,0.00,0.00,0,,1,
8000002E-1617705673,Regency Teas (Pvt) Ltd,Regency Teas (Pvt) Ltd,Regency Teas (Pvt) Ltd,,,,,,"Regency Teas (Pvt) Ltd, #359, Biyagama Road, ",VAT NO: 114192643-,,7000,,,,,,,,,AD,0.00,0.00,0,,1,
8000002D-1617705673,Richard Pieris Finance LTD,Richard Pieris Finance LTD,,,,,,,"Richard Pieris Finance LTD, No 69, Aprico Complex, ",Colombo 2,,,,,,,,,,,A,0.00,0.00,0,,1,
80000296-1717586180,Rio Holdings (Pvt) Ltd,Rio Holdings (Pvt) Ltd,Rio Holdings (Pvt) Ltd,,,,,,"Rio Holdings (Pvt) Ltd, Beddagana",Pitakotte.,,,,,,,,,,,AS,0.00,0.00,0,,1,
800002E1-1742206995,RK Computers,RK Computers,,,,,,,"RK Computers, 200/28/a Isurupura Mawatha,",Piliyandala.,,,,,,,,,,,AR,30.00,30.00,0,,1,
800002B1-1727257936,ROAR AD X (PVT LTD,ROAR AD X (PVT LTD,,,,,,,"ROAR AD X (PVT LTD, 11A, ",VAT No.,,103454050-700,,,,,,,,,AD,0.00,0.00,0,,1,
80000208-1661765678,Royal Colombo Golf Club,Royal Colombo Golf Club,Royal Colombo Golf Club,,,,,,"Royal Colombo Golf Club, No.223, ",Colombo - 08,,,,,,,,,,,,0.00,0.00,0,,1,
8000034D-1783050395,S&C Technologies,S&C Technologies,S&C Technologies,,,,,,"S&C Technologies, 272/1/B, Bollaththa North,",Ganemulla.,,,,,,,,,,,AR,0.00,0.00,0,,1,
800001A8-1636448034,SAAF Lanka (Pvt) Ltd,SAAF Lanka (Pvt) Ltd,SAAF Lanka (Pvt) Ltd,,,,,,"SAAF Lanka (Pvt) Ltd, No# 080, ","Marybiso Rd, Gampaha",,,,,,,,,,,A,0.00,0.00,0,,1,
800001DC-1645766245,Sachindra Senanayake,Sachindra Senanayake,,,,,,,"Sachindra Senanayake, No.30/32, ",Boralasgamuwa.,,,,Sachindra Senanayake,Boralesgamuwa.,,,,,,A,0.00,0.00,0,,1,
80000217-1665118893,Sachintha jayathilake,Sachintha jayathilake,Sachintha jayathilake						,,,,,,"Sachintha jayathilake, No.58,","Galkanda lane, Anniwatte",,,,,,,,,,,A,0.00,0.00,0,,1,
8000026D-1703848651,Sahasra Studio Pvt Ltd,Sahasra Studio Pvt Ltd,,,,,,,"Sahasra Studio Pvt Ltd, No, 456/5B, ",Hokandara,,,,,,,,,,,AD,0.00,0.00,0,,1,
80000245-1685519701,Sai Photograph Jaffna,Sai Photograph Jaffna,,,,,,,Sai Photograph Jaffna,,,,,,,,,,,,AS,0.00,0.00,0,,1,
80000192-1631852864,Sampath I T Solutions Limited,Sampath I T Solutions Limited,,,,,,,"Sampath Information Technology Solutions, Limied",VAT No.,,134013753-700,,,,,,,,,A,0.00,0.00,0,,1,
80000181-1628137103,Sampath Senaratharachchige Associates,Sampath Senaratharachchige Associates,Sampath Senaratharachchige Associates,,,,,,"Sampath Senaratharachchige Associates, (Pvt) Ltd","784B, M.D.H Jayawardena Mawatha",M.D.H,,,,,,,,,,AD,0.00,0.00,0,,1,
80000179-1626932350,Sanasa Insurance Company Ltd.,Sanasa Insurance Company Ltd.,Sanasa Insurance Company Ltd.,,,,,,"Sanasa General Insurance ., 172, Elwitigala Mv, ",Colombo 08,,,,,,,,,,,A,0.00,0.00,0,,1,
8000024B-1688104647,SANASA Life Insurance Company PLC,SANASA Life Insurance Company PLC,SANASA Life Insurance Company PLC,,,,,,"SANASA Life Insurance Company PLC, No: 340 2/1, R. A. de Mel Mw,",,R. A. de,,,,,,,,,,A,0.00,0.00,0,,1,
80000275-1707106711,SANASA Media Networks (Pvt) Ltd,SANASA Media Networks (Pvt) Ltd,,,,,,,"SANASA Media Networks (Pvt) Ltd, #340 2/1, ",Colombo - 03,,,,,,,,,,,A,0.00,0.00,0,,1,
800001CE-1641876263,Sanken Overseas (Pvt) Ltd,Sanken Overseas (Pvt) Ltd,Sanken Overseas (Pvt) Ltd,,,,,,"Sanken Overseas (Pvt) Ltd, No.10 Albert Crescent,",Colombo - 07,,,,Sanken Overseas (Pvt) Ltd,Colombo - 07,,,,,,AD,0.00,0.00,0,,1,
8000002C-1617705673,Satecro Technologies,Satecro Technologies,Satecro Technologies,,,,,,"Satecro Technologies, #194/4, Wasana Piyasha, ",Panadura,,,,,,,,,,,AD,176000.00,176000.00,0,,1,
8000002B-1617705673,Savinda Graphics system (Pvt) Ltd,Savinda Graphics system (Pvt) Ltd,Savinda Graphics system (Pvt) Ltd,,,,,,"Savinda Graphics system (Pvt) Ltd, 145, UDA Industrial Zone, ",Homagama.,,,,,,,,,,,A,0.00,0.00,0,,1,
800002EE-1748415827,SC Printing International (Pvt) Ltd,SC Printing International (Pvt) Ltd,SC Printing International (Pvt) Ltd,,,,,,"SC Printing International (Pvt) Ltd, 654/19, Industrial Estate, ",VAT No.114258199-7000,,,,,,,,,,,AS,0.00,0.00,0,,1,
80000266-1700638851,Search Advance Technology,Search Advance Technology,,,,,,,"Search Advanced Technology, 53/18, Perera Mw, Old, Kottawa Road, ",Nugegoda,,,,,,,,,,,A,0.00,0.00,0,,1,
80000236-1678859925,Secvision (Pvt) Ltd,Secvision (Pvt) Ltd,Secvision (Pvt) Ltd,,,,,,"Secvision (Pvt) Ltd, 3rd Floor, 108A 3/1, ",Colombo - 06,,,,,,,,,,,A,0.00,0.00,0,,1,
800002A4-1724151580,Sell-X Computers (Pvt) Ltd,Sell-X Computers (Pvt) Ltd,,,,,,,"Sell-X Computers (Pvt) Ltd, No.87/6, ",VAT No.,,102911113-700,,,,,,,,,AD,0.00,0.00,0,,1,
80000268-1701055494,Senkadagala Finance,Senkadagala Finance,,,,,,,"Senkadagala Finance, Level 2 , No. 267, ",Colombo - 03,,,,Senkadagala Finance,Colombo - 10,,,,,,AD,0.00,0.00,0,,1,
800002BB-1730175736,Serandib Scuba (Pvt) Ltd,Serandib Scuba (Pvt) Ltd,,,,,,,"Serendib Scuba (Pvt) Ltd, No.84/2A, Dosthara Watta",Nugegoda.,,,,Serendib Scuba (Pvt) Ltd,Nugegoda.,,,,,,A,0.00,0.00,0,,1,
800001F8-1655787939,Sevenx Lanka (Pvt) Ltd,Sevenx Lanka (Pvt) Ltd,Sevenx Lanka (Pvt) Ltd,,,,,,"Sevenx Lanka (Pvt) Ltd, No:22, 1/1, 40th Lane",VAT No -,,174969892-700,,,,,,,,,AD,0.00,0.00,0,,1,
800001F7-1655369434,Seyacolor,Seyacolor,Seyacolor,,,,,,"Seyacolor, #2B, Temple Road, Kalubowila,",,Temple,,,,,,,,,,AD,0.00,0.00,0,,1,
800001D0-1642757352,Seybi Trading Pvt ltd,Seybi Trading Pvt ltd,Seybi Trading Pvt ltd,,,,,,"Seybi Trading Pvt Ltd, 107 Subhadrarama Rd,",Nugegoda,,,,,,,,,,,A,0.00,0.00,0,,1,
8000002A-1617705672,Share Colombo Services,Share Colombo Services,Share Colombo Services,,,,,,"Share Colombo Services (Pvt) Ltd, 27/1 A, Hotel Road,",Mount Lavinia,,,,,,,,,,,,0.00,0.00,0,,1,
80000315-1758599976,Shenid IT Solutions,Shenid IT Solutions,,,,,,,"Shenid IT Solutions, No.422/6, ",Mulleriyawa.,,,,,,,,,,,AD,0.00,0.00,0,,1,
8000027F-1710909439,Shinnyo-En Lanka Preschool,Shinnyo-En Lanka Preschool,,,,,,,"Shinnyo-En Lanka Preschool, No.37, ",Pamankada.,,,,,,,,,,,AD,0.00,0.00,0,,1,
80000029-1617705672,Silvacos (pvt) Ltd,Silvacos (pvt) Ltd,,,,,,,"Silvacos (pvt) Ltd, 109 Kynsey Road",Colombo 08,,,,,,,,,,,AD,0.00,0.00,0,,1,
800001DD-1646109142,Silvacos Private Ltd,Silvacos Private Ltd,Silvacos Private Ltd,,,,,,"Silvacos Private Ltd, No.109, ",Colombo – 08.,,,,,,,,,,,AD,0.00,0.00,0,,1,
800001AE-1637643015,SILVERLINE INFORMATION TECHNOLOGY PVT LTD,SILVERLINE INFORMATION TECHNOLOGY PVT LTD,SILVERLINE INFORMATION TECHNOLOGY PVT LTD,,,,,,"SILVERLINE INFORMATION TECHNOLOGY PVT LTD, No 18/A, 1st Lane, ",VAT No.174015686-7000,,,,,,,,,,,A,0.00,0.00,0,,1,
80000028-1617705672,Singer (Sri Lanka) PLC,Singer (Sri Lanka) PLC,Singer (Sri Lanka) PLC,,accounts@activelk.com,,,,"Singer (Sri Lanka) PLC, No. 112, Havelock Road, ",IT Department (3rd Floor),,,,,,,,,,,AS,0.00,0.00,0,,1,
8000025C-1697168477,Sinnadurai Sundaralingam & Balendra,Sinnadurai Sundaralingam & Balendra,Sinnadurai Sundaralingam & Balendra,,,,,,"Sinnadurai Sundaralingam & Balendra, 367 4/1 Dam St ,",Colombo 12.,,,,Sinnadurai Sundaralingam & Balendra,Colombo 12.,,,,,,AD,0.00,0.00,0,,1,
80000027-1617705672,SkyNet Solutions & Co,SkyNet Solutions & Co,SkyNet Solutions & Co,,,,,,,SkyNet Solutions &,CO,,,,,,,,,,A,0.00,0.00,0,,1,
80000209-1661840760,SLT VisionCom (Pvt) Ltd,SLT VisionCom (Pvt) Ltd,SLT VisionCom (Pvt) Ltd,,,,,,"Srilanka Telecom (Services) Limited, Po Box 503, ",VAT No. 134004169 -,,7000,,,,,,,,,A,0.00,0.00,0,,1,
80000312-1757674517,Smart IT Solution-Kekeirawa,Smart IT Solution-Kekeirawa,Smart IT Solution-Kekeirawa,,,,,,"Smart IT Solution-Kekeirawa, No-04, Market Complex,",Kekirawa.,,,,,,,,,,,AR,0.00,0.00,0,,1,
80000335-1773200830,Smart Moves & Repairs,Smart Moves & Repairs,Smart Moves & Repairs,,,,,,"Smart Moves & Repairs, No 48/1, D M Colombage, ",Kirulapana Colombo 05,,,,,,,,,,,AD,0.00,0.00,0,,1,
800001FD-1657616197,Smart Net (Pvt) Ltd,Smart Net (Pvt) Ltd,,,,,,,"Smart Net (Pvt) Ltd, No. 5d, Kassapa Road,",Kalubowila,,,,,,,,,,,A,0.00,0.00,0,,1,
80000314-1758085535,Smart Stock (Pvt) Ltd,Smart Stock (Pvt) Ltd,,,,,,,"Smart Stock (Pvt) Ltd, No.130/7, ",Boralasgamuwa.,,,,,,,,,,,AR,0.00,0.00,0,,1,
80000026-1617705672,SMS Marketing (Pvt) Ltd,SMS Marketing (Pvt) Ltd,SMS Marketing (Pvt) Ltd,,thilie1990@gmail.com,,,,"SMS Marketing (Pvt) Ltd, No - 302/A, First Floor, ",Colombo 04,,,,,,,,,,,,0.00,0.00,0,,1,
80000025-1617705671,Softlogic Information Technologies (Pvt),Softlogic Information Technologies (Pvt),Softlogic Information Technologies (Pvt),,,,,,"TIN No.114097080, Softlogic Information Technologies",No 14,DE,,,,,,,,,,A,200599.98,200599.98,0,,1,
80000300-1753675621,Softlogic Life Insurance PLC,Softlogic Life Insurance PLC,,,,,,,"Softlogic Life Insurance PLC, No. 240, Level 3, ",Nugegoda.,,,,,,,,,,,AS,0.00,0.00,0,,1,
800001C2-1640665959,Softnet Information (Pvt) Ltd,Softnet Information (Pvt) Ltd,Softnet Information (Pvt) Ltd,,,0117799666,,,"Softnet Information (Pvt) Ltd, #118, High Level Road",VAT No. 114472085 -,,7000,,Softnet Information (Pvt) Ltd,,High,,,,,AD,0.00,0.00,0,,1,
800002F9-1750939379,Sourcecode-LK,Sourcecode-LK,,,,,,,"Sourcecode-LK, No 78B, ","Ethulkotte, Kotte.",,,,,,,,,,,AD,0.00,0.00,0,,1,
800002B6-1728624503,Southern Technologies,Southern Technologies,,,,,,,"Southern Technologies, No. 13A, Meda Mawatha, Siddamulla,",,Meda,,,,,,,,,Cheque,AR,0.00,0.00,0,,1,
800001D1-1642764022,SouthNet Technologies (Pvt) Ltd,SouthNet Technologies (Pvt) Ltd,SouthNet Technologies (Pvt) Ltd,,,,,,"SouthNet Technologies (Pvt) Ltd, No.155, Wackwella Road,",Galle.,,,,SouthNet Technologies (Pvt) Ltd,Galle.,,,,,,A,0.00,0.00,0,,1,
80000270-1704518824,Sporting Times,Sporting Times,,,,,,,"Sporting Times, Level 2, 267 Galle Road,",,267,,,,,,,,,,AD,0.00,0.00,0,,1,
800002A3-1724138305,Sri Laka Rupahavani Corporation,Sri Laka Rupahavani Corporation,,,,,,,"Sri Laka Rupahavani Corporation, P.O.Box 2204 , ",Colombo 07,,,,,,,,,,,AD,0.00,0.00,0,,1,
80000172-1625028119,Sri Lanka Institute Of Marketing,Sri Lanka Institute Of Marketing,Sri Lanka Institute Of Marketing,,,,,,"Sri Lanka Institute Of Marketing, No 94, Ananda Rajakaruna Mawatha, ",VAT No,,409057144-700,,,,,,,,,A,0.00,0.00,0,,1,
80000024-1617705671,Sri Lanka Institute of Taxation,Sri Lanka Institute of Taxation,,,,,,,"Sri Lanka Institute of Taxation, No 42-A-1/1 Galle Road, ",Dehiwala.,,,,,,,,,,,,0.00,0.00,0,,1,
80000023-1617705671,SRI LANKA INSURANCE CORPORATION LTD.,SRI LANKA INSURANCE CORPORATION LTD.,,,,,,,"SRI LANKA INSURANCE CORPORATION LTD, 21, Vauxhall Street, ",VAT No - 294001590-7000.,,,,,,,,,,,AS,0.00,0.00,0,,1,
8000022D-1675161948,Sri Lanka Telecom (Services) Ltd,Sri Lanka Telecom (Services) Ltd,Sri Lanka Telecom (Services) Ltd,,,,,,"Sri Lanka Telecom (Service) Ltd, No.148/15, ",VAT No.134004169-7000,,,,Sri Lanka Telecom (Service) Ltd,Colombo - 08.,,,,,,AD,245440.00,245440.00,0,,1,
800001AB-1636717777,ST Curtains,ST Curtains,ST Curtains,,,,,,"ST Curtains, 362, Main Street ,",,Main,,,,,,,,,,AD,0.00,0.00,0,,1,
800001A0-1635328795,Staff Darshana,Staff Darshana,,,,,,,Staff Darshana,,,,,,,,,,,,,0.00,0.00,0,,1,
800002AF-1726802230,Star Technology,Star Technology,,,,,,,"Star Technology, No: 565/A, Batuwaththa,",Ragama,,,,,,,,,,Cheque,AD,0.00,0.00,0,,1,
80000022-1617705671,STATEMAN HATS (Pvt) LTD.,STATEMAN HATS (Pvt) LTD.,STATEMAN HATS (Pvt) LTD.,MS. Nirmala,chrishanthi@statesmanlk.com,2932895,,2932894,"STATESMAN HATS (Pvt) LTD., 33, Palliyawatte Road, ",Vat No,,114261009-700,,,,,,,,,AS,0.00,0.00,0,,1,
8000019D-1634113995,Stax Inc,Stax Inc,,,,,,,Stax Inc,,,,,,,,,,,,AS,0.00,0.00,0,,1,
800001A5-1636351407,Stelacom (Pvt) Ltd,Stelacom (Pvt) Ltd,,,,,,,"Stelacom (Pvt) Ltd, , 410/118, Bauddhaloka Mw,",Colombo 07,,,,,,,,,,,AD,0.00,0.00,0,,1,
800001B0-1637900275,Studio Click,Studio Click,Studio Click,,,,,,"Studio Click, No 336 , Kaduwela Road,",Battaramulla.,,,,,,,,,,,AD,0.00,0.00,0,,1,
800002F6-1750140180,Studio Creative Minds,Studio Creative Minds,,,,,,,"Studio Creative Minds, 13/A, Pathima MW, ",Makola,,,,,,,,,,,AD,0.00,0.00,0,,1,
800002D2-1737370081,Studio Dreambox,Studio Dreambox,,,,,,,"Studio Dreambox., Udugama Road, Makuluwa,",Galle,,,,,,,,,,,AD,47000.00,47000.00,0,,1,
80000330-1769764021,Studio Focus,Studio Focus,,,,,,,"Studio Focus, No.136, ",Colombo - 13,,,,,,,,,,,AD,0.00,0.00,0,,1,
80000021-1617705671,Studio I Max,Studio I Max,,,,,,,"Studio I Max, No 94/1/49 , Weragoda Building",Gampaha,,,,,,,,,,Cheque,AD,0.00,0.00,0,,1,
80000020-1617705671,Studio Lakdam,Studio Lakdam,Studio Lakdam Pvt Ltd.,,,,,,"Studio Lakdam (Pvt) Ltd., 236 Galle Road,",Mount Lavinia.,,,,,,,,,,,AD,170000.00,170000.00,0,,1,
8000001F-1617705670,Studio Pro-Eye,Studio Pro-Eye,Studio Pro-Eye,,,,,,"Studio Pro-Eye, Karapitiya Road, ",Galle.,,,,,,,,,,,AD,0.00,0.00,0,,1,
8000001E-1617705670,Studio Siyakroo,Studio Siyakroo,,,,,,,"Studio Siyakroo, 159/3/B, ",Kelaniya,,,,,,,,,,,AD,0.00,0.00,0,,1,
8000021E-1668673429,Studio U (Pvt) Ltd,Studio U (Pvt) Ltd,Studio U (Pvt) Ltd,,,,,,"Studio U (Pvt) Ltd, 238, ",Maharagama.,,,,,,,,,,,AD,0.00,0.00,0,,1,
8000001D-1617705670,SUDARSHANA SENADHEERA ARCHITECTS (PVT) LT,SUDARSHANA SENADHEERA ARCHITECTS (PVT) LT,SUDARSHANA SENADHEERA ARCHITECTS (PVT) LT,,,,,,"SUDARSHANA SENADHEERA ARCHITECTS, (PVT) LTD",VAT No.174898200-7000,,,,,,,,,,,AD,0.00,0.00,0,,1,
8000001C-1617705670,Sumathi Information Technology (Pvt) Ltd,Sumathi Information Technology (Pvt) Ltd,Sumathi Information Technology (Pvt) Ltd,,,,,,"Sumathi Information Technology (Pvt) Ltd, No 491, Galle Road",VAT No :,,114282332-700,,,,,,,,,A,0.00,0.00,0,,1,
8000001B-1617705670,Super Unique IT Solutions,Super Unique IT Solutions,Super Unique IT Solutions,,,,,,"Super Unique IT Solutions, 25/A Fernando Ave, ",Negombo,,11500,,,,,,,,,A,0.00,0.00,0,,1,
8000001A-1617705670,Supervision Technology (Pvt) Ltd,Supervision Technology (Pvt) Ltd,Supervision Technology (Pvt) Ltd,,,,,,"Supervision Technology (Pvt) Ltd, No 6/5 A, Darshana Place, ",VAT No.103461430-7000,,,,,,,,,,,AD,0.00,0.00,0,,1,
80000019-1617705670,SupremeSAT (PVT) LTD,SupremeSAT (PVT) LTD,SupremeSAT (PVT) LTD,,,,,,"SupremeSAT (PVT) LTD, No 33, West Tower, ",Colombo 01,,,Sri Lanka,,,,,,,,AS,0.00,0.00,0,,1,
80000018-1617705670,Survey Department,Survey Department,Survey Department,,,,,,"Survey Department, , Senior Superintendent, ",VAT No. 409117066 -,,7000,,,,,,,,,AD,0.00,0.00,0,,1,
8000015F-1621505860,Synergy Engineering (Pvt) ltd,Synergy Engineering (Pvt) ltd,Synergy Engineering (Pvt) ltd,,,,,,"Synergy Engineering (Pvt) ltd, 452/B, Susilarama Road,",Malabe,,,,,,,,,,,A,0.00,0.00,0,,1,
80000017-1617705669,Synergy Ventures,Synergy Ventures,Seynergy Ventures,,,,,,"Synergy Ventures, Dickmons Road,",Colombo 05.,,,,,,,,,,,AS,22850.00,22850.00,0,,1,
80000016-1617705669,Sysco Network Systems (Pvt) Ltd,Sysco Network Systems (Pvt) Ltd,Sysco Network Systems (Pvt) Ltd,,,,,,"Sysco Network Systems (Pvt) Ltd, No 73/48",Colombo 05,,,Sri Lanka,,,,,,,,AS,0.00,0.00,0,,1,
80000015-1617705669,T E C Data Solutions,T E C Data Solutions,,,,,,,"T E C Data Solutions, No 08, Bambalapitiya Drive",Colombo 04,,,,,,,,,,,,0.00,0.00,0,,1,
80000014-1617705669,T&D Associates,T&D Associates,,,,,,,"T & D Associates,  No 36 Lighthouse St, ",Galle,,,,,,,,,,,AD,0.00,0.00,0,,1,
80000013-1617705669,Tajima Colombo (Pvt) Ltd,Tajima Colombo (Pvt) Ltd,Tajima Colombo (Pvt) Ltd,,,,,,"Tajima Colombo (Pvt) Ltd, No:28 , Galle Road, ",VAT No,,114073997-700,,,,,,,,,AD,0.00,0.00,0,,1,
80000012-1617705669,Tallees Advertising (Pvt) Ltd,Tallees Advertising (Pvt) Ltd,Tallees Advertising (Pvt) Ltd,,,,,,"Tallees Advertising (Pvt) Ltd, No. 272, High Level Road",,High,,,,,,,,,,AD,5000.00,5000.00,0,,1,
800002DE-1740631870,Tascon Technologies (Pvt) Ltd,Tascon Technologies (Pvt) Ltd,,,,,,,"Tascon Technologies (Pvt) Ltd, No.45, School Lane,",Nawala.,,,,Tascon Technologies (Pvt) Ltd,Nawala.,,,,,Cheque,A,0.00,0.00,0,,1,
800001C4-1640752035,Tea Tang (Pvt) Ltd,Tea Tang (Pvt) Ltd,Tea Tang (Pvt) Ltd,,,,,,"Tea Tang (Pvt) Ltd, No:235/4, Old Awissawella Road,",,Old,,,,,,,,,,AD,0.00,0.00,0,,1,
80000011-1617705669,Tech Crop Solutions (Pvt) Ltd,Tech Crop Solutions (Pvt) Ltd,Tech Crop Solutions (Pvt) Ltd,,,,,,"Tech Corp Solutions (Pvt) Ltd, 604, 4th Floor, Unity Plaza",VAT No. 101081060 -,,7000,,,,,,,,,AD,0.00,0.00,0,,1,
80000010-1617705669,Tech Solution Network (pvt),Tech Solution Network (pvt),,,,,,,"Tech Solution Network (pvt) Ltd, 140 Abeyrathne Mawathe",Boralasgama,,,,,,,,,,,A,0.00,0.00,0,,1,
80000286-1713783056,TechBio Distribution Lanka (Pvt) Ltd,TechBio Distribution Lanka (Pvt) Ltd,,,,,,,"TechBio Distribution Lanka (Pvt) Ltd, No 31, Dr . E . A  Cooray Mawatha, ",VAT Reg No :,,103513480-700,,,,,,,,,A,0.00,0.00,0,,1,
8000023B-1682327074,TechCERT,TechCERT,,,,,,,"TechCert, 1st Floor, ",VAT No.100930544-7000,,,,,,,,,,,AS,79052.09,79052.09,0,,1,
800001D5-1643785081,Techno First (Pvt) Ltd,Techno First (Pvt) Ltd,Techno First (Pvt) Ltd,,,,,,"TIN No. 114753408, Techno First (Pvt) Ltd",Makola.,,,,Techno First (Pvt) Ltd,Makola.,,,,,Cheque,A,0.00,0.00,0,,1,
80000304-1755165670,Techno Mobile & CCTV,Techno Mobile & CCTV,,,,,,,"Techno Mobile & CCTV, 37 Inner Circular Rd,",Ratnapura 70000.,,,,,,,,,,,AR,23600.00,23600.00,0,,1,
8000000F-1617705668,Techtron Integrated Solutions (Pvt) Ltd,Techtron Integrated Solutions (Pvt) Ltd,,,,,,,"TIN No. 114418625, Techtron Integrated Solutions (Pvt) Ltd",Colombo 06,,,,,,,,,,Cheque,AS,172280.00,172280.00,0,,1,
800002FB-1751368640,Tekki (Pvt) Ltd,Tekki (Pvt) Ltd,,,,,,,"Tekki (Pvt) Ltd, No.9, 5, 1 Station Road,",,"5, 1",,,,,,,,,,AS,340000.00,340000.00,0,,1,
80000336-1774344168,Telasis Solutions (Pvt) Ltd,Telasis Solutions (Pvt) Ltd,,,,,,,"Telasis Solutions (Pvt) Ltd, No.42, Temple Lane, ",VAT No.,,114749680-700,,,,,,,,,A,0.00,0.00,0,,1,
8000000E-1617705668,Thakral One (Pvt) Ltd.,Thakral One (Pvt) Ltd.,Thakral One (Pvt) Ltd.,,,,,,"Thakral One (Pvt) Ltd, No.297, 1st Floor, ",Colombo 02,,,,,,,,,,,A,0.00,0.00,0,,1,
8000033C-1777521143,The Buddhist Media Network,The Buddhist Media Network,,,,,,,"The Buddhist Media Network, R.G Senanayaka Mawatha, ",VAT No.,,154027335-700,,,,,,,,,AD,0.00,0.00,0,,1,
8000021B-1666586406,The Central Hospital,The Central Hospital,,,,,,,"Central Hospital Pvt Ltd, 114 Norris Canal Rd,",Colombo - 10.,,,,,,,,,,,AS,0.00,0.00,0,,1,
8000000D-1617705668,THE COMPUTER CENTER (PVT) LTD,THE COMPUTER CENTER (PVT) LTD,THE COMPUTER CENTER (PVT) LTD,,,,,,"THE COMPUTER CENTER (PVT) LTD, 1 E, De Fonseka Place, ",VAT No -,,114148440-700,,,,,,,,,AS,0.00,0.00,0,,1,
80000251-1690947276,The Foto Cube,The Foto Cube,The Foto Cube,,,,,,"The Foto Cube, 30/40",Colombo - 07,,,,,,,,,,,AD,0.00,0.00,0,,1,
8000023F-1683633600,THE MADHATTER (PVT) LTD,THE MADHATTER (PVT) LTD,,,,,,,"THE MADHATTER (PVT) LTD, No. 281, ",Uswetakeiyawa.,,,,,,,,,,,AS,0.00,0.00,0,,1,
80000190-1631702171,Thilini Prasadika,Thilini Prasadika,,,,,,,"Thilini Prasadika, ADE Lanka Pvt Ltd",,,,,,,,,,,,AS,0.00,0.00,0,,1,
8000026F-1704367087,THIS IS YOUR IT (PVT) LTD,THIS IS YOUR IT (PVT) LTD,THIS IS YOUR IT (PVT) LTD,,,,,,"THIS IS YOUR IT (PVT) LTD, 200/3, Nelum Pedesa,","Kalapaluwava, Rajagiriya",,,,,,,,,,,A,0.00,0.00,0,,1,
800001EF-1653537937,Thread Works (Pvt) Ltd,Thread Works (Pvt) Ltd,Thread Works (Pvt) Ltd,,,,,,"Thread Works (Pvt) Ltd, No. 83/14, ",Moratuwa.,,,,,,,,,,,AD,0.00,0.00,0,,1,
80000309-1756093604,TIMEX GARMENTS (Pvt) LTD,TIMEX GARMENTS (Pvt) LTD,TIMEX GARMENTS (Pvt) LTD,,,,,,"TIMEX GARMENTS (Pvt) LTD, 455/1, Bauddhaloka Mawatha, ",VAT.No,,104059643-700,,,,,,,,,AS,0.00,0.00,0,,1,
80000223-1670299701,Tokyo Cement Company,Tokyo Cement Company,,,,,,,"Tokyo Cement Company (Lanka)PLC, 469 1/1, Galle Road, ",VAT No.124011477-7000,,,,,,,,,,,A,0.00,0.00,0,,1,
800001AD-1637568380,Touch Solution Systems (Private) Limited,Touch Solution Systems (Private) Limited,Touch Solution Systems (Private) Limited,,,,,,"Touch Solution Systems (Private) Limited, # 70/36, Old Kesbawa Road, ",VAT No.,,100931117-700,,,,,,,,,A,0.00,0.00,0,,1,
8000000C-1617705668,Travel Center UK,Travel Center UK,,,,,,,"Travel Center UK, 3rd Floor, #345, ",Colombo 03,,,,,,,,,,,A,0.00,0.00,0,,1,
8000000B-1617705668,Triline Solutions (Pvt) Ltd,Triline Solutions (Pvt) Ltd,Triline Solutions (Pvt) Ltd,,,,,,"Triline Solutions (Pvt) Ltd, No.214/7B, Pannipitiya Road",Thalawathugoda.,,,,,,,,,,,AD,165000.00,165000.00,0,,1,
80000263-1699440093,Tritech Engineers (Pvt) Ltd,Tritech Engineers (Pvt) Ltd,,,,,,,"Tritech Engineers (Pvt) Ltd, No 87, Sawsiri Road, ",VAT No.114229520-7000,,,,,,,,,,,AS,0.00,0.00,0,,1,
800002DA-1739870633,TWINTECH HOLDINGS PVT LTD,TWINTECH HOLDINGS PVT LTD,,,,,,,"TWINTECH HOLDINGS PVT LTD, No.259, Peradeniya Rd, ",VAT No.,,103502748-700,,,,,,,,,AR,0.00,0.00,0,,1,
8000000A-1617705668,TYAX (PVT) LTD,TYAX (PVT) LTD,,,,,,,"TYAX (PVT) LTD, No 22/8/6, No 22, ",VAT No.174941432 -,,7000,,,,,,,,,AD,0.00,0.00,0,,1,
8000027C-1709636509,U N Lanka,U N Lanka,,,,,,,"U N Lanka, #177, ",Maharagama.,,,,,,,,,,,AR,0.00,0.00,0,,1,
8000017E-1627624699,UGA Escapes Management (Pvt) Ltd,UGA Escapes Management (Pvt) Ltd,UGA Escapes Management (Pvt) Ltd,,,,,,"UGA Escapes Management (Pvt) Ltd, No 49/16 Iceland Building",Colombo 03,,,,,,,,,,,AD,0.00,0.00,0,,1,
8000022B-1674188085,UI Technologies (Pvt) Ltd,UI Technologies (Pvt) Ltd,UI Technologies (Pvt) Ltd,,,,,,"UI Technologies (Pvt) Ltd, 81/8, ",Dehiwala.,,,,,,,,,,,AD,0.00,0.00,0,,1,
80000323-1765954125,UNISYS ENGINEERING,UNISYS ENGINEERING,,,,,,,"UNISYS ENGINEERING, 233/P, Daluggala Mw, Temple Road",,Daluggala Mw,,,,,,,,,,AD,0.00,0.00,0,,1,
80000009-1617705668,United Nations Development Programme,United Nations Development Programme,United Nations Development Programme,,gfernando@unfpa.org,9411 2580840,,,"United Nations Development Programme, C/O United Nations Population Fund",Bauddhaloka Mawatha,,202-204,Sri Lanka,,,,,,,,AD,0.00,0.00,0,,1,
8000026B-1702461982,Unity Systems Solutions,Unity Systems Solutions,,,,,,,"TIN No. 108124245, Unity Systems Solutions","No.201, Ground Floor, Unity Pla",Ground Floor,,,,,,,,,Cheque,AD,171100.00,171100.00,0,,1,
80000305-1755768764,Univell Enterprise Solutions (Pvt) Ltd,Univell Enterprise Solutions (Pvt) Ltd,Univell Enterprise Solutions (Pvt) Ltd,,,,,,"Univell Enterprise Solutions (Pvt) Ltd, No.341/1, Nawala Road, ",VAT No.102484649-7000,,,,,,,,,,,AS,0.00,0.00,0,,1,
80000224-1671163371,US Computer Technologies,US Computer Technologies,US Computer Technologies,,,,,,"US Computer Technologies, No.05",Mattegoda.,,,,,,,,,,,AD,0.00,0.00,0,,1,
80000252-1691131140,V S ONE (Pvt) Ltd,V S ONE (Pvt) Ltd,,,,,,,"V S ONE( Pvt) Ltd, No . 07 Suleiman Terrac,",Colombo 05,,,,,,,,,,,A,0.00,0.00,0,,1,
80000008-1617705668,Vixva IT Solutions,Vixva IT Solutions,,,,,,,Vixva IT Solutions,,,,,,,,,,,,A,0.00,0.00,0,,1,
800002B2-1727263023,VMIT SOLUTION (PVT) LTD,VMIT SOLUTION (PVT) LTD,,,,,,,"VMIT SOLUTION (PVT) LTD, No.10A, Kumaragewatta Road, ",VAT No.,,102547268-700,,,,,,,,,A,0.00,0.00,0,,1,
80000007-1617705668,VS Information Systems (Pvt) Ltd,VS Information Systems (Pvt) Ltd,,,zakir@activelk.com,,,,"VS Information Systems (Pvt) Ltd, No.07",VAT No. 114668095 -,,7000,,,,,,,,,A,0.00,0.00,0,,1,
800002E9-1745555568,We Effect Country Office,We Effect Country Office,,,,,,,"We Effect Country Office, 264/3, Dewala Road, ",Battaramulla.,,,,,,,,,,,A,0.00,0.00,0,,1,
8000029B-1719288158,Winfield Associates (Pvt) Ltd,Winfield Associates (Pvt) Ltd,,,,,,,"Winfield Associates (Pvt) Ltd, No. 118D, Aberathna Mawatha, ",VAT No.114309184 -7000,,,,,,,,,,,AR,0.00,0.00,0,,1,
80000006-1617705668,WinSoft Technologies (Pvt)Ltd,WinSoft Technologies (Pvt)Ltd,WinSoft Technologies (Pvt)Ltd,,,,,,"WinSoft Technologies (Pvt) Ltd, No 313, First Floor, ",VAT No 114457450 -,,7000,,,,,,,,,AS,88500.00,88500.00,0,,1,
8000023E-1683538628,Wiscom Information Technology (Pvt) Ltd,Wiscom Information Technology (Pvt) Ltd,,,,,,,"Wiscom Information Technology (Pvt) Ltd, #51/25 First Floor, ",Colombo - 04,,,,,,,,,,Cheque,SM,12500.00,12500.00,0,,1,
800001BD-1640139514,World Health Organization,World Health Organization,World Health Organization,,sesrllpostaff@who.int,0112379191,,,"World Health Organization, No.05,",,Anderson Road,,Sri Lanka,,,,,,,,AS,0.00,0.00,0,,1,
80000005-1617705667,X Press Solutions (Mr. Irfan),X Press Solutions (Mr. Irfan),X Press Solutions,,,,,,"X Press Solutions, No 288, Grandpass Road, ",VAT No.933982181-7000,,,,,,,,,,,AS,0.00,0.00,0,,1,
80000004-1617705667,ZEOS SOLUTIONS,ZEOS SOLUTIONS,ZEOS SOLUTIONS,,dilshan@zspl.net,,,,"ZEOS SOLUTIONS, COLOMBO 5",,,,,,,,,,,,AS,185950.00,185950.00,0,,1,
800001D3-1643611333,ZERENDIB MOTORS ENTERPRISE,ZERENDIB MOTORS ENTERPRISE,,,,,,,"Zerendib Motor Enterprise (Pvt) Ltd, 60B, Sri Sangaraja Mawatha,",,Sri,,,,,,,,,,AS,0.00,0.00,0,,1,
80000287-1714021322,`,`,,,,,,,`,,,,,,,,,,,,,0.00,0.00,0,,1,
