,,,Trans #,,Type,,Date,,Num,,Name,,Memo,,Due Date,,Paid Through,,Item,,Item Description,,Account,,Class,,Rep,,Sales Tax Code,,Clr,,Split,,Paid,,Pay Meth,,Aging,,Qty,,Sales Price,,Amount,,Balance,,Account Type,,Avg Days to Pay,,Paid Date,,Check #,,Paycheck Date,,Pay Period,,Amount Paid
"Dec 31, '23 - Mar 31, 24",,,,,,,,,,,,,,,,,,,,,,,,,,,,,,,,,,,,,,,,,,,,,,,,,,,,,,,,,,,,,
,,,"7,103",,Invoice,,01/13/2024,,AS010021,,E W Balasuriya & Co Pvt Ltd,,BDCOM S2510-C  8Port Switches,,01/13/2024,,,,S2510-C (BDCOM S2510-C  8Port Switches),,BDCOM S2510-C  8Port Switches,,BDCOM,,Sal:RS,,AD,,Taxable Sales,,,,Accounts Receivable,,Paid,,,,,,35.00,,"32,100.00",,"1,123,500.00",,"1,123,500.00",,Income,,0.00,,,,,,,,,,0.00
,,,"7,109",,Invoice,,01/17/2024,,AS010022,,Techno First (Pvt) Ltd,,Synology 4TB NAS HDD,,01/17/2024,,,,HDD:HAT3300-4T (Synology 4TB Plus HDD),,Synology 4TB Plus HDD,,Hard Drive,,Sal:EC,,A,,Taxable Sales,,,,Accounts Receivable,,Paid,,,,,,1.00,,"44,000.00",,"44,000.00",,"1,167,500.00",,Income,,0.00,,,,,,,,,,0.00
,,,"7,113",,Invoice,,01/17/2024,,AS010023,,LANKA COMMODITY BROKERS LTD,,Anti Spam Service,,01/17/2024,,,,Services,,,,Support and Maintenance,,Mnt,,AS,,Taxable Sales,,,,Accounts Receivable,,Paid,,,,,,1.00,,"7,232.61",,"7,232.61",,"1,174,732.61",,Income,,0.00,,,,,,,,,,0.00
,,,"7,114",,Invoice,,01/17/2024,,AS010024,,LANKA COMMODITY BROKERS LTD,,5GB Storage Space  100GB Transfer Bandwidth  1 Nos Fixed IP. (Clean)  SPF/ DKIM Supported  Spam ...,,01/17/2024,,,,Host Email,,,,Support and Maintenance,,Mnt,,AS,,Taxable Sales,,,,Accounts Receivable,,Paid,,,,,,1.00,,"7,316.40",,"7,316.40",,"1,182,049.01",,Income,,0.00,,,,,,,,,,0.00
,,,"7,114",,Invoice,,01/17/2024,,AS010024,,LANKA COMMODITY BROKERS LTD,,7GB Storage Space  100GB Transfer Bandwidth  1 Nos Fixed IP. (Clean)  SPF/ DKIM Supported  Spam ...,,01/17/2024,,,,Host Email,,,,Support and Maintenance,,Mnt,,AS,,Taxable Sales,,,,Accounts Receivable,,Paid,,,,,,1.00,,"9,602.78",,"9,602.78",,"1,191,651.79",,Income,,0.00,,,,,,,,,,0.00
,,,"7,119",,Invoice,,01/17/2024,,AS010025,,Armanack Holding (Pvt) Ltd,,TP Link Deco (3Pack) mesh AP Set,,01/17/2024,,,,Accs (Accessories),,Accessories,,Hardware,,Sal:EC,,AS,,Taxable Sales,,,,Accounts Receivable,,Paid,,,,,,1.00,,"109,000.00",,"109,000.00",,"1,300,651.79",,Income,,0.00,,,,,,,,,,0.00
,,,"7,120",,Invoice,,01/17/2024,,AS010026,,Barclays Computers (Pvt) Ltd,,Synology DS423 4 Bay NAS,,01/17/2024,,,,Synology:DS423 (Synology DS423 4 Bay NAS),,Synology DS423 4 Bay NAS,,Synology,,Sal:RS,,AS,,Taxable Sales,,,,Accounts Receivable,,Paid,,,,,,1.00,,"165,000.00",,"165,000.00",,"1,465,651.79",,Income,,0.00,,,,,,,,,,0.00
,,,"7,123",,Invoice,,01/18/2024,,AS010027,,AL - ARAF HOTELS & RESORT (PVT) LTD,,Hosting charges for 10 email Accounts (10$),,01/18/2024,,,,Hosting (Hosting),,Hosting,,Support and Maintenance,,Sal:EC,,AS,,Taxable Sales,,,,Accounts Receivable,,Paid,,,,,,1.00,,"3,250.00",,"3,250.00",,"1,468,901.79",,Income,,0.00,,,,,,,,,,0.00
,,,"7,127",,Invoice,,01/19/2024,,AS010028,,Sumathi Information Technology (Pvt) Ltd,,4 TB Seagate Ironwolf NAS Hard Drive,,01/19/2024,,,,HDD:4 TB NAS HDD (4 TB Seagate Ironwolf NAS Hard Drive),,4 TB Seagate Ironwolf NAS Hard Drive,,Hard Drive,,Sal:RS,,A,,Taxable Sales,,,,Accounts Receivable,,Paid,,,,,,2.00,,"48,000.00",,"96,000.00",,"1,564,901.79",,Income,,0.00,,,,,,,,,,0.00
,,,"7,135",,Invoice,,01/22/2024,,AS010029,,Barclays Computers (Pvt) Ltd,,Synology DiskStation DS224+  2Bay,,01/22/2024,,,,Synology:DS224+ (Synology DiskStation DS224+  2Bay),,Synology DiskStation DS224+  2Bay,,Synology,,Sal:EC,,AS,,Taxable Sales,,,,Accounts Receivable,,Paid,,,,,,1.00,,"135,000.00",,"135,000.00",,"1,699,901.79",,Income,,0.00,,,,,,,,,,0.00
,,,"7,135",,Invoice,,01/22/2024,,AS010029,,Barclays Computers (Pvt) Ltd,,Synology Diskstation DS223 + 2Bay,,01/22/2024,,,,Synology:DS223 (Synology Diskstation DS223  2Bay),,Synology Diskstation DS223  2Bay,,Synology,,Sal:EC,,AS,,Taxable Sales,,,,Accounts Receivable,,Paid,,,,,,1.00,,"106,000.00",,"106,000.00",,"1,805,901.79",,Income,,0.00,,,,,,,,,,0.00
,,,"7,137",,Invoice,,01/23/2024,,AS010030,,Apex Business Solutions PVT Ltd.,,Synology DiskStation DS1522+ with 8 GB RAM,,01/23/2024,,,,Synology:DS1522+ (Synology DiskStation DS1522+),,Synology DiskStation DS1522+,,Synology,,Sal:RS,,AD,,Taxable Sales,,,,Accounts Receivable,,Paid,,,,,,1.00,,"324,000.00",,"324,000.00",,"2,129,901.79",,Income,,0.00,,,,,,,,,,0.00
,,,"7,137",,Invoice,,01/23/2024,,AS010030,,Apex Business Solutions PVT Ltd.,,Synology 4TB NAS HDD,,01/23/2024,,,,HDD:HAT3300-4T (Synology 4TB Plus HDD),,Synology 4TB Plus HDD,,Hard Drive,,Sal:RS,,AD,,Taxable Sales,,,,Accounts Receivable,,Paid,,,,,,2.00,,"43,000.00",,"86,000.00",,"2,215,901.79",,Income,,0.00,,,,,,,,,,0.00
,,,"7,146",,Invoice,,01/26/2024,,AS010031,,LANKA MOUNT CASTLE (PVT) LTD,,20GB Storage Capacity with 30 Email Accounts,,01/26/2024,,,,Host Email,,,,Support and Maintenance,,Mnt,,AS,,Taxable Sales,,,,Accounts Receivable,,Unpaid,,,,825,,1.00,,"16,075.00",,"16,075.00",,"2,231,976.79",,Income,,0.00,,,,,,,,,,0.00
,,,"7,147",,Invoice,,01/26/2024,,AS010032,,GP Garments (Pvt) Ltd,,NAS Troubleshooting Charges,,01/26/2024,,,,Labour Charges,,,,Support and Maintenance,,Sal:EC,,A,,Taxable Sales,,,,Accounts Receivable,,Paid,,,,,,1.00,,"4,500.00",,"4,500.00",,"2,236,476.79",,Income,,0.00,,,,,,,,,,0.00
,,,"7,150",,Invoice,,01/29/2024,,AS010033,,Apex Business Solutions PVT Ltd.,,BDCOM MM 1G SFP transceiver (GSFP-SX-D),,01/29/2024,,,,BDCOM:GSFP-SX-D,,,,BDCOM,,Sal:RS,,AD,,Taxable Sales,,,,Accounts Receivable,,Paid,,,,,,2.00,,"7,300.00",,"14,600.00",,"2,251,076.79",,Income,,0.00,,,,,,,,,,0.00
,,,"7,151",,Invoice,,01/29/2024,,AS010034,,Micro Solutions Information Systems (Pvt),,Synology RackStation RS1221RP+ (8 Bay with 16GB RAM ),,01/29/2024,,,,Synology:RS1221RP+,,,,Synology,,Sal:RS,,A,,Taxable Sales,,,,Accounts Receivable,,Paid,,,,,,1.00,,"675,000.00",,"675,000.00",,"2,926,076.79",,Income,,0.00,,,,,,,,,,0.00
,,,"7,151",,Invoice,,01/29/2024,,AS010034,,Micro Solutions Information Systems (Pvt),,Synology 8TB NAS Hard Drive,,01/29/2024,,,,HDD:HAT3310-8T (Synology 8TB Plus Hard Drive),,Synology 8TB Plus Hard Drive,,Hard Drive,,Sal:RS,,A,,Taxable Sales,,,,Accounts Receivable,,Paid,,,,,,4.00,,"85,400.00",,"341,600.00",,"3,267,676.79",,Income,,0.00,,,,,,,,,,0.00
,,,"7,151",,Invoice,,01/29/2024,,AS010034,,Micro Solutions Information Systems (Pvt),,Dual Port 10G SFP+ Adapter Card (E10G21-F2),,01/29/2024,,,,Synology:Dual Port F2 Card,,,,Synology,,Sal:RS,,A,,Taxable Sales,,,,Accounts Receivable,,Paid,,,,,,1.00,,"82,000.00",,"82,000.00",,"3,349,676.79",,Income,,0.00,,,,,,,,,,0.00
,,,"7,151",,Invoice,,01/29/2024,,AS010034,,Micro Solutions Information Systems (Pvt),,2U Rail Kit,,01/29/2024,,,,Synology:2 U Sliding Rail Kit,,,,Synology,,Sal:RS,,A,,Taxable Sales,,,,Accounts Receivable,,Paid,,,,,,1.00,,"60,000.00",,"60,000.00",,"3,409,676.79",,Income,,0.00,,,,,,,,,,0.00
,,,"7,156",,Invoice,,01/30/2024,,AS010035,,JAY JAY MILLS LANKA (PVT) LTD,,TP Link Deco (3Pack) mesh AP Set,,01/30/2024,,,,Accs (Accessories),,Accessories,,Hardware,,Sal:EC,,AS,,Taxable Sales,,,,Accounts Receivable,,Paid,,,,,,2.00,,"109,000.00",,"218,000.00",,"3,627,676.79",,Income,,0.00,,,,,,,,,,0.00
,,,"7,172",,Invoice,,01/31/2024,,AS010036,,Geoinformatics International (Pvt.) Ltd.,,NAS Services Charges,,01/31/2024,,,,Labour Charges,,,,Support and Maintenance,,Sal:EC,,AD,,Non-Taxable Sales,,,,Accounts Receivable,,Paid,,,,,,1.00,,"7,500.00",,"7,500.00",,"3,635,176.79",,Income,,0.00,,,,,,,,,,0.00
,,,"7,173",,Invoice,,01/31/2024,,AS010037,,UGA Escapes Management (Pvt) Ltd,,Draytek Troubleshooting,,01/31/2024,,,,Labour Charges,,,,Support and Maintenance,,Sal:EC,,AD,,Non-Taxable Sales,,,,Accounts Receivable,,Paid,,,,,,1.00,,"8,850.00",,"8,850.00",,"3,644,026.79",,Income,,0.00,,,,,,,,,,0.00
,,,"7,174",,Invoice,,01/31/2024,,AS010038,,Base Hp (Pvt) Ltd,,Synology Camera License Pack 1 & I/O modules,,01/31/2024,,,,Synology:License Pack 1 (Synology Camera License Pack 1),,Synology Camera License Pack 1,,Synology,,Sal:RS,,A,,Taxable Sales,,,,Accounts Receivable,,Paid,,,,,,2.00,,"16,000.00",,"32,000.00",,"3,676,026.79",,Income,,0.00,,,,,,,,,,0.00
,,,"7,274",,Invoice,,02/02/2024,,AS010039,,Data Management Systems (Pvt) Limited,,Synology NAS RS3621xs+ 12 Bay NAS with 32GB  RAM,,02/02/2024,,,,Synology:RS3621xs+ (Synology NAS RS3621xs+ 12 Bay NAS),,Synology NAS RS3621xs+ 12 Bay NAS,,Synology,,Sal:RS,,AS,,Taxable Sales,,,,Accounts Receivable,,Paid,,,,,,1.00,,"2,505,000.00",,"2,505,000.00",,"6,181,026.79",,Income,,0.00,,,,,,,,,,0.00
,,,"7,274",,Invoice,,02/02/2024,,AS010039,,Data Management Systems (Pvt) Limited,,Synology M2D20 Adapter Card,,02/02/2024,,,,Synology:M2D20 (Synology M2D20 Adapter Card),,Synology M2D20 Adapter Card,,Hardware,,Sal:RS,,AS,,Taxable Sales,,,,Accounts Receivable,,Paid,,,,,,1.00,,,,,,"6,181,026.79",,Income,,0.00,,,,,,,,,,0.00
,,,"7,274",,Invoice,,02/02/2024,,AS010039,,Data Management Systems (Pvt) Limited,,Synology SNV3510-800G Synology NVMe SSD,,02/02/2024,,,,Synology:SNV3510-800G (Synology SNV3510-800G Synology NVme SSD),,Synology SNV3510-800G Synology NVme SSD,,Synology,,Sal:RS,,AS,,Taxable Sales,,,,Accounts Receivable,,Paid,,,,,,2.00,,,,,,"6,181,026.79",,Income,,0.00,,,,,,,,,,0.00
,,,"7,274",,Invoice,,02/02/2024,,AS010039,,Data Management Systems (Pvt) Limited,,12TB Synology Enterprise SATA,,02/02/2024,,,,HDD:12TB Syno Ent (12TB Synology Enterprise SATA),,12TB Synology Enterprise SATA,,Hard Drive,,Sal:RS,,AS,,Taxable Sales,,,,Accounts Receivable,,Paid,,,,,,5.00,,"188,000.00",,"940,000.00",,"7,121,026.79",,Income,,0.00,,,,,,,,,,0.00
,,,"7,274",,Invoice,,02/02/2024,,AS010039,,Data Management Systems (Pvt) Limited,,McAfree Antivirus License ( 5 Years Subscription),,02/02/2024,,,,Software:McAfee Anti-Virus (McAfee Anti-virus License),,McAfee Anti-virus License,,Synology,,Sal:RS,,AS,,Taxable Sales,,,,Accounts Receivable,,Paid,,,,,,1.00,,"50,000.00",,"50,000.00",,"7,171,026.79",,Income,,0.00,,,,,,,,,,0.00
,,,"7,274",,Invoice,,02/02/2024,,AS010039,,Data Management Systems (Pvt) Limited,,2 U Rail Kit  ,,02/02/2024,,,,Synology:2 U Sliding Rail Kit,,,,Synology,,Sal:RS,,AS,,Taxable Sales,,,,Accounts Receivable,,Paid,,,,,,1.00,,,,,,"7,171,026.79",,Income,,0.00,,,,,,,,,,0.00
,,,"7,274",,Invoice,,02/02/2024,,AS010039,,Data Management Systems (Pvt) Limited,,Discount,,02/02/2024,,,,Discount,,,,Sales Discount,,Sal:RS,,AS,,Taxable Sales,,,,Accounts Receivable,,Paid,,,,,,,,"-20,000.00",,"-20,000.00",,"7,151,026.79",,Income,,0.00,,,,,,,,,,0.00
,,,"7,274",,Invoice,,02/02/2024,,AS010039,,Data Management Systems (Pvt) Limited,,TE SFP+ SX 10G Multi-Mode,,02/02/2024,,,,BDCOM:SFP+ SX,,,,BDCOM,,Sal:RS,,AS,,Taxable Sales,,,,Accounts Receivable,,Paid,,,,,,2.00,,,,,,"7,151,026.79",,Income,,0.00,,,,,,,,,,0.00
,,,"7,274",,Invoice,,02/02/2024,,AS010039,,Data Management Systems (Pvt) Limited,,Dual Port E10G21-F2 - Adapter Card,,02/02/2024,,,,Synology:Dual Port F2 Card,,,,Synology,,Sal:RS,,AS,,Taxable Sales,,,,Accounts Receivable,,Paid,,,,,,1.00,,,,,,"7,151,026.79",,Income,,0.00,,,,,,,,,,0.00
,,,"7,279",,Invoice,,02/05/2024,,AS010040,,Apex Business Solutions PVT Ltd.,,Synology NAS DS1821+ 8 Bay NAS,,02/05/2024,,,,Synology:DS1821+ (Synology NAS DS1821+ 8 Bay NAS),,Synology NAS DS1821+ 8 Bay NAS,,Synology,,Sal:RS,,AD,,Taxable Sales,,,,Accounts Receivable,,Paid,,,,,,1.00,,"424,000.00",,"424,000.00",,"7,575,026.79",,Income,,0.00,,,,,,,,,,0.00
,,,"7,279",,Invoice,,02/05/2024,,AS010040,,Apex Business Solutions PVT Ltd.,,Synology 8TB NAS Hard Drive,,02/05/2024,,,,HDD:HAT3310-8T (Synology 8TB Plus Hard Drive),,Synology 8TB Plus Hard Drive,,Hard Drive,,Sal:RS,,AD,,Taxable Sales,,,,Accounts Receivable,,Paid,,,,,,3.00,,"86,000.00",,"258,000.00",,"7,833,026.79",,Income,,0.00,,,,,,,,,,0.00
,,,"7,281",,Invoice,,02/05/2024,,AS010041,,SANASA Media Networks (Pvt) Ltd,,10 TB Seagate Ironwolf NAS Hard Drive,,02/05/2024,,,,HDD:10 TB NAS (10 TB Seagate Ironwolf NAS Hard Drive),,10 TB Seagate Ironwolf NAS Hard Drive,,Hard Drive,,Sal:EC,,A,,Non-Taxable Sales,,,,Accounts Receivable,,Paid,,,,,,2.00,,"162,840.00",,"325,680.00",,"8,158,706.79",,Income,,0.00,,,,,,,,,,0.00
,,,"7,282",,Invoice,,02/05/2024,,AS010042,,Softlogic Information Technologies (Pvt),,Synology DS423 4 Bay NAS,,02/05/2024,,,,Synology:DS423 (Synology DS423 4 Bay NAS),,Synology DS423 4 Bay NAS,,Synology,,Sal:RS,,A,,Taxable Sales,,,,Accounts Receivable,,Paid,,,,,,1.00,,"164,000.00",,"164,000.00",,"8,322,706.79",,Income,,0.00,,,,,,,,,,0.00
,,,"7,282",,Invoice,,02/05/2024,,AS010042,,Softlogic Information Technologies (Pvt),,Synology 4TB NAS HDD,,02/05/2024,,,,HDD:HAT3300-4T (Synology 4TB Plus HDD),,Synology 4TB Plus HDD,,Hard Drive,,Sal:RS,,A,,Taxable Sales,,,,Accounts Receivable,,Paid,,,,,,2.00,,"45,000.00",,"90,000.00",,"8,412,706.79",,Income,,0.00,,,,,,,,,,0.00
,,,"7,282",,Invoice,,02/05/2024,,AS010042,,Softlogic Information Technologies (Pvt),,Synology DS423 4 Bay NAS,,02/05/2024,,,,Synology:DS423 (Synology DS423 4 Bay NAS),,Synology DS423 4 Bay NAS,,Synology,,Sal:RS,,A,,Taxable Sales,,,,Accounts Receivable,,Paid,,,,,,1.00,,"164,000.00",,"164,000.00",,"8,576,706.79",,Income,,0.00,,,,,,,,,,0.00
,,,"7,282",,Invoice,,02/05/2024,,AS010042,,Softlogic Information Technologies (Pvt),,Synology 4TB NAS HDD,,02/05/2024,,,,HDD:HAT3300-4T (Synology 4TB Plus HDD),,Synology 4TB Plus HDD,,Hard Drive,,Sal:RS,,A,,Taxable Sales,,,,Accounts Receivable,,Paid,,,,,,2.00,,"45,000.00",,"90,000.00",,"8,666,706.79",,Income,,0.00,,,,,,,,,,0.00
,,,"7,288",,Invoice,,02/07/2024,,AS010043,,Sahasra Studio Pvt Ltd,,4 TB Seagate Ironwolf NAS Hard Drive,,02/07/2024,,,,HDD:4 TB NAS HDD (4 TB Seagate Ironwolf NAS Hard Drive),,4 TB Seagate Ironwolf NAS Hard Drive,,Hard Drive,,Sal:EC,,AD,,Non-Taxable Sales,,,,Accounts Receivable,,Paid,,,,,,1.00,,"59,000.00",,"59,000.00",,"8,725,706.79",,Income,,0.00,,,,,,,,,,0.00
,,,"7,303",,Invoice,,02/08/2024,,AS010044,,VS Information Systems (Pvt) Ltd,,Synology Rackstation RS822RP+,,02/08/2024,,,,Synology:RS822RP+ (Synology Rackstation RS822RP+),,Synology Rackstation RS822RP+,,Synology,,Sal:RS,,A,,Taxable Sales,,,,Accounts Receivable,,Paid,,,,,,1.00,,"485,000.00",,"485,000.00",,"9,210,706.79",,Income,,0.00,,,,,,,,,,0.00
,,,"7,303",,Invoice,,02/08/2024,,AS010044,,VS Information Systems (Pvt) Ltd,,Synology 4TB NAS HDD,,02/08/2024,,,,HDD:HAT3300-4T (Synology 4TB Plus HDD),,Synology 4TB Plus HDD,,Hard Drive,,Sal:RS,,A,,Taxable Sales,,,,Accounts Receivable,,Paid,,,,,,3.00,,"45,500.00",,"136,500.00",,"9,347,206.79",,Income,,0.00,,,,,,,,,,0.00
,,,"7,303",,Invoice,,02/08/2024,,AS010044,,VS Information Systems (Pvt) Ltd,,1U Rail Kit,,02/08/2024,,,,Synology:1 U Fixed Rail Kit,,,,Synology,,Sal:RS,,A,,Taxable Sales,,,,Accounts Receivable,,Paid,,,,,,1.00,,,,,,"9,347,206.79",,Income,,0.00,,,,,,,,,,0.00
,,,"7,307",,Invoice,,02/09/2024,,AS010045,,Base Hp (Pvt) Ltd,,Synology DiskStation DS423+ 4Bay,,01/31/2024,,,,Synology:DS423+ (Synology DiskStation DS423+ 4Bay),,Synology DiskStation DS423+ 4Bay,,Synology,,Sal:RS,,AD,,Taxable Sales,,,,Accounts Receivable,,Paid,,,,,,1.00,,"154,000.00",,"154,000.00",,"9,501,206.79",,Income,,0.00,,,,,,,,,,0.00
,,,"7,307",,Invoice,,02/09/2024,,AS010045,,Base Hp (Pvt) Ltd,,Synology 6TB NAS Hard Drive,,01/31/2024,,,,HDD:HAT3300-6T (Synology 6TB Plus Hard Drive),,Synology 6TB Plus Hard Drive,,Hard Drive,,Sal:RS,,AD,,Taxable Sales,,,,Accounts Receivable,,Paid,,,,,,2.00,,"68,000.00",,"136,000.00",,"9,637,206.79",,Income,,0.00,,,,,,,,,,0.00
,,,"7,308",,Invoice,,02/09/2024,,AS010046,,KBSL Information Technologies Ltd,,Maintenance  Agreement for Warranty Extension,,02/09/2024,,,,MA (Maintenance  Agreement),,Maintenance  Agreement,,Support and Maintenance,,Mnt,,AS,,Taxable Sales,,,,Accounts Receivable,,Paid,,,,,,1.00,,"1,551,240.00",,"1,551,240.00",,"11,188,446.79",,Income,,0.00,,,,,,,,,,0.00
,,,"7,309",,Invoice,,02/12/2024,,AS010047,,Data Management Systems (Pvt) Limited,,Synology Rackstation RS822RP+,,02/09/2024,,,,Synology:RS822RP+ (Synology Rackstation RS822RP+),,Synology Rackstation RS822RP+,,Synology,,Sal:RS,,SA,,Taxable Sales,,,,Accounts Receivable,,Paid,,,,,,1.00,,"835,000.00",,"835,000.00",,"12,023,446.79",,Income,,0.00,,,,,,,,,,0.00
,,,"7,309",,Invoice,,02/12/2024,,AS010047,,Data Management Systems (Pvt) Limited,,Synology 6TB NAS Hard Drive,,02/09/2024,,,,HDD:HAT3300-6T (Synology 6TB Plus Hard Drive),,Synology 6TB Plus Hard Drive,,Hard Drive,,Sal:RS,,SA,,Taxable Sales,,,,Accounts Receivable,,Paid,,,,,,4.00,,,,,,"12,023,446.79",,Income,,0.00,,,,,,,,,,0.00
,,,"7,309",,Invoice,,02/12/2024,,AS010047,,Data Management Systems (Pvt) Limited,,1U Rail Kit,,02/09/2024,,,,Synology:1 U Fixed Rail Kit,,,,Synology,,Sal:RS,,SA,,Taxable Sales,,,,Accounts Receivable,,Paid,,,,,,1.00,,,,,,"12,023,446.79",,Income,,0.00,,,,,,,,,,0.00
,,,"7,310",,Invoice,,02/12/2024,,AS010048,,Data Management Systems (Pvt) Limited,,Synology Rackstation RS822RP+ 32GB RAM 4Bay,,02/12/2024,,,,Synology:RS822RP+ (Synology Rackstation RS822RP+),,Synology Rackstation RS822RP+,,Synology,,Sal:RS,,A,,Taxable Sales,,,,Accounts Receivable,,Paid,,,,,,1.00,,"872,000.00",,"872,000.00",,"12,895,446.79",,Income,,0.00,,,,,,,,,,0.00
,,,"7,310",,Invoice,,02/12/2024,,AS010048,,Data Management Systems (Pvt) Limited,,Synology 4TB NAS HDD,,02/12/2024,,,,HDD:HAT3300-4T (Synology 4TB Plus HDD),,Synology 4TB Plus HDD,,Hard Drive,,Sal:RS,,A,,Taxable Sales,,,,Accounts Receivable,,Paid,,,,,,4.00,,,,,,"12,895,446.79",,Income,,0.00,,,,,,,,,,0.00
,,,"7,310",,Invoice,,02/12/2024,,AS010048,,Data Management Systems (Pvt) Limited,,1U Rail Kit,,02/12/2024,,,,Synology:1 U Fixed Rail Kit,,,,Synology,,Sal:RS,,A,,Taxable Sales,,,,Accounts Receivable,,Paid,,,,,,1.00,,,,,,"12,895,446.79",,Income,,0.00,,,,,,,,,,0.00
,,,"7,328",,Invoice,,02/14/2024,,AS010049,,Apex Business Solutions PVT Ltd.,,"BDCOM S1516v1 Unmanaged 1Gb, 16 port  Switch",,02/14/2024,,,,"BDCOM:S1516v1 (BDCOM S1516v1 Unmanaged 1Gb, 16 port  Switch)",,"BDCOM S1516v1 Unmanaged 1Gb, 16 port  Switch",,BDCOM,,Sal:RS,,AD,,Taxable Sales,,,,Accounts Receivable,,Paid,,,,,,1.00,,"24,000.00",,"24,000.00",,"12,919,446.79",,Income,,0.00,,,,,,,,,,0.00
,,,"7,353",,Invoice,,02/19/2024,,AS010050,,I M Solutions,,Synology 4TB NAS HDD,,02/19/2024,,,,HDD:HAT3300-4T (Synology 4TB Plus HDD),,Synology 4TB Plus HDD,,Hard Drive,,Sal:RS,,AD,,Taxable Sales,,,,Accounts Receivable,,Paid,,,,,,1.00,,"43,000.00",,"43,000.00",,"12,962,446.79",,Income,,0.00,,,,,,,,,,0.00
,,,"7,358",,Invoice,,02/21/2024,,AS010051,,AL - ARAF HOTELS & RESORT (PVT) LTD,,Hosting charges for 10 email Accounts (10$),,02/21/2024,,,,Hosting (Hosting),,Hosting,,Support and Maintenance,,Sal:EC,,AS,,Taxable Sales,,,,Accounts Receivable,,Paid,,,,,,1.00,,"3,157.50",,"3,157.50",,"12,965,604.29",,Income,,0.00,,,,,,,,,,0.00
,,,"7,359",,Invoice,,02/21/2024,,AS010052,,LANKA COMMODITY BROKERS LTD,,7GB Storage Space  100GB Transfer Bandwidth  1 Nos Fixed IP. (Clean)  SPF/ DKIM Supported  Spam ...,,02/21/2024,,,,Host Email,,,,Support and Maintenance,,Mnt,,AS,,Taxable Sales,,,,Accounts Receivable,,Paid,,,,,,1.00,,"19,251.28",,"19,251.28",,"12,984,855.57",,Income,,0.00,,,,,,,,,,0.00
,,,"7,360",,Invoice,,02/21/2024,,AS010053,,LANKA COMMODITY BROKERS LTD,,Anti Spam Service,,02/21/2024,,,,Services,,,,Support and Maintenance,,Mnt,,AS,,Taxable Sales,,,,Accounts Receivable,,Paid,,,,,,1.00,,"7,015.97",,"7,015.97",,"12,991,871.54",,Income,,0.00,,,,,,,,,,0.00
,,,"7,361",,Invoice,,02/21/2024,,AS010054,,LANKA MOUNT CASTLE (PVT) LTD,,20GB Storage Capacity with 30 Email Accounts,,02/21/2024,,,,Host Email,,,,Support and Maintenance,,Mnt,,AS,,Non-Taxable Sales,,,,Accounts Receivable,,Unpaid,,,,799,,1.00,,"18,629.25",,"18,629.25",,"13,010,500.79",,Income,,0.00,,,,,,,,,,0.00
,,,"7,362",,Invoice,,02/22/2024,,AS010055,,LK Domain Registry,,Acronis Cyber Protect Home Office Essential Subscription   5 Computers - 1 Year Subscription ESD  ,,02/22/2024,,,,Acronis:Acronis Cyber Protect Home Offi (Acronis Cyber Protect Home Office),,Acronis Cyber Protect Home Office,,Acronics,,Sal:EC,,AS,,Taxable Sales,,,,Accounts Receivable,,Paid,,,,,,1.00,,"33,500.00",,"33,500.00",,"13,044,000.79",,Income,,0.00,,,,,,,,,,0.00
,,,"7,372",,Credit Memo,,02/22/2024,,AS010058,,Avian,,Synology DS423 4 Bay NAS,,02/22/2024,,,,Synology:DS423 (Synology DS423 4 Bay NAS),,Synology DS423 4 Bay NAS,,Synology,,Sal:RS,,,,Non-Taxable Sales,,,,Accounts Receivable,,Paid,,,,,,-1.00,,"165,000.00",,"-165,000.00",,"12,879,000.79",,Income,,0.00,,,,,,,,,,0.00
,,,"7,372",,Credit Memo,,02/22/2024,,AS010058,,Avian,,2 TB Seagate Ironwolf NAS Hard Drive,,02/22/2024,,,,HDD:2 TB NAS (2 TB Seagate Ironwolf NAS Hard Drive),,2 TB Seagate Ironwolf NAS Hard Drive,,Hard Drive,,Sal:RS,,,,Non-Taxable Sales,,,,Accounts Receivable,,Paid,,,,,,-4.00,,"41,000.00",,"-164,000.00",,"12,715,000.79",,Income,,0.00,,,,,,,,,,0.00
,,,"7,363",,Invoice,,02/26/2024,,AS010056,,Penta Technology Solutions (Pvt) Ltd,,Draytek Vigor 2927 Router,,02/26/2024,,,,Draytek:Vigor 2927 (Draytek Vigor 2927 Security Appliance. Dual Wan),,Draytek Vigor 2927 Security Appliance. Dual Wan,,Draytek,,Sal:EC,,AD,,Non-Taxable Sales,,,,Accounts Receivable,,Paid,,,,,,1.00,,"94,400.00",,"94,400.00",,"12,809,400.79",,Income,,0.00,,,,,,,,,,0.00
,,,"7,364",,Invoice,,02/26/2024,,AS010057,,Apex Business Solutions PVT Ltd.,,Synology DiskStation DS224+  2Bay,,02/26/2024,,,,Synology:DS224+ (Synology DiskStation DS224+  2Bay),,Synology DiskStation DS224+  2Bay,,Synology,,Sal:RS,,AD,,Taxable Sales,,,,Accounts Receivable,,Paid,,,,,,1.00,,"139,000.00",,"139,000.00",,"12,948,400.79",,Income,,0.00,,,,,,,,,,0.00
,,,"7,364",,Invoice,,02/26/2024,,AS010057,,Apex Business Solutions PVT Ltd.,,Synology 4TB NAS HDD,,02/26/2024,,,,HDD:HAT3300-4T (Synology 4TB Plus HDD),,Synology 4TB Plus HDD,,Hard Drive,,Sal:RS,,AD,,Taxable Sales,,,,Accounts Receivable,,Paid,,,,,,2.00,,"46,000.00",,"92,000.00",,"13,040,400.79",,Income,,0.00,,,,,,,,,,0.00
,,,"7,448",,Invoice,,02/28/2024,,AS010058,,BlueChip Technical Services(Pvt)Ltd,,Synology Rackstation RS822RP+,,02/28/2024,,,,Synology:RS822RP+ (Synology Rackstation RS822RP+),,Synology Rackstation RS822RP+,,Synology,,Sal:RS,,A,,Taxable Sales,,,,Accounts Receivable,,Paid,,,,,,1.00,,"565,000.00",,"565,000.00",,"13,605,400.79",,Income,,0.00,,,,,,,,,,0.00
,,,"7,448",,Invoice,,02/28/2024,,AS010058,,BlueChip Technical Services(Pvt)Ltd,,Synology 8TB NAS Hard Drive,,02/28/2024,,,,HDD:HAT3310-8T (Synology 8TB Plus Hard Drive),,Synology 8TB Plus Hard Drive,,Hard Drive,,Sal:RS,,A,,Taxable Sales,,,,Accounts Receivable,,Paid,,,,,,4.00,,"88,500.00",,"354,000.00",,"13,959,400.79",,Income,,0.00,,,,,,,,,,0.00
,,,"7,448",,Invoice,,02/28/2024,,AS010058,,BlueChip Technical Services(Pvt)Ltd,,Synology Rackstation RS822RP+,,02/28/2024,,,,Synology:RS822RP+ (Synology Rackstation RS822RP+),,Synology Rackstation RS822RP+,,Synology,,Sal:RS,,A,,Taxable Sales,,,,Accounts Receivable,,Paid,,,,,,1.00,,"565,000.00",,"565,000.00",,"14,524,400.79",,Income,,0.00,,,,,,,,,,0.00
,,,"7,448",,Invoice,,02/28/2024,,AS010058,,BlueChip Technical Services(Pvt)Ltd,,Synology 8TB NAS Hard Drive,,02/28/2024,,,,HDD:HAT3310-8T (Synology 8TB Plus Hard Drive),,Synology 8TB Plus Hard Drive,,Hard Drive,,Sal:RS,,A,,Taxable Sales,,,,Accounts Receivable,,Paid,,,,,,4.00,,"88,500.00",,"354,000.00",,"14,878,400.79",,Income,,0.00,,,,,,,,,,0.00
,,,"7,448",,Invoice,,02/28/2024,,AS010058,,BlueChip Technical Services(Pvt)Ltd,,1U Rail Kit,,02/28/2024,,,,Synology:1 U Fixed Rail Kit,,,,Synology,,Sal:RS,,A,,Taxable Sales,,,,Accounts Receivable,,Paid,,,,,,2.00,,,,,,"14,878,400.79",,Income,,0.00,,,,,,,,,,0.00
,,,"7,449",,Invoice,,02/28/2024,,AS010059,,Adapt Information Technologies,,RKM114 1U Rail Kit,,02/28/2024,,,,Synology:1 U Fixed Rail Kit,,,,Synology,,Sal:RS,,A,,Taxable Sales,,,,Accounts Receivable,,Paid,,,,,,1.00,,"25,000.00",,"25,000.00",,"14,903,400.79",,Income,,0.00,,,,,,,,,,0.00
,,,"7,450",,Invoice,,02/29/2024,,AS010060,,Cey Container Service (Pvt) Ltd,,Maintenance  Agreement,,02/29/2024,,,,MA (Maintenance  Agreement),,Maintenance  Agreement,,Support and Maintenance,,Sal:EC,,AD,,Taxable Sales,,,,Accounts Receivable,,Paid,,,,,,1.00,,"99,000.00",,"99,000.00",,"15,002,400.79",,Income,,0.00,,,,,,,,,,0.00
,,,"7,451",,Invoice,,03/01/2024,,AS010061,,Supervision Technology (Pvt) Ltd,,Draytek Vigor 2915 Security Appliance,,03/01/2024,,,,Draytek:Vigor 2915 (Draytek Vigor 2915 Security Appliance),,Draytek Vigor 2915 Security Appliance,,Draytek,,Sal:RS,,AD,,Non-Taxable Sales,,,,Accounts Receivable,,Paid,,,,,,5.00,,"50,000.00",,"250,000.00",,"15,252,400.79",,Income,,0.00,,,,,,,,,,0.00
,,,"7,457",,Invoice,,03/04/2024,,AS010062,,Chris and Mayu Photographers,,Synology DS918+  Mother Board Repair Service Charges,,03/04/2024,,,,Labour Charges,,,,Support and Maintenance,,Sal:EC,,AD,,Non-Taxable Sales,,,,Accounts Receivable,,Paid,,,,,,1.00,,"8,000.00",,"8,000.00",,"15,260,400.79",,Income,,0.00,,,,,,,,,,0.00
,,,"7,458",,Invoice,,03/04/2024,,AS010063,,Geoinformatics International (Pvt.) Ltd.,,Synology 4TB NAS HDD,,03/04/2024,,,,HDD:HAT3300-4T (Synology 4TB Plus HDD),,Synology 4TB Plus HDD,,Hard Drive,,Sal:EC,,AD,,Non-Taxable Sales,,,,Accounts Receivable,,Unpaid,,,,787,,2.00,,"63,000.00",,"126,000.00",,"15,386,400.79",,Income,,0.00,,,,,,,,,,0.00
,,,"7,460",,Invoice,,03/04/2024,,AS010064,,WinSoft Technologies (Pvt)Ltd,,Synology DiskStation DS423+ 4Bay,,03/04/2024,,,,Synology:DS423+ (Synology DiskStation DS423+ 4Bay),,Synology DiskStation DS423+ 4Bay,,Synology,,Sal:RS,,AD,,Taxable Sales,,,,Accounts Receivable,,Paid,,,,,,1.00,,"220,000.00",,"220,000.00",,"15,606,400.79",,Income,,0.00,,,,,,,,,,0.00
,,,"7,460",,Invoice,,03/04/2024,,AS010064,,WinSoft Technologies (Pvt)Ltd,,Synology 16TB NAS Hard Drive,,03/04/2024,,,,Synology 16TB NAS (Synology 16TB NAS Hard Drive),,Synology 16TB NAS Hard Drive,,Hard Drive,,Sal:RS,,AD,,Taxable Sales,,,,Accounts Receivable,,Paid,,,,,,4.00,,"150,000.00",,"600,000.00",,"16,206,400.79",,Income,,0.00,,,,,,,,,,0.00
,,,"7,461",,Invoice,,03/04/2024,,AS010065,,Edge Networks (PVT) LTD,,Synology DiskStation DS224+  2Bay,,03/04/2024,,,,Synology:DS224+ (Synology DiskStation DS224+  2Bay),,Synology DiskStation DS224+  2Bay,,Synology,,Sal:RS,,A,,Taxable Sales,,,,Accounts Receivable,,Paid,,,,,,1.00,,"135,000.00",,"135,000.00",,"16,341,400.79",,Income,,0.00,,,,,,,,,,0.00
,,,"7,461",,Invoice,,03/04/2024,,AS010065,,Edge Networks (PVT) LTD,,Synology 4TB NAS HDD,,03/04/2024,,,,HDD:HAT3300-4T (Synology 4TB Plus HDD),,Synology 4TB Plus HDD,,Hard Drive,,Sal:RS,,A,,Taxable Sales,,,,Accounts Receivable,,Paid,,,,,,2.00,,"47,000.00",,"94,000.00",,"16,435,400.79",,Income,,0.00,,,,,,,,,,0.00
,,,"7,462",,Invoice,,03/05/2024,,AS010066,,Enash Global (Pvt) Ltd,,NAS Troubleshooting  Charges,,03/05/2024,,,,Labour Charges,,,,Support and Maintenance,,Sal:EC,,AD,,Non-Taxable Sales,,,,Accounts Receivable,,Paid,,,,,,1.00,,"3,500.00",,"3,500.00",,"16,438,900.79",,Income,,0.00,,,,,,,,,,0.00
,,,"7,463",,Invoice,,03/05/2024,,AS010067,,Sumathi Information Technology (Pvt) Ltd,,Synology NAS DS923+ 4 Bay NAS,,03/05/2024,,,,Synology:DS923+ (Synology NAS DS923+ 4 Bay NAS),,Synology NAS DS923+ 4 Bay NAS,,Synology,,Sal:RS,,A,,Taxable Sales,,,,Accounts Receivable,,Paid,,,,,,1.00,,"246,404.50",,"246,404.50",,"16,685,305.29",,Income,,0.00,,,,,,,,,,0.00
,,,"7,463",,Invoice,,03/05/2024,,AS010067,,Sumathi Information Technology (Pvt) Ltd,,Synology 4TB NAS HDD,,03/05/2024,,,,HDD:HAT3300-4T (Synology 4TB Plus HDD),,Synology 4TB Plus HDD,,Hard Drive,,Sal:RS,,A,,Taxable Sales,,,,Accounts Receivable,,Paid,,,,,,4.00,,"45,898.88",,"183,595.52",,"16,868,900.81",,Income,,0.00,,,,,,,,,,0.00
,,,"7,464",,Invoice,,03/05/2024,,AS010068,,U N Lanka,,"BDCOM S1516v1 Unmanaged 1Gb, 16 port  Switch",,03/05/2024,,,,"BDCOM:S1516v1 (BDCOM S1516v1 Unmanaged 1Gb, 16 port  Switch)",,"BDCOM S1516v1 Unmanaged 1Gb, 16 port  Switch",,BDCOM,,Sal:RS,,AR,,Non-Taxable Sales,,,,Accounts Receivable,,Paid,,,,,,1.00,,"19,000.00",,"19,000.00",,"16,887,900.81",,Income,,0.00,,,,,,,,,,0.00
,,,"7,464",,Invoice,,03/05/2024,,AS010068,,U N Lanka,,2m Patch Code,,03/05/2024,,,,2m Patch Code (2m Patch Code),,2m Patch Code,,Hardware,,Sal:RS,,AR,,Non-Taxable Sales,,,,Accounts Receivable,,Paid,,,,,,20.00,,"1,000.00",,"20,000.00",,"16,907,900.81",,Income,,0.00,,,,,,,,,,0.00
,,,"7,465",,Invoice,,03/06/2024,,AS010069,,SUDARSHANA SENADHEERA ARCHITECTS (PVT) LT,,Power Adaptor (DS918+ Compatible),,03/06/2024,,,,Synology:Power Adaptor (Power Adaptor),,Power Adaptor,,Hardware,,Sal:EC,,AD,,Taxable Sales,,,,Accounts Receivable,,Paid,,,,,,1.00,,"18,000.00",,"18,000.00",,"16,925,900.81",,Income,,0.00,,,,,,,,,,0.00
,,,"7,469",,Invoice,,03/08/2024,,AS010070,,Data Management Systems (Pvt) Limited,,Synology NAS DS1821+ 8 Bay NAS with 8GB RAM,,03/08/2024,,,,Synology:DS1821+ (Synology NAS DS1821+ 8 Bay NAS),,Synology NAS DS1821+ 8 Bay NAS,,Synology,,Sal:RS,,A,,Taxable Sales,,,,Accounts Receivable,,Paid,,,,,,1.00,,"650,800.00",,"650,800.00",,"17,576,700.81",,Income,,0.00,,,,,,,,,,0.00
,,,"7,469",,Invoice,,03/08/2024,,AS010070,,Data Management Systems (Pvt) Limited,,Synology 4TB NAS HDD,,03/08/2024,,,,HDD:HAT3300-4T (Synology 4TB Plus HDD),,Synology 4TB Plus HDD,,Hard Drive,,Sal:RS,,A,,Taxable Sales,,,,Accounts Receivable,,Paid,,,,,,3.00,,,,,,"17,576,700.81",,Income,,0.00,,,,,,,,,,0.00
,,,"7,470",,Invoice,,03/08/2024,,AS010071,,Data Management Systems (Pvt) Limited,,3 TB Seagate Ironwolf NAS Hard Drive,,03/08/2024,,,,HDD:3 TB NAS (3 TB Seagate Ironwolf NAS Hard Drive),,3 TB Seagate Ironwolf NAS Hard Drive,,Hard Drive,,Sal:RS,,A,,Taxable Sales,,,,Accounts Receivable,,Paid,,,,,,1.00,,"45,000.00",,"45,000.00",,"17,621,700.81",,Income,,0.00,,,,,,,,,,0.00
,,,"7,471",,Invoice,,03/08/2024,,AS010072,,WinSoft Technologies (Pvt)Ltd,,Synology 4TB NAS HDD,,03/08/2024,,,,HDD:HAT3300-4T (Synology 4TB Plus HDD),,Synology 4TB Plus HDD,,Hard Drive,,Sal:RS,,AS,,Taxable Sales,,,,Accounts Receivable,,Paid,,,,,,2.00,,"47,250.00",,"94,500.00",,"17,716,200.81",,Income,,0.00,,,,,,,,,,0.00
,,,"7,472",,Invoice,,03/08/2024,,AS010073,,Wiscom Information Technology (Pvt) Ltd,,BDCOM S1508E 8 Port Switch,,03/08/2024,,,,BDCOM:S1508E,,,,BDCOM,,Sal:RS,,AD,,Non-Taxable Sales,,,,Accounts Receivable,,Paid,,,,,,1.00,,"6,500.00",,"6,500.00",,"17,722,700.81",,Income,,0.00,,,,,,,,,,0.00
,,,"7,479",,Invoice,,03/11/2024,,AS010074,,Fentons Ltd,,Synology DS423 4 Bay NAS,,03/11/2024,,,,Synology:DS423 (Synology DS423 4 Bay NAS),,Synology DS423 4 Bay NAS,,Synology,,Sal:RS,,A,,Taxable Sales,,,,Accounts Receivable,,Paid,,,,,,1.00,,"175,000.00",,"175,000.00",,"17,897,700.81",,Income,,0.00,,,,,,,,,,0.00
,,,"7,479",,Invoice,,03/11/2024,,AS010074,,Fentons Ltd,,12TB Synology NAS Hard Drive,,03/11/2024,,,,HDD:HAT3300-12T (12TB Synology Plus Hard Drive),,12TB Synology Plus Hard Drive,,Hard Drive,,Sal:RS,,A,,Taxable Sales,,,,Accounts Receivable,,Paid,,,,,,4.00,,"112,000.00",,"448,000.00",,"18,345,700.81",,Income,,0.00,,,,,,,,,,0.00
,,,"7,479",,Invoice,,03/11/2024,,AS010074,,Fentons Ltd,,Discount,,03/11/2024,,,,Discount,,,,Sales Discount,,Sal:RS,,A,,Taxable Sales,,,,Accounts Receivable,,Paid,,,,,,,,"-10,000.00",,"-10,000.00",,"18,335,700.81",,Income,,0.00,,,,,,,,,,0.00
,,,"7,480",,Invoice,,03/11/2024,,AS010075,,Shinnyo-En Lanka Preschool,,NAS Inspection Charges,,03/11/2024,,,,Labour Charges,,,,Support and Maintenance,,Sal:EC,,AD,,Non-Taxable Sales,,,,Accounts Receivable,,Paid,,,,,,1.00,,"5,310.00",,"5,310.00",,"18,341,010.81",,Income,,0.00,,,,,,,,,,0.00
,,,"7,491",,Invoice,,03/13/2024,,AS010076,,Elegent Media Solutions,,3 TB Seagate Ironwolf NAS Hard Drive,,03/13/2024,,,,HDD:3 TB NAS (3 TB Seagate Ironwolf NAS Hard Drive),,3 TB Seagate Ironwolf NAS Hard Drive,,Hard Drive,,Sal:EC,,AD,,Non-Taxable Sales,,,,Accounts Receivable,,Paid,,,,,,1.00,,"60,180.00",,"60,180.00",,"18,401,190.81",,Income,,0.00,,,,,,,,,,0.00
,,,"7,492",,Invoice,,03/13/2024,,AS010077,,Asiacom Engineering Services (Pvt) Ltd.,,NAS Health Check Charges,,03/13/2024,,,,Services,,,,Support and Maintenance,,,,AD,,Taxable Sales,,,,Accounts Receivable,,Unpaid,,,,778,,1.00,,"5,000.00",,"5,000.00",,"18,406,190.81",,Income,,0.00,,,,,,,,,,0.00
,,,"7,493",,Invoice,,03/13/2024,,AS010078,,Future Global Tech (Pvt) Ltd,,BDCOM POE S1000-8P2F  8Port 100M Switch,,03/13/2024,,,,BDCOM:S1000-8P2F (BDCOM POE S1000-8P2F  8Port 100M Switch),,BDCOM POE S1000-8P2F  8Port 100M Switch,,BDCOM,,Sal:RS,,AR,,Non-Taxable Sales,,,,Accounts Receivable,,Paid,,,,,,1.00,,"9,475.00",,"9,475.00",,"18,415,665.81",,Income,,0.00,,,,,,,,,,0.00
,,,"7,504",,Invoice,,03/18/2024,,AS010079,,CHINT Energy (Pvt) ltd,,Draytek Vigor 2927 Security Appliance. Dual Wan,,03/18/2024,,,,Draytek:Vigor 2927 (Draytek Vigor 2927 Security Appliance. Dual Wan),,Draytek Vigor 2927 Security Appliance. Dual Wan,,Draytek,,Sal:EC,,AS,,Taxable Sales,,,,Accounts Receivable,,Paid,,,,,,1.00,,"90,000.00",,"90,000.00",,"18,505,665.81",,Income,,0.00,,,,,,,,,,0.00
,,,"7,504",,Invoice,,03/18/2024,,AS010079,,CHINT Energy (Pvt) ltd,,DrayTek Vigor 2927 Cyren Key,,03/18/2024,,,,Cyren Key (DrayTek Cyren Key),,DrayTek Cyren Key,,Other Sales,,Sal:EC,,AS,,Taxable Sales,,,,Accounts Receivable,,Paid,,,,,,2.00,,"20,000.00",,"40,000.00",,"18,545,665.81",,Income,,0.00,,,,,,,,,,0.00
,,,"7,504",,Invoice,,03/18/2024,,AS010079,,CHINT Energy (Pvt) ltd,,Labour Charges,,03/18/2024,,,,Labour Charges,,,,Support and Maintenance,,Sal:EC,,AS,,Taxable Sales,,,,Accounts Receivable,,Paid,,,,,,1.00,,"50,000.00",,"50,000.00",,"18,595,665.81",,Income,,0.00,,,,,,,,,,0.00
,,,"7,514",,Invoice,,03/18/2024,,AS010080,,AL - ARAF HOTELS & RESORT (PVT) LTD,,Hosting charges for 10 email Accounts (10$),,03/18/2024,,,,Hosting (Hosting),,Hosting,,Support and Maintenance,,Sal:EC,,AS,,Taxable Sales,,,,Accounts Receivable,,Paid,,,,,,1.00,,"3,080.00",,"3,080.00",,"18,598,745.81",,Income,,0.00,,,,,,,,,,0.00
,,,"7,515",,Invoice,,03/18/2024,,AS010081,,LANKA MOUNT CASTLE (PVT) LTD,,20GB Storage Capacity with 30 Email Accounts,,03/18/2024,,,,Host Email,,,,Support and Maintenance,,Mnt,,AS,,Non-Taxable Sales,,,,Accounts Receivable,,Unpaid,,,,773,,1.00,,"18,172.00",,"18,172.00",,"18,616,917.81",,Income,,0.00,,,,,,,,,,0.00
,,,"7,516",,Invoice,,03/18/2024,,AS010082,,LANKA COMMODITY BROKERS LTD,,7GB Storage Space  100GB Transfer Bandwidth  1 Nos Fixed IP. (Clean)  SPF/ DKIM Supported  Spam ...,,03/18/2024,,,,Host Email,,,,Support and Maintenance,,Mnt,,AS,,Taxable Sales,,,,Accounts Receivable,,Paid,,,,,,1.00,,"18,778.76",,"18,778.76",,"18,635,696.57",,Income,,0.00,,,,,,,,,,0.00
,,,"7,517",,Invoice,,03/18/2024,,AS010083,,LANKA COMMODITY BROKERS LTD,,Anti Spam Service,,03/18/2024,,,,Services,,,,Support and Maintenance,,Mnt,,AS,,Taxable Sales,,,,Accounts Receivable,,Paid,,,,,,1.00,,"6,843.76",,"6,843.76",,"18,642,540.33",,Income,,0.00,,,,,,,,,,0.00
,,,"7,522",,Invoice,,03/20/2024,,AS010084,,Apex Business Solutions PVT Ltd.,,Synology DS423 4 Bay NAS,,02/22/2024,,,,Synology:DS423 (Synology DS423 4 Bay NAS),,Synology DS423 4 Bay NAS,,Synology,,Sal:RS,,AD,,Taxable Sales,,,,Accounts Receivable,,Paid,,,,,,1.00,,"144,000.00",,"144,000.00",,"18,786,540.33",,Income,,0.00,,,,,,,,,,0.00
,,,"7,524",,Invoice,,03/21/2024,,AS010085,,Barclays Computers (Pvt) Ltd,,Synology Diskstation DS223  2Bay,,03/21/2024,,,,Synology:DS223 (Synology Diskstation DS223  2Bay),,Synology Diskstation DS223  2Bay,,Synology,,Sal:RS,,AS,,Taxable Sales,,,,Accounts Receivable,,Paid,,,,,,1.00,,"102,200.00",,"102,200.00",,"18,888,740.33",,Income,,0.00,,,,,,,,,,0.00
,,,"7,524",,Invoice,,03/21/2024,,AS010085,,Barclays Computers (Pvt) Ltd,,Synology DS223j,,03/21/2024,,,,Synology:DS223j (Synology DS223j  ),,Synology DS223j  ,,Synology,,Sal:RS,,AS,,Taxable Sales,,,,Accounts Receivable,,Paid,,,,,,2.00,,"69,700.00",,"139,400.00",,"19,028,140.33",,Income,,0.00,,,,,,,,,,0.00
,,,"7,524",,Invoice,,03/21/2024,,AS010085,,Barclays Computers (Pvt) Ltd,,Synology DS423 4 Bay NAS,,03/21/2024,,,,Synology:DS423 (Synology DS423 4 Bay NAS),,Synology DS423 4 Bay NAS,,Synology,,Sal:RS,,AS,,Taxable Sales,,,,Accounts Receivable,,Paid,,,,,,1.00,,"155,100.00",,"155,100.00",,"19,183,240.33",,Income,,0.00,,,,,,,,,,0.00
,,,"7,525",,Invoice,,03/21/2024,,AS010086,,Barclays Computers (Pvt) Ltd,,BDCOM S1008 8 Port 10/100 BaseT Standard Switch,,03/21/2024,,,,BDCOM:S1008 (BDCOM S1008 8 Port 10/100 BaseT Standard Switch),,BDCOM S1008 8 Port 10/100 BaseT Standard Switch,,BDCOM,,Sal:RS,,AS,,Taxable Sales,,,,Accounts Receivable,,Paid,,,,,,5.00,,"3,300.00",,"16,500.00",,"19,199,740.33",,Income,,0.00,,,,,,,,,,0.00
,,,"7,525",,Invoice,,03/21/2024,,AS010086,,Barclays Computers (Pvt) Ltd,,BDCOM S1024B 24 Port 100M BaseT 1U Rack Mounted,,03/21/2024,,,,BDCOM:S1024B (BDCOM S1024B 24 Port 100M BaseT 1U Rack Mounted),,BDCOM S1024B 24 Port 100M BaseT 1U Rack Mounted,,BDCOM,,Sal:RS,,AS,,Taxable Sales,,,,Accounts Receivable,,Paid,,,,,,2.00,,"16,400.00",,"32,800.00",,"19,232,540.33",,Income,,0.00,,,,,,,,,,0.00
,,,"7,525",,Invoice,,03/21/2024,,AS010086,,Barclays Computers (Pvt) Ltd,,BDCOM S1508E Switch,,03/21/2024,,,,BDCOM:S1508E,,,,BDCOM,,Sal:RS,,AS,,Taxable Sales,,,,Accounts Receivable,,Paid,,,,,,3.00,,"5,350.00",,"16,050.00",,"19,248,590.33",,Income,,0.00,,,,,,,,,,0.00
,,,"7,525",,Invoice,,03/21/2024,,AS010086,,Barclays Computers (Pvt) Ltd,,BDCOM S1524V1 Unmanaged 1G 24 Port Switch,,03/21/2024,,,,S1524V1 (BDCOM S1524V1 Unmanaged 1G 24 Port Switch),,BDCOM S1524V1 Unmanaged 1G 24 Port Switch,,BDCOM,,Sal:RS,,AS,,Taxable Sales,,,,Accounts Receivable,,Paid,,,,,,1.00,,"33,000.00",,"33,000.00",,"19,281,590.33",,Income,,0.00,,,,,,,,,,0.00
,,,"7,526",,Invoice,,03/21/2024,,AS010087,,Synergy Ventures,,PC OS Installation and Configuration Charges,,03/21/2024,,,,Implementation & configuration,,,,Support and Maintenance,,Sal:EC,,AS,,Non-Taxable Sales,,,,Accounts Receivable,,Paid,,,,,,1.00,,"14,514.00",,"14,514.00",,"19,296,104.33",,Income,,0.00,,,,,,,,,,0.00
,,,"7,528",,Invoice,,03/22/2024,,AS010088,,ICC Inernational Construction Consortium,,BDCOM S1508E 8 Port Switch,,03/22/2024,,,,BDCOM:S1508E,,,,BDCOM,,Sal:RS,,AD,,Taxable Sales,,,,Accounts Receivable,,Paid,,,,,,2.00,,"5,700.00",,"11,400.00",,"19,307,504.33",,Income,,0.00,,,,,,,,,,0.00
,,,"7,529",,Invoice,,03/22/2024,,AS010089,,LK Domain Registry,,Maintenance  Agreement,,03/22/2024,,,,MA (Maintenance  Agreement),,Maintenance  Agreement,,Support and Maintenance,,Sal:EC,,AS,,Taxable Sales,,,,Accounts Receivable,,Paid,,,,,,1.00,,"244,600.00",,"244,600.00",,"19,552,104.33",,Income,,0.00,,,,,,,,,,0.00
,,,"7,660",,Credit Memo,,03/22/2024,,AS010104,,Adapt Information Technologies,,RKM114 1U Rail Kit,,03/22/2024,,,,Synology:1 U Fixed Rail Kit,,,,Synology,,Sal:RS,,,,Taxable Sales,,,,Accounts Receivable,,Paid,,,,,,-1.00,,"25,000.00",,"-25,000.00",,"19,527,104.33",,Income,,0.00,,,,,,,,,,0.00
,,,"7,599",,Invoice,,03/26/2024,,AS010090,,Apex Business Solutions PVT Ltd.,,2 TB Seagate Ironwolf NAS Hard Drive,,03/26/2024,,,,HDD:2 TB NAS (2 TB Seagate Ironwolf NAS Hard Drive),,2 TB Seagate Ironwolf NAS Hard Drive,,Hard Drive,,Sal:RS,,AD,,Taxable Sales,,,,Accounts Receivable,,Paid,,,,,,1.00,,"41,000.00",,"41,000.00",,"19,568,104.33",,Income,,0.00,,,,,,,,,,0.00
,,,"7,602",,Invoice,,03/26/2024,,AS010091,,Adapt Information Technologies,,Synology DS423 4 Bay NAS,,03/26/2024,,,,Synology:DS423 (Synology DS423 4 Bay NAS),,Synology DS423 4 Bay NAS,,Synology,,Sal:RS,,A,,Taxable Sales,,,,Accounts Receivable,,Paid,,,,,,1.00,,"158,400.00",,"158,400.00",,"19,726,504.33",,Income,,0.00,,,,,,,,,,0.00
,,,"7,602",,Invoice,,03/26/2024,,AS010091,,Adapt Information Technologies,,2 TB Seagate Ironwolf NAS Hard Drive,,03/26/2024,,,,HDD:2 TB NAS (2 TB Seagate Ironwolf NAS Hard Drive),,2 TB Seagate Ironwolf NAS Hard Drive,,Hard Drive,,Sal:RS,,A,,Taxable Sales,,,,Accounts Receivable,,Paid,,,,,,2.00,,"45,100.00",,"90,200.00",,"19,816,704.33",,Income,,0.00,,,,,,,,,,0.00
,,,"7,602",,Invoice,,03/26/2024,,AS010091,,Adapt Information Technologies,,"Acronis Cyber Protect Advanced Server Subscription License, 1 Year",,03/26/2024,,,,Acronis,,,,Acronics,,Sal:RS,,A,,Taxable Sales,,,,Accounts Receivable,,Paid,,,,,,1.00,,"147,000.00",,"147,000.00",,"19,963,704.33",,Income,,0.00,,,,,,,,,,0.00
,,,"7,605",,Invoice,,03/28/2024,,AS010092,,THE COMPUTER CENTER (PVT) LTD,,Acronis Cyber Protect Home Office Premium Subscription  1 Computer  + 1TB Acronis Cloud Storage ...,,03/28/2024,,,,Acronis:Acronis Cyber Protect Home Offi (Acronis Cyber Protect Home Office),,Acronis Cyber Protect Home Office,,Acronics,,Sal:RS,,AS,,Taxable Sales,,,,Accounts Receivable,,Paid,,,,,,1.00,,"21,870.00",,"21,870.00",,"19,985,574.33",,Income,,0.00,,,,,,,,,,0.00
,,,"7,608",,Invoice,,03/29/2024,,AS010093,,Sevenx Lanka (Pvt) Ltd,,BDCOM S1508E 8 Port  1G Switch,,03/29/2024,,,,BDCOM:S1508E,,,,BDCOM,,Sal:RS,,AD,,Taxable Sales,,,,Accounts Receivable,,Paid,,,,,,5.00,,"5,508.474",,"27,542.37",,"20,013,116.70",,Income,,0.00,,,,,,,,,,0.00
,,,"7,611",,Invoice,,03/30/2024,,AS010094,,Elegant Knitting International,,ESET Endpoint Protection Advanced (1 Year),,03/30/2024,,,,Software,,,,Software,,Mnt,,AS,,Taxable Sales,,,,Accounts Receivable,,Paid,,,,,,112.00,,"2,500.00",,"280,000.00",,"20,293,116.70",,Income,,0.00,,,,,,,,,,0.00
,,,"7,611",,Invoice,,03/30/2024,,AS010094,,Elegant Knitting International,,DrayTek Vigor 3910 Cyren Key Renewal  (1 Year),,03/30/2024,,,,Cyren Key (DrayTek Cyren Key),,DrayTek Cyren Key,,Other Sales,,Mnt,,AS,,Taxable Sales,,,,Accounts Receivable,,Paid,,,,,,1.00,,"51,200.00",,"51,200.00",,"20,344,316.70",,Income,,0.00,,,,,,,,,,0.00
,,,"7,612",,Invoice,,03/30/2024,,AS010095,,LK Domain Registry,,Synology RackStation RS2423RP+ 12Bay 8GB RAM,,03/30/2024,,,,RS2423RP+ (Synology RackStation RS2423RP+ 12Bay),,Synology RackStation RS2423RP+ 12Bay,,Synology,,Sal:EC,,AS,,Taxable Sales,,,,Accounts Receivable,,Paid,,,,,,1.00,,"1,031,000.00",,"1,031,000.00",,"21,375,316.70",,Income,,0.00,,,,,,,,,,0.00
,,,"7,612",,Invoice,,03/30/2024,,AS010095,,LK Domain Registry,,Synology 8TB Plus Hard Drive,,03/30/2024,,,,HDD:HAT3310-8T (Synology 8TB Plus Hard Drive),,Synology 8TB Plus Hard Drive,,Hard Drive,,Sal:EC,,AS,,Taxable Sales,,,,Accounts Receivable,,Paid,,,,,,4.00,,"90,000.00",,"360,000.00",,"21,735,316.70",,Income,,0.00,,,,,,,,,,0.00
,,,"7,612",,Invoice,,03/30/2024,,AS010095,,LK Domain Registry,,2U Rail Kit,,03/30/2024,,,,Synology:2 U Sliding Rail Kit,,,,Synology,,Sal:EC,,AS,,Taxable Sales,,,,Accounts Receivable,,Paid,,,,,,1.00,,,,,,"21,735,316.70",,Income,,0.00,,,,,,,,,,0.00
"Dec 31, '23 - Mar 31, 24",,,,,,,,,,,,,,,,,,,,,,,,,,,,,,,,,,,,,,,,,,,,,"21,735,316.70",,"21,735,316.70",,,,0.00,,,,,,,,,,
Apr '24 - Mar 25,,,,,,,,,,,,,,,,,,,,,,,,,,,,,,,,,,,,,,,,,,,,,,,,,,,,,,,,,,,,,
,,,"7,614",,Invoice,,04/01/2024,,AS010096,,TYAX (PVT) LTD,,3 TB Seagate Ironwolf NAS Hard Drive,,04/01/2024,,,,HDD:3 TB NAS (3 TB Seagate Ironwolf NAS Hard Drive),,3 TB Seagate Ironwolf NAS Hard Drive,,Hard Drive,,Sal:RS,,AD,,Taxable Sales,,,,Accounts Receivable,,Paid,,,,,,1.00,,"45,000.00",,"45,000.00",,"45,000.00",,Income,,0.00,,,,,,,,,,0.00
,,,"7,616",,Invoice,,04/02/2024,,AS010097,,NextGen Holdings,,Synology NAS DS923+ 4 Bay NAS,,04/02/2024,,,,Synology:DS923+ (Synology NAS DS923+ 4 Bay NAS),,Synology NAS DS923+ 4 Bay NAS,,Synology,,Sal:RS,,AD,,Taxable Sales,,,,Accounts Receivable,,Paid,,,,,,1.00,,"244,000.00",,"244,000.00",,"289,000.00",,Income,,0.00,,,,,,,,,,0.00
,,,"7,616",,Invoice,,04/02/2024,,AS010097,,NextGen Holdings,,2 TB Seagate Ironwolf NAS Hard Drive,,04/02/2024,,,,HDD:2 TB NAS (2 TB Seagate Ironwolf NAS Hard Drive),,2 TB Seagate Ironwolf NAS Hard Drive,,Hard Drive,,Sal:RS,,AD,,Taxable Sales,,,,Accounts Receivable,,Paid,,,,,,4.00,,"43,500.00",,"174,000.00",,"463,000.00",,Income,,0.00,,,,,,,,,,0.00
,,,"7,617",,Invoice,,04/02/2024,,AS010098,,Galle Face Hotel 1994 (Pvt) Ltd,,Maintenance  Agreement,,04/02/2024,,,,MA (Maintenance  Agreement),,Maintenance  Agreement,,Support and Maintenance,,Sal:EC,,SA,,Taxable Sales,,,,Accounts Receivable,,Paid,,,,,,1.00,,"88,500.00",,"88,500.00",,"551,500.00",,Income,,0.00,,,,,,,,,,0.00
,,,"7,618",,Invoice,,04/02/2024,,AS010099,,People's Merchant Finance PLC,,Maintenance  Agreement,,04/02/2024,,,,MA (Maintenance  Agreement),,Maintenance  Agreement,,Support and Maintenance,,Mnt,,A,,Non-Taxable Sales,,,,Accounts Receivable,,Paid,,,,,,1.00,,"328,512.00",,"328,512.00",,"880,012.00",,Income,,0.00,,,,,,,,,,0.00
,,,"7,625",,Invoice,,04/03/2024,,AS010100,,Paramount Technology,,BDCOM S1016 16 Port 100M BaseT 1U Rack Mounted,,04/03/2024,,,,BDCOM:S1016 (BDCOM S1016 16 Port 100M BaseT 1U Rack Mounted),,BDCOM S1016 16 Port 100M BaseT 1U Rack Mounted,,BDCOM,,Sal:EC,,AR,,Non-Taxable Sales,,,,Accounts Receivable,,Paid,,,,,,1.00,,"13,000.00",,"13,000.00",,"893,012.00",,Income,,0.00,,,,,,,,,,0.00
,,,"7,653",,Invoice,,04/05/2024,,AS010101,,HEMSONS INTERNATIONAL (Pte) Ltd,,4 TB Seagate Ironwolf NAS Hard Drive,,04/05/2024,,,,HDD:4 TB NAS HDD (4 TB Seagate Ironwolf NAS Hard Drive),,4 TB Seagate Ironwolf NAS Hard Drive,,Hard Drive,,Sal:RS,,A,,Taxable Sales,,,,Accounts Receivable,,Paid,,,,,,1.00,,"48,000.00",,"48,000.00",,"941,012.00",,Income,,0.00,,,,,,,,,,0.00
,,,"7,655",,Invoice,,04/08/2024,,AS010102,,VS Information Systems (Pvt) Ltd,,Synology DS923+ DiskStation,,04/08/2024,,,,DS923+ (Synology DS923+ DiskStation),,Synology DS923+ DiskStation,,Synology,,Sal:RS,,A,,Taxable Sales,,,,Accounts Receivable,,Paid,,,,,,1.00,,"245,000.00",,"245,000.00",,"1,186,012.00",,Income,,0.00,,,,,,,,,,0.00
,,,"7,655",,Invoice,,04/08/2024,,AS010102,,VS Information Systems (Pvt) Ltd,,Synology 6TB NAS Hard Drive,,04/08/2024,,,,HDD:HAT3300-6T (Synology 6TB Plus Hard Drive),,Synology 6TB Plus Hard Drive,,Hard Drive,,Sal:RS,,A,,Taxable Sales,,,,Accounts Receivable,,Paid,,,,,,4.00,,"69,000.00",,"276,000.00",,"1,462,012.00",,Income,,0.00,,,,,,,,,,0.00
,,,"7,656",,Invoice,,04/08/2024,,AS010103,,Sampath I T Solutions Limited,,3 TB Seagate Iron wolf NAS Hard Drive,,04/08/2024,,,,HDD:3 TB NAS (3 TB Seagate Ironwolf NAS Hard Drive),,3 TB Seagate Ironwolf NAS Hard Drive,,Hard Drive,,Sal:RS,,A,,Taxable Sales,,,,Accounts Receivable,,Paid,,,,,,1.00,,"45,000.00",,"45,000.00",,"1,507,012.00",,Income,,0.00,,,,,,,,,,0.00
,,,"7,656",,Invoice,,04/08/2024,,AS010103,,Sampath I T Solutions Limited,,Configuration & Transportation charges for replace    Hard Drive,,04/08/2024,,,,Services,,,,Support and Maintenance,,Sal:RS,,A,,Taxable Sales,,,,Accounts Receivable,,Paid,,,,,,1.00,,"5,000.00",,"5,000.00",,"1,512,012.00",,Income,,0.00,,,,,,,,,,0.00
,,,"7,663",,Invoice,,04/17/2024,,AS010104,,OAK INTEGRATED SYSTEMS PVT LTD,,Synology RackStation RS3621xs+ 12 Bay with 32GB RAM,,04/17/2024,,,,RS3621xs+ (Synology RackStation RS3621xs+ 12 Bay),,Synology RackStation RS3621xs+ 12 Bay,,Synology,,Sal:RS,,AS,,Taxable Sales,,,,Accounts Receivable,,Paid,,,,,,1.00,,"2,320,000.00",,"2,320,000.00",,"3,832,012.00",,Income,,0.00,,,,,,,,,,0.00
,,,"7,663",,Invoice,,04/17/2024,,AS010104,,OAK INTEGRATED SYSTEMS PVT LTD,,12TB Synology Enterprise SATA,,04/17/2024,,,,HDD:12TB Syno Ent (12TB Synology Enterprise SATA),,12TB Synology Enterprise SATA,,Hard Drive,,Sal:RS,,AS,,Taxable Sales,,,,Accounts Receivable,,Paid,,,,,,5.00,,"191,000.00",,"955,000.00",,"4,787,012.00",,Income,,0.00,,,,,,,,,,0.00
,,,"7,663",,Invoice,,04/17/2024,,AS010104,,OAK INTEGRATED SYSTEMS PVT LTD,,Synology M2D20 Adapter Card,,04/17/2024,,,,Synology:M2D20 (Synology M2D20 Adapter Card),,Synology M2D20 Adapter Card,,Hardware,,Sal:RS,,AS,,Taxable Sales,,,,Accounts Receivable,,Paid,,,,,,1.00,,,,,,"4,787,012.00",,Income,,0.00,,,,,,,,,,0.00
,,,"7,663",,Invoice,,04/17/2024,,AS010104,,OAK INTEGRATED SYSTEMS PVT LTD,,Synology 800GB M.2 SSD (SNV3510-800G) NVMe,,04/17/2024,,,,800GB Synology NVMe SSD (Synology 800GB M.2 SSD (SNV3510-800G) NVMe),,Synology 800GB M.2 SSD (SNV3510-800G) NVMe,,Hard Drive,,Sal:RS,,AS,,Taxable Sales,,,,Accounts Receivable,,Paid,,,,,,2.00,,,,,,"4,787,012.00",,Income,,0.00,,,,,,,,,,0.00
,,,"7,663",,Invoice,,04/17/2024,,AS010104,,OAK INTEGRATED SYSTEMS PVT LTD,,BDCOM SFP + Multi mode 10G 300M Transceiver,,04/17/2024,,,,SFP+ M/M 10G (BDCOM SFP + Multi mode 10G 300M Transceiver),,BDCOM SFP + Multi mode 10G 300M Transceiver,,BDCOM,,Sal:RS,,AS,,Taxable Sales,,,,Accounts Receivable,,Paid,,,,,,2.00,,,,,,"4,787,012.00",,Income,,0.00,,,,,,,,,,0.00
,,,"7,663",,Invoice,,04/17/2024,,AS010104,,OAK INTEGRATED SYSTEMS PVT LTD,,Dual Port  E10G21 - F2  Adapter Card,,04/17/2024,,,,Synology:Dual Port F2 Card,,,,Synology,,Sal:RS,,AS,,Taxable Sales,,,,Accounts Receivable,,Paid,,,,,,1.00,,,,,,"4,787,012.00",,Income,,0.00,,,,,,,,,,0.00
,,,"7,663",,Invoice,,04/17/2024,,AS010104,,OAK INTEGRATED SYSTEMS PVT LTD,,Synology RackStation RS3621xs+ 12 Bay With 32GB RAM,,04/17/2024,,,,RS3621xs+ (Synology RackStation RS3621xs+ 12 Bay),,Synology RackStation RS3621xs+ 12 Bay,,Synology,,Sal:RS,,AS,,Taxable Sales,,,,Accounts Receivable,,Paid,,,,,,1.00,,"2,320,000.00",,"2,320,000.00",,"7,107,012.00",,Income,,0.00,,,,,,,,,,0.00
,,,"7,663",,Invoice,,04/17/2024,,AS010104,,OAK INTEGRATED SYSTEMS PVT LTD,,12TB Synology Enterprise SATA,,04/17/2024,,,,HDD:12TB Syno Ent (12TB Synology Enterprise SATA),,12TB Synology Enterprise SATA,,Hard Drive,,Sal:RS,,AS,,Taxable Sales,,,,Accounts Receivable,,Paid,,,,,,5.00,,"191,000.00",,"955,000.00",,"8,062,012.00",,Income,,0.00,,,,,,,,,,0.00
,,,"7,663",,Invoice,,04/17/2024,,AS010104,,OAK INTEGRATED SYSTEMS PVT LTD,,Synology M2D20 Adapter Card,,04/17/2024,,,,Synology:M2D20 (Synology M2D20 Adapter Card),,Synology M2D20 Adapter Card,,Hardware,,Sal:RS,,AS,,Taxable Sales,,,,Accounts Receivable,,Paid,,,,,,1.00,,,,,,"8,062,012.00",,Income,,0.00,,,,,,,,,,0.00
,,,"7,663",,Invoice,,04/17/2024,,AS010104,,OAK INTEGRATED SYSTEMS PVT LTD,,Synology 800GB M.2 SSD (SNV3510-800G) NVMe,,04/17/2024,,,,800GB Synology NVMe SSD (Synology 800GB M.2 SSD (SNV3510-800G) NVMe),,Synology 800GB M.2 SSD (SNV3510-800G) NVMe,,Hard Drive,,Sal:RS,,AS,,Taxable Sales,,,,Accounts Receivable,,Paid,,,,,,2.00,,,,,,"8,062,012.00",,Income,,0.00,,,,,,,,,,0.00
,,,"7,663",,Invoice,,04/17/2024,,AS010104,,OAK INTEGRATED SYSTEMS PVT LTD,,BDCOM SFP + Multi mode 10G 300M Transceiver,,04/17/2024,,,,SFP+ M/M 10G (BDCOM SFP + Multi mode 10G 300M Transceiver),,BDCOM SFP + Multi mode 10G 300M Transceiver,,BDCOM,,Sal:RS,,AS,,Taxable Sales,,,,Accounts Receivable,,Paid,,,,,,2.00,,,,,,"8,062,012.00",,Income,,0.00,,,,,,,,,,0.00
,,,"7,663",,Invoice,,04/17/2024,,AS010104,,OAK INTEGRATED SYSTEMS PVT LTD,,Dual Port  E10G21 - F2  Adapter Card,,04/17/2024,,,,Synology:Dual Port F2 Card,,,,Synology,,Sal:RS,,AS,,Taxable Sales,,,,Accounts Receivable,,Paid,,,,,,1.00,,,,,,"8,062,012.00",,Income,,0.00,,,,,,,,,,0.00
,,,"7,663",,Invoice,,04/17/2024,,AS010104,,OAK INTEGRATED SYSTEMS PVT LTD,,2U Rail Kit,,04/17/2024,,,,Synology:2 U Sliding Rail Kit,,,,Synology,,Sal:RS,,AS,,Taxable Sales,,,,Accounts Receivable,,Paid,,,,,,2.00,,,,,,"8,062,012.00",,Income,,0.00,,,,,,,,,,0.00
,,,"7,663",,Invoice,,04/17/2024,,AS010104,,OAK INTEGRATED SYSTEMS PVT LTD,,McAfee Anti-virus License,,04/17/2024,,,,Software:McAfee Anti-Virus (McAfee Anti-virus License),,McAfee Anti-virus License,,Synology,,Sal:RS,,AS,,Taxable Sales,,,,Accounts Receivable,,Paid,,,,,,10.00,,"10,000.00",,"100,000.00",,"8,162,012.00",,Income,,0.00,,,,,,,,,,0.00
,,,"7,663",,Invoice,,04/17/2024,,AS010104,,OAK INTEGRATED SYSTEMS PVT LTD,,Special Discount,,04/17/2024,,,,Discount,,,,Sales Discount,,Sal:RS,,AS,,Taxable Sales,,,,Accounts Receivable,,Paid,,,,,,,,"-50,000.00",,"-50,000.00",,"8,112,012.00",,Income,,0.00,,,,,,,,,,0.00
,,,"7,673",,Invoice,,04/20/2024,,AS010105,,LANKA MOUNT CASTLE (PVT) LTD,,Network Adapter card,,04/20/2024,,,,Accs (Accessories),,Accessories,,Hardware,,Sal:EC,,AS,,Taxable Sales,,,,Accounts Receivable,,Paid,,,,,,1.00,,"5,500.00",,"5,500.00",,"8,117,512.00",,Income,,0.00,,,,,,,,,,0.00
,,,"7,673",,Invoice,,04/20/2024,,AS010105,,LANKA MOUNT CASTLE (PVT) LTD,,Sarver and Network troubleshooting  Charges,,04/20/2024,,,,Labour Charges,,,,Support and Maintenance,,Sal:EC,,AS,,Taxable Sales,,,,Accounts Receivable,,Paid,,,,,,1.00,,"14,000.00",,"14,000.00",,"8,131,512.00",,Income,,0.00,,,,,,,,,,0.00
,,,"7,677",,Invoice,,04/22/2024,,AS010106,,LANKA COMMODITY BROKERS LTD,,7GB Storage Space  100GB Transfer Bandwidth  1 Nos Fixed IP. (Clean)  SPF/ DKIM Supported  Spam ...,,04/22/2024,,,,Host Email,,,,Support and Maintenance,,Mnt,,AS,,Taxable Sales,,,,Accounts Receivable,,Paid,,,,,,1.00,,"18,595.85",,"18,595.85",,"8,150,107.85",,Income,,0.00,,,,,,,,,,0.00
,,,"7,678",,Invoice,,04/22/2024,,AS010107,,LANKA COMMODITY BROKERS LTD,,Anti Spam Service,,04/22/2024,,,,Services,,,,Support and Maintenance,,Mnt,,AS,,Taxable Sales,,,,Accounts Receivable,,Paid,,,,,,1.00,,"6,777.10",,"6,777.10",,"8,156,884.95",,Income,,0.00,,,,,,,,,,0.00
,,,"7,679",,Invoice,,04/22/2024,,AS010108,,LANKA MOUNT CASTLE (PVT) LTD,,20GB Storage Capacity with 30 Email Accounts,,04/22/2024,,,,Host Email,,,,Support and Maintenance,,Mnt,,AS,,Taxable Sales,,,,Accounts Receivable,,Paid,,,,,,1.00,,"15,250.00",,"15,250.00",,"8,172,134.95",,Income,,0.00,,,,,,,,,,0.00
,,,"7,680",,Invoice,,04/22/2024,,AS010109,,Paramount Technology,,BDCOM S1508E Switch,,04/22/2024,,,,BDCOM:S1508E,,,,BDCOM,,Sal:RS,,AR,,Non-Taxable Sales,,,,Accounts Receivable,,Paid,,,,,,1.00,,"6,500.00",,"6,500.00",,"8,178,634.95",,Income,,0.00,,,,,,,,,,0.00
,,,"7,680",,Invoice,,04/22/2024,,AS010109,,Paramount Technology,,BDCOM S1016 16 Port 100M BaseT 1U Rack Mounted,,04/22/2024,,,,BDCOM:S1016 (BDCOM S1016 16 Port 100M BaseT 1U Rack Mounted),,BDCOM S1016 16 Port 100M BaseT 1U Rack Mounted,,BDCOM,,Sal:RS,,AR,,Non-Taxable Sales,,,,Accounts Receivable,,Paid,,,,,,1.00,,"13,000.00",,"13,000.00",,"8,191,634.95",,Income,,0.00,,,,,,,,,,0.00
,,,"7,681",,Invoice,,04/22/2024,,AS010110,,Barclays Computers (Pvt) Ltd,,BDCOM S1508E 8 Port  1G Switch,,04/22/2024,,,,BDCOM:S1508E,,,,BDCOM,,Sal:RS,,AR,,Taxable Sales,,,,Accounts Receivable,,Paid,,,,,,5.00,,"5,350.00",,"26,750.00",,"8,218,384.95",,Income,,0.00,,,,,,,,,,0.00
,,,"7,682",,Invoice,,04/22/2024,,AS010111,,TechBio Distribution Lanka (Pvt) Ltd,,4 TB Seagate Ironwolf NAS Hard Drive,,04/22/2024,,,,HDD:4 TB NAS HDD (4 TB Seagate Ironwolf NAS Hard Drive),,4 TB Seagate Ironwolf NAS Hard Drive,,Hard Drive,,Sal:RS,,A,,Taxable Sales,,,,Accounts Receivable,,Paid,,,,,,1.00,,"48,000.00",,"48,000.00",,"8,266,384.95",,Income,,0.00,,,,,,,,,,0.00
,,,"7,683",,Invoice,,04/22/2024,,AS010112,,AL - ARAF HOTELS & RESORT (PVT) LTD,,Hosting charges for 10 email Accounts (10$),,04/22/2024,,,,Hosting (Hosting),,Hosting,,Support and Maintenance,,Sal:EC,,AS,,Taxable Sales,,,,Accounts Receivable,,Paid,,,,,,1.00,,"3,050.00",,"3,050.00",,"8,269,434.95",,Income,,0.00,,,,,,,,,,0.00
,,,"7,686",,Invoice,,04/24/2024,,AS010113,,ABC Computers,,Synology DiskStation DS423+ 4Bay,,04/24/2024,,,,Synology:DS423+ (Synology DiskStation DS423+ 4Bay),,Synology DiskStation DS423+ 4Bay,,Synology,,Sal:RS,,AD,,Taxable Sales,,,,Accounts Receivable,,Paid,,,,,,1.00,,"195,000.00",,"195,000.00",,"8,464,434.95",,Income,,0.00,,,,,,,,,,0.00
,,,"7,686",,Invoice,,04/24/2024,,AS010113,,ABC Computers,,2 TB Seagate Ironwolf NAS Hard Drive,,04/24/2024,,,,HDD:2 TB NAS (2 TB Seagate Ironwolf NAS Hard Drive),,2 TB Seagate Ironwolf NAS Hard Drive,,Hard Drive,,Sal:RS,,AD,,Taxable Sales,,,,Accounts Receivable,,Paid,,,,,,3.00,,"41,000.00",,"123,000.00",,"8,587,434.95",,Income,,0.00,,,,,,,,,,0.00
,,,"7,687",,Invoice,,04/24/2024,,AS010114,,ABC Computers,,Synology DiskStation DS423+ 4Bay,,04/24/2024,,,,Synology:DS423+ (Synology DiskStation DS423+ 4Bay),,Synology DiskStation DS423+ 4Bay,,Synology,,Sal:RS,,AD,,Taxable Sales,,,,Accounts Receivable,,Paid,,,,,,1.00,,"195,000.00",,"195,000.00",,"8,782,434.95",,Income,,0.00,,,,,,,,,,0.00
,,,"7,687",,Invoice,,04/24/2024,,AS010114,,ABC Computers,,2 TB Seagate Ironwolf NAS Hard Drive,,04/24/2024,,,,HDD:2 TB NAS (2 TB Seagate Ironwolf NAS Hard Drive),,2 TB Seagate Ironwolf NAS Hard Drive,,Hard Drive,,Sal:RS,,AD,,Taxable Sales,,,,Accounts Receivable,,Paid,,,,,,3.00,,"41,000.00",,"123,000.00",,"8,905,434.95",,Income,,0.00,,,,,,,,,,0.00
,,,"7,719",,Invoice,,04/30/2024,,AS010115,,Sahasra Studio Pvt Ltd,,Synology 4TB NAS HDD,,04/30/2024,,,,HDD:HAT3300-4T (Synology 4TB Plus HDD),,Synology 4TB Plus HDD,,Hard Drive,,Sal:RS,,AD,,Non-Taxable Sales,,,,Accounts Receivable,,Paid,,,,,,2.00,,"60,360.00",,"120,720.00",,"9,026,154.95",,Income,,0.00,,,,,,,,,,0.00
,,,"7,720",,Invoice,,04/30/2024,,AS010116,,Premier IT Solutions (pvt) Ltd,, Snology DS 916 Unit  Compatible Power Adaptor,,04/30/2024,,,,Accs (Accessories),,Accessories,,Hardware,,Sal:RS,,AD,,Non-Taxable Sales,,,,Accounts Receivable,,Paid,,,,,,1.00,,"23,600.00",,"23,600.00",,"9,049,754.95",,Income,,0.00,,,,,,,,,,0.00
,,,"7,721",,Invoice,,05/02/2024,,AS010117,,Abeygunawardene Associates (Pvt) Ltd,,Synology 4TB NAS HDD,,05/02/2024,,,,HDD:HAT3300-4T (Synology 4TB Plus HDD),,Synology 4TB Plus HDD,,Hard Drive,,Sal:EC,,AD,,Non-Taxable Sales,,,,Accounts Receivable,,Paid,,,,,,1.00,,"58,000.00",,"58,000.00",,"9,107,754.95",,Income,,0.00,,,,,,,,,,0.00
,,,"7,722",,Invoice,,05/02/2024,,AS010118,,LANKA MOUNT CASTLE (PVT) LTD,,BDCOM S1016 16 Port 100M BaseT 1U Rack Mounted,,05/02/2024,,,,BDCOM:S1016 (BDCOM S1016 16 Port 100M BaseT 1U Rack Mounted),,BDCOM S1016 16 Port 100M BaseT 1U Rack Mounted,,BDCOM,,,,AS,,Taxable Sales,,,,Accounts Receivable,,Paid,,,,,,1.00,,"13,500.00",,"13,500.00",,"9,121,254.95",,Income,,0.00,,,,,,,,,,0.00
,,,"7,722",,Invoice,,05/02/2024,,AS010118,,LANKA MOUNT CASTLE (PVT) LTD,,Labour & Transport Charges,,05/02/2024,,,,Labour Charges,,,,Support and Maintenance,,,,AS,,Taxable Sales,,,,Accounts Receivable,,Paid,,,,,,1.00,,"8,000.00",,"8,000.00",,"9,129,254.95",,Income,,0.00,,,,,,,,,,0.00
,,,"7,724",,Invoice,,05/02/2024,,AS010119,,Ascension Technologies (Pvt) Ltd,,Synology Diskstation DS223  2Bay,,05/02/2024,,,,Synology:DS223 (Synology Diskstation DS223  2Bay),,Synology Diskstation DS223  2Bay,,Synology,,Sal:RS,,AD,,Taxable Sales,,,,Accounts Receivable,,Paid,,,,,,1.00,,"101,000.00",,"101,000.00",,"9,230,254.95",,Income,,0.00,,,,,,,,,,0.00
,,,"7,724",,Invoice,,05/02/2024,,AS010119,,Ascension Technologies (Pvt) Ltd,,Synology 6TB NAS Hard Drive,,05/02/2024,,,,HDD:HAT3300-6T (Synology 6TB Plus Hard Drive),,Synology 6TB Plus Hard Drive,,Hard Drive,,Sal:RS,,AD,,Taxable Sales,,,,Accounts Receivable,,Paid,,,,,,2.00,,"68,000.00",,"136,000.00",,"9,366,254.95",,Income,,0.00,,,,,,,,,,0.00
,,,"7,727",,Invoice,,05/03/2024,,AS010120,,"MBC Networks(Pvt)Ltd,",,12TB Exose HDD Rental for 1 Week,,05/03/2024,,,,Rental,,,,Other Sales,,Sal:EC,,AS,,Non-Taxable Sales,,,,Accounts Receivable,,Paid,,,,,,1.00,,"11,800.00",,"11,800.00",,"9,378,054.95",,Income,,0.00,,,,,,,,,,0.00
,,,"7,728",,Invoice,,05/03/2024,,AS010121,,Softlogic Information Technologies (Pvt),,Synology RackStation RS1221RP+ 4GB RAM,,05/03/2024,,,,Synology:RS1221RP+,,,,Synology,,Sal:RS,,A,,Taxable Sales,,,,Accounts Receivable,,Paid,,,,,,1.00,,"670,000.00",,"670,000.00",,"10,048,054.95",,Income,,0.00,,,,,,,,,,0.00
,,,"7,728",,Invoice,,05/03/2024,,AS010121,,Softlogic Information Technologies (Pvt),,Synology 8TB NAS Hard Drive,,05/03/2024,,,,HDD:HAT3310-8T (Synology 8TB Plus Hard Drive),,Synology 8TB Plus Hard Drive,,Hard Drive,,Sal:RS,,A,,Taxable Sales,,,,Accounts Receivable,,Paid,,,,,,4.00,,"82,500.00",,"330,000.00",,"10,378,054.95",,Income,,0.00,,,,,,,,,,0.00
,,,"7,728",,Invoice,,05/03/2024,,AS010121,,Softlogic Information Technologies (Pvt),,2U Rail Kit,,05/03/2024,,,,Synology:2 U Sliding Rail Kit,,,,Synology,,Sal:RS,,A,,Taxable Sales,,,,Accounts Receivable,,Paid,,,,,,1.00,,,,,,"10,378,054.95",,Income,,0.00,,,,,,,,,,0.00
,,,"7,729",,Invoice,,05/03/2024,,AS010122,,IT Galaxy (Pvt) Ltd,,Synology NAS DS923+ 4 Bay NAS,,05/03/2024,,,,Synology:DS923+ (Synology NAS DS923+ 4 Bay NAS),,Synology NAS DS923+ 4 Bay NAS,,Synology,,Sal:RS,,SA,,Taxable Sales,,,,Accounts Receivable,,Paid,,,,,,1.00,,"224,000.00",,"224,000.00",,"10,602,054.95",,Income,,0.00,,,,,,,,,,0.00
,,,"7,729",,Invoice,,05/03/2024,,AS010122,,IT Galaxy (Pvt) Ltd,,Synology 8TB NAS Hard Drive,,05/03/2024,,,,HDD:HAT3310-8T (Synology 8TB Plus Hard Drive),,Synology 8TB Plus Hard Drive,,Hard Drive,,Sal:RS,,SA,,Taxable Sales,,,,Accounts Receivable,,Paid,,,,,,2.00,,"90,000.00",,"180,000.00",,"10,782,054.95",,Income,,0.00,,,,,,,,,,0.00
,,,"7,737",,Invoice,,05/06/2024,,AS010123,,Apex Business Solutions PVT Ltd.,,Synology 8TB NAS Hard Drive,,05/06/2024,,,,HDD:HAT3310-8T (Synology 8TB Plus Hard Drive),,Synology 8TB Plus Hard Drive,,Hard Drive,,Sal:RS,,AD,,Taxable Sales,,,,Accounts Receivable,,Paid,,,,,,2.00,,"90,000.00",,"180,000.00",,"10,962,054.95",,Income,,0.00,,,,,,,,,,0.00
,,,"7,738",,Invoice,,05/07/2024,,AS010124,,Apex Business Solutions PVT Ltd.,,Synology Rackstation RS822RP+,,05/07/2024,,,,Synology:RS822RP+ (Synology Rackstation RS822RP+),,Synology Rackstation RS822RP+,,Synology,,Sal:RS,,SA,,Taxable Sales,,,,Accounts Receivable,,Paid,,,,,,1.00,,"506,000.00",,"506,000.00",,"11,468,054.95",,Income,,0.00,,,,,,,,,,0.00
,,,"7,738",,Invoice,,05/07/2024,,AS010124,,Apex Business Solutions PVT Ltd.,,Synology 6TB NAS Hard Drive,,05/07/2024,,,,HDD:HAT3300-6T (Synology 6TB Plus Hard Drive),,Synology 6TB Plus Hard Drive,,Hard Drive,,Sal:RS,,SA,,Taxable Sales,,,,Accounts Receivable,,Paid,,,,,,4.00,,"68,000.00",,"272,000.00",,"11,740,054.95",,Income,,0.00,,,,,,,,,,0.00
,,,"7,738",,Invoice,,05/07/2024,,AS010124,,Apex Business Solutions PVT Ltd.,,1U Rail Kit,,05/07/2024,,,,Synology:1 U Fixed Rail Kit,,,,Synology,,Sal:RS,,SA,,Taxable Sales,,,,Accounts Receivable,,Paid,,,,,,1.00,,,,,,"11,740,054.95",,Income,,0.00,,,,,,,,,,0.00
,,,"7,739",,Invoice,,05/07/2024,,AS010125,,TechCERT,,Acronis Cyber Protect Home Office Essentials Subscription   3 Computers,,05/07/2024,,,,Acronis:Acronis Cyber Protect Home Offi (Acronis Cyber Protect Home Office),,Acronis Cyber Protect Home Office,,Acronics,,Sal:EC,,AS,,Taxable Sales,,,,Accounts Receivable,,Paid,,,,,,1.00,,"22,400.00",,"22,400.00",,"11,762,454.95",,Income,,0.00,,,,,,,,,,0.00
,,,"7,739",,Invoice,,05/07/2024,,AS010125,,TechCERT,,Acronis Cyber Protect Home Office Essential Subscription   5 Computers  ,,05/07/2024,,,,Acronis:Acronis Cyber Protect Home Offi (Acronis Cyber Protect Home Office),,Acronis Cyber Protect Home Office,,Acronics,,Sal:EC,,AS,,Taxable Sales,,,,Accounts Receivable,,Paid,,,,,,2.00,,"28,000.00",,"56,000.00",,"11,818,454.95",,Income,,0.00,,,,,,,,,,0.00
,,,"7,742",,Invoice,,05/08/2024,,AS010126,,Paramount Technology,,BDCOM S1008 8 Port 10/100 BaseT Standard Switch,,05/08/2024,,,,BDCOM:S1008 (BDCOM S1008 8 Port 10/100 BaseT Standard Switch),,BDCOM S1008 8 Port 10/100 BaseT Standard Switch,,BDCOM,,Sal:EC,,AR,,Non-Taxable Sales,,,,Accounts Receivable,,Paid,,,,,,1.00,,"3,900.00",,"3,900.00",,"11,822,354.95",,Income,,0.00,,,,,,,,,,0.00
,,,"7,745",,Invoice,,05/09/2024,,AS010127,,ABC Computers,,Synology DiskStation DS423+ 4Bay,,05/09/2024,,,,Synology:DS423+ (Synology DiskStation DS423+ 4Bay),,Synology DiskStation DS423+ 4Bay,,Synology,,Sal:RS,,AD,,Taxable Sales,,,,Accounts Receivable,,Paid,,,,,,1.00,,"195,000.00",,"195,000.00",,"12,017,354.95",,Income,,0.00,,,,,,,,,,0.00
,,,"7,745",,Invoice,,05/09/2024,,AS010127,,ABC Computers,,Synology 4TB Plus HDD,,05/09/2024,,,,HDD:HAT3300-4T (Synology 4TB Plus HDD),,Synology 4TB Plus HDD,,Hard Drive,,Sal:RS,,AD,,Taxable Sales,,,,Accounts Receivable,,Paid,,,,,,4.00,,"46,000.00",,"184,000.00",,"12,201,354.95",,Income,,0.00,,,,,,,,,,0.00
,,,"7,746",,Invoice,,05/09/2024,,AS010128,,OAK INTEGRATED SYSTEMS PVT LTD,,Synology Rack Station RS822+,,05/09/2024,,,,RS822+ (Synology Rack Station RS822+),,Synology Rack Station RS822+,,Synology,,Sal:RS,,A,,Taxable Sales,,,,Accounts Receivable,,Paid,,,,,,1.00,,"435,000.00",,"435,000.00",,"12,636,354.95",,Income,,0.00,,,,,,,,,,0.00
,,,"7,746",,Invoice,,05/09/2024,,AS010128,,OAK INTEGRATED SYSTEMS PVT LTD,,Synology 4TB Plus HDD,,05/09/2024,,,,HDD:HAT3300-4T (Synology 4TB Plus HDD),,Synology 4TB Plus HDD,,Hard Drive,,Sal:RS,,A,,Taxable Sales,,,,Accounts Receivable,,Paid,,,,,,2.00,,"46,300.00",,"92,600.00",,"12,728,954.95",,Income,,0.00,,,,,,,,,,0.00
,,,"7,746",,Invoice,,05/09/2024,,AS010128,,OAK INTEGRATED SYSTEMS PVT LTD,,1U Rail Kit,,05/09/2024,,,,Synology:1 U Fixed Rail Kit,,,,Synology,,Sal:RS,,A,,Taxable Sales,,,,Accounts Receivable,,Paid,,,,,,1.00,,,,,,"12,728,954.95",,Income,,0.00,,,,,,,,,,0.00
,,,"7,747",,Invoice,,05/09/2024,,AS010129,,Adapt Information Technologies,,Synology RackStation RS422+,,05/09/2024,,,,Synology:RS422+ (Synology RackStation RS422+),,Synology RackStation RS422+,,Synology,,Sal:RS,,A,,Taxable Sales,,,,Accounts Receivable,,Paid,,,,,,1.00,,"362,000.00",,"362,000.00",,"13,090,954.95",,Income,,0.00,,,,,,,,,,0.00
,,,"7,747",,Invoice,,05/09/2024,,AS010129,,Adapt Information Technologies,,Synology 8TB Plus Hard Drive,,05/09/2024,,,,HDD:HAT3310-8T (Synology 8TB Plus Hard Drive),,Synology 8TB Plus Hard Drive,,Hard Drive,,Sal:RS,,A,,Taxable Sales,,,,Accounts Receivable,,Paid,,,,,,2.00,,"88,500.00",,"177,000.00",,"13,267,954.95",,Income,,0.00,,,,,,,,,,0.00
,,,"7,747",,Invoice,,05/09/2024,,AS010129,,Adapt Information Technologies,,Synology RackStation RS422+,,05/09/2024,,,,Synology:RS422+ (Synology RackStation RS422+),,Synology RackStation RS422+,,Synology,,Sal:RS,,A,,Taxable Sales,,,,Accounts Receivable,,Paid,,,,,,1.00,,"350,000.00",,"350,000.00",,"13,617,954.95",,Income,,0.00,,,,,,,,,,0.00
,,,"7,747",,Invoice,,05/09/2024,,AS010129,,Adapt Information Technologies,,Synology 8TB Plus Hard Drive,,05/09/2024,,,,HDD:HAT3310-8T (Synology 8TB Plus Hard Drive),,Synology 8TB Plus Hard Drive,,Hard Drive,,Sal:RS,,A,,Taxable Sales,,,,Accounts Receivable,,Paid,,,,,,3.00,,"88,500.00",,"265,500.00",,"13,883,454.95",,Income,,0.00,,,,,,,,,,0.00
,,,"7,747",,Invoice,,05/09/2024,,AS010129,,Adapt Information Technologies,,1U Rail Kit,,05/09/2024,,,,Synology:1 U Fixed Rail Kit,,,,Synology,,Sal:RS,,A,,Taxable Sales,,,,Accounts Receivable,,Paid,,,,,,2.00,,,,,,"13,883,454.95",,Income,,0.00,,,,,,,,,,0.00
,,,"7,763",,Invoice,,05/10/2024,,AS010130,,Touch Solution Systems (Private) Limited,,Synology NAS DS1621+  6 Bay,,05/10/2024,,,,Synology:DS1621+ (Synology NAS DS1621+  6 Bay),,Synology NAS DS1621+  6 Bay,,Synology,,Sal:RS,,A,,Taxable Sales,,,,Accounts Receivable,,Paid,,,,,,1.00,,"340,000.00",,"340,000.00",,"14,223,454.95",,Income,,0.00,,,,,,,,,,0.00
,,,"7,763",,Invoice,,05/10/2024,,AS010130,,Touch Solution Systems (Private) Limited,,Synology 8TB Plus Hard Drive,,05/10/2024,,,,HDD:HAT3310-8T (Synology 8TB Plus Hard Drive),,Synology 8TB Plus Hard Drive,,Hard Drive,,Sal:RS,,A,,Taxable Sales,,,,Accounts Receivable,,Paid,,,,,,6.00,,"86,000.00",,"516,000.00",,"14,739,454.95",,Income,,0.00,,,,,,,,,,0.00
,,,"7,766",,Invoice,,05/11/2024,,AS010131,,Synergy Ventures,,Installation of Office 2019 Pro,,05/11/2024,,,,Software,,,,Software,,Sal:EC,,AS,,Non-Taxable Sales,,,,Accounts Receivable,,Paid,,,,,,1.00,,"7,080.00",,"7,080.00",,"14,746,534.95",,Income,,0.00,,,,,,,,,,0.00
,,,"7,803",,Invoice,,05/15/2024,,AS010132,,LTL Transformers Pvt Ltd,,Compatible Power Adapter for DS918+,,05/15/2024,,,,Accs (Accessories),,Accessories,,Hardware,,Sal:EC,,A,,Taxable Sales,,,,Accounts Receivable,,Paid,,,,,,1.00,,"25,000.00",,"25,000.00",,"14,771,534.95",,Income,,0.00,,,,,,,,,,0.00
,,,"7,813",,Invoice,,05/15/2024,,AS010133,,Apex Business Solutions PVT Ltd.,,BDCOM S1508E Switch,,05/15/2024,,,,BDCOM:S1508E,,,,BDCOM,,Sal:RS,,AD,,Taxable Sales,,,,Accounts Receivable,,Paid,,,,,,1.00,,"5,508.475",,"5,508.48",,"14,777,043.43",,Income,,0.00,,,,,,,,,,0.00
,,,"7,819",,Invoice,,05/16/2024,,AS010134,,Premier IT Solutions (pvt) Ltd,,Synology 4TB NAS HDD,,05/16/2024,,,,HDD:HAT3300-4T (Synology 4TB Plus HDD),,Synology 4TB Plus HDD,,Hard Drive,,Sal:RS,,AD,,Taxable Sales,,,,Accounts Receivable,,Paid,,,,,,1.00,,"44,000.00",,"44,000.00",,"14,821,043.43",,Income,,0.00,,,,,,,,,,0.00
,,,"7,820",,Invoice,,05/16/2024,,AS010135,,LANKA COMMODITY BROKERS LTD,,Anti Spam Service,,05/16/2024,,,,Services,,,,Support and Maintenance,,Mnt,,AS,,Taxable Sales,,,,Accounts Receivable,,Paid,,,,,,1.00,,"6,788.21",,"6,788.21",,"14,827,831.64",,Income,,0.00,,,,,,,,,,0.00
,,,"7,821",,Invoice,,05/16/2024,,AS010136,,LANKA COMMODITY BROKERS LTD,,7GB Storage Space  100GB Transfer Bandwidth  1 Nos Fixed IP. (Clean)  SPF/ DKIM Supported  Spam ...,,05/16/2024,,,,Host Email,,,,Support and Maintenance,,Mnt,,AS,,Taxable Sales,,,,Accounts Receivable,,Paid,,,,,,1.00,,"18,626.33",,"18,626.33",,"14,846,457.97",,Income,,0.00,,,,,,,,,,0.00
,,,"7,822",,Invoice,,05/16/2024,,AS010137,,LANKA MOUNT CASTLE (PVT) LTD,,20GB Storage Capacity with 30 Email Accounts,,05/16/2024,,,,Host Email,,,,Support and Maintenance,,Mnt,,AS,,Taxable Sales,,,,Accounts Receivable,,Paid,,,,,,1.00,,"15,275.00",,"15,275.00",,"14,861,732.97",,Income,,0.00,,,,,,,,,,0.00
,,,"7,823",,Invoice,,05/16/2024,,AS010138,,AL - ARAF HOTELS & RESORT (PVT) LTD,,Hosting charges for 10 email Accounts (10$),,05/16/2024,,,,Hosting (Hosting),,Hosting,,Support and Maintenance,,Sal:EC,,AS,,Taxable Sales,,,,Accounts Receivable,,Paid,,,,,,1.00,,"3,055.00",,"3,055.00",,"14,864,787.97",,Income,,0.00,,,,,,,,,,0.00
,,,"7,824",,Invoice,,05/17/2024,,AS010139,,SLT VisionCom (Pvt) Ltd,,Maintenance  Agreement,,05/17/2024,,,,MA (Maintenance  Agreement),,Maintenance  Agreement,,Support and Maintenance,,Sal:EC,,A,,Taxable Sales,,,,Accounts Receivable,,Paid,,,,,,1.00,,"295,061.00",,"295,061.00",,"15,159,848.97",,Income,,0.00,,,,,,,,,,0.00
,,,"7,960",,Invoice,,05/21/2024,,AS010140,,Ceylinco General Insurance Limited,,Extended Warranty  Agreement,,05/21/2024,,,,MA (Maintenance  Agreement),,Maintenance  Agreement,,Support and Maintenance,,Mnt,,AS,,Non-Taxable Sales,,,,Accounts Receivable,,Paid,,,,,,1.00,,,,,,"15,159,848.97",,Income,,0.00,,,,,,,,,,0.00
,,,"7,960",,Invoice,,05/21/2024,,AS010140,,Ceylinco General Insurance Limited,,Unit 01 - Synology NAS DS1512+,,05/21/2024,,,,MA (Maintenance  Agreement),,Maintenance  Agreement,,Support and Maintenance,,Mnt,,AS,,Taxable Sales,,,,Accounts Receivable,,Paid,,,,,,1.00,,"202,608.00",,"202,608.00",,"15,362,456.97",,Income,,0.00,,,,,,,,,,0.00
,,,"7,960",,Invoice,,05/21/2024,,AS010140,,Ceylinco General Insurance Limited,,Unit 02 - Synology NAS DS1511+,,05/21/2024,,,,MA (Maintenance  Agreement),,Maintenance  Agreement,,Support and Maintenance,,Mnt,,AS,,Taxable Sales,,,,Accounts Receivable,,Paid,,,,,,1.00,,"202,608.00",,"202,608.00",,"15,565,064.97",,Income,,0.00,,,,,,,,,,0.00
,,,"7,960",,Invoice,,05/21/2024,,AS010140,,Ceylinco General Insurance Limited,,Unit 03 - Synology NAS DS1512+,,05/21/2024,,,,MA (Maintenance  Agreement),,Maintenance  Agreement,,Support and Maintenance,,Mnt,,AS,,Taxable Sales,,,,Accounts Receivable,,Paid,,,,,,1.00,,"202,608.00",,"202,608.00",,"15,767,672.97",,Income,,0.00,,,,,,,,,,0.00
,,,"7,962",,Invoice,,05/21/2024,,AS010141,,E-Screen Systems (Pvt) Ltd,,Configuration and Transport Charges - ( Onsite ),,05/21/2024,,,,Services,,,,Support and Maintenance,,Sal:EC,,A,,Taxable Sales,,,,Accounts Receivable,,Paid,,,,,,1.00,,"20,000.00",,"20,000.00",,"15,787,672.97",,Income,,0.00,,,,,,,,,,0.00
,,,"7,981",,Invoice,,05/21/2024,,AS010142,,NextGen Holdings,,Synology NAS DS1821+ 8 Bay NAS,,05/21/2024,,,,Synology:DS1821+ (Synology NAS DS1821+ 8 Bay NAS),,Synology NAS DS1821+ 8 Bay NAS,,Synology,,Sal:RS,,AD,,Taxable Sales,,,,Accounts Receivable,,Paid,,,,,,1.00,,"413,000.00",,"413,000.00",,"16,200,672.97",,Income,,0.00,,,,,,,,,,0.00
,,,"7,981",,Invoice,,05/21/2024,,AS010142,,NextGen Holdings,,Synology 4TB NAS HDD,,05/21/2024,,,,HDD:HAT3300-4T (Synology 4TB Plus HDD),,Synology 4TB Plus HDD,,Hard Drive,,Sal:RS,,AD,,Taxable Sales,,,,Accounts Receivable,,Paid,,,,,,3.00,,"47,666.666",,"143,000.00",,"16,343,672.96",,Income,,0.00,,,,,,,,,,0.00
,,,"7,994",,Invoice,,05/22/2024,,AS010143,,Alphasonic Technologies (Pvt) Ltd,,Draytek Vigor 2915 Security Appliance,,05/22/2024,,,,Draytek:Vigor 2915 (Draytek Vigor 2915 Security Appliance),,Draytek Vigor 2915 Security Appliance,,Draytek,,Sal:RS,,A,,Taxable Sales,,,,Accounts Receivable,,Paid,,,,,,2.00,,"43,500.00",,"87,000.00",,"16,430,672.96",,Income,,0.00,,,,,,,,,,0.00
,,,"7,995",,Invoice,,05/22/2024,,AS010144,,HEMSONS INTERNATIONAL (Pte) Ltd,,Synology 4TB Plus HDD,,05/22/2024,,,,HDD:HAT3300-4T (Synology 4TB Plus HDD),,Synology 4TB Plus HDD,,Hard Drive,,Sal:EC,,A,,Taxable Sales,,,,Accounts Receivable,,Paid,,,,,,1.00,,"44,000.00",,"44,000.00",,"16,474,672.96",,Income,,0.00,,,,,,,,,,0.00
,,,"7,997",,Invoice,,05/22/2024,,AS010145,,A S General Trading Company,,BDCOM POE S1000-8P2F  8Port 100M Switch,,05/22/2024,,,,BDCOM:S1000-8P2F (BDCOM POE S1000-8P2F  8Port 100M Switch),,BDCOM POE S1000-8P2F  8Port 100M Switch,,BDCOM,,Sal:RS,,AS,,Non-Taxable Sales,,,,Accounts Receivable,,Paid,,,,,,1.00,,"9,475.00",,"9,475.00",,"16,484,147.96",,Income,,0.00,,,,,,,,,,0.00
,,,"8,005",,Invoice,,05/28/2024,,AS010146,,E-Screen Systems (Pvt) Ltd,,DrayTek Vigor 2927 License Key,,05/28/2024,,,,Cyren Key (DrayTek Cyren Key),,DrayTek Cyren Key,,Other Sales,,Sal:EC,,A,,Taxable Sales,,,,Accounts Receivable,,Paid,,,,,,1.00,,"20,000.00",,"20,000.00",,"16,504,147.96",,Income,,0.00,,,,,,,,,,0.00
,,,"8,008",,Invoice,,05/29/2024,,AS010147,,Associated Electrical Corporation Limited,,ESET Protect Advance Cloud,,05/29/2024,,,,ESET,,,,Software,,Sal:RS,,AD,,Taxable Sales,,,,Accounts Receivable,,Paid,,,,,,34.00,,"3,810.00",,"129,540.00",,"16,633,687.96",,Income,,0.00,,,,,,,,,,0.00
,,,"8,013",,Invoice,,05/29/2024,,AS010148,,A S General Trading Company,,BDCOM S1500-8P2G Switch,,05/29/2024,,,,BDCOM:S1500-8P2G (BDCOM S1500-8P2G Switch),,BDCOM S1500-8P2G Switch,,BDCOM,,Sal:EC,,AR,,Non-Taxable Sales,,,,Accounts Receivable,,Paid,,,,,,1.00,,"15,500.00",,"15,500.00",,"16,649,187.96",,Income,,0.00,,,,,,,,,,0.00
,,,"8,014",,Invoice,,05/30/2024,,AS010149,,Base Hp (Pvt) Ltd,,Synology NAS DS923+ 4 Bay NAS,,05/30/2024,,,,Synology:DS923+ (Synology NAS DS923+ 4 Bay NAS),,Synology NAS DS923+ 4 Bay NAS,,Synology,,Sal:RS,,A,,Taxable Sales,,,,Accounts Receivable,,Paid,,,,,,1.00,,"287,000.00",,"287,000.00",,"16,936,187.96",,Income,,0.00,,,,,,,,,,0.00
,,,"8,014",,Invoice,,05/30/2024,,AS010149,,Base Hp (Pvt) Ltd,,2 TB Seagate Ironwolf NAS Hard Drive,,05/30/2024,,,,HDD:2 TB NAS (2 TB Seagate Ironwolf NAS Hard Drive),,2 TB Seagate Ironwolf NAS Hard Drive,,Hard Drive,,Sal:RS,,A,,Taxable Sales,,,,Accounts Receivable,,Paid,,,,,,2.00,,,,,,"16,936,187.96",,Income,,0.00,,,,,,,,,,0.00
,,,"8,053",,Invoice,,05/31/2024,,AS010150,,GP Garments (Pvt) Ltd,,Data Recovery Process Charges,,05/31/2024,,,,Services,,,,Support and Maintenance,,Sal:EC,,A,,Taxable Sales,,,,Accounts Receivable,,Paid,,,,,,1.00,,"60,000.00",,"60,000.00",,"16,996,187.96",,Income,,0.00,,,,,,,,,,0.00
,,,"8,054",,Invoice,,05/31/2024,,AS010151,,OAK INTEGRATED SYSTEMS PVT LTD,,Synology Product Training Charges - Onsite Taiwan,,05/31/2024,,,,Services,,,,Support and Maintenance,,Sal:RS,,AS,,Taxable Sales,,,,Accounts Receivable,,Paid,,,,,,1.00,,"1,400,000.00",,"1,400,000.00",,"18,396,187.96",,Income,,0.00,,,,,,,,,,0.00
,,,"8,055",,Invoice,,05/31/2024,,AS010152,,Barclays Computers (Pvt) Ltd,,BDCOM POE S1000-8P2F  8Port 100M Switch,,05/31/2024,,,,BDCOM:S1000-8P2F (BDCOM POE S1000-8P2F  8Port 100M Switch),,BDCOM POE S1000-8P2F  8Port 100M Switch,,BDCOM,,Sal:RS,,AR,,Taxable Sales,,,,Accounts Receivable,,Paid,,,,,,17.00,,"9,500.00",,"161,500.00",,"18,557,687.96",,Income,,0.00,,,,,,,,,,0.00
,,,"8,055",,Invoice,,05/31/2024,,AS010152,,Barclays Computers (Pvt) Ltd,,BDCOM S1010-8p-120 Unmanaged 8 Port 10/100 PoE Ports and 2 Ports 10/100 NON PoE,,05/31/2024,,,,BDCOM:S1010-8p-120 (BDCOM S1010-8p-120 Unmanaged 8 Port 10/100 PoE Ports and 2 Ports 10/100 NON ...,,BDCOM S1010-8p-120 Unmanaged 8 Port 10/100 PoE Ports and 2 Ports 10/100 NON PoE,,BDCOM,,Sal:RS,,AR,,Taxable Sales,,,,Accounts Receivable,,Paid,,,,,,14.00,,"15,000.00",,"210,000.00",,"18,767,687.96",,Income,,0.00,,,,,,,,,,0.00
,,,"8,056",,Invoice,,05/31/2024,,AS010153,,Unity Systems Solutions,,14TB Seagate Enterprise Hard Drive,,05/31/2024,,,,HDD:14TB ENT SATA (14TB Seagate Enterprise Hard Drive),,14TB Seagate Enterprise Hard Drive,,Hard Drive,,Sal:RS,,AD,,Taxable Sales,,,,Accounts Receivable,,Paid,,,,,,1.00,,"135,000.00",,"135,000.00",,"18,902,687.96",,Income,,0.00,,,,,,,,,,0.00
,,,"8,057",,Invoice,,05/31/2024,,AS010154,,Asia Pacific Technology Systems (Pvt) Ltd,,Power Supply  PSU 150W - RP - Synology RS822RzP+,,05/31/2024,,,,Power Supply,,,,Hardware,,Sal:RS,,AD,,Taxable Sales,,,,Accounts Receivable,,Paid,,,,,,1.00,,"42,000.00",,"42,000.00",,"18,944,687.96",,Income,,0.00,,,,,,,,,,0.00
,,,"8,059",,Invoice,,06/01/2024,,AS010155,,Latest Technology,,BDCOM S1008 8 Port 10/100 BaseT Standard Switch,,06/01/2024,,,,BDCOM:S1008 (BDCOM S1008 8 Port 10/100 BaseT Standard Switch),,BDCOM S1008 8 Port 10/100 BaseT Standard Switch,,BDCOM,,Sal:EC,,AR,,Non-Taxable Sales,,,,Accounts Receivable,,Paid,,,,,,1.00,,"3,900.00",,"3,900.00",,"18,948,587.96",,Income,,0.00,,,,,,,,,,0.00
,,,"8,060",,Invoice,,06/03/2024,,AS010156,,Data Management Systems (Pvt) Limited,,Synology DS923+ DiskStation,,06/03/2024,,,,DS923+ (Synology DS923+ DiskStation),,Synology DS923+ DiskStation,,Synology,,Sal:RS,,A,,Taxable Sales,,,,Accounts Receivable,,Paid,,,,,,1.00,,"285,000.00",,"285,000.00",,"19,233,587.96",,Income,,0.00,,,,,,,,,,0.00
,,,"8,060",,Invoice,,06/03/2024,,AS010156,,Data Management Systems (Pvt) Limited,,Synology 8TB Enterprise Hard Drive,,06/03/2024,,,,HDD:Synology 8TB ENT (Synology 8TB Enterprise Hard Drive),,Synology 8TB Enterprise Hard Drive,,Hard Drive,,Sal:RS,,A,,Taxable Sales,,,,Accounts Receivable,,Paid,,,,,,3.00,,"133,000.00",,"399,000.00",,"19,632,587.96",,Income,,0.00,,,,,,,,,,0.00
,,,"8,060",,Invoice,,06/03/2024,,AS010156,,Data Management Systems (Pvt) Limited,,,,06/03/2024,,,,Discount,,,,Sales Discount,,Sal:RS,,A,,Taxable Sales,,,,Accounts Receivable,,Paid,,,,,,,,"-21,000.00",,"-21,000.00",,"19,611,587.96",,Income,,0.00,,,,,,,,,,0.00
,,,"8,061",,Invoice,,06/03/2024,,AS010157,,Multi9 Computer Systems,,Synology DS423 4 Bay NAS,,06/03/2024,,,,Synology:DS423 (Synology DS423 4 Bay NAS),,Synology DS423 4 Bay NAS,,Synology,,Sal:RS,,A,,Taxable Sales,,,,Accounts Receivable,,Paid,,,,,,1.00,,"173,460.00",,"173,460.00",,"19,785,047.96",,Income,,0.00,,,,,,,,,,0.00
,,,"8,061",,Invoice,,06/03/2024,,AS010157,,Multi9 Computer Systems,,Synology 4TB NAS HDD Plus Hard Drive,,06/03/2024,,,,HDD:HAT3300-4T (Synology 4TB Plus HDD),,Synology 4TB Plus HDD,,Hard Drive,,Sal:RS,,A,,Taxable Sales,,,,Accounts Receivable,,Paid,,,,,,4.00,,"53,690.00",,"214,760.00",,"19,999,807.96",,Income,,0.00,,,,,,,,,,0.00
,,,"8,062",,Invoice,,06/03/2024,,AS010158,,HEMSONS INTERNATIONAL (Pte) Ltd,,Synology 4TB NAS HDD Plus Hard Drive,,06/03/2024,,,,HDD:HAT3300-4T (Synology 4TB Plus HDD),,Synology 4TB Plus HDD,,Hard Drive,,Sal:RS,,A,,Taxable Sales,,,,Accounts Receivable,,Paid,,,,,,1.00,,"44,000.00",,"44,000.00",,"20,043,807.96",,Income,,0.00,,,,,,,,,,0.00
,,,"8,063",,Invoice,,06/03/2024,,AS010159,,LANKA MOUNT CASTLE (PVT) LTD,,BDCOM S1024B 24 Port 100M BaseT 1U Rack Mounted,,06/03/2024,,,,BDCOM:S1024B (BDCOM S1024B 24 Port 100M BaseT 1U Rack Mounted),,BDCOM S1024B 24 Port 100M BaseT 1U Rack Mounted,,BDCOM,,Sal:EC,,AS,,Taxable Sales,,,,Accounts Receivable,,Paid,,,,,,1.00,,"19,500.00",,"19,500.00",,"20,063,307.96",,Income,,0.00,,,,,,,,,,0.00
,,,"8,063",,Invoice,,06/03/2024,,AS010159,,LANKA MOUNT CASTLE (PVT) LTD,,Installation Charges,,06/03/2024,,,,Services,,,,Support and Maintenance,,Sal:EC,,AS,,Taxable Sales,,,,Accounts Receivable,,Paid,,,,,,1.00,,"8,000.00",,"8,000.00",,"20,071,307.96",,Income,,0.00,,,,,,,,,,0.00
,,,"8,064",,Invoice,,06/04/2024,,AS010160,,AMTEC ELECTRONIC (PVT) LTD,,BDCOM S1008 8 Port 10/100 BaseT Standard Switch,,06/04/2024,,,,BDCOM:S1008 (BDCOM S1008 8 Port 10/100 BaseT Standard Switch),,BDCOM S1008 8 Port 10/100 BaseT Standard Switch,,BDCOM,,Sal:RS,,AR,,Non-Taxable Sales,,,,Accounts Receivable,,Paid,,,,,,3.00,,"3,900.00",,"11,700.00",,"20,083,007.96",,Income,,0.00,,,,,,,,,,0.00
,,,"8,072",,Invoice,,06/04/2024,,AS010161,,MARS Network (Pvt) Ltd,,Synology DS923+ DiskStation,,06/04/2024,,,,DS923+ (Synology DS923+ DiskStation),,Synology DS923+ DiskStation,,Synology,,Sal:RS,,A,,Taxable Sales,,,,Accounts Receivable,,Paid,,,,,,1.00,,"215,000.00",,"215,000.00",,"20,298,007.96",,Income,,0.00,,,,,,,,,,0.00
,,,"8,072",,Invoice,,06/04/2024,,AS010161,,MARS Network (Pvt) Ltd,,Synology 6TB NAS Hard Drive,,06/04/2024,,,,HDD:HAT3300-6T (Synology 6TB Plus Hard Drive),,Synology 6TB Plus Hard Drive,,Hard Drive,,Sal:RS,,A,,Taxable Sales,,,,Accounts Receivable,,Paid,,,,,,4.00,,"66,000.00",,"264,000.00",,"20,562,007.96",,Income,,0.00,,,,,,,,,,0.00
,,,"8,075",,Invoice,,06/05/2024,,AS010162,,Rio Holdings (Pvt) Ltd,,Synology DS216se NAS System Re-Installation Charges,,06/05/2024,,,,Services,,,,Support and Maintenance,,Sal:EC,,AS,,Non-Taxable Sales,,,,Accounts Receivable,,Paid,,,,,,1.00,,"8,850.00",,"8,850.00",,"20,570,857.96",,Income,,0.00,,,,,,,,,,0.00
,,,"8,076",,Invoice,,06/06/2024,,AS010163,,Unity Systems Solutions,,Synology DiskStation DS423+ 4Bay,,06/06/2024,,,,Synology:DS423+ (Synology DiskStation DS423+ 4Bay),,Synology DiskStation DS423+ 4Bay,,Synology,,Sal:RS,,AD,,Taxable Sales,,,,Accounts Receivable,,Paid,,,,,,1.00,,"178,000.00",,"178,000.00",,"20,748,857.96",,Income,,0.00,,,,,,,,,,0.00
,,,"8,076",,Invoice,,06/06/2024,,AS010163,,Unity Systems Solutions,,Synology 8TB  Plus Hard Drive,,06/06/2024,,,,HDD:HAT3310-8T (Synology 8TB Plus Hard Drive),,Synology 8TB Plus Hard Drive,,Hard Drive,,Sal:RS,,AD,,Taxable Sales,,,,Accounts Receivable,,Paid,,,,,,2.00,,"86,000.00",,"172,000.00",,"20,920,857.96",,Income,,0.00,,,,,,,,,,0.00
,,,"8,076",,Invoice,,06/06/2024,,AS010163,,Unity Systems Solutions,,400GB Synology SSD M.2 NVMe (SNV3410-400G),,06/06/2024,,,,HDD:400GB Syno SSD (400GB Synology SSD M.2),,400GB Synology SSD M.2,,Hard Drive,,Sal:RS,,AD,,Taxable Sales,,,,Accounts Receivable,,Paid,,,,,,2.00,,"56,000.00",,"112,000.00",,"21,032,857.96",,Income,,0.00,,,,,,,,,,0.00
,,,"8,077",,Invoice,,06/06/2024,,AS010164,,FT Soft (Pvt) Ltd,,Synology NAS DS923+ 4 Bay NAS,,06/06/2024,,,,Synology:DS923+ (Synology NAS DS923+ 4 Bay NAS),,Synology NAS DS923+ 4 Bay NAS,,Synology,,Sal:RS,,A,,Taxable Sales,,,,Accounts Receivable,,Paid,,,,,,1.00,,"225,000.00",,"225,000.00",,"21,257,857.96",,Income,,0.00,,,,,,,,,,0.00
,,,"8,077",,Invoice,,06/06/2024,,AS010164,,FT Soft (Pvt) Ltd,,Synology 16TB Plus Hard Drive,,06/06/2024,,,,Synology 16TB NAS (Synology 16TB NAS Hard Drive),,Synology 16TB NAS Hard Drive,,Hard Drive,,Sal:RS,,A,,Taxable Sales,,,,Accounts Receivable,,Paid,,,,,,2.00,,"136,000.00",,"272,000.00",,"21,529,857.96",,Income,,0.00,,,,,,,,,,0.00
,,,"8,077",,Invoice,,06/06/2024,,AS010164,,FT Soft (Pvt) Ltd,,Discount,,06/06/2024,,,,Discount,,,,Sales Discount,,Sal:RS,,A,,Taxable Sales,,,,Accounts Receivable,,Paid,,,,,,,,"-7,000.00",,"-7,000.00",,"21,522,857.96",,Income,,0.00,,,,,,,,,,0.00
,,,"8,078",,Invoice,,06/06/2024,,AS010165,,Studio Lakdam,,BDCOM S1526D (24 Ports Unmanaged Switch),,06/06/2024,,,,S1526D (BDCOM S1526D (24 Ports Unmanaged Switch)),,BDCOM S1526D (24 Ports Unmanaged Switch),,BDCOM,,Sal:RS,,AD,,Non-Taxable Sales,,,,Accounts Receivable,,Paid,,,,,,2.00,,"44,000.00",,"88,000.00",,"21,610,857.96",,Income,,0.00,,,,,,,,,,0.00
,,,"8,079",,Invoice,,06/06/2024,,AS010166,,Apex Business Solutions PVT Ltd.,,BDCOM S2510-C  8Port Switches,,06/06/2024,,,,S2510-C (BDCOM S2510-C  8Port Switches),,BDCOM S2510-C  8Port Switches,,BDCOM,,Sal:RS,,AD,,Taxable Sales,,,,Accounts Receivable,,Paid,,,,,,1.00,,"32,100.00",,"32,100.00",,"21,642,957.96",,Income,,0.00,,,,,,,,,,0.00
,,,"8,080",,Invoice,,06/06/2024,,AS010167,,Apex Business Solutions PVT Ltd.,,Maintenance  Agreement    ,,06/06/2024,,,,MA (Maintenance  Agreement),,Maintenance  Agreement,,Support and Maintenance,,Sal:RS,,AD,,Taxable Sales,,,,Accounts Receivable,,Paid,,,,,,1.00,,"170,100.00",,"170,100.00",,"21,813,057.96",,Income,,0.00,,,,,,,,,,0.00
,,,"8,081",,Invoice,,06/06/2024,,AS010168,,Barclays Computers (Pvt) Ltd,,BDCOM S2936F L3 Manageable Switch,,06/06/2024,,,,BDCOM:S2936F (BDCOM S2936F L3 Manageable Switch),,BDCOM S2936F L3 Manageable Switch,,BDCOM,,Sal:RS,,AR,,Taxable Sales,,,,Accounts Receivable,,Paid,,,,,,1.00,,"179,000.00",,"179,000.00",,"21,992,057.96",,Income,,0.00,,,,,,,,,,0.00
,,,"8,084",,Invoice,,06/08/2024,,AS010169,,Metropolitan Technologies (Pvt) Ltd,,Synology DiskStation DS423+ 4Bay,,06/08/2024,,,,Synology:DS423+ (Synology DiskStation DS423+ 4Bay),,Synology DiskStation DS423+ 4Bay,,Synology,,Sal:RS,,AD,,Taxable Sales,,,,Accounts Receivable,,Paid,,,,,,1.00,,"177,000.00",,"177,000.00",,"22,169,057.96",,Income,,0.00,,,,,,,,,,0.00
,,,"8,084",,Invoice,,06/08/2024,,AS010169,,Metropolitan Technologies (Pvt) Ltd,,Synology 6TB NAS Hard Drive,,06/08/2024,,,,HDD:HAT3300-6T (Synology 6TB Plus Hard Drive),,Synology 6TB Plus Hard Drive,,Hard Drive,,Sal:RS,,AD,,Taxable Sales,,,,Accounts Receivable,,Paid,,,,,,2.00,,"65,000.00",,"130,000.00",,"22,299,057.96",,Income,,0.00,,,,,,,,,,0.00
,,,"8,086",,Invoice,,06/10/2024,,AS010170,,Mr Michael Janz,,NAS troubleshooting charges,,06/05/2024,,,,Services,,,,Support and Maintenance,,Sal:EC,,AD,,Non-Taxable Sales,,,,Accounts Receivable,,Paid,,,,,,1.00,,"5,900.00",,"5,900.00",,"22,304,957.96",,Income,,0.00,,,,,,,,,,0.00
,,,"8,087",,Invoice,,06/10/2024,,AS010171,,Survey Department,,SFP+DAC 10G Cable,,06/05/2024,,,,Accs (Accessories),,Accessories,,Hardware,,Sal:EC,,AD,,Taxable Sales,,,,Accounts Receivable,,Paid,,,,,,1.00,,"20,000.00",,"20,000.00",,"22,324,957.96",,Income,,0.00,,,,,,,,,,0.00
,,,"8,087",,Invoice,,06/10/2024,,AS010171,,Survey Department,,Labour Charge (Change the Position of NAS),,06/05/2024,,,,Services,,,,Support and Maintenance,,Sal:EC,,AD,,Taxable Sales,,,,Accounts Receivable,,Paid,,,,,,1.00,,"15,000.00",,"15,000.00",,"22,339,957.96",,Income,,0.00,,,,,,,,,,0.00
,,,"8,107",,Invoice,,06/11/2024,,AS010172,,THE COMPUTER CENTER (PVT) LTD,,Synology Diskstation DS223  2Bay,,06/11/2024,,,,Synology:DS223 (Synology Diskstation DS223  2Bay),,Synology Diskstation DS223  2Bay,,Synology,,Sal:RS,,AS,,Taxable Sales,,,,Accounts Receivable,,Paid,,,,,,1.00,,"93,000.00",,"93,000.00",,"22,432,957.96",,Income,,0.00,,,,,,,,,,0.00
,,,"8,108",,Invoice,,06/11/2024,,AS010173,,POWER HOUSE (PVT) LTD,,Synology RackStation RS2423RP+ 12Bay with 16GB RAM,,06/11/2024,,,,RS2423RP+ (Synology RackStation RS2423RP+ 12Bay),,Synology RackStation RS2423RP+ 12Bay,,Synology,,Sal:EC,,A,,Taxable Sales,,,,Accounts Receivable,,Paid,,,,,,1.00,,"1,121,000.00",,"1,121,000.00",,"23,553,957.96",,Income,,0.00,,,,,,,,,,0.00
,,,"8,108",,Invoice,,06/11/2024,,AS010173,,POWER HOUSE (PVT) LTD,,Synology 16TB Plus Hard Drive,,06/11/2024,,,,Synology 16TB NAS (Synology 16TB NAS Hard Drive),,Synology 16TB NAS Hard Drive,,Hard Drive,,Sal:EC,,A,,Taxable Sales,,,,Accounts Receivable,,Paid,,,,,,12.00,,"138,000.00",,"1,656,000.00",,"25,209,957.96",,Income,,0.00,,,,,,,,,,0.00
,,,"8,108",,Invoice,,06/11/2024,,AS010173,,POWER HOUSE (PVT) LTD,,2 Port 10G SFP+ Adapter,,06/11/2024,,,,Synology:Dual Port F2 Card,,,,Synology,,Sal:EC,,A,,Taxable Sales,,,,Accounts Receivable,,Paid,,,,,,1.00,,,,,,"25,209,957.96",,Income,,0.00,,,,,,,,,,0.00
,,,"8,108",,Invoice,,06/11/2024,,AS010173,,POWER HOUSE (PVT) LTD,,2U Rail Kit,,06/11/2024,,,,Synology:2 U Sliding Rail Kit,,,,Synology,,Sal:EC,,A,,Taxable Sales,,,,Accounts Receivable,,Paid,,,,,,1.00,,,,,,"25,209,957.96",,Income,,0.00,,,,,,,,,,0.00
,,,"8,108",,Invoice,,06/11/2024,,AS010173,,POWER HOUSE (PVT) LTD,,Discount,,06/11/2024,,,,Discount,,,,Sales Discount,,Sal:EC,,A,,Taxable Sales,,,,Accounts Receivable,,Paid,,,,,,,,"-25,000.00",,"-25,000.00",,"25,184,957.96",,Income,,0.00,,,,,,,,,,0.00
,,,"8,116",,Invoice,,06/12/2024,,AS010174,,MARS Network (Pvt) Ltd,,4 TB Seagate Ironwolf NAS Hard Drive,,06/12/2024,,,,HDD:4 TB NAS HDD (4 TB Seagate Ironwolf NAS Hard Drive),,4 TB Seagate Ironwolf NAS Hard Drive,,Hard Drive,,Sal:RS,,A,,Taxable Sales,,,,Accounts Receivable,,Paid,,,,,,4.00,,"50,000.00",,"200,000.00",,"25,384,957.96",,Income,,0.00,,,,,,,,,,0.00
,,,"8,122",,Invoice,,06/13/2024,,AS010175,,TYAX (PVT) LTD,,BDCOM S1508E Switch,,05/31/2024,,,,BDCOM:S1508E,,,,BDCOM,,Sal:RS,,AD,,Taxable Sales,,,,Accounts Receivable,,Paid,,,,,,20.00,,"5,500.00",,"110,000.00",,"25,494,957.96",,Income,,0.00,,,,,,,,,,0.00
,,,"8,123",,Invoice,,06/13/2024,,AS010176,,Barclays Computers (Pvt) Ltd,,BDCOM S2936F L3 Manageable Switch,,06/13/2024,,,,BDCOM:S2936F (BDCOM S2936F L3 Manageable Switch),,BDCOM S2936F L3 Manageable Switch,,BDCOM,,Sal:RS,,AR,,Taxable Sales,,,,Accounts Receivable,,Paid,,,,,,1.00,,"179,000.00",,"179,000.00",,"25,673,957.96",,Income,,0.00,,,,,,,,,,0.00
,,,"8,124",,Invoice,,06/14/2024,,AS010177,,VS Information Systems (Pvt) Ltd,,Synology Diskstation DS223  2Bay,,06/14/2024,,,,Synology:DS223 (Synology Diskstation DS223  2Bay),,Synology Diskstation DS223  2Bay,,Synology,,Sal:RS,,A,,Taxable Sales,,,,Accounts Receivable,,Paid,,,,,,1.00,,"96,000.00",,"96,000.00",,"25,769,957.96",,Income,,0.00,,,,,,,,,,0.00
,,,"8,124",,Invoice,,06/14/2024,,AS010177,,VS Information Systems (Pvt) Ltd,,2 TB Seagate Ironwolf NAS Hard Drive,,06/14/2024,,,,HDD:2 TB NAS (2 TB Seagate Ironwolf NAS Hard Drive),,2 TB Seagate Ironwolf NAS Hard Drive,,Hard Drive,,Sal:RS,,A,,Taxable Sales,,,,Accounts Receivable,,Paid,,,,,,2.00,,"41,000.00",,"82,000.00",,"25,851,957.96",,Income,,0.00,,,,,,,,,,0.00
,,,"8,127",,Invoice,,06/14/2024,,AS010178,,Unity Systems Solutions,,Synology Diskstation DS223  2Bay,,06/14/2024,,,,Synology:DS223 (Synology Diskstation DS223  2Bay),,Synology Diskstation DS223  2Bay,,Synology,,Sal:RS,,AD,,Taxable Sales,,,,Accounts Receivable,,Paid,,,,,,1.00,,"96,000.00",,"96,000.00",,"25,947,957.96",,Income,,0.00,,,,,,,,,,0.00
,,,"8,127",,Invoice,,06/14/2024,,AS010178,,Unity Systems Solutions,,Synology 6TB NAS Hard Drive,,06/14/2024,,,,HDD:HAT3300-6T (Synology 6TB Plus Hard Drive),,Synology 6TB Plus Hard Drive,,Hard Drive,,Sal:RS,,AD,,Taxable Sales,,,,Accounts Receivable,,Paid,,,,,,2.00,,"65,000.00",,"130,000.00",,"26,077,957.96",,Income,,0.00,,,,,,,,,,0.00
,,,"8,130",,Invoice,,06/14/2024,,AS010179,,CHINT Energy (Pvt) ltd,,DS218 NAS Volume Degraded repair Charges,,06/14/2024,,,,Services,,,,Support and Maintenance,,Sal:EC,,AS,,Non-Taxable Sales,,,,Accounts Receivable,,Paid,,,,,,1.00,,"8,850.00",,"8,850.00",,"26,086,807.96",,Income,,0.00,,,,,,,,,,0.00
,,,"8,134",,Invoice,,06/18/2024,,AS010180,,Alphasonic Technologies (Pvt) Ltd,,Draytek Vigor 2915 Security Appliance,,06/17/2024,,,,Draytek:Vigor 2915 (Draytek Vigor 2915 Security Appliance),,Draytek Vigor 2915 Security Appliance,,Draytek,,Sal:RS,,A,,Taxable Sales,,,,Accounts Receivable,,Paid,,,,,,2.00,,"43,500.00",,"87,000.00",,"26,173,807.96",,Income,,0.00,,,,,,,,,,0.00
,,,"8,218",,Invoice,,06/19/2024,,AS010181,,Techtron Integrated Solutions (Pvt) Ltd,,Synology DS418 Compatible Power Adaptor,,06/19/2024,,,,Accs (Accessories),,Accessories,,Hardware,,Sal:RS,,AS,,Taxable Sales,,,,Accounts Receivable,,Paid,,,,,,1.00,,"18,000.00",,"18,000.00",,"26,191,807.96",,Income,,0.00,,,,,,,,,,0.00
,,,"8,220",,Invoice,,06/19/2024,,AS010182,,LANKA COMMODITY BROKERS LTD,,7GB Storage Space  100GB Transfer Bandwidth  1 Nos Fixed IP. (Clean)  SPF/ DKIM Supported  Spam ...,,06/19/2024,,,,Host Email,,,,Support and Maintenance,,Mnt,,AS,,Taxable Sales,,,,Accounts Receivable,,Paid,,,,,,1.00,,"18,854.97",,"18,854.97",,"26,210,662.93",,Income,,0.00,,,,,,,,,,0.00
,,,"8,221",,Invoice,,06/19/2024,,AS010183,,LANKA COMMODITY BROKERS LTD,,Anti Spam Service,,06/19/2024,,,,Services,,,,Support and Maintenance,,Mnt,,AS,,Taxable Sales,,,,Accounts Receivable,,Paid,,,,,,1.00,,"6,871.53",,"6,871.53",,"26,217,534.46",,Income,,0.00,,,,,,,,,,0.00
,,,"8,222",,Invoice,,06/19/2024,,AS010184,,LANKA MOUNT CASTLE (PVT) LTD,,20GB Storage Capacity with 30 Email Accounts,,06/19/2024,,,,Host Email,,,,Support and Maintenance,,Mnt,,AS,,Taxable Sales,,,,Accounts Receivable,,Paid,,,,,,1.00,,"15,462.50",,"15,462.50",,"26,232,996.96",,Income,,0.00,,,,,,,,,,0.00
,,,"8,223",,Invoice,,06/19/2024,,AS010185,,AL - ARAF HOTELS & RESORT (PVT) LTD,,Hosting charges for 10 email Accounts (10$),,06/19/2024,,,,Hosting (Hosting),,Hosting,,Support and Maintenance,,Sal:EC,,AS,,Taxable Sales,,,,Accounts Receivable,,Paid,,,,,,1.00,,"3,080.00",,"3,080.00",,"26,236,076.96",,Income,,0.00,,,,,,,,,,0.00
,,,"8,230",,Invoice,,06/24/2024,,AS010186,,Adapt Information Technologies,,Synology DiskStation DS423+ 4Bay,,06/24/2024,,,,Synology:DS423+ (Synology DiskStation DS423+ 4Bay),,Synology DiskStation DS423+ 4Bay,,Synology,,Sal:RS,,A,,Taxable Sales,,,,Accounts Receivable,,Paid,,,,,,1.00,,"180,000.00",,"180,000.00",,"26,416,076.96",,Income,,0.00,,,,,,,,,,0.00
,,,"8,232",,Invoice,,06/24/2024,,AS010187,,Barclays Computers (Pvt) Ltd,,BDCOM S1508E Switch,,06/24/2024,,,,BDCOM:S1508E,,,,BDCOM,,Sal:RS,,AR,,Taxable Sales,,,,Accounts Receivable,,Paid,,,,,,5.00,,"5,500.00",,"27,500.00",,"26,443,576.96",,Income,,0.00,,,,,,,,,,0.00
,,,"8,232",,Invoice,,06/24/2024,,AS010187,,Barclays Computers (Pvt) Ltd,,BDCOM S1024B 24 Port 100M BaseT 1U Rack Mounted,,06/24/2024,,,,BDCOM:S1024B (BDCOM S1024B 24 Port 100M BaseT 1U Rack Mounted),,BDCOM S1024B 24 Port 100M BaseT 1U Rack Mounted,,BDCOM,,Sal:RS,,AR,,Taxable Sales,,,,Accounts Receivable,,Paid,,,,,,2.00,,"16,500.00",,"33,000.00",,"26,476,576.96",,Income,,0.00,,,,,,,,,,0.00
,,,"8,232",,Invoice,,06/24/2024,,AS010187,,Barclays Computers (Pvt) Ltd,,BDCOM 8 Port POE Switch S1510-8P,,06/24/2024,,,,BDCOM:S1510-8P (BDCOM 8 Port POE Switch),,BDCOM 8 Port POE Switch,,BDCOM,,Sal:RS,,AR,,Taxable Sales,,,,Accounts Receivable,,Paid,,,,,,2.00,,"28,000.00",,"56,000.00",,"26,532,576.96",,Income,,0.00,,,,,,,,,,0.00
,,,"8,233",,Invoice,,06/24/2024,,AS010188,,NextGen Holdings,,Acronis Cyber Protect Advanced Virtual Host Subscription License - 3 Year,,06/24/2024,,,,Acronis,,,,Acronics,,Sal:RS,,AD,,Taxable Sales,,,,Accounts Receivable,,Paid,,,,,,1.00,,"725,000.00",,"725,000.00",,"27,257,576.96",,Income,,0.00,,,,,,,,,,0.00
,,,"8,234",,Invoice,,06/25/2024,,AS010189,,Finco Holdings (Pvt) Ltd,,ESET Protect Advanced Cloud - 1 Year,,06/25/2024,,,,ESET,,,,Software,,Sal:RS,,AD,,Non-Taxable Sales,,,,Accounts Receivable,,Paid,,,,,,22.00,,"5,015.00",,"110,330.00",,"27,367,906.96",,Income,,0.00,,,,,,,,,,0.00
,,,"8,235",,Invoice,,06/25/2024,,AS010190,,Winfield Associates (Pvt) Ltd,,Synology DiskStaion DS223j (2Bay NAS),,06/25/2024,,,,Synology:DS223j (Synology DS223j  ),,Synology DS223j  ,,Synology,,Sal:RS,,AR,,Taxable Sales,,,,Accounts Receivable,,Paid,,,,,,1.00,,"80,992.00",,"80,992.00",,"27,448,898.96",,Income,,0.00,,,,,,,,,,0.00
,,,"8,235",,Invoice,,06/25/2024,,AS010190,,Winfield Associates (Pvt) Ltd,,Synology 8TB Plus Hard Drive,,06/25/2024,,,,HDD:HAT3310-8T (Synology 8TB Plus Hard Drive),,Synology 8TB Plus Hard Drive,,Hard Drive,,Sal:RS,,AR,,Taxable Sales,,,,Accounts Receivable,,Paid,,,,,,1.00,,"86,000.00",,"86,000.00",,"27,534,898.96",,Income,,0.00,,,,,,,,,,0.00
,,,"8,239",,Invoice,,06/26/2024,,AS010191,,CK Electronics (pvt) ltd,,BDCOM S1008 8 Port 10/100 BaseT Standard Switch,,06/26/2024,,,,BDCOM:S1008 (BDCOM S1008 8 Port 10/100 BaseT Standard Switch),,BDCOM S1008 8 Port 10/100 BaseT Standard Switch,,BDCOM,,Sal:RS,,AR,,Non-Taxable Sales,,,,Accounts Receivable,,Paid,,,,,,1.00,,"3,900.00",,"3,900.00",,"27,538,798.96",,Income,,0.00,,,,,,,,,,0.00
,,,"8,239",,Invoice,,06/26/2024,,AS010191,,CK Electronics (pvt) ltd,,BDCOM WAP2100-WG300B Wireless Router,,06/26/2024,,,,BDCOM:WAP2100-WG300 (BDCOM WAP2100-WG300 Wireless Router),,BDCOM WAP2100-WG300 Wireless Router,,BDCOM,,Sal:RS,,AR,,Non-Taxable Sales,,,,Accounts Receivable,,Paid,,,,,,1.00,,"5,900.00",,"5,900.00",,"27,544,698.96",,Income,,0.00,,,,,,,,,,0.00
,,,"8,240",,Invoice,,06/26/2024,,AS010192,,A S General Trading Company,,BDCOM S1006-4p-65 Unmanaged 4 ports 10/100 PoE Ports and 2 Ports 10/100 NON PoE,,06/26/2024,,,,BDCOM:S1006-4p-65 (BDCOM S1006-4p-65 Unmanaged 4 ports 10/100 PoE Ports and 2 Ports 10/100 NON PoE),,BDCOM S1006-4p-65 Unmanaged 4 ports 10/100 PoE Ports and 2 Ports 10/100 NON PoE,,BDCOM,,Sal:RS,,AR,,Non-Taxable Sales,,,,Accounts Receivable,,Paid,,,,,,3.00,,"7,000.00",,"21,000.00",,"27,565,698.96",,Income,,0.00,,,,,,,,,,0.00
,,,"8,240",,Invoice,,06/26/2024,,AS010192,,A S General Trading Company,,BDCOM S1500-8P2G Switch,,06/26/2024,,,,BDCOM:S1500-8P2G (BDCOM S1500-8P2G Switch),,BDCOM S1500-8P2G Switch,,BDCOM,,Sal:RS,,AR,,Non-Taxable Sales,,,,Accounts Receivable,,Paid,,,,,,3.00,,"15,500.00",,"46,500.00",,"27,612,198.96",,Income,,0.00,,,,,,,,,,0.00
,,,"8,242",,Invoice,,06/26/2024,,AS010193,,Apex Business Solutions PVT Ltd.,,BDCOM S1010-8p-120 Unmanaged 8 Port 10/100 PoE Ports and 2 Ports 10/100 NON PoE,,06/26/2024,,,,BDCOM:S1010-8p-120 (BDCOM S1010-8p-120 Unmanaged 8 Port 10/100 PoE Ports and 2 Ports 10/100 NON ...,,BDCOM S1010-8p-120 Unmanaged 8 Port 10/100 PoE Ports and 2 Ports 10/100 NON PoE,,BDCOM,,Sal:RS,,AR,,Taxable Sales,,,,Accounts Receivable,,Paid,,,,,,1.00,,"15,500.00",,"15,500.00",,"27,627,698.96",,Income,,0.00,,,,,,,,,,0.00
,,,"8,243",,Invoice,,06/26/2024,,AS010194,,Studio Lakdam,,Synology 4TB NAS HDD,,06/26/2024,,,,HDD:HAT3300-4T (Synology 4TB Plus HDD),,Synology 4TB Plus HDD,,Hard Drive,,Sal:EC,,AD,,Non-Taxable Sales,,,,Accounts Receivable,,Paid,,,,,,1.00,,"58,000.00",,"58,000.00",,"27,685,698.96",,Income,,0.00,,,,,,,,,,0.00
,,,"8,256",,Credit Memo,,06/27/2024,,AS00105,,M.D Ashger Ali,,BDCOM WAP2100-WG300 Wireless Router & Configuration Charges,,06/25/2024,,,,BDCOM:WAP2100-WG300 (BDCOM WAP2100-WG300 Wireless Router),,BDCOM WAP2100-WG300 Wireless Router,,BDCOM,,,,,,Non-Taxable Sales,,,,Accounts Receivable,,Paid,,,,,,-1.00,,"8,000.00",,"-8,000.00",,"27,677,698.96",,Income,,0.00,,,,,,,,,,0.00
,,,"8,246",,Invoice,,06/27/2024,,AS010195,,M.D Ashger Ali,,BDCOM WAP2100-WG300 Wireless Router & Configuration Charges,,06/27/2024,,,,BDCOM:WAP2100-WG300 (BDCOM WAP2100-WG300 Wireless Router),,BDCOM WAP2100-WG300 Wireless Router,,BDCOM,,,,AD,,Non-Taxable Sales,,,,Accounts Receivable,,Paid,,,,,,1.00,,"8,000.00",,"8,000.00",,"27,685,698.96",,Income,,0.00,,,,,,,,,,0.00
,,,"8,247",,Invoice,,06/29/2024,,AS010196,,AMTEC ELECTRONIC (PVT) LTD,,BDCOM S1008 8 Port 10/100 BaseT Standard Switch,,06/29/2024,,,,BDCOM:S1008 (BDCOM S1008 8 Port 10/100 BaseT Standard Switch),,BDCOM S1008 8 Port 10/100 BaseT Standard Switch,,BDCOM,,Sal:RS,,AR,,Non-Taxable Sales,,,,Accounts Receivable,,Paid,,,,,,2.00,,"3,900.00",,"7,800.00",,"27,693,498.96",,Income,,0.00,,,,,,,,,,0.00
,,,"8,247",,Invoice,,06/29/2024,,AS010196,,AMTEC ELECTRONIC (PVT) LTD,,BDCOM:S1508E 1G 8 Port Switch,,06/29/2024,,,,BDCOM:S1508E,,,,BDCOM,,Sal:RS,,AR,,Non-Taxable Sales,,,,Accounts Receivable,,Paid,,,,,,1.00,,"6,500.00",,"6,500.00",,"27,699,998.96",,Income,,0.00,,,,,,,,,,0.00
,,,"8,247",,Invoice,,06/29/2024,,AS010196,,AMTEC ELECTRONIC (PVT) LTD,,BDCOM S1516 16Port Gigabit Switch,,06/29/2024,,,,BDCOM:S1516 (BDCOM S1516 16Port Gigabit Switch),,BDCOM S1516 16Port Gigabit Switch,,BDCOM,,Sal:RS,,AR,,Non-Taxable Sales,,,,Accounts Receivable,,Paid,,,,,,1.00,,"18,000.00",,"18,000.00",,"27,717,998.96",,Income,,0.00,,,,,,,,,,0.00
,,,"8,247",,Invoice,,06/29/2024,,AS010196,,AMTEC ELECTRONIC (PVT) LTD,,BDCOM S1500-8P2G Switch,,06/29/2024,,,,BDCOM:S1500-8P2G (BDCOM S1500-8P2G Switch),,BDCOM S1500-8P2G Switch,,BDCOM,,Sal:RS,,AR,,Non-Taxable Sales,,,,Accounts Receivable,,Paid,,,,,,1.00,,"17,000.00",,"17,000.00",,"27,734,998.96",,Income,,0.00,,,,,,,,,,0.00
,,,"8,248",,Invoice,,07/01/2024,,AS010197,,Softlogic Information Technologies (Pvt),,Synology NAS RS3621xs+ 12 Bay NAS,,07/01/2024,,,,Synology:RS3621xs+ (Synology NAS RS3621xs+ 12 Bay NAS),,Synology NAS RS3621xs+ 12 Bay NAS,,Synology,,Sal:RS,,A,,Taxable Sales,,,,Accounts Receivable,,Paid,,,,,,1.00,,"1,953,000.00",,"1,953,000.00",,"29,687,998.96",,Income,,0.00,,,,,,,,,,0.00
,,,"8,248",,Invoice,,07/01/2024,,AS010197,,Softlogic Information Technologies (Pvt),,12TB Synology Enterprise SATA,,07/01/2024,,,,HDD:12TB Syno Ent (12TB Synology Enterprise SATA),,12TB Synology Enterprise SATA,,Hard Drive,,Sal:RS,,A,,Taxable Sales,,,,Accounts Receivable,,Paid,,,,,,10.00,,"188,500.00",,"1,885,000.00",,"31,572,998.96",,Income,,0.00,,,,,,,,,,0.00
,,,"8,248",,Invoice,,07/01/2024,,AS010197,,Softlogic Information Technologies (Pvt),,Synology 480GB SATA SSD -SAT5210,,07/01/2024,,,,480GB SATA SSD Synology (Synology 480GB SATA SSD -SAT5210),,Synology 480GB SATA SSD -SAT5210,,Hard Drive,,Sal:RS,,A,,Taxable Sales,,,,Accounts Receivable,,Paid,,,,,,2.00,,"87,000.00",,"174,000.00",,"31,746,998.96",,Income,,0.00,,,,,,,,,,0.00
,,,"8,248",,Invoice,,07/01/2024,,AS010197,,Softlogic Information Technologies (Pvt),,2Port 10G Base T Adapter,,07/01/2024,,,,Synology:Dual Port T2 Card,,,,Synology,,Sal:RS,,A,,Taxable Sales,,,,Accounts Receivable,,Paid,,,,,,1.00,,,,,,"31,746,998.96",,Income,,0.00,,,,,,,,,,0.00
,,,"8,248",,Invoice,,07/01/2024,,AS010197,,Softlogic Information Technologies (Pvt),,2U Rail Kit,,07/01/2024,,,,Synology:2 U Sliding Rail Kit,,,,Synology,,Sal:RS,,A,,Taxable Sales,,,,Accounts Receivable,,Paid,,,,,,1.00,,,,,,"31,746,998.96",,Income,,0.00,,,,,,,,,,0.00
,,,"8,254",,Invoice,,07/02/2024,,AS010198,,ICC Inernational Construction Consortium,,BDCOM S1016 16 Port 100M BaseT 1U Rack Mounted,,07/02/2024,,,,BDCOM:S1016 (BDCOM S1016 16 Port 100M BaseT 1U Rack Mounted),,BDCOM S1016 16 Port 100M BaseT 1U Rack Mounted,,BDCOM,,Sal:RS,,AD,,Taxable Sales,,,,Accounts Receivable,,Paid,,,,,,1.00,,"11,000.00",,"11,000.00",,"31,757,998.96",,Income,,0.00,,,,,,,,,,0.00
,,,"8,255",,Invoice,,07/02/2024,,AS010199,,Fazaal Ceremics (Pvt) Ltd,,"Installation Windows10 & Activation of OS,  Installation & Activation of Office package",,07/02/2024,,,,Services,,,,Support and Maintenance,,Sal:EC,,AS,,Non-Taxable Sales,,,,Accounts Receivable,,Paid,,,,,,1.00,,"17,700.00",,"17,700.00",,"31,775,698.96",,Income,,0.00,,,,,,,,,,0.00
,,,"8,258",,Invoice,,07/03/2024,,AS010200,,HEMSONS INTERNATIONAL (Pte) Ltd,,Synology 4TB Plus HDD,,07/03/2024,,,,HDD:HAT3300-4T (Synology 4TB Plus HDD),,Synology 4TB Plus HDD,,Hard Drive,,Sal:EC,,A,,Taxable Sales,,,,Accounts Receivable,,Paid,,,,,,1.00,,"44,000.00",,"44,000.00",,"31,819,698.96",,Income,,0.00,,,,,,,,,,0.00
,,,"8,259",,Invoice,,07/03/2024,,AS010201,,Anexta Business Solutions (Pvt) Ltd,,BDCOM S1516 16Port Gigabit Switch,,07/03/2024,,,,BDCOM:S1516 (BDCOM S1516 16Port Gigabit Switch),,BDCOM S1516 16Port Gigabit Switch,,BDCOM,,Sal:EC,,AD,,Taxable Sales,,,,Accounts Receivable,,Paid,,,,,,1.00,,"16,100.00",,"16,100.00",,"31,835,798.96",,Income,,0.00,,,,,,,,,,0.00
,,,"8,263",,Invoice,,07/04/2024,,AS010202,,Techtron Integrated Solutions (Pvt) Ltd,,16 TB Seagate Exos Enterprise Hard Drives,,07/04/2024,,,,HDD:16TB Sea Exos (16 TB Seagate Exos Enterprise Hard Drives),,16 TB Seagate Exos Enterprise Hard Drives,,Hard Drive,,Sal:RS,,AS,,Taxable Sales,,,,Accounts Receivable,,Paid,,,,,,1.00,,"141,000.00",,"141,000.00",,"31,976,798.96",,Income,,0.00,,,,,,,,,,0.00
,,,"8,269",,Invoice,,07/05/2024,,AS010203,,Barclays Computers (Pvt) Ltd,,BDCOM S2936F L3 Manageable Switch,,07/05/2024,,,,BDCOM:S2936F (BDCOM S2936F L3 Manageable Switch),,BDCOM S2936F L3 Manageable Switch,,BDCOM,,Sal:RS,,AR,,Taxable Sales,,,,Accounts Receivable,,Paid,,,,,,3.00,,"179,000.00",,"537,000.00",,"32,513,798.96",,Income,,0.00,,,,,,,,,,0.00
,,,"8,271",,Invoice,,07/08/2024,,AS010204,,Metropolitan Technologies (Pvt) Ltd,,Synology 6TB NAS Hard Drive,,07/08/2024,,,,HDD:HAT3300-6T (Synology 6TB Plus Hard Drive),,Synology 6TB Plus Hard Drive,,Hard Drive,,Sal:RS,,AD,,Taxable Sales,,,,Accounts Receivable,,Paid,,,,,,1.00,,"65,500.00",,"65,500.00",,"32,579,298.96",,Income,,0.00,,,,,,,,,,0.00
,,,"8,272",,Invoice,,07/08/2024,,AS010205,,Synergy Ventures,,PC Repair Charges,,07/08/2024,,,,Services,,,,Support and Maintenance,,Sal:EC,,AS,,Non-Taxable Sales,,,,Accounts Receivable,,Paid,,,,,,1.00,,"5,900.00",,"5,900.00",,"32,585,198.96",,Income,,0.00,,,,,,,,,,0.00
,,,"8,273",,Invoice,,07/09/2024,,AS010206,,Adapt Information Technologies,,Synology DS923+ DiskStation,,07/09/2024,,,,DS923+ (Synology DS923+ DiskStation),,Synology DS923+ DiskStation,,Synology,,Sal:RS,,A,,Taxable Sales,,,,Accounts Receivable,,Paid,,,,,,1.00,,"226,000.00",,"226,000.00",,"32,811,198.96",,Income,,0.00,,,,,,,,,,0.00
,,,"8,273",,Invoice,,07/09/2024,,AS010206,,Adapt Information Technologies,,Synology 4TB Plus HDD,,07/09/2024,,,,HDD:HAT3300-4T (Synology 4TB Plus HDD),,Synology 4TB Plus HDD,,Hard Drive,,Sal:RS,,A,,Taxable Sales,,,,Accounts Receivable,,Paid,,,,,,3.00,,"47,000.00",,"141,000.00",,"32,952,198.96",,Income,,0.00,,,,,,,,,,0.00
,,,"8,274",,Invoice,,07/09/2024,,AS010207,,Tech Crop Solutions (Pvt) Ltd,,BDCOM S1508E Switch,,07/09/2024,,,,BDCOM:S1508E,,,,BDCOM,,Sal:RS,,AD,,Taxable Sales,,,,Accounts Receivable,,Paid,,,,,,3.00,,"6,500.00",,"19,500.00",,"32,971,698.96",,Income,,0.00,,,,,,,,,,0.00
,,,"8,274",,Invoice,,07/09/2024,,AS010207,,Tech Crop Solutions (Pvt) Ltd,,BDCOM S2936F L3 Manageable Switch,,07/09/2024,,,,BDCOM:S2936F (BDCOM S2936F L3 Manageable Switch),,BDCOM S2936F L3 Manageable Switch,,BDCOM,,Sal:RS,,AD,,Taxable Sales,,,,Accounts Receivable,,Paid,,,,,,1.00,,"179,000.00",,"179,000.00",,"33,150,698.96",,Income,,0.00,,,,,,,,,,0.00
,,,"8,291",,Invoice,,07/10/2024,,AS010208,,KBSL Information Technologies Ltd,,Synology RackStation RS1221RP+  4GB RAM /8Bay,,07/10/2024,,,,Synology:RS1221RP+,,,,Synology,,Sal:RS,,A,,Taxable Sales,,,,Accounts Receivable,,Paid,,,,,,1.00,,"880,000.00",,"880,000.00",,"34,030,698.96",,Income,,0.00,,,,,,,,,,0.00
,,,"8,291",,Invoice,,07/10/2024,,AS010208,,KBSL Information Technologies Ltd,,Synology 8TB Enterprise Hard Drive,,07/10/2024,,,,HDD:Synology 8TB ENT (Synology 8TB Enterprise Hard Drive),,Synology 8TB Enterprise Hard Drive,,Hard Drive,,Sal:RS,,A,,Taxable Sales,,,,Accounts Receivable,,Paid,,,,,,6.00,,"129,500.00",,"777,000.00",,"34,807,698.96",,Income,,0.00,,,,,,,,,,0.00
,,,"8,291",,Invoice,,07/10/2024,,AS010208,,KBSL Information Technologies Ltd,,Dual 10GbE SFP+ Adapter,,07/10/2024,,,,Synology:Dual Port F2 Card,,,,Synology,,Sal:RS,,A,,Taxable Sales,,,,Accounts Receivable,,Paid,,,,,,1.00,,,,,,"34,807,698.96",,Income,,0.00,,,,,,,,,,0.00
,,,"8,291",,Invoice,,07/10/2024,,AS010208,,KBSL Information Technologies Ltd,,Enhanced Support (24X7 Support),,07/10/2024,,,,Services,,,,Support and Maintenance,,Sal:RS,,A,,Taxable Sales,,,,Accounts Receivable,,Paid,,,,,,1.00,,"414,250.00",,"414,250.00",,"35,221,948.96",,Income,,0.00,,,,,,,,,,0.00
,,,"8,291",,Invoice,,07/10/2024,,AS010208,,KBSL Information Technologies Ltd,,2U Rail Kit,,07/10/2024,,,,Synology:2 U Sliding Rail Kit,,,,Synology,,Sal:RS,,A,,Taxable Sales,,,,Accounts Receivable,,Paid,,,,,,1.00,,,,,,"35,221,948.96",,Income,,0.00,,,,,,,,,,0.00
,,,"8,291",,Invoice,,07/10/2024,,AS010208,,KBSL Information Technologies Ltd,,Discount,,07/10/2024,,,,Discount,,,,Sales Discount,,Sal:RS,,A,,Taxable Sales,,,,Accounts Receivable,,Paid,,,,,,,,"-60,000.00",,"-60,000.00",,"35,161,948.96",,Income,,0.00,,,,,,,,,,0.00
,,,"8,291",,Invoice,,07/10/2024,,AS010208,,KBSL Information Technologies Ltd,,BDCOM SFP + Multi mode 10G 300M Transceiver,,07/10/2024,,,,SFP+ M/M 10G (BDCOM SFP + Multi mode 10G 300M Transceiver),,BDCOM SFP + Multi mode 10G 300M Transceiver,,BDCOM,,Sal:RS,,A,,Taxable Sales,,,,Accounts Receivable,,Paid,,,,,,2.00,,0.00,,0.00,,"35,161,948.96",,Income,,0.00,,,,,,,,,,0.00
,,,"8,292",,Invoice,,07/10/2024,,AS010209,,Apex Business Solutions PVT Ltd.,,8 TB Seagate Ironwolf NAS Hard Drive,,07/10/2024,,,,HDD:8 TB NAS (8 TB Seagate Ironwolf NAS Hard Drive),,8 TB Seagate Ironwolf NAS Hard Drive,,Hard Drive,,Sal:EC,,AD,,Taxable Sales,,,,Accounts Receivable,,Paid,,,,,,3.00,,"96,000.00",,"288,000.00",,"35,449,948.96",,Income,,0.00,,,,,,,,,,0.00
,,,"8,301",,Invoice,,07/13/2024,,AS010210,,Fentons Ltd,,Acronis True Image Premium Subscription 1 Computer + 1TB Acronis Cloud Storage - 1 Year subscrip...,,07/13/2024,,,,Acronis:Acronis Cyber Protect Home Offi (Acronis Cyber Protect Home Office),,Acronis Cyber Protect Home Office,,Acronics,,Sal:EC,,A,,Taxable Sales,,,,Accounts Receivable,,Paid,,,,,,1.00,,"18,500.00",,"18,500.00",,"35,468,448.96",,Income,,0.00,,,,,,,,,,0.00
,,,"8,302",,Invoice,,07/13/2024,,AS010211,,Barclays Computers (Pvt) Ltd,,BDCOM S1508E Switch,,07/13/2024,,,,BDCOM:S1508E,,,,BDCOM,,Sal:RS,,AR,,Taxable Sales,,,,Accounts Receivable,,Paid,,,,,,20.00,,"5,500.00",,"110,000.00",,"35,578,448.96",,Income,,0.00,,,,,,,,,,0.00
,,,"8,303",,Invoice,,07/16/2024,,AS010212,,Cameralk (Pvt) Ltd,,Draytek Vigor 2927 Security Appliance. Dual Wan,,07/16/2024,,,,Draytek:Vigor 2927 (Draytek Vigor 2927 Security Appliance. Dual Wan),,Draytek Vigor 2927 Security Appliance. Dual Wan,,Draytek,,Sal:EC,,AD,,Taxable Sales,,,,Accounts Receivable,,Paid,,,,,,1.00,,"82,000.00",,"82,000.00",,"35,660,448.96",,Income,,0.00,,,,,,,,,,0.00
,,,"8,303",,Invoice,,07/16/2024,,AS010212,,Cameralk (Pvt) Ltd,,DrayTek Vigor 2927 License Key - 1 Year,,07/16/2024,,,,Cyren Key (DrayTek Cyren Key),,DrayTek Cyren Key,,Other Sales,,Sal:EC,,AD,,Taxable Sales,,,,Accounts Receivable,,Paid,,,,,,1.00,,"20,000.00",,"20,000.00",,"35,680,448.96",,Income,,0.00,,,,,,,,,,0.00
,,,"8,306",,Invoice,,07/17/2024,,AS010214,,Barclays Computers (Pvt) Ltd,,BDCOM S2900-24S8C4X 16- Port Gigabit SFP+ 8-Port RJ45 L3-lite Managed Switch,,07/17/2024,,,,BDCOM:S2900-24S8C4X (BDCOM S2900-24S8C4X 16- Port Gigabit SFP+ 8-Port RJ45 L3-lite Managed Switch),,BDCOM S2900-24S8C4X 16- Port Gigabit SFP+ 8-Port RJ45 L3-lite Managed Switch,,BDCOM,,Sal:RS,,AR,,Taxable Sales,,,,Accounts Receivable,,Paid,,,,,,4.00,,"179,000.00",,"716,000.00",,"36,396,448.96",,Income,,0.00,,,,,,,,,,0.00
,,,"8,307",,Invoice,,07/18/2024,,AS010215,,Cameralk (Pvt) Ltd,,Configuration & Firmware Update Charges,,07/18/2024,,,,Services,,,,Support and Maintenance,,Sal:EC,,AD,,Taxable Sales,,,,Accounts Receivable,,Paid,,,,,,1.00,,"5,000.00",,"5,000.00",,"36,401,448.96",,Income,,0.00,,,,,,,,,,0.00
,,,"8,310",,Invoice,,07/19/2024,,AS010216,,Synergy Ventures,,"Installation and activation of Windows11 OS , Office Package 2021",,07/19/2024,,,,Implementation & configuration,,,,Support and Maintenance,,Sal:EC,,AS,,Non-Taxable Sales,,,,Accounts Receivable,,Paid,,,,,,1.00,,"20,886.00",,"20,886.00",,"36,422,334.96",,Income,,0.00,,,,,,,,,,0.00
,,,"8,310",,Invoice,,07/19/2024,,AS010216,,Synergy Ventures,,M.2 NVMe 256GB,,07/19/2024,,,,SSD,,,,Hard Drive,,Sal:EC,,AS,,Non-Taxable Sales,,,,Accounts Receivable,,Paid,,,,,,1.00,,"8,260.00",,"8,260.00",,"36,430,594.96",,Income,,0.00,,,,,,,,,,0.00
,,,"8,311",,Invoice,,07/22/2024,,AS010217,,AL - ARAF HOTELS & RESORT (PVT) LTD,,Hosting Charges for 10 email Accounts (10$),,07/22/2024,,,,Hosting (Hosting),,Hosting,,Support and Maintenance,,Sal:EC,,AS,,Taxable Sales,,,,Accounts Receivable,,Paid,,,,,,1.00,,"3,075.00",,"3,075.00",,"36,433,669.96",,Income,,0.00,,,,,,,,,,0.00
,,,"8,312",,Invoice,,07/22/2024,,AS010218,,HORANA PLANTATIONS PLC,,Data Recovery and Configuration Charge,,07/22/2024,,,,Services,,,,Support and Maintenance,,Sal:EC,,A,,Taxable Sales,,,,Accounts Receivable,,Paid,,,,,,1.00,,"35,000.00",,"35,000.00",,"36,468,669.96",,Income,,0.00,,,,,,,,,,0.00
,,,"8,312",,Invoice,,07/22/2024,,AS010218,,HORANA PLANTATIONS PLC,,Rentable NAS 8TB with RAID 1 (1st week),,07/22/2024,,,,Rental,,,,Other Sales,,Sal:EC,,A,,Taxable Sales,,,,Accounts Receivable,,Paid,,,,,,1.00,,"20,000.00",,"20,000.00",,"36,488,669.96",,Income,,0.00,,,,,,,,,,0.00
,,,"8,312",,Invoice,,07/22/2024,,AS010218,,HORANA PLANTATIONS PLC,,Rentable NAS 8TB with RAID 1 (2nd  week),,07/22/2024,,,,Rental,,,,Other Sales,,Sal:EC,,A,,Taxable Sales,,,,Accounts Receivable,,Paid,,,,,,1.00,,"10,000.00",,"10,000.00",,"36,498,669.96",,Income,,0.00,,,,,,,,,,0.00
,,,"8,315",,Invoice,,07/22/2024,,AS010219,,Anexta Business Solutions (Pvt) Ltd,,BDCOM S1508E 8 Port Switch,,07/22/2024,,,,BDCOM:S1508E,,,,BDCOM,,Sal:RS,,AD,,Taxable Sales,,,,Accounts Receivable,,Paid,,,,,,1.00,,"5,500.00",,"5,500.00",,"36,504,169.96",,Income,,0.00,,,,,,,,,,0.00
,,,"8,326",,Invoice,,07/23/2024,,AS010220,,Barclays Computers (Pvt) Ltd,,BDCOM S1006-4p-65 Unmanaged 4 ports 10/100 PoE Ports and 2 Ports 10/100 NON PoE,,07/23/2024,,,,BDCOM:S1006-4p-65 (BDCOM S1006-4p-65 Unmanaged 4 ports 10/100 PoE Ports and 2 Ports 10/100 NON PoE),,BDCOM S1006-4p-65 Unmanaged 4 ports 10/100 PoE Ports and 2 Ports 10/100 NON PoE,,BDCOM,,Sal:RS,,AR,,Taxable Sales,,,,Accounts Receivable,,Paid,,,,,,1.00,,"6,600.00",,"6,600.00",,"36,510,769.96",,Income,,0.00,,,,,,,,,,0.00
,,,"8,327",,Invoice,,07/23/2024,,AS010221,,LANKA MOUNT CASTLE (PVT) LTD,,20GB Storage Capacity with 30 Email Accounts,,07/23/2024,,,,Host Email,,,,Support and Maintenance,,Mnt,,AS,,Taxable Sales,,,,Accounts Receivable,,Paid,,,,,,1.00,,"15,375.00",,"15,375.00",,"36,526,144.96",,Income,,0.00,,,,,,,,,,0.00
,,,"8,328",,Invoice,,07/23/2024,,AS010222,,LANKA COMMODITY BROKERS LTD,,Anti Spam Service,,07/23/2024,,,,Services,,,,Support and Maintenance,,Mnt,,AS,,Taxable Sales,,,,Accounts Receivable,,Paid,,,,,,1.00,,"6,832.65",,"6,832.65",,"36,532,977.61",,Income,,0.00,,,,,,,,,,0.00
,,,"8,329",,Invoice,,07/23/2024,,AS010223,,LANKA COMMODITY BROKERS LTD,,7GB Storage Space  100GB Transfer Bandwidth  1 Nos Fixed IP. (Clean)  SPF/ DKIM Supported  Spam ...,,07/23/2024,,,,Host Email,,,,Support and Maintenance,,Mnt,,AS,,Taxable Sales,,,,Accounts Receivable,,Paid,,,,,,1.00,,"18,748.28",,"18,748.28",,"36,551,725.89",,Income,,0.00,,,,,,,,,,0.00
,,,"8,330",,Invoice,,07/24/2024,,AS010224,,Barclays Computers (Pvt) Ltd,,BDCOM S1006-4p-65 Unmanaged 4 ports 10/100 PoE Ports and 2 Ports 10/100 NON PoE,,07/24/2024,,,,BDCOM:S1006-4p-65 (BDCOM S1006-4p-65 Unmanaged 4 ports 10/100 PoE Ports and 2 Ports 10/100 NON PoE),,BDCOM S1006-4p-65 Unmanaged 4 ports 10/100 PoE Ports and 2 Ports 10/100 NON PoE,,BDCOM,,Sal:RS,,AR,,Taxable Sales,,,,Accounts Receivable,,Paid,,,,,,9.00,,"6,600.00",,"59,400.00",,"36,611,125.89",,Income,,0.00,,,,,,,,,,0.00
,,,"8,331",,Invoice,,07/24/2024,,AS010225,,LK Domain Registry,,Synology E10G18-T1 Ethernet Adapter 10GBASE-T,,07/24/2024,,,,Synology:Single Port T1 Card,,,,Synology,,Sal:RS,,AS,,Taxable Sales,,,,Accounts Receivable,,Paid,,,,,,1.00,,"52,000.00",,"52,000.00",,"36,663,125.89",,Income,,0.00,,,,,,,,,,0.00
,,,"8,332",,Invoice,,07/24/2024,,AS010226,,Avikans Pvt Ltd,,NAS Configuration  Charges,,07/24/2024,,,,Services,,,,Support and Maintenance,,Sal:EC,,AD,,Non-Taxable Sales,,,,Accounts Receivable,,Paid,,,,,,1.00,,"11,800.00",,"11,800.00",,"36,674,925.89",,Income,,0.00,,,,,,,,,,0.00
,,,"8,333",,Invoice,,07/24/2024,,AS010227,,My Cola Beverages (Pvt) Ltd,,Synology RS815 Unit Power issue Inspection Charges,,07/24/2024,,,,Services,,,,Support and Maintenance,,Sal:EC,,A,,Taxable Sales,,,,Accounts Receivable,,Paid,,,,,,1.00,,"5,000.00",,"5,000.00",,"36,679,925.89",,Income,,0.00,,,,,,,,,,0.00
,,,"8,333",,Invoice,,07/24/2024,,AS010227,,My Cola Beverages (Pvt) Ltd,,Special Discount,,07/24/2024,,,,Discount,,,,Sales Discount,,Sal:EC,,A,,Taxable Sales,,,,Accounts Receivable,,Paid,,,,,,,,"-1,500.00",,"-1,500.00",,"36,678,425.89",,Income,,0.00,,,,,,,,,,0.00
,,,"8,338",,Invoice,,07/25/2024,,AS010228,,Network Information Technologies (Pvt) Lt,,"Acronis Cyber Protect - Backup Advanced Virtual Host Subscription License, 1 Year - Renewal",,07/25/2024,,,,Acronis,,,,Acronics,,Sal:RS,,A,,Taxable Sales,,,,Accounts Receivable,,Paid,,,,,,1.00,,"247,200.19",,"247,200.19",,"36,925,626.08",,Income,,0.00,,,,,,,,,,0.00
,,,"8,340",,Invoice,,07/26/2024,,AS010229,,Base Hp (Pvt) Ltd,,Synology NAS DS1821+ 8 Bay NAS,,07/26/2024,,,,Synology:DS1821+ (Synology NAS DS1821+ 8 Bay NAS),,Synology NAS DS1821+ 8 Bay NAS,,Synology,,Sal:RS,,A,,Taxable Sales,,,,Accounts Receivable,,Paid,,,,,,1.00,,"387,000.00",,"387,000.00",,"37,312,626.08",,Income,,0.00,,,,,,,,,,0.00
,,,"8,340",,Invoice,,07/26/2024,,AS010229,,Base Hp (Pvt) Ltd,,Synology 4TB Plus HDD,,07/26/2024,,,,HDD:HAT3300-4T (Synology 4TB Plus HDD),,Synology 4TB Plus HDD,,Hard Drive,,Sal:RS,,A,,Taxable Sales,,,,Accounts Receivable,,Paid,,,,,,2.00,,"46,500.00",,"93,000.00",,"37,405,626.08",,Income,,0.00,,,,,,,,,,0.00
,,,"8,344",,Invoice,,07/31/2024,,AS010230,,Unity Systems Solutions,,Synology DiskStation DS1522+,,07/29/2024,,,,Synology:DS1522+ (Synology DiskStation DS1522+),,Synology DiskStation DS1522+,,Synology,,Sal:RS,,AD,,Taxable Sales,,,,Accounts Receivable,,Paid,,,,,,1.00,,"300,000.00",,"300,000.00",,"37,705,626.08",,Income,,0.00,,,,,,,,,,0.00
,,,"8,345",,Invoice,,07/31/2024,,AS010231,,Electro Net,,BDCOM S1524V1 Unmanaged 1G 24 Port Switch,,07/31/2024,,,,S1524V1 (BDCOM S1524V1 Unmanaged 1G 24 Port Switch),,BDCOM S1524V1 Unmanaged 1G 24 Port Switch,,BDCOM,,Sal:RS,,AD,,Non-Taxable Sales,,,,Accounts Receivable,,Paid,,,,,,1.00,,"38,940.00",,"38,940.00",,"37,744,566.08",,Income,,0.00,,,,,,,,,,0.00
,,,"8,345",,Invoice,,07/31/2024,,AS010231,,Electro Net,,S1518-16P  16 port 1G Unmanaged POE Switch,,07/31/2024,,,,BDCOM:S1518-16P (S1518-16P  16 port 1G Unmanaged POE Switch),,S1518-16P  16 port 1G Unmanaged POE Switch,,BDCOM,,Sal:RS,,AD,,Non-Taxable Sales,,,,Accounts Receivable,,Paid,,,,,,1.00,,"66,080.00",,"66,080.00",,"37,810,646.08",,Income,,0.00,,,,,,,,,,0.00
,,,"8,347",,Invoice,,08/01/2024,,AS010232,,Techtron Integrated Solutions (Pvt) Ltd,,16 TB Seagate Exos Enterprise Hard Drives,,08/01/2024,,,,HDD:16TB Sea Exos (16 TB Seagate Exos Enterprise Hard Drives),,16 TB Seagate Exos Enterprise Hard Drives,,Hard Drive,,Sal:RS,,AS,,Taxable Sales,,,,Accounts Receivable,,Paid,,,,,,4.00,,"141,000.00",,"564,000.00",,"38,374,646.08",,Income,,0.00,,,,,,,,,,0.00
,,,"8,348",,Invoice,,08/01/2024,,AS010233,,IT Galaxy (Pvt) Ltd,,Synology NAS DS1821+ 8 Bay NAS,,08/01/2024,,,,Synology:DS1821+ (Synology NAS DS1821+ 8 Bay NAS),,Synology NAS DS1821+ 8 Bay NAS,,Synology,,Sal:RS,,SA,,Taxable Sales,,,,Accounts Receivable,,Paid,,,,,,1.00,,"377,000.00",,"377,000.00",,"38,751,646.08",,Income,,0.00,,,,,,,,,,0.00
,,,"8,348",,Invoice,,08/01/2024,,AS010233,,IT Galaxy (Pvt) Ltd,,12TB Synology Plus Hard Drive,,08/01/2024,,,,HDD:HAT3300-12T (12TB Synology Plus Hard Drive),,12TB Synology Plus Hard Drive,,Hard Drive,,Sal:RS,,SA,,Taxable Sales,,,,Accounts Receivable,,Paid,,,,,,3.00,,"116,000.00",,"348,000.00",,"39,099,646.08",,Income,,0.00,,,,,,,,,,0.00
,,,"8,348",,Invoice,,08/01/2024,,AS010233,,IT Galaxy (Pvt) Ltd,,BDCOM Switch S1508E,,08/01/2024,,,,BDCOM:S1508E,,,,BDCOM,,Sal:RS,,SA,,Taxable Sales,,,,Accounts Receivable,,Paid,,,,,,1.00,,"5,350.00",,"5,350.00",,"39,104,996.08",,Income,,0.00,,,,,,,,,,0.00
,,,"8,349",,Invoice,,08/01/2024,,AS010234,,AL - ARAF HOTELS & RESORT (PVT) LTD,,Hosting Charges for 10 email Accounts (10$),,08/01/2024,,,,Hosting (Hosting),,Hosting,,Support and Maintenance,,Sal:RS,,AS,,Taxable Sales,,,,Accounts Receivable,,Paid,,,,,,1.00,,"3,050.00",,"3,050.00",,"39,108,046.08",,Income,,0.00,,,,,,,,,,0.00
,,,"8,350",,Invoice,,08/02/2024,,AS010235,,Synergy Ventures,,Labour Charges,,08/02/2024,,,,Labour Charges,,,,Support and Maintenance,,Sal:EC,,AS,,Non-Taxable Sales,,,,Accounts Receivable,,Paid,,,,,,1.00,,"5,900.00",,"5,900.00",,"39,113,946.08",,Income,,0.00,,,,,,,,,,0.00
,,,"8,351",,Invoice,,08/02/2024,,AS010236,,Barclays Computers (Pvt) Ltd,,Synology DiskStation DS224+  2Bay,,08/02/2024,,,,Synology:DS224+ (Synology DiskStation DS224+  2Bay),,Synology DiskStation DS224+  2Bay,,Synology,,Sal:RS,,AS,,Taxable Sales,,,,Accounts Receivable,,Paid,,,,,,1.00,,"123,898.31",,"123,898.31",,"39,237,844.39",,Income,,0.00,,,,,,,,,,0.00
,,,"8,351",,Invoice,,08/02/2024,,AS010236,,Barclays Computers (Pvt) Ltd,,Synology Diskstation DS223  2Bay,,08/02/2024,,,,Synology:DS223 (Synology Diskstation DS223  2Bay),,Synology Diskstation DS223  2Bay,,Synology,,Sal:RS,,AS,,Taxable Sales,,,,Accounts Receivable,,Paid,,,,,,1.00,,"100,805.09",,"100,805.09",,"39,338,649.48",,Income,,0.00,,,,,,,,,,0.00
,,,"8,351",,Invoice,,08/02/2024,,AS010236,,Barclays Computers (Pvt) Ltd,,Synology DS223j,,08/02/2024,,,,Synology:DS223j (Synology DS223j  ),,Synology DS223j  ,,Synology,,Sal:RS,,AS,,Taxable Sales,,,,Accounts Receivable,,Paid,,,,,,2.00,,"66,694.91",,"133,389.82",,"39,472,039.30",,Income,,0.00,,,,,,,,,,0.00
,,,"8,352",,Invoice,,08/02/2024,,AS010237,,Unity Systems Solutions,,NAS Configuration Charges,,08/02/2024,,,,Services,,,,Support and Maintenance,,Sal:RS,,AD,,Taxable Sales,,,,Accounts Receivable,,Paid,,,,,,1.00,,"20,000.00",,"20,000.00",,"39,492,039.30",,Income,,0.00,,,,,,,,,,0.00
,,,"8,353",,Invoice,,08/05/2024,,AS010238,,Data Management Systems (Pvt) Limited,,Maintenance  Agreement for Warranty Extension,,08/05/2024,,,,MA (Maintenance  Agreement),,Maintenance  Agreement,,Support and Maintenance,,Mnt,,A,,Taxable Sales,,,,Accounts Receivable,,Paid,,,,,,1.00,,"432,300.00",,"432,300.00",,"39,924,339.30",,Income,,0.00,,,,,,,,,,0.00
,,,"8,355",,Invoice,,08/05/2024,,AS010239,,BlueChip Technical Services(Pvt)Ltd,,4 TB Seagate Ironwolf NAS Hard Drive,,08/05/2024,,,,HDD:4 TB NAS HDD (4 TB Seagate Ironwolf NAS Hard Drive),,4 TB Seagate Ironwolf NAS Hard Drive,,Hard Drive,,Sal:RS,,A,,Taxable Sales,,,,Accounts Receivable,,Paid,,,,,,1.00,,"53,000.00",,"53,000.00",,"39,977,339.30",,Income,,0.00,,,,,,,,,,0.00
,,,"8,355",,Invoice,,08/05/2024,,AS010239,,BlueChip Technical Services(Pvt)Ltd,,Configurations & Transport Charges,,08/05/2024,,,,Services,,,,Support and Maintenance,,Sal:RS,,A,,Taxable Sales,,,,Accounts Receivable,,Paid,,,,,,1.00,,"17,500.00",,"17,500.00",,"39,994,839.30",,Income,,0.00,,,,,,,,,,0.00
,,,"8,356",,Invoice,,08/06/2024,,AS010240,,MARS Network (Pvt) Ltd,,Synology 4TB Plus HDD 5400RPM,,08/06/2024,,,,HDD:HAT3300-4T (Synology 4TB Plus HDD),,Synology 4TB Plus HDD,,Hard Drive,,Sal:RS,,A,,Taxable Sales,,,,Accounts Receivable,,Paid,,,,,,1.00,,"46,000.00",,"46,000.00",,"40,040,839.30",,Income,,0.00,,,,,,,,,,0.00
,,,"8,357",,Invoice,,08/06/2024,,AS010241,,AMTEC ELECTRONIC (PVT) LTD,,BDCOM S1500-24T Switch,,08/06/2024,,,,BDCOM:S1500-24T (BDCOM S1500-24T Switch),,BDCOM S1500-24T Switch,,BDCOM,,Sal:RS,,AR,,Non-Taxable Sales,,,,Accounts Receivable,,Paid,,,,,,1.00,,"32,000.00",,"32,000.00",,"40,072,839.30",,Income,,0.00,,,,,,,,,,0.00
,,,"8,360",,Invoice,,08/07/2024,,AS010242,,Alphasonic Technologies (Pvt) Ltd,,Synology DS223j,,08/07/2024,,,,Synology:DS223j (Synology DS223j  ),,Synology DS223j  ,,Synology,,Sal:RS,,A,,Taxable Sales,,,,Accounts Receivable,,Paid,,,,,,1.00,,"71,000.00",,"71,000.00",,"40,143,839.30",,Income,,0.00,,,,,,,,,,0.00
,,,"8,360",,Invoice,,08/07/2024,,AS010242,,Alphasonic Technologies (Pvt) Ltd,,Synology 6TB NAS Hard Drive,,08/07/2024,,,,HDD:HAT3300-6T (Synology 6TB Plus Hard Drive),,Synology 6TB Plus Hard Drive,,Hard Drive,,Sal:RS,,A,,Taxable Sales,,,,Accounts Receivable,,Paid,,,,,,1.00,,"67,500.00",,"67,500.00",,"40,211,339.30",,Income,,0.00,,,,,,,,,,0.00
,,,"8,379",,Invoice,,08/08/2024,,AS010243,,Techtron Integrated Solutions (Pvt) Ltd,,Synology DS423 4 Bay NAS,,08/08/2024,,,,Synology:DS423 (Synology DS423 4 Bay NAS),,Synology DS423 4 Bay NAS,,Synology,,Sal:RS,,AS,,Taxable Sales,,,,Accounts Receivable,,Paid,,,,,,1.00,,"141,200.00",,"141,200.00",,"40,352,539.30",,Income,,0.00,,,,,,,,,,0.00
,,,"8,379",,Invoice,,08/08/2024,,AS010243,,Techtron Integrated Solutions (Pvt) Ltd,,16 TB Seagate Exos Enterprise Hard Drives,,08/08/2024,,,,HDD:16TB Sea Exos (16 TB Seagate Exos Enterprise Hard Drives),,16 TB Seagate Exos Enterprise Hard Drives,,Hard Drive,,Sal:RS,,AS,,Taxable Sales,,,,Accounts Receivable,,Paid,,,,,,2.00,,"141,000.00",,"282,000.00",,"40,634,539.30",,Income,,0.00,,,,,,,,,,0.00
,,,"8,381",,Invoice,,08/08/2024,,AS010244,,OAK INTEGRATED SYSTEMS PVT LTD,,Synology RackStation RS3621RPxs 12 Bay With 32GB RAM,,08/08/2024,,,,Synology:RS3621RPxs,,,,Synology,,Sal:RS,,A,,Taxable Sales,,,,Accounts Receivable,,Paid,,,,,,1.00,,"1,555,000.00",,"1,555,000.00",,"42,189,539.30",,Income,,0.00,,,,,,,,,,0.00
,,,"8,381",,Invoice,,08/08/2024,,AS010244,,OAK INTEGRATED SYSTEMS PVT LTD,,Synology 8TB Enterprise Hard Drive,,08/08/2024,,,,HDD:Synology 8TB ENT (Synology 8TB Enterprise Hard Drive),,Synology 8TB Enterprise Hard Drive,,Hard Drive,,Sal:RS,,A,,Taxable Sales,,,,Accounts Receivable,,Paid,,,,,,5.00,,"131,000.00",,"655,000.00",,"42,844,539.30",,Income,,0.00,,,,,,,,,,0.00
,,,"8,381",,Invoice,,08/08/2024,,AS010244,,OAK INTEGRATED SYSTEMS PVT LTD,,Dual 10GbE BaseT Adapter,,08/08/2024,,,,Synology:Dual Port T2 Card,,,,Synology,,Sal:RS,,A,,Taxable Sales,,,,Accounts Receivable,,Paid,,,,,,1.00,,,,,,"42,844,539.30",,Income,,0.00,,,,,,,,,,0.00
,,,"8,381",,Invoice,,08/08/2024,,AS010244,,OAK INTEGRATED SYSTEMS PVT LTD,,Synology RackStation RS3621RPxs 12 Bay With 32GB RAM,,08/08/2024,,,,Synology:RS3621RPxs,,,,Synology,,Sal:RS,,A,,Taxable Sales,,,,Accounts Receivable,,Paid,,,,,,1.00,,"1,555,000.00",,"1,555,000.00",,"44,399,539.30",,Income,,0.00,,,,,,,,,,0.00
,,,"8,381",,Invoice,,08/08/2024,,AS010244,,OAK INTEGRATED SYSTEMS PVT LTD,,Synology 8TB Enterprise Hard Drive,,08/08/2024,,,,HDD:Synology 8TB ENT (Synology 8TB Enterprise Hard Drive),,Synology 8TB Enterprise Hard Drive,,Hard Drive,,Sal:RS,,A,,Taxable Sales,,,,Accounts Receivable,,Paid,,,,,,5.00,,"131,000.00",,"655,000.00",,"45,054,539.30",,Income,,0.00,,,,,,,,,,0.00
,,,"8,381",,Invoice,,08/08/2024,,AS010244,,OAK INTEGRATED SYSTEMS PVT LTD,,Dual 10GbE BaseT Adapter,,08/08/2024,,,,Synology:Dual Port T2 Card,,,,Synology,,Sal:RS,,A,,Taxable Sales,,,,Accounts Receivable,,Paid,,,,,,1.00,,,,,,"45,054,539.30",,Income,,0.00,,,,,,,,,,0.00
,,,"8,381",,Invoice,,08/08/2024,,AS010244,,OAK INTEGRATED SYSTEMS PVT LTD,,2U Rail Kit,,08/08/2024,,,,Synology:2 U Sliding Rail Kit,,,,Synology,,Sal:RS,,A,,Taxable Sales,,,,Accounts Receivable,,Paid,,,,,,2.00,,,,,,"45,054,539.30",,Income,,0.00,,,,,,,,,,0.00
,,,"8,381",,Invoice,,08/08/2024,,AS010244,,OAK INTEGRATED SYSTEMS PVT LTD,,Discount,,08/08/2024,,,,Discount,,,,Sales Discount,,Sal:RS,,A,,Taxable Sales,,,,Accounts Receivable,,Paid,,,,,,,,"-155,000.00",,"-155,000.00",,"44,899,539.30",,Income,,0.00,,,,,,,,,,0.00
,,,"8,382",,Invoice,,08/09/2024,,AS010245,,Computerage (Pvt) Ltd,,BDCOM S1006-4p-65 Unmanaged 4 ports 10/100 PoE Ports and 2 Ports 10/100 NON PoE,,08/09/2024,,,,BDCOM:S1006-4p-65 (BDCOM S1006-4p-65 Unmanaged 4 ports 10/100 PoE Ports and 2 Ports 10/100 NON PoE),,BDCOM S1006-4p-65 Unmanaged 4 ports 10/100 PoE Ports and 2 Ports 10/100 NON PoE,,BDCOM,,Sal:RS,,AR,,Taxable Sales,,,,Accounts Receivable,,Paid,,,,,,2.00,,"5,930.00",,"11,860.00",,"44,911,399.30",,Income,,0.00,,,,,,,,,,0.00
,,,"8,382",,Invoice,,08/09/2024,,AS010245,,Computerage (Pvt) Ltd,,BDCOM S1500-8P2G Switch,,08/09/2024,,,,BDCOM:S1500-8P2G (BDCOM S1500-8P2G Switch),,BDCOM S1500-8P2G Switch,,BDCOM,,Sal:RS,,AR,,Taxable Sales,,,,Accounts Receivable,,Paid,,,,,,2.00,,"15,500.00",,"31,000.00",,"44,942,399.30",,Income,,0.00,,,,,,,,,,0.00
,,,"8,382",,Invoice,,08/09/2024,,AS010245,,Computerage (Pvt) Ltd,,BDCOM S1008 8 Port 10/100 BaseT Standard Switch,,08/09/2024,,,,BDCOM:S1008 (BDCOM S1008 8 Port 10/100 BaseT Standard Switch),,BDCOM S1008 8 Port 10/100 BaseT Standard Switch,,BDCOM,,Sal:RS,,AR,,Taxable Sales,,,,Accounts Receivable,,Paid,,,,,,2.00,,"3,300.00",,"6,600.00",,"44,948,999.30",,Income,,0.00,,,,,,,,,,0.00
,,,"8,382",,Invoice,,08/09/2024,,AS010245,,Computerage (Pvt) Ltd,,BDCOM S1024B 24 Port 100M BaseT 1U Rack Mounted,,08/09/2024,,,,BDCOM:S1024B (BDCOM S1024B 24 Port 100M BaseT 1U Rack Mounted),,BDCOM S1024B 24 Port 100M BaseT 1U Rack Mounted,,BDCOM,,Sal:RS,,AR,,Taxable Sales,,,,Accounts Receivable,,Paid,,,,,,1.00,,"16,400.00",,"16,400.00",,"44,965,399.30",,Income,,0.00,,,,,,,,,,0.00
,,,"8,382",,Invoice,,08/09/2024,,AS010245,,Computerage (Pvt) Ltd,,BDCOM S1508E Switch,,08/09/2024,,,,BDCOM:S1508E,,,,BDCOM,,Sal:RS,,AR,,Taxable Sales,,,,Accounts Receivable,,Paid,,,,,,2.00,,"5,350.00",,"10,700.00",,"44,976,099.30",,Income,,0.00,,,,,,,,,,0.00
,,,"8,382",,Invoice,,08/09/2024,,AS010245,,Computerage (Pvt) Ltd,,BDCOM S1010-8p-120 Unmanaged 8 Port 10/100 PoE Ports and 2 Ports 10/100 NON PoE,,08/09/2024,,,,BDCOM:S1010-8p-120 (BDCOM S1010-8p-120 Unmanaged 8 Port 10/100 PoE Ports and 2 Ports 10/100 NON ...,,BDCOM S1010-8p-120 Unmanaged 8 Port 10/100 PoE Ports and 2 Ports 10/100 NON PoE,,BDCOM,,Sal:RS,,AR,,Taxable Sales,,,,Accounts Receivable,,Paid,,,,,,2.00,,"16,050.00",,"32,100.00",,"45,008,199.30",,Income,,0.00,,,,,,,,,,0.00
,,,"8,382",,Invoice,,08/09/2024,,AS010245,,Computerage (Pvt) Ltd,,S1500-24P2S-370 BDCOM Switch,,08/09/2024,,,,BDCOM:S1500-24P2S-370 (S1500-24P2S-370 BDCOM Switch),,S1500-24P2S-370 BDCOM Switch,,BDCOM,,Sal:RS,,AR,,Taxable Sales,,,,Accounts Receivable,,Paid,,,,,,2.00,,"47,000.00",,"94,000.00",,"45,102,199.30",,Income,,0.00,,,,,,,,,,0.00
,,,"8,382",,Invoice,,08/09/2024,,AS010245,,Computerage (Pvt) Ltd,,S1500-24T2S BDCOM Switch,,08/09/2024,,,,BDCOM:S1500-24T2S (S1500-24T2S BDCOM Switch),,S1500-24T2S BDCOM Switch,,BDCOM,,Sal:RS,,AR,,Taxable Sales,,,,Accounts Receivable,,Paid,,,,,,1.00,,"24,500.00",,"24,500.00",,"45,126,699.30",,Income,,0.00,,,,,,,,,,0.00
,,,"8,384",,Invoice,,08/09/2024,,AS010246,,LEOsys Corporation (Pvt) Ltd.,,"Ethernet Switch with 28GE ports (1 console port ,24 GE TX Ports 2 GE SFP Ports)",,08/09/2024,,,,"S2528-C (Ethernet Switch with 28GE ports (1 console port ,24 GE TX Ports 2 GE SFP Ports))",,"Ethernet Switch with 28GE ports (1 console port ,24 GE TX Ports 2 GE SFP Ports)",,BDCOM,,Sal:RS,,AD,,Taxable Sales,,,,Accounts Receivable,,Paid,,,,,,1.00,,"55,000.00",,"55,000.00",,"45,181,699.30",,Income,,0.00,,,,,,,,,,0.00
,,,"8,411",,Invoice,,08/12/2024,,AS010247,,Apex Business Solutions PVT Ltd.,,Synology 4TB NAS HDD,,08/12/2024,,,,HDD:HAT3300-4T (Synology 4TB Plus HDD),,Synology 4TB Plus HDD,,Hard Drive,,Sal:RS,,AD,,Taxable Sales,,,,Accounts Receivable,,Paid,,,,,,3.00,,"45,000.00",,"135,000.00",,"45,316,699.30",,Income,,0.00,,,,,,,,,,0.00
,,,"8,412",,Invoice,,08/12/2024,,AS010248,,ABC Computers,,Synology DS923+ DiskStation,,08/12/2024,,,,DS923+ (Synology DS923+ DiskStation),,Synology DS923+ DiskStation,,Synology,,Sal:RS,,AD,,Taxable Sales,,,,Accounts Receivable,,Paid,,,,,,1.00,,"247,000.00",,"247,000.00",,"45,563,699.30",,Income,,0.00,,,,,,,,,,0.00
,,,"8,412",,Invoice,,08/12/2024,,AS010248,,ABC Computers,,Synology 4TB NAS HDD,,08/12/2024,,,,HDD:HAT3300-4T (Synology 4TB Plus HDD),,Synology 4TB Plus HDD,,Hard Drive,,Sal:RS,,AD,,Taxable Sales,,,,Accounts Receivable,,Paid,,,,,,2.00,,"56,000.00",,"112,000.00",,"45,675,699.30",,Income,,0.00,,,,,,,,,,0.00
,,,"8,643",,Invoice,,08/16/2024,,AS010249,,Computerage (Pvt) Ltd,,BDCOM S1500-24T Switch,,08/16/2024,,,,BDCOM:S1500-24T (BDCOM S1500-24T Switch),,BDCOM S1500-24T Switch,,BDCOM,,Sal:RS,,AR,,Taxable Sales,,,,Accounts Receivable,,Paid,,,,,,1.00,,"20,000.00",,"20,000.00",,"45,695,699.30",,Income,,0.00,,,,,,,,,,0.00
,,,"8,664",,Invoice,,08/16/2024,,AS010250,,Pretec Solutions,,NAS Data Recovery Charges,,07/15/2024,,,,Services,,,,Support and Maintenance,,Sal:EC,,AS,,Non-Taxable Sales,,,,Accounts Receivable,,Paid,,,,,,1.00,,"29,500.00",,"29,500.00",,"45,725,199.30",,Income,,0.00,,,,,,,,,,0.00
,,,"8,699",,Invoice,,08/20/2024,,AS010251,,VS Information Systems (Pvt) Ltd,,Synology RackStation RS1221RP+ Unit With 8GB RAM,,08/20/2024,,,,Synology:RS1221RP+,,,,Synology,,Sal:RS,,A,,Taxable Sales,,,,Accounts Receivable,,Paid,,,,,,1.00,,"580,000.00",,"580,000.00",,"46,305,199.30",,Income,,0.00,,,,,,,,,,0.00
,,,"8,699",,Invoice,,08/20/2024,,AS010251,,VS Information Systems (Pvt) Ltd,,12TB Synology Plus Hard Drive,,08/20/2024,,,,HDD:HAT3300-12T (12TB Synology Plus Hard Drive),,12TB Synology Plus Hard Drive,,Hard Drive,,Sal:RS,,A,,Taxable Sales,,,,Accounts Receivable,,Paid,,,,,,5.00,,"104,000.00",,"520,000.00",,"46,825,199.30",,Income,,0.00,,,,,,,,,,0.00
,,,"8,699",,Invoice,,08/20/2024,,AS010251,,VS Information Systems (Pvt) Ltd,,Synology RackStation RS1221RP+ Unit With 8GB RAM,,08/20/2024,,,,Synology:RS1221RP+,,,,Synology,,Sal:RS,,A,,Taxable Sales,,,,Accounts Receivable,,Paid,,,,,,1.00,,"580,000.00",,"580,000.00",,"47,405,199.30",,Income,,0.00,,,,,,,,,,0.00
,,,"8,699",,Invoice,,08/20/2024,,AS010251,,VS Information Systems (Pvt) Ltd,,12TB Synology Plus Hard Drive,,08/20/2024,,,,HDD:HAT3300-12T (12TB Synology Plus Hard Drive),,12TB Synology Plus Hard Drive,,Hard Drive,,Sal:RS,,A,,Taxable Sales,,,,Accounts Receivable,,Paid,,,,,,5.00,,"104,000.00",,"520,000.00",,"47,925,199.30",,Income,,0.00,,,,,,,,,,0.00
,,,"8,699",,Invoice,,08/20/2024,,AS010251,,VS Information Systems (Pvt) Ltd,,2U  Rail Kit,,08/20/2024,,,,Synology:2 U Sliding Rail Kit,,,,Synology,,Sal:RS,,A,,Taxable Sales,,,,Accounts Receivable,,Paid,,,,,,2.00,,,,,,"47,925,199.30",,Income,,0.00,,,,,,,,,,0.00
,,,"8,702",,Invoice,,08/20/2024,,AS010252,,Sri Laka Rupahavani Corporation,,Compatible Power Adaptor Synology NAS DS918+,,08/20/2024,,,,Accs (Accessories),,Accessories,,Hardware,,Sal:EC,,AD,,Non-Taxable Sales,,,,Accounts Receivable,,Paid,,,,,,1.00,,"17,700.00",,"17,700.00",,"47,942,899.30",,Income,,0.00,,,,,,,,,,0.00
,,,"8,711",,Invoice,,08/20/2024,,AS010253,,Sell-X Computers (Pvt) Ltd,,Synology DiskStation DS423+ 4Bay,,07/03/2024,,,,Synology:DS423+ (Synology DiskStation DS423+ 4Bay),,Synology DiskStation DS423+ 4Bay,,Synology,,Sal:RS,,AD,,Taxable Sales,,,,Accounts Receivable,,Paid,,,,,,1.00,,"177,000.00",,"177,000.00",,"48,119,899.30",,Income,,0.00,,,,,,,,,,0.00
,,,"8,724",,Invoice,,08/21/2024,,AS010254,,LANKA COMMODITY BROKERS LTD,,Anti Spam Service,,08/21/2024,,,,Services,,,,Support and Maintenance,,Mnt,,AS,,Taxable Sales,,,,Accounts Receivable,,Paid,,,,,,1.00,,"6,754.88",,"6,754.88",,"48,126,654.18",,Income,,0.00,,,,,,,,,,0.00
,,,"8,725",,Invoice,,08/21/2024,,AS010255,,LANKA COMMODITY BROKERS LTD,,7GB Storage Space  100GB Transfer Bandwidth  1 Nos Fixed IP. (Clean)  SPF/ DKIM Supported  Spam ...,,08/21/2024,,,,Host Email,,,,Support and Maintenance,,Mnt,,AS,,Taxable Sales,,,,Accounts Receivable,,Paid,,,,,,1.00,,"18,534.88",,"18,534.88",,"48,145,189.06",,Income,,0.00,,,,,,,,,,0.00
,,,"8,726",,Invoice,,08/21/2024,,AS010256,,LANKA MOUNT CASTLE (PVT) LTD,,20GB Storage Capacity with 30 Email Accounts,,08/21/2024,,,,Host Email,,,,Support and Maintenance,,Mnt,,AS,,Taxable Sales,,,,Accounts Receivable,,Paid,,,,,,1.00,,"15,200.00",,"15,200.00",,"48,160,389.06",,Income,,0.00,,,,,,,,,,0.00
,,,"8,754",,Invoice,,08/21/2024,,AS010257,,Computerage (Pvt) Ltd,,"BDCOM S1516v1 Unmanaged 1Gb, 16 port  Switch",,08/21/2024,,,,"BDCOM:S1516v1 (BDCOM S1516v1 Unmanaged 1Gb, 16 port  Switch)",,"BDCOM S1516v1 Unmanaged 1Gb, 16 port  Switch",,BDCOM,,Sal:RS,,AR,,Taxable Sales,,,,Accounts Receivable,,Paid,,,,,,2.00,,"16,050.00",,"32,100.00",,"48,192,489.06",,Income,,0.00,,,,,,,,,,0.00
,,,"8,764",,Invoice,,08/22/2024,,AS010258,,BlueChip Technical Services(Pvt)Ltd,,Synology RX418 4 Bay  Expansion Unit,,08/22/2024,,,,Synology:RX418 (Synology RX418 4 Bay  Expansion Unit),,Synology RX418 4 Bay  Expansion Unit,,Synology,,Sal:RS,,A,,Taxable Sales,,,,Accounts Receivable,,Paid,,,,,,1.00,,"225,000.00",,"225,000.00",,"48,417,489.06",,Income,,0.00,,,,,,,,,,0.00
,,,"8,764",,Invoice,,08/22/2024,,AS010258,,BlueChip Technical Services(Pvt)Ltd,,4 TB Seagate Ironwolf NAS Hard Drive,,08/22/2024,,,,HDD:4 TB NAS HDD (4 TB Seagate Ironwolf NAS Hard Drive),,4 TB Seagate Ironwolf NAS Hard Drive,,Hard Drive,,Sal:RS,,A,,Taxable Sales,,,,Accounts Receivable,,Paid,,,,,,4.00,,"51,000.00",,"204,000.00",,"48,621,489.06",,Income,,0.00,,,,,,,,,,0.00
,,,"8,764",,Invoice,,08/22/2024,,AS010258,,BlueChip Technical Services(Pvt)Ltd,,1U Rail kIt,,08/22/2024,,,,Synology:1 U Fixed Rail Kit,,,,Synology,,Sal:RS,,A,,Taxable Sales,,,,Accounts Receivable,,Paid,,,,,,1.00,,,,,,"48,621,489.06",,Income,,0.00,,,,,,,,,,0.00
,,,"8,823",,Invoice,,08/26/2024,,AS010259,,Rapidventure (Pvt) Ltd,,4 TB Seagate Ironwolf NAS Hard Drive,,08/26/2024,,,,HDD:4 TB NAS HDD (4 TB Seagate Ironwolf NAS Hard Drive),,4 TB Seagate Ironwolf NAS Hard Drive,,Hard Drive,,Sal:RS,,AS,,Taxable Sales,,,,Accounts Receivable,,Paid,,,,,,1.00,,"51,000.00",,"51,000.00",,"48,672,489.06",,Income,,0.00,,,,,,,,,,0.00
,,,"8,824",,Invoice,,08/26/2024,,AS010260,,Gem Island Investments pvt Ltd,,Synology Diskstation DS223  2Bay,,08/26/2024,,,,Synology:DS223 (Synology Diskstation DS223  2Bay),,Synology Diskstation DS223  2Bay,,Synology,,Sal:EC,,AS,,Taxable Sales,,,,Accounts Receivable,,Paid,,,,,,1.00,,"112,000.00",,"112,000.00",,"48,784,489.06",,Income,,0.00,,,,,,,,,,0.00
,,,"8,835",,Invoice,,08/27/2024,,AS010261,,Studio Lakdam,,Synology 4TB NAS HDD,,08/27/2024,,,,HDD:HAT3300-4T (Synology 4TB Plus HDD),,Synology 4TB Plus HDD,,Hard Drive,,Sal:EC,,AD,,Non-Taxable Sales,,,,Accounts Receivable,,Paid,,,,,,1.00,,"60,000.00",,"60,000.00",,"48,844,489.06",,Income,,0.00,,,,,,,,,,0.00
,,,"8,858",,Invoice,,08/28/2024,,AS010262,,OAK INTEGRATED SYSTEMS PVT LTD,,Synology 4TB NAS HDD,,08/28/2024,,,,HDD:HAT3300-4T (Synology 4TB Plus HDD),,Synology 4TB Plus HDD,,Hard Drive,,Sal:RS,,A,,Taxable Sales,,,,Accounts Receivable,,Paid,,,,,,2.00,,"44,000.00",,"88,000.00",,"48,932,489.06",,Income,,0.00,,,,,,,,,,0.00
,,,"8,878",,Invoice,,08/29/2024,,AS010263,,D-TECH (PVT) LTD,,Synology DS423 4 Bay NAS,,08/29/2024,,,,Synology:DS423 (Synology DS423 4 Bay NAS),,Synology DS423 4 Bay NAS,,Synology,,Sal:RS,,A,,Taxable Sales,,,,Accounts Receivable,,Paid,,,,,,1.00,,"137,000.00",,"137,000.00",,"49,069,489.06",,Income,,0.00,,,,,,,,,,0.00
,,,"8,878",,Invoice,,08/29/2024,,AS010263,,D-TECH (PVT) LTD,,Synology 4TB Plus HDD,,08/29/2024,,,,HDD:HAT3300-4T (Synology 4TB Plus HDD),,Synology 4TB Plus HDD,,Hard Drive,,Sal:RS,,A,,Taxable Sales,,,,Accounts Receivable,,Paid,,,,,,4.00,,"44,000.00",,"176,000.00",,"49,245,489.06",,Income,,0.00,,,,,,,,,,0.00
,,,"8,878",,Invoice,,08/29/2024,,AS010263,,D-TECH (PVT) LTD,,Special Discount,,08/29/2024,,,,Discount,,,,Sales Discount,,Sal:RS,,A,,Taxable Sales,,,,Accounts Receivable,,Paid,,,,,,,,"-2,000.00",,"-2,000.00",,"49,243,489.06",,Income,,0.00,,,,,,,,,,0.00
,,,"8,879",,Invoice,,08/29/2024,,AS010264,,Enash Global (Pvt) Ltd,,Ethernet POE Switch with 4GE TX/SFP combo ports and 24 GE PoE Ports,,08/29/2024,,,,BDCOM:S2528P (Ethernet POE Switch with 4GE TX/SFP combo ports and 24 GE PoE Ports),,Ethernet POE Switch with 4GE TX/SFP combo ports and 24 GE PoE Ports,,BDCOM,,Sal:EC,,AD,,Non-Taxable Sales,,,,Accounts Receivable,,Paid,,,,,,1.00,,"151,040.00",,"151,040.00",,"49,394,529.06",,Income,,0.00,,,,,,,,,,0.00
,,,"8,933",,Invoice,,09/02/2024,,AS010265,,Elegant Knitting International,,Draytek Vigor 3910 Security Appliance..Quad Wan,,09/02/2024,,,,Draytek:Vigor 3910 (Draytek Vigor 3910 Security Appliance..Quad Wan),,Draytek Vigor 3910 Security Appliance..Quad Wan,,Draytek,,Sal:RS,,AS,,Taxable Sales,,,,Accounts Receivable,,Paid,,,,,,1.00,,"292,000.00",,"292,000.00",,"49,686,529.06",,Income,,0.00,,,,,,,,,,0.00
,,,"8,945",,Invoice,,09/02/2024,,AS010266,,Enash Global (Pvt) Ltd,,Ethernet POE Switch with 4GE TX/SFP combo ports and 24 GE PoE Ports,,09/02/2024,,,,BDCOM:S2528P (Ethernet POE Switch with 4GE TX/SFP combo ports and 24 GE PoE Ports),,Ethernet POE Switch with 4GE TX/SFP combo ports and 24 GE PoE Ports,,BDCOM,,Sal:RS,,AD,,Non-Taxable Sales,,,,Accounts Receivable,,Paid,,,,,,1.00,,"151,040.00",,"151,040.00",,"49,837,569.06",,Income,,0.00,,,,,,,,,,0.00
,,,"8,946",,Invoice,,09/02/2024,,AS010267,,Merbok MDF Lanka,,NAS Service & Repair Charges,,09/02/2024,,,,Services,,,,Support and Maintenance,,Sal:EC,,A,,Non-Taxable Sales,,,,Accounts Receivable,,Paid,,,,,,1.00,,"5,310.00",,"5,310.00",,"49,842,879.06",,Income,,0.00,,,,,,,,,,0.00
,,,"8,951",,Invoice,,09/03/2024,,AS010268,,AS-tron Solutions (Pvt) Ltd,,BDCOM S1016 16 Port 100M BaseT 1U Rack Mounted,,09/03/2024,,,,BDCOM:S1016 (BDCOM S1016 16 Port 100M BaseT 1U Rack Mounted),,BDCOM S1016 16 Port 100M BaseT 1U Rack Mounted,,BDCOM,,Sal:RS,,AD,,Non-Taxable Sales,,,,Accounts Receivable,,Paid,,,,,,2.00,,"12,980.00",,"25,960.00",,"49,868,839.06",,Income,,0.00,,,,,,,,,,0.00
,,,"8,956",,Invoice,,09/04/2024,,AS010269,,Softnet Information (Pvt) Ltd,,Synology NAS DS923+ 4 Bay NAS,,09/04/2024,,,,Synology:DS923+ (Synology NAS DS923+ 4 Bay NAS),,Synology NAS DS923+ 4 Bay NAS,,Synology,,,,AD,,Taxable Sales,,,,Accounts Receivable,,Paid,,,,,,1.00,,"240,000.00",,"240,000.00",,"50,108,839.06",,Income,,0.00,,,,,,,,,,0.00
,,,"8,958",,Invoice,,09/04/2024,,AS010270,,THE COMPUTER CENTER (PVT) LTD,,Synology 8TB NAS Hard Drive,,09/04/2024,,,,HDD:HAT3310-8T (Synology 8TB Plus Hard Drive),,Synology 8TB Plus Hard Drive,,Hard Drive,,Sal:RS,,AS,,Taxable Sales,,,,Accounts Receivable,,Paid,,,,,,4.00,,"86,000.00",,"344,000.00",,"50,452,839.06",,Income,,0.00,,,,,,,,,,0.00
,,,"8,962",,Invoice,,09/05/2024,,AS010271,,AL - ARAF HOTELS & RESORT (PVT) LTD,,Hosting Charges for 10 email Accounts (10$),,09/05/2024,,,,Hosting (Hosting),,Hosting,,Support and Maintenance,,Sal:EC,,AS,,Taxable Sales,,,,Accounts Receivable,,Paid,,,,,,1.00,,"3,010.00",,"3,010.00",,"50,455,849.06",,Income,,0.00,,,,,,,,,,0.00
,,,"9,034",,Invoice,,09/09/2024,,AS010272,,Alphasonic Technologies (Pvt) Ltd,,Synology RackStation RS2423RP+ 12Bay with 16GB RAM,,09/09/2024,,,,RS2423RP+ (Synology RackStation RS2423RP+ 12Bay),,Synology RackStation RS2423RP+ 12Bay,,Synology,,Sal:RS,,A,,Taxable Sales,,,,Accounts Receivable,,Paid,,,,,,1.00,,"1,599,351.09",,"1,599,351.09",,"52,055,200.15",,Income,,0.00,,,,,,,,,,0.00
,,,"9,034",,Invoice,,09/09/2024,,AS010272,,Alphasonic Technologies (Pvt) Ltd,,Synology 4 TB Enterprise HDD,,09/09/2024,,,,4TB Synology Ent (Synology 4 TB Enterprise HDD),,Synology 4 TB Enterprise HDD,,Hard Drive,,Sal:RS,,A,,Taxable Sales,,,,Accounts Receivable,,Paid,,,,,,4.00,,,,,,"52,055,200.15",,Income,,0.00,,,,,,,,,,0.00
,,,"9,034",,Invoice,,09/09/2024,,AS010272,,Alphasonic Technologies (Pvt) Ltd,,Synology M2D20 Adapter Card,,09/09/2024,,,,Synology:M2D20 (Synology M2D20 Adapter Card),,Synology M2D20 Adapter Card,,Hardware,,Sal:RS,,A,,Taxable Sales,,,,Accounts Receivable,,Paid,,,,,,1.00,,,,,,"52,055,200.15",,Income,,0.00,,,,,,,,,,0.00
,,,"9,034",,Invoice,,09/09/2024,,AS010272,,Alphasonic Technologies (Pvt) Ltd,,2U Rail kit,,09/09/2024,,,,Synology:2 U Sliding Rail Kit,,,,Synology,,Sal:RS,,A,,Taxable Sales,,,,Accounts Receivable,,Paid,,,,,,1.00,,,,,,"52,055,200.15",,Income,,0.00,,,,,,,,,,0.00
,,,"9,034",,Invoice,,09/09/2024,,AS010272,,Alphasonic Technologies (Pvt) Ltd,,SATA5220-1920G M.2 NVMe SSD,,09/09/2024,,,,HDD:SATA5220-1920G (SATA5220-1920G M.2 NVMe SSD),,SATA5220-1920G M.2 NVMe SSD,,Hard Drive,,Sal:RS,,A,,Taxable Sales,,,,Accounts Receivable,,Paid,,,,,,2.00,,,,,,"52,055,200.15",,Income,,0.00,,,,,,,,,,0.00
,,,"9,035",,Invoice,,09/09/2024,,AS010273,,Computerage (Pvt) Ltd,,"BDCOM S1516v1 Unmanaged 1Gb, 16 port  Switch",,09/09/2024,,,,"BDCOM:S1516v1 (BDCOM S1516v1 Unmanaged 1Gb, 16 port  Switch)",,"BDCOM S1516v1 Unmanaged 1Gb, 16 port  Switch",,BDCOM,,Sal:RS,,AR,,Taxable Sales,,,,Accounts Receivable,,Paid,,,,,,1.00,,"16,050.00",,"16,050.00",,"52,071,250.15",,Income,,0.00,,,,,,,,,,0.00
,,,"9,053",,Invoice,,09/11/2024,,AS010274,,American Premium Water Systems (Pvt)Ltd,,Synology DS216 System Repair & Data Recovery Charges,,09/11/2024,,,,Services,,,,Support and Maintenance,,Sal:EC,,A,,Taxable Sales,,,,Accounts Receivable,,Paid,,,,,,1.00,,"20,000.00",,"20,000.00",,"52,091,250.15",,Income,,0.00,,,,,,,,,,0.00
,,,"9,054",,Invoice,,09/11/2024,,AS010275,,American Premium Water Systems (Pvt)Ltd,,Synology 2TB Plus Hard Drive,,09/11/2024,,,,HDD:HAT3300-2T (Synology 2TB Plus Hard Drive),,Synology 2TB Plus Hard Drive,,Hard Drive,,Sal:EC,,A,,Taxable Sales,,,,Accounts Receivable,,Paid,,,,,,2.00,,"39,000.00",,"78,000.00",,"52,169,250.15",,Income,,0.00,,,,,,,,,,0.00
,,,"9,055",,Invoice,,09/11/2024,,AS010276,,Apex Business Solutions PVT Ltd.,,Synology RX1217 RP  12 Bay Expansion,,09/11/2024,,,,Synology:RX1217RP (Synology RX1217 RP  12 Bay Expansion),,Synology RX1217 RP  12 Bay Expansion,,Synology,,Sal:RS,,AD,,Taxable Sales,,,,Accounts Receivable,,Paid,,,,,,1.00,,"749,000.00",,"749,000.00",,"52,918,250.15",,Income,,0.00,,,,,,,,,,0.00
,,,"9,055",,Invoice,,09/11/2024,,AS010276,,Apex Business Solutions PVT Ltd.,,Synology 4 TB Enterprise HDD,,09/11/2024,,,,4TB Synology Ent (Synology 4 TB Enterprise HDD),,Synology 4 TB Enterprise HDD,,Hard Drive,,Sal:RS,,AD,,Taxable Sales,,,,Accounts Receivable,,Paid,,,,,,12.00,,"79,000.00",,"948,000.00",,"53,866,250.15",,Income,,0.00,,,,,,,,,,0.00
,,,"9,055",,Invoice,,09/11/2024,,AS010276,,Apex Business Solutions PVT Ltd.,,2 U Sliding Rail Kit,,09/11/2024,,,,Synology:2 U Sliding Rail Kit,,,,Synology,,Sal:RS,,AD,,Taxable Sales,,,,Accounts Receivable,,Paid,,,,,,1.00,,,,,,"53,866,250.15",,Income,,0.00,,,,,,,,,,0.00
,,,"9,058",,Invoice,,09/11/2024,,AS010277,,Nadeera Paints (Pvt) Ltd,,Firewall configuration Charges,,09/11/2024,,,,Services,,,,Support and Maintenance,,Sal:EC,,AD,,Taxable Sales,,,,Accounts Receivable,,Paid,,,,,,1.00,,"15,000.00",,"15,000.00",,"53,881,250.15",,Income,,0.00,,,,,,,,,,0.00
,,,"9,073",,Invoice,,09/12/2024,,AS010278,,ICC Inernational Construction Consortium,,BDCOM S1508E Network Switch 8 Port,,09/12/2024,,,,BDCOM:S1508E,,,,BDCOM,,Sal:RS,,AD,,Taxable Sales,,,,Accounts Receivable,,Paid,,,,,,2.00,,"5,500.00",,"11,000.00",,"53,892,250.15",,Income,,0.00,,,,,,,,,,0.00
,,,"9,074",,Invoice,,09/12/2024,,AS010279,,NOLIMIT,,BDCOM S1500-24T Switch,,09/12/2024,,,,BDCOM:S1500-24T (BDCOM S1500-24T Switch),,BDCOM S1500-24T Switch,,BDCOM,,Sal:EC,,AR,,Taxable Sales,,,,Accounts Receivable,,Paid,,,,,,2.00,,"22,000.00",,"44,000.00",,"53,936,250.15",,Income,,0.00,,,,,,,,,,0.00
,,,"9,075",,Invoice,,09/12/2024,,AS010280,,THE COMPUTER CENTER (PVT) LTD,,Seagate 2TB Constellation SATA  HDD,,09/12/2024,,,,2TB Seagate Constellation (Seagate 2TB Constellation SATA  HDD),,Seagate 2TB Constellation SATA  HDD,,Hard Drive,,Sal:RS,,AS,,Taxable Sales,,,,Accounts Receivable,,Paid,,,,,,1.00,,"59,200.00",,"59,200.00",,"53,995,450.15",,Income,,0.00,,,,,,,,,,0.00
,,,"9,076",,Invoice,,09/13/2024,,AS010281,,NOLIMIT,,Synology RackStation RS2423RP+ 12Bay,,09/13/2024,,,,RS2423RP+ (Synology RackStation RS2423RP+ 12Bay),,Synology RackStation RS2423RP+ 12Bay,,Synology,,Sal:EC,,AS,,Taxable Sales,,,,Accounts Receivable,,Paid,,,,,,1.00,,"1,015,300.00",,"1,015,300.00",,"55,010,750.15",,Income,,0.00,,,,,,,,,,0.00
,,,"9,076",,Invoice,,09/13/2024,,AS010281,,NOLIMIT,,Synology 4TB NAS HDD,,09/13/2024,,,,HDD:HAT3300-4T (Synology 4TB Plus HDD),,Synology 4TB Plus HDD,,Hard Drive,,Sal:EC,,AS,,Taxable Sales,,,,Accounts Receivable,,Paid,,,,,,10.00,,"48,400.00",,"484,000.00",,"55,494,750.15",,Income,,0.00,,,,,,,,,,0.00
,,,"9,076",,Invoice,,09/13/2024,,AS010281,,NOLIMIT,,2 U Sliding Rail Kit,,09/13/2024,,,,Synology:2 U Sliding Rail Kit,,,,Synology,,Sal:EC,,AS,,Taxable Sales,,,,Accounts Receivable,,Paid,,,,,,1.00,,,,,,"55,494,750.15",,Income,,0.00,,,,,,,,,,0.00
,,,"9,078",,Invoice,,09/13/2024,,AS010282,,Hexar Evolution (Pvt) Ltd,,"Acronis Cyber Protect Standard Workstation Subscription License, 1 Year",,09/13/2024,,,,Acronis,,,,Acronics,,Sal:RS,,SM,,Taxable Sales,,,,Accounts Receivable,,Paid,,,,,,10.00,,"21,000.00",,"210,000.00",,"55,704,750.15",,Income,,0.00,,,,,,,,,,0.00
,,,"9,439",,Invoice,,09/18/2024,,AS010283,,Apex Business Solutions PVT Ltd.,,Synology RX1217 RP  12 Bay Expansion,,09/18/2024,,,,Synology:RX1217RP (Synology RX1217 RP  12 Bay Expansion),,Synology RX1217 RP  12 Bay Expansion,,Synology,,Sal:RS,,AD,,Taxable Sales,,,,Accounts Receivable,,Paid,,,,,,2.00,,"749,000.00",,"1,498,000.00",,"57,202,750.15",,Income,,0.00,,,,,,,,,,0.00
,,,"9,439",,Invoice,,09/18/2024,,AS010283,,Apex Business Solutions PVT Ltd.,,Synology 8TB Enterprise Hard Drive,,09/18/2024,,,,HDD:Synology 8TB ENT (Synology 8TB Enterprise Hard Drive),,Synology 8TB Enterprise Hard Drive,,Hard Drive,,Sal:RS,,AD,,Taxable Sales,,,,Accounts Receivable,,Paid,,,,,,24.00,,"122,000.00",,"2,928,000.00",,"60,130,750.15",,Income,,0.00,,,,,,,,,,0.00
,,,"9,439",,Invoice,,09/18/2024,,AS010283,,Apex Business Solutions PVT Ltd.,,2U Rail Kit,,09/18/2024,,,,Synology:2 U Sliding Rail Kit,,,,Synology,,Sal:RS,,AD,,Taxable Sales,,,,Accounts Receivable,,Paid,,,,,,2.00,,,,,,"60,130,750.15",,Income,,0.00,,,,,,,,,,0.00
,,,"9,455",,Invoice,,09/19/2024,,AS010284,,LANKA COMMODITY BROKERS LTD,,7GB Storage Space  100GB Transfer Bandwidth  1 Nos Fixed IP. (Clean)  SPF/ DKIM Supported  Spam ...,,09/19/2024,,,,Host Email,,,,Support and Maintenance,,Mnt,,AS,,Taxable Sales,,,,Accounts Receivable,,Paid,,,,,,1.00,,"18,748.27",,"18,748.27",,"60,149,498.42",,Income,,0.00,,,,,,,,,,0.00
,,,"9,456",,Invoice,,09/19/2024,,AS010285,,LANKA COMMODITY BROKERS LTD,,Anti Spam Service,,09/19/2024,,,,Services,,,,Support and Maintenance,,Mnt,,AS,,Taxable Sales,,,,Accounts Receivable,,Paid,,,,,,1.00,,"6,832.65",,"6,832.65",,"60,156,331.07",,Income,,0.00,,,,,,,,,,0.00
,,,"9,457",,Invoice,,09/19/2024,,AS010286,,LANKA MOUNT CASTLE (PVT) LTD,,20GB Storage Capacity with 30 Email Accounts,,09/19/2024,,,,Host Email,,,,Support and Maintenance,,Mnt,,AS,,Taxable Sales,,,,Accounts Receivable,,Paid,,,,,,1.00,,"15,375.00",,"15,375.00",,"60,171,706.07",,Income,,0.00,,,,,,,,,,0.00
,,,"9,459",,Invoice,,09/20/2024,,AS010287,,Star Technology,,Synology Diskstation DS223  2Bay,,09/20/2024,,,,Synology:DS223 (Synology Diskstation DS223  2Bay),,Synology Diskstation DS223  2Bay,,Synology,,Sal:RS,,A,,Non-Taxable Sales,,,,Accounts Receivable,,Paid,,,,,,1.00,,"123,900.00",,"123,900.00",,"60,295,606.07",,Income,,0.00,,,,,,,,,,0.00
,,,"9,459",,Invoice,,09/20/2024,,AS010287,,Star Technology,,Synology 2TB Plus Hard Drive,,09/20/2024,,,,HDD:HAT3300-2T (Synology 2TB Plus Hard Drive),,Synology 2TB Plus Hard Drive,,Hard Drive,,Sal:RS,,A,,Non-Taxable Sales,,,,Accounts Receivable,,Paid,,,,,,2.00,,"44,840.00",,"89,680.00",,"60,385,286.07",,Income,,0.00,,,,,,,,,,0.00
,,,"9,460",,Invoice,,09/20/2024,,AS010288,,TYAX (PVT) LTD,,"BDCOM S1516v1 Unmanaged 1Gb, 16 port  Switch",,09/20/2024,,,,"BDCOM:S1516v1 (BDCOM S1516v1 Unmanaged 1Gb, 16 port  Switch)",,"BDCOM S1516v1 Unmanaged 1Gb, 16 port  Switch",,BDCOM,,Sal:RS,,AD,,Taxable Sales,,,,Accounts Receivable,,Paid,,,,,,6.00,,"21,000.00",,"126,000.00",,"60,511,286.07",,Income,,0.00,,,,,,,,,,0.00
,,,"9,484",,Invoice,,09/25/2024,,AS010289,,Alphasonic Technologies (Pvt) Ltd,,Data Recovery Charges,,09/25/2024,,,,Services,,,,Support and Maintenance,,Sal:RS,,A,,Taxable Sales,,,,Accounts Receivable,,Paid,,,,,,1.00,,"70,000.00",,"70,000.00",,"60,581,286.07",,Income,,0.00,,,,,,,,,,0.00
,,,"9,484",,Invoice,,09/25/2024,,AS010289,,Alphasonic Technologies (Pvt) Ltd,,Synology DS1815+ 2 Weeks Rental Charges,,09/25/2024,,,,Services,,,,Support and Maintenance,,Sal:RS,,A,,Taxable Sales,,,,Accounts Receivable,,Paid,,,,,,2.00,,"30,000.00",,"60,000.00",,"60,641,286.07",,Income,,0.00,,,,,,,,,,0.00
,,,"9,491",,Invoice,,09/25/2024,,AS010290,,ROAR AD X (PVT LTD,,Synology NAS Service Charges,,08/31/2024,,,,Services,,,,Support and Maintenance,,Sal:EC,,AD,,Taxable Sales,,,,Accounts Receivable,,Paid,,,,,,1.00,,"15,000.00",,"15,000.00",,"60,656,286.07",,Income,,0.00,,,,,,,,,,0.00
,,,"9,492",,Invoice,,09/25/2024,,AS010291,,OAK INTEGRATED SYSTEMS PVT LTD,,"Acronis Cyber Protect - Backup Advance Server Subscription License, 1 Year - Renewal",,09/25/2024,,,,Acronis,,,,Acronics,,Sal:RS,,A,,Taxable Sales,,,,Accounts Receivable,,Paid,,,,,,4.00,,"196,750.00",,"787,000.00",,"61,443,286.07",,Income,,0.00,,,,,,,,,,0.00
,,,"9,494",,Invoice,,09/25/2024,,AS010292,,VMIT SOLUTION (PVT) LTD,,S1500-24T2S BDCOM Switch,,09/25/2024,,,,BDCOM:S1500-24T2S (S1500-24T2S BDCOM Switch),,S1500-24T2S BDCOM Switch,,BDCOM,,Sal:RS,,A,,Taxable Sales,,,,Accounts Receivable,,Paid,,,,,,4.00,,"25,000.00",,"100,000.00",,"61,543,286.07",,Income,,0.00,,,,,,,,,,0.00
,,,"9,494",,Invoice,,09/25/2024,,AS010292,,VMIT SOLUTION (PVT) LTD,,BDCOM GSFP-SX-D Multi-mode Transceiver,,09/25/2024,,,,BDCOM:GSFP-SX-D,,,,BDCOM,,Sal:RS,,A,,Taxable Sales,,,,Accounts Receivable,,Paid,,,,,,6.00,,"3,700.00",,"22,200.00",,"61,565,486.07",,Income,,0.00,,,,,,,,,,0.00
,,,"9,498",,Invoice,,09/26/2024,,AS010293,,Ceylinco General Insurance Limited,,Extended Warranty  Agreement,,09/26/2024,,,,MA (Maintenance  Agreement),,Maintenance  Agreement,,Support and Maintenance,,Mnt,,AS,,Non-Taxable Sales,,,,Accounts Receivable,,Paid,,,,,,1.00,,,,,,"61,565,486.07",,Income,,0.00,,,,,,,,,,0.00
,,,"9,498",,Invoice,,09/26/2024,,AS010293,,Ceylinco General Insurance Limited,,Unit 01 - Synology NAS RS3617RPxs,,09/26/2024,,,,MA (Maintenance  Agreement),,Maintenance  Agreement,,Support and Maintenance,,Mnt,,AS,,Taxable Sales,,,,Accounts Receivable,,Paid,,,,,,1.00,,"518,600.00",,"518,600.00",,"62,084,086.07",,Income,,0.00,,,,,,,,,,0.00
,,,"9,498",,Invoice,,09/26/2024,,AS010293,,Ceylinco General Insurance Limited,,Unit 02 - Synology NAS RS3617RPxs,,09/26/2024,,,,MA (Maintenance  Agreement),,Maintenance  Agreement,,Support and Maintenance,,Mnt,,AS,,Taxable Sales,,,,Accounts Receivable,,Paid,,,,,,1.00,,"568,520.00",,"568,520.00",,"62,652,606.07",,Income,,0.00,,,,,,,,,,0.00
,,,"9,498",,Invoice,,09/26/2024,,AS010293,,Ceylinco General Insurance Limited,,Unit 03 - Synology NAS RS3617RPxs,,09/26/2024,,,,MA (Maintenance  Agreement),,Maintenance  Agreement,,Support and Maintenance,,Mnt,,AS,,Taxable Sales,,,,Accounts Receivable,,Paid,,,,,,1.00,,"568,520.00",,"568,520.00",,"63,221,126.07",,Income,,0.00,,,,,,,,,,0.00
,,,"9,500",,Invoice,,09/27/2024,,AS010294,,Apex Business Solutions PVT Ltd.,,Synology DiskStation DS224+  2Bay,,09/27/2024,,,,Synology:DS224+ (Synology DiskStation DS224+  2Bay),,Synology DiskStation DS224+  2Bay,,Synology,,Sal:RS,,AD,,Taxable Sales,,,,Accounts Receivable,,Paid,,,,,,1.00,,"122,169.49",,"122,169.49",,"63,343,295.56",,Income,,0.00,,,,,,,,,,0.00
,,,"9,500",,Invoice,,09/27/2024,,AS010294,,Apex Business Solutions PVT Ltd.,,Synology 4TB NAS HDD,,09/27/2024,,,,HDD:HAT3300-4T (Synology 4TB Plus HDD),,Synology 4TB Plus HDD,,Hard Drive,,Sal:RS,,AD,,Taxable Sales,,,,Accounts Receivable,,Paid,,,,,,2.00,,"44,000.00",,"88,000.00",,"63,431,295.56",,Income,,0.00,,,,,,,,,,0.00
,,,"9,501",,Invoice,,09/27/2024,,AS010295,,KBSL Information Technologies Ltd,,Synology 4TB NAS HDD,,09/27/2024,,,,HDD:HAT3300-4T (Synology 4TB Plus HDD),,Synology 4TB Plus HDD,,Hard Drive,,Sal:RS,,A,,Taxable Sales,,,,Accounts Receivable,,Paid,,,,,,1.00,,"44,000.00",,"44,000.00",,"63,475,295.56",,Income,,0.00,,,,,,,,,,0.00
,,,"9,502",,Invoice,,09/27/2024,,AS010296,,Barclays Computers (Pvt) Ltd,,Synology DS423 4 Bay NAS,,09/27/2024,,,,Synology:DS423 (Synology DS423 4 Bay NAS),,Synology DS423 4 Bay NAS,,Synology,,Sal:RS,,AS,,Taxable Sales,,,,Accounts Receivable,,Paid,,,,,,2.00,,"134,900.00",,"269,800.00",,"63,745,095.56",,Income,,0.00,,,,,,,,,,0.00
,,,"9,510",,Invoice,,10/01/2024,,AS010297,,Creattive Technologies,,Synology Diskstation DS223  2Bay,,10/01/2024,,,,Synology:DS223 (Synology Diskstation DS223  2Bay),,Synology Diskstation DS223  2Bay,,Synology,,Sal:RS,,AD,,Taxable Sales,,,,Accounts Receivable,,Paid,,,,,,1.00,,"96,000.00",,"96,000.00",,"63,841,095.56",,Income,,0.00,,,,,,,,,,0.00
,,,"9,563",,Credit Memo,,10/03/2024,,AS00106,,THE COMPUTER CENTER (PVT) LTD,,Seagate 2TB Constellation SATA  HDD,,10/03/2024,,,,2TB Seagate Constellation (Seagate 2TB Constellation SATA  HDD),,Seagate 2TB Constellation SATA  HDD,,Hard Drive,,Sal:RS,,,,Taxable Sales,,,,Accounts Receivable,,Paid,,,,,,-1.00,,"59,200.00",,"-59,200.00",,"63,781,895.56",,Income,,0.00,,,,,,,,,,0.00
,,,"9,559",,Invoice,,10/03/2024,,AS010298,,Tritech Engineers (Pvt) Ltd,,NAS Troubleshooting Charges,,10/03/2024,,,,Services,,,,Support and Maintenance,,Sal:EC,,AS,,Taxable Sales,,,,Accounts Receivable,,Paid,,,,,,1.00,,"7,500.00",,"7,500.00",,"63,789,395.56",,Income,,0.00,,,,,,,,,,0.00
,,,"9,561",,Invoice,,10/03/2024,,AS010299,,TYAX (PVT) LTD,,Synology Rackstation RS822RP+,,10/03/2024,,,,Synology:RS822RP+ (Synology Rackstation RS822RP+),,Synology Rackstation RS822RP+,,Synology,,Sal:RS,,AD,,Taxable Sales,,,,Accounts Receivable,,Paid,,,,,,1.00,,"516,000.00",,"516,000.00",,"64,305,395.56",,Income,,0.00,,,,,,,,,,0.00
,,,"9,561",,Invoice,,10/03/2024,,AS010299,,TYAX (PVT) LTD,,Synology 2TB Plus Hard Drive,,10/03/2024,,,,HDD:HAT3300-2T (Synology 2TB Plus Hard Drive),,Synology 2TB Plus Hard Drive,,Hard Drive,,Sal:RS,,AD,,Taxable Sales,,,,Accounts Receivable,,Paid,,,,,,2.00,,"41,000.00",,"82,000.00",,"64,387,395.56",,Income,,0.00,,,,,,,,,,0.00
,,,"9,561",,Invoice,,10/03/2024,,AS010299,,TYAX (PVT) LTD,,1 U Rail Kit,,10/03/2024,,,,Synology:1 U Fixed Rail Kit,,,,Synology,,Sal:RS,,AD,,Taxable Sales,,,,Accounts Receivable,,Paid,,,,,,1.00,,,,,,"64,387,395.56",,Income,,0.00,,,,,,,,,,0.00
,,,"9,562",,Invoice,,10/03/2024,,AS010300,,Pretec Solutions,,Synology DiskStation DS224+  2Bay,,10/03/2024,,,,Synology:DS224+ (Synology DiskStation DS224+  2Bay),,Synology DiskStation DS224+  2Bay,,Synology,,Sal:RS,,AS,,Non-Taxable Sales,,,,Accounts Receivable,,Paid,,,,,,1.00,,"142,190.00",,"142,190.00",,"64,529,585.56",,Income,,0.00,,,,,,,,,,0.00
,,,"9,562",,Invoice,,10/03/2024,,AS010300,,Pretec Solutions,,Synology 4TB NAS HDD,,10/03/2024,,,,HDD:HAT3300-4T (Synology 4TB Plus HDD),,Synology 4TB Plus HDD,,Hard Drive,,Sal:RS,,AS,,Non-Taxable Sales,,,,Accounts Receivable,,Paid,,,,,,2.00,,"52,805.00",,"105,610.00",,"64,635,195.56",,Income,,0.00,,,,,,,,,,0.00
,,,"9,580",,Invoice,,10/07/2024,,AS010301,,ENTEC COMPUTER SYSTEMS (PVT) LTD,,Synology DS423 4 Bay NAS,,10/07/2024,,,,Synology:DS423 (Synology DS423 4 Bay NAS),,Synology DS423 4 Bay NAS,,Synology,,Sal:RS,,AD,,Non-Taxable Sales,,,,Accounts Receivable,,Paid,,,,,,1.00,,"161,660.00",,"161,660.00",,"64,796,855.56",,Income,,0.00,,,,,,,,,,0.00
,,,"9,582",,Invoice,,10/07/2024,,AS010302,,Creattive Technologies,,Synology Diskstation DS223  2Bay,,10/07/2024,,,,Synology:DS223 (Synology Diskstation DS223  2Bay),,Synology Diskstation DS223  2Bay,,Synology,,Sal:RS,,AD,,Taxable Sales,,,,Accounts Receivable,,Paid,,,,,,1.00,,"96,000.00",,"96,000.00",,"64,892,855.56",,Income,,0.00,,,,,,,,,,0.00
,,,"9,583",,Invoice,,10/08/2024,,AS010303,,Edge Networks (PVT) LTD,,BDCOM S1500-16P2S POE Switch,,10/08/2024,,,,BDCOM:S1500-16P2S (BDCOM S1500-16P2S POE Switch),,BDCOM S1500-16P2S POE Switch,,BDCOM,,Sal:RS,,A,,Taxable Sales,,,,Accounts Receivable,,Paid,,,,,,1.00,,"39,000.00",,"39,000.00",,"64,931,855.56",,Income,,0.00,,,,,,,,,,0.00
,,,"9,624",,Invoice,,10/09/2024,,AS010304,,Cameralk (Pvt) Ltd,,DrayTek Firewall troubleshooting Charges,,10/09/2024,,,,Services,,,,Support and Maintenance,,Sal:RS,,AD,,Taxable Sales,,,,Accounts Receivable,,Paid,,,,,,1.00,,"5,000.00",,"5,000.00",,"64,936,855.56",,Income,,0.00,,,,,,,,,,0.00
,,,"9,637",,Invoice,,10/09/2024,,AS010305,,Phoenix Ogilvy (Pvt) Ltd,,Synology NAS DS1821+ 8 Bay NAS,,10/02/2024,,,,Synology:DS1821+ (Synology NAS DS1821+ 8 Bay NAS),,Synology NAS DS1821+ 8 Bay NAS,,Synology,,Sal:RS,,AS,,Taxable Sales,,,,Accounts Receivable,,Paid,,,,,,1.00,,"396,000.00",,"396,000.00",,"65,332,855.56",,Income,,0.00,,,,,,,,,,0.00
,,,"9,637",,Invoice,,10/09/2024,,AS010305,,Phoenix Ogilvy (Pvt) Ltd,,Synology 8TB NAS Hard Drive,,10/02/2024,,,,HDD:HAT3310-8T (Synology 8TB Plus Hard Drive),,Synology 8TB Plus Hard Drive,,Hard Drive,,Sal:RS,,AS,,Taxable Sales,,,,Accounts Receivable,,Paid,,,,,,5.00,,"91,000.00",,"455,000.00",,"65,787,855.56",,Income,,0.00,,,,,,,,,,0.00
,,,"9,637",,Invoice,,10/09/2024,,AS010305,,Phoenix Ogilvy (Pvt) Ltd,,4TB Enterprise Toshiba HDD,,10/02/2024,,,,HDD:4TB Ent Toshiba (4TB Enterprise Toshiba HDD),,4TB Enterprise Toshiba HDD,,Hard Drive,,Sal:RS,,AS,,Taxable Sales,,,,Accounts Receivable,,Paid,,,,,,4.00,,"68,000.00",,"272,000.00",,"66,059,855.56",,Income,,0.00,,,,,,,,,,0.00
,,,"9,681",,Invoice,,10/10/2024,,AS010306,,NOLIMIT,,Synology 4TB NAS HDD,,10/10/2024,,,,HDD:HAT3300-4T (Synology 4TB Plus HDD),,Synology 4TB Plus HDD,,Hard Drive,,Sal:EC,,AS,,Taxable Sales,,,,Accounts Receivable,,Paid,,,,,,1.00,,"46,060.00",,"46,060.00",,"66,105,915.56",,Income,,0.00,,,,,,,,,,0.00
,,,"9,683",,Invoice,,10/10/2024,,AS010307,,Synergy Ventures,,Firewall Configuration Charges,,10/10/2024,,,,Servers,,,,Hardware,,Sal:RS,,AS,,Non-Taxable Sales,,,,Accounts Receivable,,Unpaid,,,,567,,1.00,,"11,800.00",,"11,800.00",,"66,117,715.56",,Income,,0.00,,,,,,,,,,0.00
,,,"9,684",,Invoice,,10/11/2024,,AS010308,,THE COMPUTER CENTER (PVT) LTD,,Synology NAS DS923+ 4 Bay NAS,,10/11/2024,,,,Synology:DS923+ (Synology NAS DS923+ 4 Bay NAS),,Synology NAS DS923+ 4 Bay NAS,,Synology,,Sal:RS,,AS,,Taxable Sales,,,,Accounts Receivable,,Paid,,,,,,1.00,,"208,000.00",,"208,000.00",,"66,325,715.56",,Income,,0.00,,,,,,,,,,0.00
,,,"9,700",,Invoice,,10/11/2024,,AS010309,,Southern Technologies,,BDCOM S1006-4p-65 Unmanaged 4 ports 10/100 PoE Ports and 2 Ports 10/100 NON PoE,,10/11/2024,,,,BDCOM:S1006-4p-65 (BDCOM S1006-4p-65 Unmanaged 4 ports 10/100 PoE Ports and 2 Ports 10/100 NON PoE),,BDCOM S1006-4p-65 Unmanaged 4 ports 10/100 PoE Ports and 2 Ports 10/100 NON PoE,,BDCOM,,Sal:EC,,AR,,Non-Taxable Sales,,,,Accounts Receivable,,Paid,,,,,,2.00,,"6,100.00",,"12,200.00",,"66,337,915.56",,Income,,0.00,,,,,,,,,,0.00
,,,"9,700",,Invoice,,10/11/2024,,AS010309,,Southern Technologies,,BDCOM S1200-8P2G Switch,,10/11/2024,,,,BDCOM:S1200-8P2G (BDCOM S1200-8P2G Switch),,BDCOM S1200-8P2G Switch,,BDCOM,,Sal:EC,,AR,,Non-Taxable Sales,,,,Accounts Receivable,,Paid,,,,,,4.00,,"10,600.00",,"42,400.00",,"66,380,315.56",,Income,,0.00,,,,,,,,,,0.00
,,,"9,702",,Invoice,,10/11/2024,,AS010310,,VS Information Systems (Pvt) Ltd,,Synology Rackstation RS822RP+,,10/11/2024,,,,Synology:RS822RP+ (Synology Rackstation RS822RP+),,Synology Rackstation RS822RP+,,Synology,,Sal:RS,,A,,Taxable Sales,,,,Accounts Receivable,,Paid,,,,,,1.00,,"659,000.00",,"659,000.00",,"67,039,315.56",,Income,,0.00,,,,,,,,,,0.00
,,,"9,702",,Invoice,,10/11/2024,,AS010310,,VS Information Systems (Pvt) Ltd,,2 TB Seagate Ironwolf NAS Hard Drive,,10/11/2024,,,,HDD:2 TB NAS (2 TB Seagate Ironwolf NAS Hard Drive),,2 TB Seagate Ironwolf NAS Hard Drive,,Hard Drive,,Sal:RS,,A,,Taxable Sales,,,,Accounts Receivable,,Paid,,,,,,4.00,,,,,,"67,039,315.56",,Income,,0.00,,,,,,,,,,0.00
,,,"9,702",,Invoice,,10/11/2024,,AS010310,,VS Information Systems (Pvt) Ltd,,1 U Fixed Rail Kit,,10/11/2024,,,,Synology:1 U Fixed Rail Kit,,,,Synology,,Sal:RS,,A,,Taxable Sales,,,,Accounts Receivable,,Paid,,,,,,1.00,,,,,,"67,039,315.56",,Income,,0.00,,,,,,,,,,0.00
,,,"9,704",,Invoice,,10/12/2024,,AS010311,,NetCore Solutions,,Synology Diskstation DS223  2Bay,,10/12/2024,,,,Synology:DS223 (Synology Diskstation DS223  2Bay),,Synology Diskstation DS223  2Bay,,Synology,,Sal:RS,,A,,Non-Taxable Sales,,,,Accounts Receivable,,Paid,,,,,,1.00,,"113,280.00",,"113,280.00",,"67,152,595.56",,Income,,0.00,,,,,,,,,,0.00
,,,"9,704",,Invoice,,10/12/2024,,AS010311,,NetCore Solutions,,12TB Synology NAS Hard Drive,,10/12/2024,,,,HDD:HAT3300-12T (12TB Synology Plus Hard Drive),,12TB Synology Plus Hard Drive,,Hard Drive,,Sal:RS,,A,,Non-Taxable Sales,,,,Accounts Receivable,,Paid,,,,,,2.00,,"136,880.00",,"273,760.00",,"67,426,355.56",,Income,,0.00,,,,,,,,,,0.00
,,,"9,713",,Invoice,,10/15/2024,,AS010312,,Pawara Tech Solutions,,BDCOM S1500-16T Switch,,10/15/2024,,,,BDCOM:S1500-16T (BDCOM S1500-16T Switch),,BDCOM S1500-16T Switch,,BDCOM,,Sal:RS,,AD,,Non-Taxable Sales,,,,Accounts Receivable,,Paid,,,,,,3.00,,"19,116.00",,"57,348.00",,"67,483,703.56",,Income,,0.00,,,,,,,,,,0.00
,,,"9,715",,Invoice,,10/15/2024,,AS010313,,DATAVERSE IT SOLUTIONS (PVT)LTD,,BDCOM S1008 8 Port 10/100 BaseT Standard Switch,,10/15/2024,,,,BDCOM:S1008 (BDCOM S1008 8 Port 10/100 BaseT Standard Switch),,BDCOM S1008 8 Port 10/100 BaseT Standard Switch,,BDCOM,,,,AR,,Non-Taxable Sales,,,,Accounts Receivable,,Paid,,,,,,1.00,,"3,900.00",,"3,900.00",,"67,487,603.56",,Income,,0.00,,,,,,,,,,0.00
,,,"9,715",,Invoice,,10/15/2024,,AS010313,,DATAVERSE IT SOLUTIONS (PVT)LTD,,BDCOM S1508E Switch,,10/15/2024,,,,BDCOM:S1508E,,,,BDCOM,,,,AR,,Non-Taxable Sales,,,,Accounts Receivable,,Paid,,,,,,1.00,,"5,980.00",,"5,980.00",,"67,493,583.56",,Income,,0.00,,,,,,,,,,0.00
,,,"9,715",,Invoice,,10/15/2024,,AS010313,,DATAVERSE IT SOLUTIONS (PVT)LTD,,BDCOM S1500-24T Switch,,10/15/2024,,,,BDCOM:S1500-24T (BDCOM S1500-24T Switch),,BDCOM S1500-24T Switch,,BDCOM,,,,AR,,Non-Taxable Sales,,,,Accounts Receivable,,Paid,,,,,,1.00,,"23,600.00",,"23,600.00",,"67,517,183.56",,Income,,0.00,,,,,,,,,,0.00
,,,"9,721",,Invoice,,10/15/2024,,AS010314,,Computerage (Pvt) Ltd,,BDCOM S1518-16P-330 16Port Unmanaged Gigabit POE Switch,,10/15/2024,,,,BDCOM:S1518-16P-330 (BDCOM S1518-16P-330 16Port Unmanaged Gigabit POE Switch),,BDCOM S1518-16P-330 16Port Unmanaged Gigabit POE Switch,,BDCOM,,Sal:RS,,AR,,Taxable Sales,,,,Accounts Receivable,,Paid,,,,,,1.00,,"42,120.00",,"42,120.00",,"67,559,303.56",,Income,,0.00,,,,,,,,,,0.00
,,,"9,722",,Invoice,,10/16/2024,,AS010315,,TYAX (PVT) LTD,,BDCOM 1GE SFP Single-mode,,10/16/2024,,,,BDCOM:GSFP-LX-10-D (BDCOM 1GE SFP Single-mode),,BDCOM 1GE SFP Single-mode,,BDCOM,,Sal:RS,,AD,,Taxable Sales,,,,Accounts Receivable,,Paid,,,,,,10.00,,"5,000.00",,"50,000.00",,"67,609,303.56",,Income,,0.00,,,,,,,,,,0.00
,,,"9,723",,Invoice,,10/16/2024,,AS010316,,Network Information Technologies (Pvt) Lt,,Synology C2 S3 Compatible object Cloud Storage Capacity - 15TB - 1 Year,,10/16/2024,,,,Synology:C2 Cloud (Synology C2 Cloud Storage),,Synology C2 Cloud Storage,,Synology,,Sal:EC,,AS,,Taxable Sales,,,,Accounts Receivable,,Paid,,,,,,15.00,,"29,800.00",,"447,000.00",,"68,056,303.56",,Income,,0.00,,,,,,,,,,0.00
,,,"9,724",,Invoice,,10/18/2024,,AS010317,,Search Advance Technology,,Synology Diskstation DS223  2Bay,,10/18/2024,,,,Synology:DS223 (Synology Diskstation DS223  2Bay),,Synology Diskstation DS223  2Bay,,Synology,,Sal:RS,,A,,Non-Taxable Sales,,,,Accounts Receivable,,Paid,,,,,,1.00,,"113,280.00",,"113,280.00",,"68,169,583.56",,Income,,0.00,,,,,,,,,,0.00
,,,"9,724",,Invoice,,10/18/2024,,AS010317,,Search Advance Technology,,Synology 2TB Plus Hard Drive,,10/18/2024,,,,HDD:HAT3300-2T (Synology 2TB Plus Hard Drive),,Synology 2TB Plus Hard Drive,,Hard Drive,,Sal:RS,,A,,Non-Taxable Sales,,,,Accounts Receivable,,Paid,,,,,,2.00,,"42,480.00",,"84,960.00",,"68,254,543.56",,Income,,0.00,,,,,,,,,,0.00
,,,"9,726",,Invoice,,10/21/2024,,AS010318,,Content Management & Solutions (Pvt) Ltd,,Maintenance  Agreement,,10/21/2024,,,,MA (Maintenance  Agreement),,Maintenance  Agreement,,Support and Maintenance,,Mnt,,AD,,Taxable Sales,,,,Accounts Receivable,,Paid,,,,,,1.00,,"187,000.00",,"187,000.00",,"68,441,543.56",,Income,,0.00,,,,,,,,,,0.00
,,,"9,742",,Invoice,,10/21/2024,,AS010319,,Barclays Computers (Pvt) Ltd,,BDCOM S1006-4p-65 Unmanaged 4 ports 10/100 PoE Ports and 2 Ports 10/100 NON PoE,,10/21/2024,,,,BDCOM:S1006-4p-65 (BDCOM S1006-4p-65 Unmanaged 4 ports 10/100 PoE Ports and 2 Ports 10/100 NON PoE),,BDCOM S1006-4p-65 Unmanaged 4 ports 10/100 PoE Ports and 2 Ports 10/100 NON PoE,,BDCOM,,Sal:RS,,AS,,Taxable Sales,,,,Accounts Receivable,,Paid,,,,,,1.00,,"5,170.00",,"5,170.00",,"68,446,713.56",,Income,,0.00,,,,,,,,,,0.00
,,,"9,742",,Invoice,,10/21/2024,,AS010319,,Barclays Computers (Pvt) Ltd,,BDCOM S1008 8 Port 10/100 BaseT Standard Switch,,10/21/2024,,,,BDCOM:S1008 (BDCOM S1008 8 Port 10/100 BaseT Standard Switch),,BDCOM S1008 8 Port 10/100 BaseT Standard Switch,,BDCOM,,Sal:RS,,AS,,Taxable Sales,,,,Accounts Receivable,,Paid,,,,,,10.00,,"3,310.00",,"33,100.00",,"68,479,813.56",,Income,,0.00,,,,,,,,,,0.00
,,,"9,742",,Invoice,,10/21/2024,,AS010319,,Barclays Computers (Pvt) Ltd,,BDCOM S1508E Switch,,10/21/2024,,,,BDCOM:S1508E,,,,BDCOM,,Sal:RS,,AS,,Taxable Sales,,,,Accounts Receivable,,Paid,,,,,,5.00,,"5,070.00",,"25,350.00",,"68,505,163.56",,Income,,0.00,,,,,,,,,,0.00
,,,"9,742",,Invoice,,10/21/2024,,AS010319,,Barclays Computers (Pvt) Ltd,,BDCOM POE S1000-8P2F  8Port 100M Switch,,10/21/2024,,,,BDCOM:S1000-8P2F (BDCOM POE S1000-8P2F  8Port 100M Switch),,BDCOM POE S1000-8P2F  8Port 100M Switch,,BDCOM,,Sal:RS,,AS,,Taxable Sales,,,,Accounts Receivable,,Paid,,,,,,1.00,,"6,870.00",,"6,870.00",,"68,512,033.56",,Income,,0.00,,,,,,,,,,0.00
,,,"9,742",,Invoice,,10/21/2024,,AS010319,,Barclays Computers (Pvt) Ltd,,BDCOM WAP2100-T512,,10/21/2024,,,,BDCOM:WAP2100-T512 (BDCOM WAP2100-T512),,BDCOM WAP2100-T512,,BDCOM,,Sal:RS,,AS,,Taxable Sales,,,,Accounts Receivable,,Paid,,,,,,1.00,,"15,940.00",,"15,940.00",,"68,527,973.56",,Income,,0.00,,,,,,,,,,0.00
,,,"9,742",,Invoice,,10/21/2024,,AS010319,,Barclays Computers (Pvt) Ltd,,BDCOM WAP2100-T618,,10/21/2024,,,,BDCOM:WAP2100-T618 (BDCOM WAP2100-T618),,BDCOM WAP2100-T618,,BDCOM,,Sal:RS,,AS,,Taxable Sales,,,,Accounts Receivable,,Paid,,,,,,1.00,,"21,000.00",,"21,000.00",,"68,548,973.56",,Income,,0.00,,,,,,,,,,0.00
,,,"9,778",,Invoice,,10/22/2024,,AS010320,,LANKA COMMODITY BROKERS LTD,,Anti Spam Service,,10/22/2024,,,,Services,,,,Support and Maintenance,,Mnt,,AS,,Taxable Sales,,,,Accounts Receivable,,Paid,,,,,,1.00,,"6,599.34",,"6,599.34",,"68,555,572.90",,Income,,0.00,,,,,,,,,,0.00
,,,"9,779",,Invoice,,10/22/2024,,AS010321,,LANKA COMMODITY BROKERS LTD,,7GB Storage Space  100GB Transfer Bandwidth  1 Nos Fixed IP. (Clean)  SPF/ DKIM Supported  Spam ...,,10/22/2024,,,,Host Email,,,,Support and Maintenance,,Mnt,,AS,,Taxable Sales,,,,Accounts Receivable,,Paid,,,,,,1.00,,"18,108.09",,"18,108.09",,"68,573,680.99",,Income,,0.00,,,,,,,,,,0.00
,,,"9,780",,Invoice,,10/22/2024,,AS010322,,LANKA MOUNT CASTLE (PVT) LTD,,20GB Storage Capacity with 30 Email Accounts,,10/22/2024,,,,Host Email,,,,Support and Maintenance,,Mnt,,AS,,Taxable Sales,,,,Accounts Receivable,,Paid,,,,,,1.00,,"14,850.00",,"14,850.00",,"68,588,530.99",,Income,,0.00,,,,,,,,,,0.00
,,,"9,782",,Invoice,,10/23/2024,,AS010323,,Alphasonic Technologies (Pvt) Ltd,,Draytek Vigor 2915 Security Appliance,,10/23/2024,,,,Draytek:Vigor 2915 (Draytek Vigor 2915 Security Appliance),,Draytek Vigor 2915 Security Appliance,,Draytek,,Sal:RS,,A,,Taxable Sales,,,,Accounts Receivable,,Paid,,,,,,1.00,,"43,500.00",,"43,500.00",,"68,632,030.99",,Income,,0.00,,,,,,,,,,0.00
,,,"9,861",,Invoice,,10/23/2024,,AS010324,,Barclays Computers (Pvt) Ltd,,Synology 2TB Plus Hard Drive,,10/23/2024,,,,HDD:HAT3300-2T (Synology 2TB Plus Hard Drive),,Synology 2TB Plus Hard Drive,,Hard Drive,,Sal:RS,,AS,,Taxable Sales,,,,Accounts Receivable,,Paid,,,,,,2.00,,"36,000.00",,"72,000.00",,"68,704,030.99",,Income,,0.00,,,,,,,,,,0.00
,,,"9,865",,Invoice,,10/25/2024,,AS010325,,Epro Technologies (Pvt) Ltd,,Synology Diskstation DS223  2Bay,,10/25/2024,,,,Synology:DS223 (Synology Diskstation DS223  2Bay),,Synology Diskstation DS223  2Bay,,Synology,,Sal:RS,,AD,,Taxable Sales,,,,Accounts Receivable,,Paid,,,,,,1.00,,"184,000.00",,"184,000.00",,"68,888,030.99",,Income,,0.00,,,,,,,,,,0.00
,,,"9,865",,Invoice,,10/25/2024,,AS010325,,Epro Technologies (Pvt) Ltd,,Synology 4TB Plus HDD,,10/25/2024,,,,HDD:HAT3300-4T (Synology 4TB Plus HDD),,Synology 4TB Plus HDD,,Hard Drive,,Sal:RS,,AD,,Taxable Sales,,,,Accounts Receivable,,Paid,,,,,,2.00,,,,,,"68,888,030.99",,Income,,0.00,,,,,,,,,,0.00
,,,"9,866",,Invoice,,10/25/2024,,AS010326,,Gadgetbox,,Synology DiskStation DS423+ 4Bay,,10/25/2024,,,,Synology:DS423+ (Synology DiskStation DS423+ 4Bay),,Synology DiskStation DS423+ 4Bay,,Synology,,Sal:RS,,AR,,Non-Taxable Sales,,,,Accounts Receivable,,Paid,,,,,,1.00,,"209,091.00",,"209,091.00",,"69,097,121.99",,Income,,0.00,,,,,,,,,,0.00
,,,"9,866",,Invoice,,10/25/2024,,AS010326,,Gadgetbox,,Synology 4TB NAS HDD,,10/25/2024,,,,HDD:HAT3300-4T (Synology 4TB Plus HDD),,Synology 4TB Plus HDD,,Hard Drive,,Sal:RS,,AR,,Non-Taxable Sales,,,,Accounts Receivable,,Paid,,,,,,2.00,,"53,637.00",,"107,274.00",,"69,204,395.99",,Income,,0.00,,,,,,,,,,0.00
,,,"9,867",,Invoice,,10/25/2024,,AS010327,,Content Management & Solutions (Pvt) Ltd,,Maintenance  Agreement,,10/25/2024,,,,MA (Maintenance  Agreement),,Maintenance  Agreement,,Support and Maintenance,,Mnt,,AD,,Taxable Sales,,,,Accounts Receivable,,Paid,,,,,,1.00,,"152,400.00",,"152,400.00",,"69,356,795.99",,Income,,0.00,,,,,,,,,,0.00
,,,"9,868",,Invoice,,10/25/2024,,AS010328,,Apex Business Solutions PVT Ltd.,,Synology 6TB NAS Hard Drive,,10/25/2024,,,,HDD:HAT3300-6T (Synology 6TB Plus Hard Drive),,Synology 6TB Plus Hard Drive,,Hard Drive,,Sal:RS,,AD,,Taxable Sales,,,,Accounts Receivable,,Paid,,,,,,1.00,,"65,000.00",,"65,000.00",,"69,421,795.99",,Income,,0.00,,,,,,,,,,0.00
,,,"9,869",,Invoice,,10/25/2024,,AS010329,,TechCERT,,Acronis True Image Essentials Subscription   5 Computers - 1 Year Subscription ESD  ,,10/25/2024,,,,Acronis:Acronis Cyber Protect Home Offi (Acronis Cyber Protect Home Office),,Acronis Cyber Protect Home Office,,Acronics,,Sal:EC,,AS,,Taxable Sales,,,,Accounts Receivable,,Paid,,,,,,1.00,,"24,800.00",,"24,800.00",,"69,446,595.99",,Income,,0.00,,,,,,,,,,0.00
,,,"9,879",,Invoice,,10/29/2024,,AS010330,,Serandib Scuba (Pvt) Ltd,,Synology Diskstation DS223  2Bay,,10/29/2024,,,,Synology:DS223 (Synology Diskstation DS223  2Bay),,Synology Diskstation DS223  2Bay,,Synology,,Sal:EC,,A,,Non-Taxable Sales,,,,Accounts Receivable,,Paid,,,,,,1.00,,"112,100.00",,"112,100.00",,"69,558,695.99",,Income,,0.00,,,,,,,,,,0.00
,,,"9,881",,Invoice,,10/31/2024,,AS010331,,Micro Solutions Information Systems (Pvt),,"Synology 8TB NAS Hard Drive  S/N : 2430XCRN0A1MEF1YL		           2410XCRL0A1W0F1YL		           2...",,10/31/2024,,,,HDD:HAT3310-8T (Synology 8TB Plus Hard Drive),,Synology 8TB Plus Hard Drive,,Hard Drive,,Sal:RS,,A,,Taxable Sales,,,,Accounts Receivable,,Paid,,,,,,4.00,,"86,000.00",,"344,000.00",,"69,902,695.99",,Income,,0.00,,,,,,,,,,0.00
,,,"9,881",,Invoice,,10/31/2024,,AS010331,,Micro Solutions Information Systems (Pvt),,Synology DS1815+ Rentable NAS,,10/31/2024,,,,Rental,,,,Other Sales,,Sal:RS,,A,,Taxable Sales,,,,Accounts Receivable,,Paid,,,,,,1.00,,"10,000.00",,"10,000.00",,"69,912,695.99",,Income,,0.00,,,,,,,,,,0.00
,,,"9,882",,Invoice,,11/01/2024,,AS010332,,KBSL Information Technologies Ltd,,Maintenance  Agreement,,11/01/2024,,,,MA (Maintenance  Agreement),,Maintenance  Agreement,,Support and Maintenance,,Sal:RS,,A,,Taxable Sales,,,,Accounts Receivable,,Paid,,,,,,1.00,,"171,000.00",,"171,000.00",,"70,083,695.99",,Income,,0.00,,,,,,,,,,0.00
,,,"9,889",,Invoice,,11/01/2024,,AS010333,,Apex Business Solutions PVT Ltd.,,"BDCOM S1526D (24 Ports Unmanaged Switch)  S/N : G20025055487		            G20025055419	",,11/01/2024,,,,S1526D (BDCOM S1526D (24 Ports Unmanaged Switch)),,BDCOM S1526D (24 Ports Unmanaged Switch),,BDCOM,,Sal:RS,,AD,,Taxable Sales,,,,Accounts Receivable,,Paid,,,,,,2.00,,"33,500.00",,"67,000.00",,"70,150,695.99",,Income,,0.00,,,,,,,,,,0.00
,,,"9,892",,Invoice,,11/04/2024,,AS010334,,Apex Business Solutions PVT Ltd.,,BDCOM S1526D (24 Ports Unmanaged Switch),,11/04/2024,,,,S1526D (BDCOM S1526D (24 Ports Unmanaged Switch)),,BDCOM S1526D (24 Ports Unmanaged Switch),,BDCOM,,Sal:RS,,AD,,Taxable Sales,,,,Accounts Receivable,,Paid,,,,,,2.00,,"33,500.00",,"67,000.00",,"70,217,695.99",,Income,,0.00,,,,,,,,,,0.00
,,,"9,893",,Invoice,,11/04/2024,,AS010335,,DATAVERSE IT SOLUTIONS (PVT)LTD,,Synology DiskStation DS224+  2Bay  S/N : 2490WBRPK4HW8,,11/04/2024,,,,Synology:DS224+ (Synology DiskStation DS224+  2Bay),,Synology DiskStation DS224+  2Bay,,Synology,,Sal:RS,,AR,,Non-Taxable Sales,,,,Accounts Receivable,,Paid,,,,,,1.00,,"140,000.00",,"140,000.00",,"70,357,695.99",,Income,,0.00,,,,,,,,,,0.00
,,,"9,895",,Invoice,,11/04/2024,,AS010336,,Enash Global (Pvt) Ltd,,S1500-24T2S BDCOM Switch,,11/04/2024,,,,BDCOM:S1500-24T2S (S1500-24T2S BDCOM Switch),,S1500-24T2S BDCOM Switch,,BDCOM,,Sal:RS,,AD,,Non-Taxable Sales,,,,Accounts Receivable,,Paid,,,,,,2.00,,"29,005.00",,"58,010.00",,"70,415,705.99",,Income,,0.00,,,,,,,,,,0.00
,,,"9,897",,Invoice,,11/04/2024,,AS010337,,E-Net Integrated Solutions (Pvt) Ltd,,BDCOM S1500-24T Switch,,11/04/2024,,,,BDCOM:S1500-24T (BDCOM S1500-24T Switch),,BDCOM S1500-24T Switch,,BDCOM,,Sal:RS,,A,,Non-Taxable Sales,,,,Accounts Receivable,,Paid,,,,,,1.00,,"23,500.00",,"23,500.00",,"70,439,205.99",,Income,,0.00,,,,,,,,,,0.00
,,,"9,899",,Invoice,,11/05/2024,,AS010338,,TechBio Distribution Lanka (Pvt) Ltd,,Synology DiskStation DS423+ 4Bay,,11/05/2024,,,,Synology:DS423+ (Synology DiskStation DS423+ 4Bay),,Synology DiskStation DS423+ 4Bay,,Synology,,Sal:RS,,A,,Taxable Sales,,,,Accounts Receivable,,Paid,,,,,,1.00,,"581,000.00",,"581,000.00",,"71,020,205.99",,Income,,0.00,,,,,,,,,,0.00
,,,"9,899",,Invoice,,11/05/2024,,AS010338,,TechBio Distribution Lanka (Pvt) Ltd,,Synology 8TB NAS Hard Drive,,11/05/2024,,,,HDD:HAT3310-8T (Synology 8TB Plus Hard Drive),,Synology 8TB Plus Hard Drive,,Hard Drive,,Sal:RS,,A,,Taxable Sales,,,,Accounts Receivable,,Paid,,,,,,4.00,,,,,,"71,020,205.99",,Income,,0.00,,,,,,,,,,0.00
,,,"9,904",,Invoice,,11/05/2024,,AS010339,,Synergy Ventures,,PC Windows installation Charges,,11/05/2024,,,,Services,,,,Support and Maintenance,,,,AS,,Non-Taxable Sales,,,,Accounts Receivable,,Paid,,,,,,1.00,,"14,750.00",,"14,750.00",,"71,034,955.99",,Income,,0.00,,,,,,,,,,0.00
,,,"9,905",,Invoice,,11/05/2024,,AS010340,,Apex Business Solutions PVT Ltd.,,Acronis Cyber Protect - Backup Advanced Virtual Host License - 1 Year Renewal Acronis Premium Cu...,,11/05/2024,,,,Acronis,,,,Acronics,,Sal:RS,,AD,,Taxable Sales,,,,Accounts Receivable,,Paid,,,,,,1.00,,"255,000.00",,"255,000.00",,"71,289,955.99",,Income,,0.00,,,,,,,,,,0.00
,,,"9,906",,Invoice,,11/06/2024,,AS010341,,Pristine Solutions (Pvt) Ltd,,Synology DS923+ DiskStation With 16GB RAM  S/N : 23B0TQRD4J964,,11/06/2024,,,,DS923+ (Synology DS923+ DiskStation),,Synology DS923+ DiskStation,,Synology,,Sal:RS,,AD,,Taxable Sales,,,,Accounts Receivable,,Paid,,,,,,1.00,,"274,000.00",,"274,000.00",,"71,563,955.99",,Income,,0.00,,,,,,,,,,0.00
,,,"9,906",,Invoice,,11/06/2024,,AS010341,,Pristine Solutions (Pvt) Ltd,,Synology 4TB NAS HDD,,11/06/2024,,,,HDD:HAT3300-4T (Synology 4TB Plus HDD),,Synology 4TB Plus HDD,,Hard Drive,,Sal:RS,,AD,,Taxable Sales,,,,Accounts Receivable,,Paid,,,,,,4.00,,"44,000.00",,"176,000.00",,"71,739,955.99",,Income,,0.00,,,,,,,,,,0.00
,,,"9,906",,Invoice,,11/06/2024,,AS010341,,Pristine Solutions (Pvt) Ltd,,Discount,,11/06/2024,,,,Discount,,,,Sales Discount,,Sal:RS,,AD,,Taxable Sales,,,,Accounts Receivable,,Paid,,,,,,,,"-5,000.00",,"-5,000.00",,"71,734,955.99",,Income,,0.00,,,,,,,,,,0.00
,,,"9,939",,Invoice,,11/07/2024,,AS010342,,ICC Inernational Construction Consortium,,BDCOM S1500-16T Switch,,11/07/2024,,,,BDCOM:S1500-16T (BDCOM S1500-16T Switch),,BDCOM S1500-16T Switch,,BDCOM,,Sal:RS,,AD,,Taxable Sales,,,,Accounts Receivable,,Paid,,,,,,1.00,,"16,500.00",,"16,500.00",,"71,751,455.99",,Income,,0.00,,,,,,,,,,0.00
,,,"9,940",,Invoice,,11/07/2024,,AS010343,,ICC Inernational Construction Consortium,,BDCOM S1508E Switch,,11/07/2024,,,,BDCOM:S1508E,,,,BDCOM,,Sal:RS,,AD,,Taxable Sales,,,,Accounts Receivable,,Paid,,,,,,1.00,,"5,500.00",,"5,500.00",,"71,756,955.99",,Income,,0.00,,,,,,,,,,0.00
,,,"9,977",,Invoice,,11/07/2024,,AS010344,,Studio Siyakroo,,Synology 4TB Plus HDD  S/N : 2430VXRZW62B2PX            2430VXRZW62A8RR            2430VXRZW62AVQN,,11/07/2024,,,,HDD:HAT3300-4T (Synology 4TB Plus HDD),,Synology 4TB Plus HDD,,Hard Drive,,Sal:EC,,AD,,Non-Taxable Sales,,,,Accounts Receivable,,Paid,,,,,,3.00,,"52,000.00",,"156,000.00",,"71,912,955.99",,Income,,0.00,,,,,,,,,,0.00
,,,"9,979",,Invoice,,11/08/2024,,AS010345,,Barclays Computers (Pvt) Ltd,,Synology DiskStation DS224+  2Bay,,11/08/2024,,,,Synology:DS224+ (Synology DiskStation DS224+  2Bay),,Synology DiskStation DS224+  2Bay,,Synology,,Sal:RS,,AS,,Taxable Sales,,,,Accounts Receivable,,Paid,,,,,,1.00,,"118,361.90",,"118,361.90",,"72,031,317.89",,Income,,0.00,,,,,,,,,,0.00
,,,"9,979",,Invoice,,11/08/2024,,AS010345,,Barclays Computers (Pvt) Ltd,,Synology Diskstation DS223  2Bay,,11/08/2024,,,,Synology:DS223 (Synology Diskstation DS223  2Bay),,Synology Diskstation DS223  2Bay,,Synology,,Sal:RS,,AS,,Taxable Sales,,,,Accounts Receivable,,Paid,,,,,,2.00,,"94,972.02",,"189,944.04",,"72,221,261.93",,Income,,0.00,,,,,,,,,,0.00
,,,"9,979",,Invoice,,11/08/2024,,AS010345,,Barclays Computers (Pvt) Ltd,,Synology DS223j  ,,11/08/2024,,,,Synology:DS223j (Synology DS223j  ),,Synology DS223j  ,,Synology,,Sal:RS,,AS,,Taxable Sales,,,,Accounts Receivable,,Paid,,,,,,2.00,,"65,508.47",,"131,016.94",,"72,352,278.87",,Income,,0.00,,,,,,,,,,0.00
,,,"10,021",,Invoice,,11/11/2024,,AS010346,,Adapt Information Technologies,,Synology RackStation RS422+,,11/11/2024,,,,Synology:RS422+ (Synology RackStation RS422+),,Synology RackStation RS422+,,Synology,,Sal:RS,,A,,Taxable Sales,,,,Accounts Receivable,,Paid,,,,,,1.00,,"548,000.00",,"548,000.00",,"72,900,278.87",,Income,,0.00,,,,,,,,,,0.00
,,,"10,021",,Invoice,,11/11/2024,,AS010346,,Adapt Information Technologies,,"Synology 8TB Plus Hard Drive  S/N : 2430XCRN0A1LWF1YL		            2430XCRN0A1KAF1YL		          ...",,11/11/2024,,,,HDD:HAT3310-8T (Synology 8TB Plus Hard Drive),,Synology 8TB Plus Hard Drive,,Hard Drive,,Sal:RS,,A,,Taxable Sales,,,,Accounts Receivable,,Paid,,,,,,3.00,,,,,,"72,900,278.87",,Income,,0.00,,,,,,,,,,0.00
,,,"10,021",,Invoice,,11/11/2024,,AS010346,,Adapt Information Technologies,,1 U Fixed Rail Kit,,11/11/2024,,,,Synology:1 U Fixed Rail Kit,,,,Synology,,Sal:RS,,A,,Taxable Sales,,,,Accounts Receivable,,Paid,,,,,,1.00,,,,,,"72,900,278.87",,Income,,0.00,,,,,,,,,,0.00
,,,"10,022",,Invoice,,11/11/2024,,AS010347,,Southern Technologies,,BDCOM S1006-4p-65 Unmanaged 4 ports 10/100 PoE Ports and 2 Ports 10/100 NON PoE  S/N : SLM17080696,,11/11/2024,,,,BDCOM:S1006-4p-65 (BDCOM S1006-4p-65 Unmanaged 4 ports 10/100 PoE Ports and 2 Ports 10/100 NON PoE),,BDCOM S1006-4p-65 Unmanaged 4 ports 10/100 PoE Ports and 2 Ports 10/100 NON PoE,,BDCOM,,,,AR,,Non-Taxable Sales,,,,Accounts Receivable,,Paid,,,,,,1.00,,"6,100.00",,"6,100.00",,"72,906,378.87",,Income,,0.00,,,,,,,,,,0.00
,,,"10,022",,Invoice,,11/11/2024,,AS010347,,Southern Technologies,,BDCOM S1200-8P2G Switch  S/N : 0W20011501012,,11/11/2024,,,,BDCOM:S1200-8P2G (BDCOM S1200-8P2G Switch),,BDCOM S1200-8P2G Switch,,BDCOM,,,,AR,,Non-Taxable Sales,,,,Accounts Receivable,,Paid,,,,,,1.00,,"10,600.00",,"10,600.00",,"72,916,978.87",,Income,,0.00,,,,,,,,,,0.00
,,,"10,140",,Invoice,,11/12/2024,,AS010348,,TYAX (PVT) LTD,,BDCOM 10G SFP+ multi-mode,,11/12/2024,,,,BDCOM:SFP+ SX,,,,BDCOM,,Sal:RS,,AD,,Taxable Sales,,,,Accounts Receivable,,Paid,,,,,,1.00,,"8,000.00",,"8,000.00",,"72,924,978.87",,Income,,0.00,,,,,,,,,,0.00
,,,"10,140",,Invoice,,11/12/2024,,AS010348,,TYAX (PVT) LTD,,BDCOM 1GE SFP multi-mode,,11/12/2024,,,,BDCOM:GSFP-SX-D,,,,BDCOM,,Sal:RS,,AD,,Taxable Sales,,,,Accounts Receivable,,Paid,,,,,,20.00,,"4,500.00",,"90,000.00",,"73,014,978.87",,Income,,0.00,,,,,,,,,,0.00
,,,"10,141",,Invoice,,11/12/2024,,AS010349,,AL - ARAF HOTELS & RESORT (PVT) LTD,,Hosting Charges for 10 email Accounts (10$),,11/12/2024,,,,Hosting (Hosting),,Hosting,,Support and Maintenance,,Sal:EC,,AS,,Taxable Sales,,,,Accounts Receivable,,Paid,,,,,,2.00,,"2,970.00",,"5,940.00",,"73,020,918.87",,Income,,0.00,,,,,,,,,,0.00
,,,"10,142",,Invoice,,11/12/2024,,AS010350,,LANKA COMMODITY BROKERS LTD,,7GB Storage Space  100GB Transfer Bandwidth  1 Nos Fixed IP. (Clean)  SPF/ DKIM Supported  Spam ...,,11/12/2024,,,,Host Email,,,,Support and Maintenance,,Mnt,,AS,,Taxable Sales,,,,Accounts Receivable,,Paid,,,,,,1.00,,"18,092.85",,"18,092.85",,"73,039,011.72",,Income,,0.00,,,,,,,,,,0.00
,,,"10,143",,Invoice,,11/12/2024,,AS010351,,LANKA COMMODITY BROKERS LTD,,Anti Spam Service,,11/12/2024,,,,Services,,,,Support and Maintenance,,Mnt,,AS,,Taxable Sales,,,,Accounts Receivable,,Paid,,,,,,1.00,,"6,593.78",,"6,593.78",,"73,045,605.50",,Income,,0.00,,,,,,,,,,0.00
,,,"10,144",,Invoice,,11/12/2024,,AS010352,,LANKA MOUNT CASTLE (PVT) LTD,,20GB Storage Capacity with 30 Email Accounts,,11/12/2024,,,,Host Email,,,,Support and Maintenance,,Mnt,,AS,,Taxable Sales,,,,Accounts Receivable,,Paid,,,,,,1.00,,"14,837.50",,"14,837.50",,"73,060,443.00",,Income,,0.00,,,,,,,,,,0.00
,,,"10,235",,Invoice,,11/13/2024,,AS010353,,Softlogic Information Technologies (Pvt),,4 TB Seagate Ironwolf NAS Hard Drive  S/N : WW631PT3,,11/13/2024,,,,HDD:4 TB NAS HDD (4 TB Seagate Ironwolf NAS Hard Drive),,4 TB Seagate Ironwolf NAS Hard Drive,,Hard Drive,,Sal:RS,,A,,Taxable Sales,,,,Accounts Receivable,,Paid,,,,,,1.00,,"52,000.00",,"52,000.00",,"73,112,443.00",,Income,,0.00,,,,,,,,,,0.00
,,,"10,261",,Invoice,,11/18/2024,,AS010354,,Adapt Information Technologies,,Synology:RS1221RP+ With 8GB RAM,,11/18/2024,,,,Synology:RS1221RP+,,,,Synology,,Sal:RS,,AD,,Taxable Sales,,,,Accounts Receivable,,Paid,,,,,,1.00,,"791,000.00",,"791,000.00",,"73,903,443.00",,Income,,0.00,,,,,,,,,,0.00
,,,"10,261",,Invoice,,11/18/2024,,AS010354,,Adapt Information Technologies,,Synology 2TB Plus Hard Drive,,11/18/2024,,,,HDD:HAT3300-2T (Synology 2TB Plus Hard Drive),,Synology 2TB Plus Hard Drive,,Hard Drive,,Sal:RS,,AD,,Taxable Sales,,,,Accounts Receivable,,Paid,,,,,,4.00,,,,,,"73,903,443.00",,Income,,0.00,,,,,,,,,,0.00
,,,"10,261",,Invoice,,11/18/2024,,AS010354,,Adapt Information Technologies,,2 U Sliding Rail Kit,,11/18/2024,,,,Synology:2 U Sliding Rail Kit,,,,Synology,,Sal:RS,,AD,,Taxable Sales,,,,Accounts Receivable,,Paid,,,,,,1.00,,,,,,"73,903,443.00",,Income,,0.00,,,,,,,,,,0.00
,,,"10,262",,Invoice,,11/18/2024,,AS010355,,Sumathi Information Technology (Pvt) Ltd,,Synology DS923+ DiskStation with 8GB RAM,,11/18/2024,,,,DS923+ (Synology DS923+ DiskStation),,Synology DS923+ DiskStation,,Synology,,Sal:RS,,A,,Taxable Sales,,,,Accounts Receivable,,Paid,,,,,,1.00,,"254,000.00",,"254,000.00",,"74,157,443.00",,Income,,0.00,,,,,,,,,,0.00
,,,"10,262",,Invoice,,11/18/2024,,AS010355,,Sumathi Information Technology (Pvt) Ltd,,Synology 4TB Plus HDD,,11/18/2024,,,,HDD:HAT3300-4T (Synology 4TB Plus HDD),,Synology 4TB Plus HDD,,Hard Drive,,Sal:RS,,A,,Taxable Sales,,,,Accounts Receivable,,Paid,,,,,,3.00,,"44,000.00",,"132,000.00",,"74,289,443.00",,Income,,0.00,,,,,,,,,,0.00
,,,"10,263",,Invoice,,11/18/2024,,AS010356,,Barclays Computers (Pvt) Ltd,,BDCOM S2900-24S8C4X 16- Port Gigabit SFP+ 8-Port RJ45 L3-lite Managed Switch  S/N : 20073019972,,11/18/2024,,,,BDCOM:S2900-24S8C4X (BDCOM S2900-24S8C4X 16- Port Gigabit SFP+ 8-Port RJ45 L3-lite Managed Switch),,BDCOM S2900-24S8C4X 16- Port Gigabit SFP+ 8-Port RJ45 L3-lite Managed Switch,,BDCOM,,Sal:RS,,AR,,Taxable Sales,,,,Accounts Receivable,,Paid,,,,,,1.00,,"170,000.00",,"170,000.00",,"74,459,443.00",,Income,,0.00,,,,,,,,,,0.00
,,,"10,265",,Invoice,,11/18/2024,,AS010357,,Hexar Evolution (Pvt) Ltd,,Synology NAS DS1621+  6 Bay,,11/18/2024,,,,Synology:DS1621+ (Synology NAS DS1621+  6 Bay),,Synology NAS DS1621+  6 Bay,,Synology,,Sal:RS,,AD,,Taxable Sales,,,,Accounts Receivable,,Paid,,,,,,1.00,,"340,000.00",,"340,000.00",,"74,799,443.00",,Income,,0.00,,,,,,,,,,0.00
,,,"10,267",,Invoice,,11/19/2024,,AS010358,,Alphasonic Technologies (Pvt) Ltd,,Synology Diskstation DS223  2Bay,,11/19/2024,,,,Synology:DS223 (Synology Diskstation DS223  2Bay),,Synology Diskstation DS223  2Bay,,Synology,,Sal:RS,,A,,Taxable Sales,,,,Accounts Receivable,,Paid,,,,,,1.00,,"94,000.00",,"94,000.00",,"74,893,443.00",,Income,,0.00,,,,,,,,,,0.00
,,,"10,268",,Invoice,,11/19/2024,,AS010359,,Sampath I T Solutions Limited,,3 TB Seagate Ironwolf NAS Hard Drive,,11/19/2024,,,,HDD:3 TB NAS (3 TB Seagate Ironwolf NAS Hard Drive),,3 TB Seagate Ironwolf NAS Hard Drive,,Hard Drive,,Sal:RS,,A,,Taxable Sales,,,,Accounts Receivable,,Paid,,,,,,1.00,,"45,000.00",,"45,000.00",,"74,938,443.00",,Income,,0.00,,,,,,,,,,0.00
,,,"10,268",,Invoice,,11/19/2024,,AS010359,,Sampath I T Solutions Limited,,Implementation & Configuration,,11/19/2024,,,,Services,,,,Support and Maintenance,,Sal:RS,,A,,Taxable Sales,,,,Accounts Receivable,,Paid,,,,,,1.00,,"4,000.00",,"4,000.00",,"74,942,443.00",,Income,,0.00,,,,,,,,,,0.00
,,,"10,269",,Invoice,,11/20/2024,,AS010360,,Barclays Computers (Pvt) Ltd,,BDCOM S1500-8P2G Switch,,11/20/2024,,,,BDCOM:S1500-8P2G (BDCOM S1500-8P2G Switch),,BDCOM S1500-8P2G Switch,,BDCOM,,Sal:RS,,AR,,Taxable Sales,,,,Accounts Receivable,,Paid,,,,,,2.00,,"13,500.00",,"27,000.00",,"74,969,443.00",,Income,,0.00,,,,,,,,,,0.00
,,,"10,270",,Invoice,,11/20/2024,,AS010361,,Barclays Computers (Pvt) Ltd,,BDCOM S1024B 24 Port 100M BaseT 1U Rack Mounted,,11/20/2024,,,,BDCOM:S1024B (BDCOM S1024B 24 Port 100M BaseT 1U Rack Mounted),,BDCOM S1024B 24 Port 100M BaseT 1U Rack Mounted,,BDCOM,,Sal:RS,,AR,,Taxable Sales,,,,Accounts Receivable,,Paid,,,,,,4.00,,"16,400.00",,"65,600.00",,"75,035,043.00",,Income,,0.00,,,,,,,,,,0.00
,,,"10,310",,Invoice,,11/22/2024,,AS010362,,Data Management Systems (Pvt) Limited,,Maintenance  Agreement for Warranty Extension,,11/22/2024,,,,MA (Maintenance  Agreement),,Maintenance  Agreement,,Support and Maintenance,,Sal:RS,,AS,,Taxable Sales,,,,Accounts Receivable,,Paid,,,,,,1.00,,"570,400.00",,"570,400.00",,"75,605,443.00",,Income,,0.00,,,,,,,,,,0.00
,,,"10,311",,Invoice,,11/22/2024,,AS010363,,DATAVERSE IT SOLUTIONS (PVT)LTD,,BDCOM S1500-16T Switch,,11/22/2024,,,,BDCOM:S1500-16T (BDCOM S1500-16T Switch),,BDCOM S1500-16T Switch,,BDCOM,,Sal:RS,,AR,,Non-Taxable Sales,,,,Accounts Receivable,,Paid,,,,,,1.00,,"19,000.00",,"19,000.00",,"75,624,443.00",,Income,,0.00,,,,,,,,,,0.00
,,,"10,313",,Invoice,,11/25/2024,,AS010364,,Edge Networks (PVT) LTD,,Synology DiskStation DS423+ 4Bay,,11/25/2024,,,,Synology:DS423+ (Synology DiskStation DS423+ 4Bay),,Synology DiskStation DS423+ 4Bay,,Synology,,Sal:EC,,A,,Taxable Sales,,,,Accounts Receivable,,Paid,,,,,,1.00,,"175,000.00",,"175,000.00",,"75,799,443.00",,Income,,0.00,,,,,,,,,,0.00
,,,"10,314",,Invoice,,11/26/2024,,AS010365,,OAK INTEGRATED SYSTEMS PVT LTD,,"Acronis Cyber Protect - Backup Advance Server Subscription License, 1 Year Renewal",,11/26/2024,,,,Acronis,,,,Acronics,,Sal:RS,,A,,Taxable Sales,,,,Accounts Receivable,,Paid,,,,,,1.00,,"196,750.00",,"196,750.00",,"75,996,193.00",,Income,,0.00,,,,,,,,,,0.00
,,,"10,316",,Invoice,,11/26/2024,,AS010366,,Alphasonic Technologies (Pvt) Ltd,,Synology DS923+ DiskStation with 8GB RAM  S/N : 2470TQRWE70YW,,11/25/2024,,,,DS923+ (Synology DS923+ DiskStation),,Synology DS923+ DiskStation,,Synology,,Sal:RS,,A,,Taxable Sales,,,,Accounts Receivable,,Paid,,,,,,1.00,,"230,000.00",,"230,000.00",,"76,226,193.00",,Income,,0.00,,,,,,,,,,0.00
,,,"10,316",,Invoice,,11/26/2024,,AS010366,,Alphasonic Technologies (Pvt) Ltd,,"Synology 4TB Plus HDD  S/N : 2430VXRZW62AVP6	            2430VXRZW62B2FW	            2430VXRZW62...",,11/25/2024,,,,HDD:HAT3300-4T (Synology 4TB Plus HDD),,Synology 4TB Plus HDD,,Hard Drive,,Sal:RS,,A,,Taxable Sales,,,,Accounts Receivable,,Paid,,,,,,3.00,,"44,000.00",,"132,000.00",,"76,358,193.00",,Income,,0.00,,,,,,,,,,0.00
,,,"10,317",,Invoice,,11/26/2024,,AS010367,,Best Pictures (Pvt) Ltd,,Synology 10GbE  E10G30-T2 Adapter Card  S/N : 2460UQRFR3317,,11/26/2024,,,,Synology:Dual Port T2 Card,,,,Synology,,Sal:EC,,A,,Taxable Sales,,,,Accounts Receivable,,Paid,,,,,,1.00,,"112,100.00",,"112,100.00",,"76,470,293.00",,Income,,0.00,,,,,,,,,,0.00
,,,"10,320",,Invoice,,11/27/2024,,AS010368,,Softlogic Information Technologies (Pvt),,Synology RackStation RS1221RP+  4GB RAM  S/N : 2480RXRBKAG1W,,11/27/2024,,,,Synology:RS1221RP+,,,,Synology,,Sal:RS,,A,,Taxable Sales,,,,Accounts Receivable,,Paid,,,,,,1.00,,"584,000.00",,"584,000.00",,"77,054,293.00",,Income,,0.00,,,,,,,,,,0.00
,,,"10,320",,Invoice,,11/27/2024,,AS010368,,Softlogic Information Technologies (Pvt),,"Synology 4TB Plus HDD  S/N : 2450VXRZW62JJBB	            2450VXRZW62JVY4	            2450VXRZW62...",,11/27/2024,,,,HDD:HAT3300-4T (Synology 4TB Plus HDD),,Synology 4TB Plus HDD,,Hard Drive,,Sal:RS,,A,,Taxable Sales,,,,Accounts Receivable,,Paid,,,,,,6.00,,"44,000.00",,"264,000.00",,"77,318,293.00",,Income,,0.00,,,,,,,,,,0.00
,,,"10,320",,Invoice,,11/27/2024,,AS010368,,Softlogic Information Technologies (Pvt),,"Synology 480GB Enterprise SATA SSD -SAT5210  S/N : 2410TXR19H2RQ	            2410TXRN6ME73	",,11/27/2024,,,,480GB SATA SSD Synology (Synology 480GB SATA SSD -SAT5210),,Synology 480GB SATA SSD -SAT5210,,Hard Drive,,Sal:RS,,A,,Taxable Sales,,,,Accounts Receivable,,Paid,,,,,,2.00,,"72,000.00",,"144,000.00",,"77,462,293.00",,Income,,0.00,,,,,,,,,,0.00
,,,"10,320",,Invoice,,11/27/2024,,AS010368,,Softlogic Information Technologies (Pvt),,2U Rail Kit,,11/27/2024,,,,Synology:2 U Sliding Rail Kit,,,,Synology,,Sal:RS,,A,,Taxable Sales,,,,Accounts Receivable,,Paid,,,,,,1.00,,,,,,"77,462,293.00",,Income,,0.00,,,,,,,,,,0.00
,,,"10,370",,Invoice,,11/28/2024,,AS010369,,BlueChip Technical Services(Pvt)Ltd,,Synology Rackstation RS822RP+ With 8GB RAM  S/N : 2410UJRVGDJDS,,11/28/2024,,,,Synology:RS822RP+ (Synology Rackstation RS822RP+),,Synology Rackstation RS822RP+,,Synology,,Sal:RS,,A,,Taxable Sales,,,,Accounts Receivable,,Paid,,,,,,1.00,,"508,000.00",,"508,000.00",,"77,970,293.00",,Income,,0.00,,,,,,,,,,0.00
,,,"10,370",,Invoice,,11/28/2024,,AS010369,,BlueChip Technical Services(Pvt)Ltd,,"Synology 6TB Plus Hard Drive  S/N : 2440VYRZVX029C4		           2440VYRZVX0296F		",,11/28/2024,,,,HDD:HAT3300-6T (Synology 6TB Plus Hard Drive),,Synology 6TB Plus Hard Drive,,Hard Drive,,Sal:RS,,A,,Taxable Sales,,,,Accounts Receivable,,Paid,,,,,,2.00,,"64,000.00",,"128,000.00",,"78,098,293.00",,Income,,0.00,,,,,,,,,,0.00
,,,"10,370",,Invoice,,11/28/2024,,AS010369,,BlueChip Technical Services(Pvt)Ltd,,1U Rail Kit,,11/28/2024,,,,Synology:1 U Fixed Rail Kit,,,,Synology,,Sal:RS,,A,,Taxable Sales,,,,Accounts Receivable,,Paid,,,,,,1.00,,,,,,"78,098,293.00",,Income,,0.00,,,,,,,,,,0.00
,,,"10,372",,Invoice,,11/28/2024,,AS010370,,JAGRO (PVT) LTD,,"Synology 2TB Plus Hard Drive  S/N : 2470XZR00ZWD19A3P		            2470XZR00ZWD18WD9		",,11/28/2024,,,,HDD:HAT3300-2T (Synology 2TB Plus Hard Drive),,Synology 2TB Plus Hard Drive,,Hard Drive,,Sal:EC,,AS,,Taxable Sales,,,,Accounts Receivable,,Paid,,,,,,2.00,,"36,000.00",,"72,000.00",,"78,170,293.00",,Income,,0.00,,,,,,,,,,0.00
,,,"10,377",,Invoice,,11/29/2024,,AS010371,,Synergy Ventures,,Crucial 8GB DDR3 RAM,,11/29/2024,,,,RAM,,,,Hardware,,Sal:EC,,AS,,Non-Taxable Sales,,,,Accounts Receivable,,Paid,,,,,,1.00,,"8,260.00",,"8,260.00",,"78,178,553.00",,Income,,0.00,,,,,,,,,,0.00
,,,"10,377",,Invoice,,11/29/2024,,AS010371,,Synergy Ventures,,Installation of Windows 11pro & Windows Office,,11/29/2024,,,,Services,,,,Support and Maintenance,,Sal:EC,,AS,,Non-Taxable Sales,,,,Accounts Receivable,,Paid,,,,,,1.00,,"17,700.00",,"17,700.00",,"78,196,253.00",,Income,,0.00,,,,,,,,,,0.00
,,,"10,377",,Invoice,,11/29/2024,,AS010371,,Synergy Ventures,,SATA 512GB SSD  S/N : 24HP076125,,11/29/2024,,,,SSD,,,,Hard Drive,,Sal:EC,,AS,,Non-Taxable Sales,,,,Accounts Receivable,,Paid,,,,,,1.00,,"12,626.00",,"12,626.00",,"78,208,879.00",,Income,,0.00,,,,,,,,,,0.00
,,,"10,377",,Invoice,,11/29/2024,,AS010371,,Synergy Ventures,,Laptop Battery,,11/29/2024,,,,Accs (Accessories),,Accessories,,Hardware,,Sal:EC,,AS,,Non-Taxable Sales,,,,Accounts Receivable,,Paid,,,,,,1.00,,"11,800.00",,"11,800.00",,"78,220,679.00",,Income,,0.00,,,,,,,,,,0.00
,,,"10,378",,Invoice,,11/30/2024,,AS010372,,Millennium I.T.E.S.P (Pvt) Ltd,,Maintenance  Agreement    ,,11/30/2024,,,,MA (Maintenance  Agreement),,Maintenance  Agreement,,Support and Maintenance,,Sal:RS,,AD,,Taxable Sales,,,,Accounts Receivable,,Paid,,,,,,1.00,,"203,000.00",,"203,000.00",,"78,423,679.00",,Income,,0.00,,,,,,,,,,0.00
,,,"10,378",,Invoice,,11/30/2024,,AS010372,,Millennium I.T.E.S.P (Pvt) Ltd,,24X7 Enhance Support (Annually),,11/30/2024,,,,Services,,,,Support and Maintenance,,Sal:RS,,AD,,Taxable Sales,,,,Accounts Receivable,,Paid,,,,,,1.00,,"40,600.00",,"40,600.00",,"78,464,279.00",,Income,,0.00,,,,,,,,,,0.00
,,,"10,379",,Invoice,,11/30/2024,,AS010373,,NOLIMIT,,BDCOM S1500-16T Switch,,11/30/2024,,,,BDCOM:S1500-16T (BDCOM S1500-16T Switch),,BDCOM S1500-16T Switch,,BDCOM,,Sal:EC,,AR,,Taxable Sales,,,,Accounts Receivable,,Paid,,,,,,1.00,,"18,000.00",,"18,000.00",,"78,482,279.00",,Income,,0.00,,,,,,,,,,0.00
,,,"10,384",,Invoice,,12/03/2024,,AS010374,,Millennium I.T.E.S.P (Pvt) Ltd,,"Acronis Cyber Protect Backup-Standard Virtual Host Subscription License,1Year  -Renewal",,12/03/2024,,,,Acronis,,,,Acronics,,Sal:RS,,AD,,Taxable Sales,,,,Accounts Receivable,,Paid,,,,,,3.00,,"139,000.00",,"417,000.00",,"78,899,279.00",,Income,,0.00,,,,,,,,,,0.00
,,,"10,384",,Invoice,,12/03/2024,,AS010374,,Millennium I.T.E.S.P (Pvt) Ltd,,"Acronis Cyber Protect Backup - Standard Server Subscription License,1Year - Renewal",,12/03/2024,,,,Acronis,,,,Acronics,,Sal:RS,,AD,,Taxable Sales,,,,Accounts Receivable,,Paid,,,,,,1.00,,"117,000.00",,"117,000.00",,"79,016,279.00",,Income,,0.00,,,,,,,,,,0.00
,,,"10,389",,Invoice,,12/04/2024,,AS010375,,Apex Business Solutions PVT Ltd.,,E10G21-F2 Synology Dual SFP+ Adapter Card,,12/04/2024,,,,Synology:E10G21-F2,,,,Synology,,Sal:RS,,AD,,Taxable Sales,,,,Accounts Receivable,,Paid,,,,,,1.00,,"97,000.00",,"97,000.00",,"79,113,279.00",,Income,,0.00,,,,,,,,,,0.00
,,,"10,390",,Invoice,,12/04/2024,,AS010376,,VS Information Systems (Pvt) Ltd,,Synology DS923+ DiskStation With 8GB RAM,,12/04/2024,,,,DS923+ (Synology DS923+ DiskStation),,Synology DS923+ DiskStation,,Synology,,Sal:RS,,A,,Taxable Sales,,,,Accounts Receivable,,Paid,,,,,,1.00,,"215,000.00",,"215,000.00",,"79,328,279.00",,Income,,0.00,,,,,,,,,,0.00
,,,"10,390",,Invoice,,12/04/2024,,AS010376,,VS Information Systems (Pvt) Ltd,,Synology 8TB Plus Hard Drive,,12/04/2024,,,,HDD:HAT3310-8T (Synology 8TB Plus Hard Drive),,Synology 8TB Plus Hard Drive,,Hard Drive,,Sal:RS,,A,,Taxable Sales,,,,Accounts Receivable,,Paid,,,,,,3.00,,"92,000.00",,"276,000.00",,"79,604,279.00",,Income,,0.00,,,,,,,,,,0.00
,,,"10,391",,Invoice,,12/04/2024,,AS010377,,VS Information Systems (Pvt) Ltd,,Synology Diskstation DS223  2Bay,,12/04/2024,,,,Synology:DS223 (Synology Diskstation DS223  2Bay),,Synology Diskstation DS223  2Bay,,Synology,,Sal:RS,,A,,Taxable Sales,,,,Accounts Receivable,,Paid,,,,,,1.00,,"110,000.00",,"110,000.00",,"79,714,279.00",,Income,,0.00,,,,,,,,,,0.00
,,,"10,391",,Invoice,,12/04/2024,,AS010377,,VS Information Systems (Pvt) Ltd,,12TB Synology NAS Plus Hard Drive,,12/04/2024,,,,HDD:HAT3300-12T (12TB Synology Plus Hard Drive),,12TB Synology Plus Hard Drive,,Hard Drive,,Sal:RS,,A,,Taxable Sales,,,,Accounts Receivable,,Paid,,,,,,2.00,,"112,000.00",,"224,000.00",,"79,938,279.00",,Income,,0.00,,,,,,,,,,0.00
,,,"10,392",,Invoice,,12/04/2024,,AS010378,,Enash Global (Pvt) Ltd,,BDCOM S1500-16T Switch,,12/04/2024,,,,BDCOM:S1500-16T (BDCOM S1500-16T Switch),,BDCOM S1500-16T Switch,,BDCOM,,Sal:RS,,AD,,Non-Taxable Sales,,,,Accounts Receivable,,Paid,,,,,,5.00,,"19,470.00",,"97,350.00",,"80,035,629.00",,Income,,0.00,,,,,,,,,,0.00
,,,"10,392",,Invoice,,12/04/2024,,AS010378,,Enash Global (Pvt) Ltd,,BDCOM S1500-24T Switch,,12/04/2024,,,,BDCOM:S1500-24T (BDCOM S1500-24T Switch),,BDCOM S1500-24T Switch,,BDCOM,,Sal:RS,,AD,,Non-Taxable Sales,,,,Accounts Receivable,,Paid,,,,,,2.00,,"23,600.00",,"47,200.00",,"80,082,829.00",,Income,,0.00,,,,,,,,,,0.00
,,,"10,396",,Invoice,,12/04/2024,,AS010379,,Survey Department,,Maintenance  Agreement,,12/04/2024,,,,MA (Maintenance  Agreement),,Maintenance  Agreement,,Support and Maintenance,,Sal:EC,,AD,,Taxable Sales,,,,Accounts Receivable,,Paid,,,,,,1.00,,"822,000.00",,"822,000.00",,"80,904,829.00",,Income,,0.00,,,,,,,,,,0.00
,,,"10,450",,Invoice,,12/06/2024,,AS010380,,T&D Associates,,ESET Endpoint Protection Standard - 1 Year License,,12/06/2024,,,,ESET,,,,Software,,Sal:RS,,AD,,Non-Taxable Sales,,,,Accounts Receivable,,Paid,,,,,,70.00,,"3,000.00",,"210,000.00",,"81,114,829.00",,Income,,0.00,,,,,,,,,,0.00
,,,"10,454",,Invoice,,12/06/2024,,AS010381,,Hexar Evolution (Pvt) Ltd,,Synology NAS DS1621+  6 Bay,,12/06/2024,,,,Synology:DS1621+ (Synology NAS DS1621+  6 Bay),,Synology NAS DS1621+  6 Bay,,Synology,,Sal:RS,,AD,,Taxable Sales,,,,Accounts Receivable,,Paid,,,,,,1.00,,"340,000.00",,"340,000.00",,"81,454,829.00",,Income,,0.00,,,,,,,,,,0.00
,,,"10,454",,Invoice,,12/06/2024,,AS010381,,Hexar Evolution (Pvt) Ltd,,Synology 2TB Plus Hard Drive,,12/06/2024,,,,HDD:HAT3300-2T (Synology 2TB Plus Hard Drive),,Synology 2TB Plus Hard Drive,,Hard Drive,,Sal:RS,,AD,,Taxable Sales,,,,Accounts Receivable,,Paid,,,,,,1.00,,"36,000.00",,"36,000.00",,"81,490,829.00",,Income,,0.00,,,,,,,,,,0.00
,,,"10,455",,Invoice,,12/06/2024,,AS010382,,Hexar Evolution (Pvt) Ltd,,Synology DS923+ Rentable NAS,,12/06/2024,,,,Rental,,,,Other Sales,,Sal:RS,,AD,,Taxable Sales,,,,Accounts Receivable,,Paid,,,,,,1.00,,"20,000.00",,"20,000.00",,"81,510,829.00",,Income,,0.00,,,,,,,,,,0.00
,,,"10,456",,Invoice,,12/06/2024,,AS010383,,Southern Technologies,,BDCOM S1200-8P2G Switch  S/N : 0W20011501070,,12/06/2024,,,,BDCOM:S1200-8P2G (BDCOM S1200-8P2G Switch),,BDCOM S1200-8P2G Switch,,BDCOM,,Sal:RS,,AR,,Non-Taxable Sales,,,,Accounts Receivable,,Paid,,,,,,1.00,,"10,500.00",,"10,500.00",,"81,521,329.00",,Income,,0.00,,,,,,,,,,0.00
,,,"10,458",,Invoice,,12/06/2024,,AS010384,,Techtron Integrated Solutions (Pvt) Ltd,,4TB Seagate Enterprise Hard Drive,,12/06/2024,,,,HDD:4TB  ENT SATA (4 TB Enterprise Hard Drive),,4 TB Enterprise Hard Drive,,Hard Drive,,Sal:EC,,AS,,Taxable Sales,,,,Accounts Receivable,,Paid,,,,,,2.00,,"56,000.00",,"112,000.00",,"81,633,329.00",,Income,,0.00,,,,,,,,,,0.00
,,,"10,459",,Invoice,,12/09/2024,,AS010385,,Dialog Broadband Networks (Pvt) Ltd,,Synology RackStation RS2423RP+ 12Bay with 16GB RAM  S/N : 2490V3RVPZY54,,12/09/2024,,,,RS2423RP+ (Synology RackStation RS2423RP+ 12Bay),,Synology RackStation RS2423RP+ 12Bay,,Synology,,Sal:EC,,AD,,Taxable Sales,,,,Accounts Receivable,,Paid,,,,,,1.00,,"961,000.00",,"961,000.00",,"82,594,329.00",,Income,,0.00,,,,,,,,,,0.00
,,,"10,459",,Invoice,,12/09/2024,,AS010385,,Dialog Broadband Networks (Pvt) Ltd,,"Synology 16TB Plus Hard Drive  S/N : 2420XERT0A25SF1VL	             2420XERT0A24XF1VL	          ...",,12/09/2024,,,,Synology 16TB NAS (Synology 16TB NAS Hard Drive),,Synology 16TB NAS Hard Drive,,Hard Drive,,Sal:EC,,AD,,Taxable Sales,,,,Accounts Receivable,,Paid,,,,,,7.00,,"122,285.714",,"856,000.00",,"83,450,329.00",,Income,,0.00,,,,,,,,,,0.00
,,,"10,459",,Invoice,,12/09/2024,,AS010385,,Dialog Broadband Networks (Pvt) Ltd,,Licenses for Camera & I/O Modules,,12/09/2024,,,,Camera License (Licenses for Camera & I/O Modules),,Licenses for Camera & I/O Modules,,Other Sales,,Sal:EC,,AD,,Taxable Sales,,,,Accounts Receivable,,Paid,,,,,,53.00,,"12,792.4528",,"678,000.00",,"84,128,329.00",,Income,,0.00,,,,,,,,,,0.00
,,,"10,459",,Invoice,,12/09/2024,,AS010385,,Dialog Broadband Networks (Pvt) Ltd,,2U Rail kit,,12/09/2024,,,,Synology:2 U Sliding Rail Kit,,,,Synology,,Sal:EC,,AD,,Taxable Sales,,,,Accounts Receivable,,Paid,,,,,,1.00,,,,,,"84,128,329.00",,Income,,0.00,,,,,,,,,,0.00
,,,"10,459",,Invoice,,12/09/2024,,AS010385,,Dialog Broadband Networks (Pvt) Ltd,,24 X 7 Enhanced Support 1st Year Free,,12/09/2024,,,,24x7 Support (24x7 Support),,24x7 Support,,Other Sales,,Sal:EC,,AD,,Taxable Sales,,,,Accounts Receivable,,Paid,,,,,,1.00,,,,,,"84,128,329.00",,Income,,0.00,,,,,,,,,,0.00
,,,"10,461",,Invoice,,12/09/2024,,AS010386,,VS Information Systems (Pvt) Ltd,,Synology Rack Station RS822+ With 32GB RAM,,12/09/2024,,,,RS822+ (Synology Rack Station RS822+),,Synology Rack Station RS822+,,Synology,,Sal:RS,,A,,Taxable Sales,,,,Accounts Receivable,,Paid,,,,,,1.00,,"460,000.00",,"460,000.00",,"84,588,329.00",,Income,,0.00,,,,,,,,,,0.00
,,,"10,461",,Invoice,,12/09/2024,,AS010386,,VS Information Systems (Pvt) Ltd,,Synology 16TB NAS Hard Drive,,12/09/2024,,,,Synology 16TB NAS (Synology 16TB NAS Hard Drive),,Synology 16TB NAS Hard Drive,,Hard Drive,,Sal:RS,,A,,Taxable Sales,,,,Accounts Receivable,,Paid,,,,,,3.00,,"125,000.00",,"375,000.00",,"84,963,329.00",,Income,,0.00,,,,,,,,,,0.00
,,,"10,461",,Invoice,,12/09/2024,,AS010386,,VS Information Systems (Pvt) Ltd,,1 U Fixed Rail Kit,,12/09/2024,,,,Synology:1 U Fixed Rail Kit,,,,Synology,,Sal:RS,,A,,Taxable Sales,,,,Accounts Receivable,,Paid,,,,,,1.00,,,,,,"84,963,329.00",,Income,,0.00,,,,,,,,,,0.00
,,,"10,463",,Invoice,,12/09/2024,,AS010387,,MAS Fabrics (Pvt) Ltd,,Maintenance  Agreement,,12/09/2024,,,,MA (Maintenance  Agreement),,Maintenance  Agreement,,Support and Maintenance,,Mnt,,A,,Non-Taxable Sales,,,,Accounts Receivable,,Paid,,,,,,1.00,,,,,,"84,963,329.00",,Income,,0.00,,,,,,,,,,0.00
,,,"10,463",,Invoice,,12/09/2024,,AS010387,,MAS Fabrics (Pvt) Ltd,,"Acronis Cyber Protect - Backup Advanced Virtual Host Subscription License ,",,12/09/2024,,,,Acronis,,,,Acronics,,Mnt,,A,,Taxable Sales,,,,Accounts Receivable,,Paid,,,,,,1.00,,"535,000.00",,"535,000.00",,"85,498,329.00",,Income,,0.00,,,,,,,,,,0.00
,,,"10,463",,Invoice,,12/09/2024,,AS010387,,MAS Fabrics (Pvt) Ltd,,"Acronis Cyber Protect - Backup Standard Server Subscription License ,   (1 Year License   Renewal)",,12/09/2024,,,,Acronis,,,,Acronics,,Mnt,,A,,Taxable Sales,,,,Accounts Receivable,,Paid,,,,,,2.00,,"346,500.00",,"693,000.00",,"86,191,329.00",,Income,,0.00,,,,,,,,,,0.00
,,,"10,463",,Invoice,,12/09/2024,,AS010387,,MAS Fabrics (Pvt) Ltd,,Synology RackStation RS2418RP+,,12/09/2024,,,,Synology:RS2418RP+ (Synology RackStation RS2418RP+),,Synology RackStation RS2418RP+,,Synology,,Mnt,,A,,Taxable Sales,,,,Accounts Receivable,,Paid,,,,,,1.00,,"1,243,300.00",,"1,243,300.00",,"87,434,629.00",,Income,,0.00,,,,,,,,,,0.00
,,,"10,463",,Invoice,,12/09/2024,,AS010387,,MAS Fabrics (Pvt) Ltd,,Synology NAS RS815RP+ 4 Bay,,12/09/2024,,,,Synology:RS815RP+ (Synology NAS RS815RP+),,Synology NAS RS815RP+,,Synology,,Mnt,,A,,Taxable Sales,,,,Accounts Receivable,,Paid,,,,,,1.00,,,,,,"87,434,629.00",,Income,,0.00,,,,,,,,,,0.00
,,,"10,466",,Invoice,,12/10/2024,,AS010388,,Illukkumbura Industrial,,Synology 4TB Plus HDD  S/N : 2450VXRZW62JWQD,,12/10/2024,,,,HDD:HAT3300-4T (Synology 4TB Plus HDD),,Synology 4TB Plus HDD,,Hard Drive,,Sal:EC,,A,,Taxable Sales,,,,Accounts Receivable,,Paid,,,,,,1.00,,"48,000.00",,"48,000.00",,"87,482,629.00",,Income,,0.00,,,,,,,,,,0.00
,,,"10,466",,Invoice,,12/10/2024,,AS010388,,Illukkumbura Industrial,,Transportion and Installation Charges,,12/10/2024,,,,Services,,,,Support and Maintenance,,Sal:EC,,A,,Taxable Sales,,,,Accounts Receivable,,Paid,,,,,,1.00,,"7,500.00",,"7,500.00",,"87,490,129.00",,Income,,0.00,,,,,,,,,,0.00
,,,"10,467",,Invoice,,12/10/2024,,AS010389,,Apex Business Solutions PVT Ltd.,,S1518-16P  16 port 1G Unmanaged POE Switch  S/N : G20026002809,,12/10/2024,,,,BDCOM:S1518-16P (S1518-16P  16 port 1G Unmanaged POE Switch),,S1518-16P  16 port 1G Unmanaged POE Switch,,BDCOM,,Sal:RS,,AD,,Taxable Sales,,,,Accounts Receivable,,Paid,,,,,,1.00,,"42,500.00",,"42,500.00",,"87,532,629.00",,Income,,0.00,,,,,,,,,,0.00
,,,"10,470",,Invoice,,12/11/2024,,AS010390,,AL - ARAF HOTELS & RESORT (PVT) LTD,,Hosting Charges for 10 email Accounts (10$),,12/11/2024,,,,Hosting (Hosting),,Hosting,,Support and Maintenance,,Sal:EC,,AS,,Taxable Sales,,,,Accounts Receivable,,Paid,,,,,,1.00,,"2,970.00",,"2,970.00",,"87,535,599.00",,Income,,0.00,,,,,,,,,,0.00
,,,"10,471",,Invoice,,12/11/2024,,AS010391,,NOLIMIT,,BDCOM S1500-16T Switch,,12/11/2024,,,,BDCOM:S1500-16T (BDCOM S1500-16T Switch),,BDCOM S1500-16T Switch,,BDCOM,,Sal:EC,,AR,,Taxable Sales,,,,Accounts Receivable,,Paid,,,,,,1.00,,"18,000.00",,"18,000.00",,"87,553,599.00",,Income,,0.00,,,,,,,,,,0.00
,,,"10,475",,Invoice,,12/12/2024,,AS010392,,TYAX (PVT) LTD,,"BDCOM 1GE SFP M/M (500m,850nm)  S/N : 1108B003296		            1108B003293		            1108B003...",,12/12/2024,,,,BDCOM:GSFP-SX-D,,,,BDCOM,,Sal:RS,,AD,,Taxable Sales,,,,Accounts Receivable,,Paid,,,,,,5.00,,"4,500.00",,"22,500.00",,"87,576,099.00",,Income,,0.00,,,,,,,,,,0.00
,,,"10,478",,Invoice,,12/13/2024,,AS010393,,A & R Manufacturing,,BDCOM S1508E Switch,,12/13/2024,,,,BDCOM:S1508E,,,,BDCOM,,Sal:RS,,AD,,Non-Taxable Sales,,,,Accounts Receivable,,Paid,,,,,,4.00,,"6,000.00",,"24,000.00",,"87,600,099.00",,Income,,0.00,,,,,,,,,,0.00
,,,"10,484",,Invoice,,12/16/2024,,AS010394,,M.A Sirimal Die Cutter Makers,,Power Adaptor (DS220j Compatible),,12/16/2024,,,,Accs (Accessories),,Accessories,,Hardware,,Sal:EC,,AD,,Non-Taxable Sales,,,,Accounts Receivable,,Paid,,,,,,1.00,,"8,000.00",,"8,000.00",,"87,608,099.00",,Income,,0.00,,,,,,,,,,0.00
,,,"10,487",,Invoice,,12/16/2024,,AS010395,,LANKA COMMODITY BROKERS LTD,,Anti Spam Service,,12/16/2024,,,,Services,,,,Support and Maintenance,,Mnt,,AS,,Taxable Sales,,,,Accounts Receivable,,Paid,,,,,,1.00,,"6,539.35",,"6,539.35",,"87,614,638.35",,Income,,0.00,,,,,,,,,,0.00
,,,"10,488",,Invoice,,12/16/2024,,AS010396,,LANKA COMMODITY BROKERS LTD,,7GB Storage Space  100GB Transfer Bandwidth  1 Nos Fixed IP. (Clean)  SPF/ DKIM Supported  Spam ...,,12/16/2024,,,,Host Email,,,,Support and Maintenance,,Mnt,,AS,,Taxable Sales,,,,Accounts Receivable,,Paid,,,,,,1.00,,"17,943.47",,"17,943.47",,"87,632,581.82",,Income,,0.00,,,,,,,,,,0.00
,,,"10,489",,Invoice,,12/16/2024,,AS010397,,LANKA MOUNT CASTLE (PVT) LTD,,20GB Storage Capacity with 30 Email Accounts,,12/16/2024,,,,Host Email,,,,Support and Maintenance,,Mnt,,AS,,Taxable Sales,,,,Accounts Receivable,,Paid,,,,,,1.00,,"14,715.00",,"14,715.00",,"87,647,296.82",,Income,,0.00,,,,,,,,,,0.00
,,,"10,510",,Invoice,,12/17/2024,,AS010398,,A-Networks (Pvt) Ltd,,Synology DS923+ DiskStation,,12/17/2024,,,,DS923+ (Synology DS923+ DiskStation),,Synology DS923+ DiskStation,,Synology,,Sal:RS,,AD,,Taxable Sales,,,,Accounts Receivable,,Paid,,,,,,1.00,,"214,000.00",,"214,000.00",,"87,861,296.82",,Income,,0.00,,,,,,,,,,0.00
,,,"10,510",,Invoice,,12/17/2024,,AS010398,,A-Networks (Pvt) Ltd,,Synology 4TB Plus HDD,,12/17/2024,,,,HDD:HAT3300-4T (Synology 4TB Plus HDD),,Synology 4TB Plus HDD,,Hard Drive,,Sal:RS,,AD,,Taxable Sales,,,,Accounts Receivable,,Paid,,,,,,2.00,,"44,000.00",,"88,000.00",,"87,949,296.82",,Income,,0.00,,,,,,,,,,0.00
,,,"10,510",,Invoice,,12/17/2024,,AS010398,,A-Networks (Pvt) Ltd,,Special Discount,,12/17/2024,,,,Discount,,,,Sales Discount,,Sal:RS,,AD,,Taxable Sales,,,,Accounts Receivable,,Paid,,,,,,,,"-7,000.00",,"-7,000.00",,"87,942,296.82",,Income,,0.00,,,,,,,,,,0.00
,,,"10,529",,Invoice,,12/19/2024,,AS010399,,LAKDAM TRADING COMPANY (PVT) LTD,,Firewall Configuration Charges,,12/19/2024,,,,Services,,,,Support and Maintenance,,Sal:EC,,AD,,Taxable Sales,,,,Accounts Receivable,,Paid,,,,,,1.00,,"4,000.00",,"4,000.00",,"87,946,296.82",,Income,,0.00,,,,,,,,,,0.00
,,,"10,530",,Invoice,,12/19/2024,,AS010400,,ICC Inernational Construction Consortium,,Support & Configuration Charges,,12/19/2024,,,,Services,,,,Support and Maintenance,,Sal:EC,,AD,,Taxable Sales,,,,Accounts Receivable,,Paid,,,,,,1.00,,"25,000.00",,"25,000.00",,"87,971,296.82",,Income,,0.00,,,,,,,,,,0.00
,,,"10,566",,Invoice,,12/19/2024,,AS010401,,SUDARSHANA SENADHEERA ARCHITECTS (PVT) LT,,Configuration Charges,,12/09/2024,,,,Services,,,,Support and Maintenance,,Sal:EC,,AD,,Taxable Sales,,,,Accounts Receivable,,Paid,,,,,,1.00,,"4,000.00",,"4,000.00",,"87,975,296.82",,Income,,0.00,,,,,,,,,,0.00
,,,"10,567",,Invoice,,12/20/2024,,AS010402,,Barclays Computers (Pvt) Ltd,,Synology DS223j,,12/20/2024,,,,Synology:DS223j (Synology DS223j  ),,Synology DS223j  ,,Synology,,Sal:RS,,AS,,Taxable Sales,,,,Accounts Receivable,,Paid,,,,,,3.00,,"65,508.47",,"196,525.41",,"88,171,822.23",,Income,,0.00,,,,,,,,,,0.00
,,,"10,567",,Invoice,,12/20/2024,,AS010402,,Barclays Computers (Pvt) Ltd,,Synology DiskStation DS224+  2Bay,,12/20/2024,,,,Synology:DS224+ (Synology DiskStation DS224+  2Bay),,Synology DiskStation DS224+  2Bay,,Synology,,Sal:RS,,AS,,Taxable Sales,,,,Accounts Receivable,,Paid,,,,,,1.00,,"118,361.86",,"118,361.86",,"88,290,184.09",,Income,,0.00,,,,,,,,,,0.00
,,,"10,567",,Invoice,,12/20/2024,,AS010402,,Barclays Computers (Pvt) Ltd,,Synology DS423 4 Bay NAS,,12/20/2024,,,,Synology:DS423 (Synology DS423 4 Bay NAS),,Synology DS423 4 Bay NAS,,Synology,,Sal:RS,,AS,,Taxable Sales,,,,Accounts Receivable,,Paid,,,,,,1.00,,"136,589.85",,"136,589.85",,"88,426,773.94",,Income,,0.00,,,,,,,,,,0.00
,,,"10,568",,Invoice,,12/20/2024,,AS010403,,Barclays Computers (Pvt) Ltd,,BDCOM S1508E Switch,,12/20/2024,,,,BDCOM:S1508E,,,,BDCOM,,Sal:RS,,AR,,Taxable Sales,,,,Accounts Receivable,,Paid,,,,,,5.00,,"5,000.00",,"25,000.00",,"88,451,773.94",,Income,,0.00,,,,,,,,,,0.00
,,,"10,568",,Invoice,,12/20/2024,,AS010403,,Barclays Computers (Pvt) Ltd,,BDCOM POE S1000-8P2F  8Port 100M Switch,,12/20/2024,,,,BDCOM:S1000-8P2F (BDCOM POE S1000-8P2F  8Port 100M Switch),,BDCOM POE S1000-8P2F  8Port 100M Switch,,BDCOM,,Sal:RS,,AR,,Taxable Sales,,,,Accounts Receivable,,Paid,,,,,,2.00,,"6,500.00",,"13,000.00",,"88,464,773.94",,Income,,0.00,,,,,,,,,,0.00
,,,"10,568",,Invoice,,12/20/2024,,AS010403,,Barclays Computers (Pvt) Ltd,,BDCOM 8 Port POE Switch,,12/20/2024,,,,BDCOM:S1510-8P (BDCOM 8 Port POE Switch),,BDCOM 8 Port POE Switch,,BDCOM,,Sal:RS,,AR,,Taxable Sales,,,,Accounts Receivable,,Paid,,,,,,1.00,,"24,000.00",,"24,000.00",,"88,488,773.94",,Income,,0.00,,,,,,,,,,0.00
,,,"10,568",,Invoice,,12/20/2024,,AS010403,,Barclays Computers (Pvt) Ltd,,BDCOM S1500-24T Switch,,12/20/2024,,,,BDCOM:S1500-24T (BDCOM S1500-24T Switch),,BDCOM S1500-24T Switch,,BDCOM,,Sal:RS,,AR,,Taxable Sales,,,,Accounts Receivable,,Paid,,,,,,2.00,,"20,000.00",,"40,000.00",,"88,528,773.94",,Income,,0.00,,,,,,,,,,0.00
,,,"10,568",,Invoice,,12/20/2024,,AS010403,,Barclays Computers (Pvt) Ltd,,S1500-24T2S BDCOM Switch,,12/20/2024,,,,BDCOM:S1500-24T2S (S1500-24T2S BDCOM Switch),,S1500-24T2S BDCOM Switch,,BDCOM,,Sal:RS,,AR,,Taxable Sales,,,,Accounts Receivable,,Paid,,,,,,1.00,,"28,000.00",,"28,000.00",,"88,556,773.94",,Income,,0.00,,,,,,,,,,0.00
,,,"10,568",,Invoice,,12/20/2024,,AS010403,,Barclays Computers (Pvt) Ltd,,BDCOM WAP2100-T512,,12/20/2024,,,,BDCOM:WAP2100-T512 (BDCOM WAP2100-T512),,BDCOM WAP2100-T512,,BDCOM,,Sal:RS,,AR,,Taxable Sales,,,,Accounts Receivable,,Paid,,,,,,2.00,,"15,500.00",,"31,000.00",,"88,587,773.94",,Income,,0.00,,,,,,,,,,0.00
,,,"10,569",,Invoice,,12/20/2024,,AS010404,,Premier IT Solutions (pvt) Ltd,,Synology DiskStation DS423+ 4Bay,,12/20/2024,,,,Synology:DS423+ (Synology DiskStation DS423+ 4Bay),,Synology DiskStation DS423+ 4Bay,,Synology,,Sal:RS,,AD,,Taxable Sales,,,,Accounts Receivable,,Paid,,,,,,1.00,,"177,000.00",,"177,000.00",,"88,764,773.94",,Income,,0.00,,,,,,,,,,0.00
,,,"10,570",,Invoice,,12/20/2024,,AS010405,,POWER HOUSE (PVT) LTD,,Synology RackStation RS2423RP+ 12Bay With 32GB RAM,,12/20/2024,,,,RS2423RP+ (Synology RackStation RS2423RP+ 12Bay),,Synology RackStation RS2423RP+ 12Bay,,Synology,,Sal:EC,,A,,Taxable Sales,,,,Accounts Receivable,,Paid,,,,,,1.00,,"1,132,000.00",,"1,132,000.00",,"89,896,773.94",,Income,,0.00,,,,,,,,,,0.00
,,,"10,570",,Invoice,,12/20/2024,,AS010405,,POWER HOUSE (PVT) LTD,,Synology 16TB Plus HDD,,12/20/2024,,,,HDD:HAT3310-16T (Synology 16TB Plus HDD),,Synology 16TB Plus HDD,,Hard Drive,,Sal:EC,,A,,Taxable Sales,,,,Accounts Receivable,,Paid,,,,,,8.00,,"135,000.00",,"1,080,000.00",,"90,976,773.94",,Income,,0.00,,,,,,,,,,0.00
,,,"10,570",,Invoice,,12/20/2024,,AS010405,,POWER HOUSE (PVT) LTD,,Dual-Port SFP+ 10GbE Adapter Card - E10G30-F2,,12/20/2024,,,,Synology:Dual Port F2 Card,,,,Synology,,Sal:EC,,A,,Taxable Sales,,,,Accounts Receivable,,Paid,,,,,,1.00,,,,,,"90,976,773.94",,Income,,0.00,,,,,,,,,,0.00
,,,"10,570",,Invoice,,12/20/2024,,AS010405,,POWER HOUSE (PVT) LTD,,Synology 2U Sliding Rail Kit,,12/20/2024,,,,Synology:2 U Sliding Rail Kit,,,,Synology,,Sal:EC,,A,,Taxable Sales,,,,Accounts Receivable,,Paid,,,,,,1.00,,,,,,"90,976,773.94",,Income,,0.00,,,,,,,,,,0.00
,,,"10,571",,Invoice,,12/20/2024,,AS010406,,DEZiGN INTELLIGENCE (PVT)LTD,,Synology Diskstation DS223  2Bay  S/N : 2480V1R0V55MF,,12/20/2024,,,,Synology:DS223 (Synology Diskstation DS223  2Bay),,Synology Diskstation DS223  2Bay,,Synology,,Sal:EC,,AD,,Non-Taxable Sales,,,,Accounts Receivable,,Paid,,,,,,1.00,,"113,280.00",,"113,280.00",,"91,090,053.94",,Income,,0.00,,,,,,,,,,0.00
,,,"10,577",,Invoice,,12/20/2024,,AS010407,,Central Engineering Consultancy Bureau,,Data Recovery Charges,,12/20/2024,,,,Services,,,,Support and Maintenance,,Sal:EC,,AS,,Taxable Sales,,,,Accounts Receivable,,Paid,,,,,,1.00,,"20,000.00",,"20,000.00",,"91,110,053.94",,Income,,0.00,,,,,,,,,,0.00
,,,"10,580",,Invoice,,12/20/2024,,AS010408,,Orikmo Technologies (Pvt) Ltd,,BDCOM S2510-C  8Port Switches  S/N : G20009068960,,12/20/2024,,,,S2510-C (BDCOM S2510-C  8Port Switches),,BDCOM S2510-C  8Port Switches,,BDCOM,,Sal:EC,,AR,,Taxable Sales,,,,Accounts Receivable,,Paid,,,,,,1.00,,"30,500.00",,"30,500.00",,"91,140,553.94",,Income,,0.00,,,,,,,,,,0.00
,,,"10,580",,Invoice,,12/20/2024,,AS010408,,Orikmo Technologies (Pvt) Ltd,,"BDCOM GSFX-SX-D Transceiver  S/N : 1108B003292	",,12/20/2024,,,,BDCOM:GSFP-SX-D,,,,BDCOM,,Sal:EC,,AR,,Taxable Sales,,,,Accounts Receivable,,Paid,,,,,,1.00,,"4,500.00",,"4,500.00",,"91,145,053.94",,Income,,0.00,,,,,,,,,,0.00
,,,"10,580",,Invoice,,12/20/2024,,AS010408,,Orikmo Technologies (Pvt) Ltd,,"BDCOM 1GE SFP Single-mode  S/N : 1207B025536	",,12/20/2024,,,,BDCOM:GSFP-LX-10-D (BDCOM 1GE SFP Single-mode),,BDCOM 1GE SFP Single-mode,,BDCOM,,Sal:EC,,AR,,Taxable Sales,,,,Accounts Receivable,,Paid,,,,,,1.00,,"4,500.00",,"4,500.00",,"91,149,553.94",,Income,,0.00,,,,,,,,,,0.00
,,,"10,585",,Invoice,,12/24/2024,,AS010409,,Sevenx Lanka (Pvt) Ltd,,BDCOM S1508E Switches,,12/24/2024,,,,BDCOM:S1508E,,,,BDCOM,,Sal:RS,,AD,,Taxable Sales,,,,Accounts Receivable,,Paid,,,,,,2.00,,"5,163.75",,"10,327.50",,"91,159,881.44",,Income,,0.00,,,,,,,,,,0.00
,,,"10,590",,Invoice,,12/26/2024,,AS010410,,D-TECH (PVT) LTD,,Synology DiskStation DS423+ 4Bay  S/N : 2480VKR8FY7M1,,12/26/2024,,,,Synology:DS423+ (Synology DiskStation DS423+ 4Bay),,Synology DiskStation DS423+ 4Bay,,Synology,,Sal:RS,,A,,Taxable Sales,,,,Accounts Receivable,,Paid,,,,,,1.00,,"179,000.00",,"179,000.00",,"91,338,881.44",,Income,,0.00,,,,,,,,,,0.00
,,,"10,590",,Invoice,,12/26/2024,,AS010410,,D-TECH (PVT) LTD,,"Synology 4TB Plus HDD  S/N : 2450VXRZW62K29C	            2450VXRZW62JK16	            2450VXRZW62...",,12/26/2024,,,,HDD:HAT3300-4T (Synology 4TB Plus HDD),,Synology 4TB Plus HDD,,Hard Drive,,Sal:RS,,A,,Taxable Sales,,,,Accounts Receivable,,Paid,,,,,,4.00,,"45,200.00",,"180,800.00",,"91,519,681.44",,Income,,0.00,,,,,,,,,,0.00
,,,"10,591",,Invoice,,12/26/2024,,AS010411,,IDawn Technologies,,Draytek Vigor 2915 Security Appliance  S/N : 213004353729,,12/26/2024,,,,Draytek:Vigor 2915 (Draytek Vigor 2915 Security Appliance),,Draytek Vigor 2915 Security Appliance,,Draytek,,Sal:RS,,A,,Taxable Sales,,,,Accounts Receivable,,Paid,,,,,,1.00,,"43,000.00",,"43,000.00",,"91,562,681.44",,Income,,0.00,,,,,,,,,,0.00
,,,"10,592",,Invoice,,12/26/2024,,AS010412,,Centra Business Advisory Pvt Ltd,,Power Adaptor  S/N : 007246,,12/26/2024,,,,Synology:Power Adaptor (Power Adaptor),,Power Adaptor,,Hardware,,Sal:EC,,AD,,Non-Taxable Sales,,,,Accounts Receivable,,Paid,,,,,,1.00,,"8,500.00",,"8,500.00",,"91,571,181.44",,Income,,0.00,,,,,,,,,,0.00
,,,"10,624",,Invoice,,12/26/2024,,AS010413,,Ideal Finance Ltd,,Configuration & Transportation charges for replace Hard Drive .,,12/19/2024,,,,Services,,,,Support and Maintenance,,Sal:RS,,A,,Taxable Sales,,,,Accounts Receivable,,Paid,,,,,,1.00,,"9,114.41",,"9,114.41",,"91,580,295.85",,Income,,0.00,,,,,,,,,,0.00
,,,"10,625",,Invoice,,12/26/2024,,AS010414,,Ideal Finance Ltd,,Rentable  DS1815+ NAS Unit for 2 weeks  S/N : 15A1MHN103801,,12/19/2024,,,,Rental,,,,Other Sales,,Sal:RS,,A,,Taxable Sales,,,,Accounts Receivable,,Paid,,,,,,1.00,,"25,000.00",,"25,000.00",,"91,605,295.85",,Income,,0.00,,,,,,,,,,0.00
,,,"10,734",,Credit Memo,,12/29/2024,,AS00107,,E-Screen Systems (Pvt) Ltd,,DrayTek Vigor 2927 License Key,,01/03/2025,,,,Cyren Key (DrayTek Cyren Key),,DrayTek Cyren Key,,Other Sales,,Sal:EC,,,,Taxable Sales,,,,Accounts Receivable,,Paid,,,,,,-1.00,,"20,000.00",,"-20,000.00",,"91,585,295.85",,Income,,0.00,,,,,,,,,,0.00
,,,"10,629",,Invoice,,12/30/2024,,AS010415,,TechCERT,,Acronis True Image Essentials Subscription   5 Computers - 1 Year Subscription ESD  ,,12/30/2024,,,,Acronis:Acronis Cyber Protect Home Offi (Acronis Cyber Protect Home Office),,Acronis Cyber Protect Home Office,,Acronics,,Sal:EC,,AS,,Taxable Sales,,,,Accounts Receivable,,Paid,,,,,,2.00,,"24,800.00",,"49,600.00",,"91,634,895.85",,Income,,0.00,,,,,,,,,,0.00
,,,"10,631",,Invoice,,12/31/2024,,AS010416,,Midas Safety Lanka (Pvt) Ltd,,Synology RS815RP+ Configuration Charges,,12/31/2024,,,,Services,,,,Support and Maintenance,,Sal:EC,,AD,,Taxable Sales,,,,Accounts Receivable,,Paid,,,,,,1.00,,"10,000.00",,"10,000.00",,"91,644,895.85",,Income,,0.00,,,,,,,,,,0.00
,,,"10,633",,Invoice,,12/31/2024,,AS010417,,Orikmo Technologies (Pvt) Ltd,,Synology DiskStation DS224+  2Bay With 6GB RAM,,12/31/2024,,,,Synology:DS224+ (Synology DiskStation DS224+  2Bay),,Synology DiskStation DS224+  2Bay,,Synology,,Sal:RS,,AR,,Taxable Sales,,,,Accounts Receivable,,Paid,,,,,,1.00,,"150,000.00",,"150,000.00",,"91,794,895.85",,Income,,0.00,,,,,,,,,,0.00
,,,"10,633",,Invoice,,12/31/2024,,AS010417,,Orikmo Technologies (Pvt) Ltd,,Synology 2TB Plus Hard Drive,,12/31/2024,,,,HDD:HAT3300-2T (Synology 2TB Plus Hard Drive),,Synology 2TB Plus Hard Drive,,Hard Drive,,Sal:RS,,AR,,Taxable Sales,,,,Accounts Receivable,,Paid,,,,,,1.00,,"36,000.00",,"36,000.00",,"91,830,895.85",,Income,,0.00,,,,,,,,,,0.00
,,,"10,635",,Invoice,,12/31/2024,,AS010418,,Studio Lakdam,,BDCOM S1500-16T Switch  S/N : 0W20012501307,,12/31/2024,,,,BDCOM:S1500-16T (BDCOM S1500-16T Switch),,BDCOM S1500-16T Switch,,BDCOM,,Sal:RS,,AD,,Non-Taxable Sales,,,,Accounts Receivable,,Paid,,,,,,1.00,,"21,240.00",,"21,240.00",,"91,852,135.85",,Income,,0.00,,,,,,,,,,0.00
,,,"10,639",,Invoice,,01/02/2025,,AS010419,,Ideal Finance Ltd,,Rentable  DS1815+ NAS Unit for 2 weeks  S/N : 15A1MHN103801,,01/02/2025,,,,Rental,,,,Other Sales,,Sal:RS,,A,,Taxable Sales,,,,Accounts Receivable,,Paid,,,,,,1.00,,"25,000.00",,"25,000.00",,"91,877,135.85",,Income,,0.00,,,,,,,,,,0.00
,,,"10,668",,Invoice,,01/03/2025,,AS010420,,Rapidventure (Pvt) Ltd,,Draytek Vigor 2915 Security Appliance,,01/03/2025,,,,Draytek:Vigor 2915 (Draytek Vigor 2915 Security Appliance),,Draytek Vigor 2915 Security Appliance,,Draytek,,Sal:RS,,AS,,Taxable Sales,,,,Accounts Receivable,,Paid,,,,,,1.00,,"38,000.00",,"38,000.00",,"91,915,135.85",,Income,,0.00,,,,,,,,,,0.00
,,,"10,668",,Invoice,,01/03/2025,,AS010420,,Rapidventure (Pvt) Ltd,,Draytek Vigor 2915 License Key (1 Year),,01/03/2025,,,,Draytek,,,,Draytek,,Sal:RS,,AS,,Taxable Sales,,,,Accounts Receivable,,Paid,,,,,,1.00,,"20,000.00",,"20,000.00",,"91,935,135.85",,Income,,0.00,,,,,,,,,,0.00
,,,"10,735",,Invoice,,01/07/2025,,AS010421,,E-Screen Systems (Pvt) Ltd,,Draytek Vigor 2962  S/N : 237004896371,,01/07/2025,,,,Draytek:Vigor 2962 (Draytek Vigor 2962),,Draytek Vigor 2962,,Draytek,,Sal:RS,,A,,Taxable Sales,,,,Accounts Receivable,,Paid,,,,,,1.00,,"118,500.00",,"118,500.00",,"92,053,635.85",,Income,,0.00,,,,,,,,,,0.00
,,,"10,735",,Invoice,,01/07/2025,,AS010421,,E-Screen Systems (Pvt) Ltd,,Configuration Charges,,01/07/2025,,,,Services,,,,Support and Maintenance,,Sal:RS,,A,,Taxable Sales,,,,Accounts Receivable,,Paid,,,,,,1.00,,"15,000.00",,"15,000.00",,"92,068,635.85",,Income,,0.00,,,,,,,,,,0.00
,,,"10,802",,Invoice,,01/08/2025,,AS010422,,And Beyond,,Synology NAS Configuration Charges,,01/08/2025,,,,Services,,,,Support and Maintenance,,Sal:RS,,AD,,Non-Taxable Sales,,,,Accounts Receivable,,Paid,,,,,,1.00,,"4,720.00",,"4,720.00",,"92,073,355.85",,Income,,0.00,,,,,,,,,,0.00
,,,"10,803",,Invoice,,01/08/2025,,AS010423,,Apex Business Solutions PVT Ltd.,,DrayTek Vigor3912S Router  S/N : 248005163771,,01/08/2025,,,,Vigor3912S (DrayTek Vigor3912S Switch),,DrayTek Vigor3912S Switch,,Draytek,,Sal:RS,,AD,,Taxable Sales,,,,Accounts Receivable,,Paid,,,,,,1.00,,"273,000.00",,"273,000.00",,"92,346,355.85",,Income,,0.00,,,,,,,,,,0.00
,,,"10,804",,Invoice,,01/09/2025,,AS010424,,AIT Business Solution (Pvt) Ltd,,Synology DiskStation DS423+ 4Bay  S/N : 2480VKR9VD4YZ,,01/09/2025,,,,Synology:DS423+ (Synology DiskStation DS423+ 4Bay),,Synology DiskStation DS423+ 4Bay,,Synology,,Sal:RS,,A,,Taxable Sales,,,,Accounts Receivable,,Unpaid,,,,476,,1.00,,"179,213.56",,"179,213.56",,"92,525,569.41",,Income,,0.00,,,,,,,,,,0.00
,,,"10,804",,Invoice,,01/09/2025,,AS010424,,AIT Business Solution (Pvt) Ltd,,"Synology 4TB Plus HDD  S/N : 2450VXRZW62JJ7Y		            2450VXRZW62K2ZD		            2450VXRZW...",,01/09/2025,,,,HDD:HAT3300-4T (Synology 4TB Plus HDD),,Synology 4TB Plus HDD,,Hard Drive,,Sal:RS,,A,,Taxable Sales,,,,Accounts Receivable,,Unpaid,,,,476,,3.00,,"44,550.00",,"133,650.00",,"92,659,219.41",,Income,,0.00,,,,,,,,,,0.00
,,,"10,815",,Invoice,,01/09/2025,,AS010425,,Premier IT Solutions (pvt) Ltd,,BDCOM S1500-16T Switch  S/N : 0W20012501310,,01/09/2025,,,,BDCOM:S1500-16T (BDCOM S1500-16T Switch),,BDCOM S1500-16T Switch,,BDCOM,,Sal:RS,,AD,,Taxable Sales,,,,Accounts Receivable,,Paid,,,,,,1.00,,"16,320.00",,"16,320.00",,"92,675,539.41",,Income,,0.00,,,,,,,,,,0.00
,,,"10,834",,Invoice,,01/10/2025,,AS010426,,Pretec Systems,,BDCOM S1508E Switch  S/N : 0W20002004738            0W20002004734,,01/10/2025,,,,BDCOM:S1508E,,,,BDCOM,,Sal:EC,,AR,,Non-Taxable Sales,,,,Accounts Receivable,,Paid,,,,,,2.00,,"6,100.00",,"12,200.00",,"92,687,739.41",,Income,,0.00,,,,,,,,,,0.00
,,,"10,835",,Invoice,,01/10/2025,,AS010427,,Barclays Computers (Pvt) Ltd,,BDCOM S2900-24P4X Switch  S/N : 0G20028007263,,01/10/2025,,,,S2900-24P4X (BDCOM S2900-24P4X Switch),,BDCOM S2900-24P4X Switch,,BDCOM,,Sal:RS,,AR,,Taxable Sales,,,,Accounts Receivable,,Paid,,,,,,1.00,,"129,500.00",,"129,500.00",,"92,817,239.41",,Income,,0.00,,,,,,,,,,0.00
,,,"10,837",,Invoice,,01/10/2025,,AS010428,,Techtron Integrated Solutions (Pvt) Ltd,,16 TB Seagate Exos Enterprise Hard Drives  S/N : ZL2GQRQT            ZL2H5XJS            ZL2GXRX...,,01/10/2025,,,,HDD:16TB Sea Exos (16 TB Seagate Exos Enterprise Hard Drives),,16 TB Seagate Exos Enterprise Hard Drives,,Hard Drive,,Sal:RS,,AS,,Taxable Sales,,,,Accounts Receivable,,Paid,,,,,,4.00,,"141,000.00",,"564,000.00",,"93,381,239.41",,Income,,0.00,,,,,,,,,,0.00
,,,"10,837",,Invoice,,01/10/2025,,AS010428,,Techtron Integrated Solutions (Pvt) Ltd,,Synology M2D18 M.2 NVMe SSD Adapter Card  S/N : 1930QSRFNHS1D,,01/10/2025,,,,Synology:M2D18,,,,Synology,,Sal:RS,,AS,,Taxable Sales,,,,Accounts Receivable,,Paid,,,,,,1.00,,"41,000.00",,"41,000.00",,"93,422,239.41",,Income,,0.00,,,,,,,,,,0.00
,,,"10,844",,Invoice,,01/15/2025,,AS010429,,Sevenx Lanka (Pvt) Ltd,,BDCOM S1500-24T Switch  S/N : 0W20012600517,,01/15/2025,,,,BDCOM:S1500-24T (BDCOM S1500-24T Switch),,BDCOM S1500-24T Switch,,BDCOM,,Sal:RS,,AD,,Taxable Sales,,,,Accounts Receivable,,Paid,,,,,,1.00,,"20,500.00",,"20,500.00",,"93,442,739.41",,Income,,0.00,,,,,,,,,,0.00
,,,"10,846",,Invoice,,01/15/2025,,AS010430,,Southern Technologies,,BDCOM S1200-8P2G Switch  S/N : 0W20011501064            0W20011501063,,01/12/2025,,,,BDCOM:S1200-8P2G (BDCOM S1200-8P2G Switch),,BDCOM S1200-8P2G Switch,,BDCOM,,Sal:EC,,AR,,Non-Taxable Sales,,,,Accounts Receivable,,Paid,,,,,,2.00,,"10,600.00",,"21,200.00",,"93,463,939.41",,Income,,0.00,,,,,,,,,,0.00
,,,"10,847",,Invoice,,01/16/2025,,AS010431,,Giga Foods (Pvt)  Ltd,,"Draytek Vigor 2915 Security Appliance  S/N : 213004353741		            213004353746		           ...",,01/16/2025,,,,Draytek:Vigor 2915 (Draytek Vigor 2915 Security Appliance),,Draytek Vigor 2915 Security Appliance,,Draytek,,Sal:RS,,AS,,Taxable Sales,,,,Accounts Receivable,,Paid,,,,,,8.00,,"38,000.00",,"304,000.00",,"93,767,939.41",,Income,,0.00,,,,,,,,,,0.00
,,,"10,847",,Invoice,,01/16/2025,,AS010431,,Giga Foods (Pvt)  Ltd,,"BDCOM WAP2100-T512  S/N : 0P32014029791		            0P32014029790		            0P32014029783		 ...",,01/16/2025,,,,BDCOM:WAP2100-T512 (BDCOM WAP2100-T512),,BDCOM WAP2100-T512,,BDCOM,,Sal:RS,,AS,,Taxable Sales,,,,Accounts Receivable,,Paid,,,,,,9.00,,"17,500.00",,"157,500.00",,"93,925,439.41",,Income,,0.00,,,,,,,,,,0.00
,,,"10,847",,Invoice,,01/16/2025,,AS010431,,Giga Foods (Pvt)  Ltd,,"Draytek Vigor 2962  S/N : 237004896370		",,01/16/2025,,,,Draytek:Vigor 2962 (Draytek Vigor 2962),,Draytek Vigor 2962,,Draytek,,Sal:RS,,AS,,Taxable Sales,,,,Accounts Receivable,,Paid,,,,,,1.00,,"138,500.00",,"138,500.00",,"94,063,939.41",,Income,,0.00,,,,,,,,,,0.00
,,,"10,847",,Invoice,,01/16/2025,,AS010431,,Giga Foods (Pvt)  Ltd,,"AC/DC, Switching Power Adpter for AP",,01/16/2025,,,,"Draytek:Power Adpter for AP (AC/DC, Switching Power Adpter for AP  )",,"AC/DC, Switching Power Adpter for AP  ",,Draytek,,Sal:RS,,AS,,Taxable Sales,,,,Accounts Receivable,,Paid,,,,,,9.00,,,,,,"94,063,939.41",,Income,,0.00,,,,,,,,,,0.00
,,,"10,847",,Invoice,,01/16/2025,,AS010431,,Giga Foods (Pvt)  Ltd,,Configuration & Installation Charges,,01/16/2025,,,,Services,,,,Support and Maintenance,,Sal:RS,,AS,,Taxable Sales,,,,Accounts Receivable,,Paid,,,,,,1.00,,"180,000.00",,"180,000.00",,"94,243,939.41",,Income,,0.00,,,,,,,,,,0.00
,,,"10,847",,Invoice,,01/16/2025,,AS010431,,Giga Foods (Pvt)  Ltd,,Special Discount,,01/16/2025,,,,Discount,,,,Sales Discount,,Sal:RS,,AS,,Taxable Sales,,,,Accounts Receivable,,Paid,,,,,,,,"-20,000.00",,"-20,000.00",,"94,223,939.41",,Income,,0.00,,,,,,,,,,0.00
,,,"10,849",,Invoice,,01/16/2025,,AS010432,,LANKA COMMODITY BROKERS LTD,,Celeron Processor | 4GB RAM | 32GB Solid   State Storage | 5 x 1G Intel Chipset 225 LAN Ports | ...,,01/16/2025,,,,1U Firewall (Celeron Processor | 4GB RAM | 32GB Solid   State Storage | 5 x 1G Intel Chipset 225...,,Celeron Processor | 4GB RAM | 32GB Solid   State Storage | 5 x 1G Intel Chipset 225 LAN Ports | ...,,Draytek,,Sal:RS,,AS,,Taxable Sales,,,,Accounts Receivable,,Paid,,,,,,1.00,,"90,000.00",,"90,000.00",,"94,313,939.41",,Income,,0.00,,,,,,,,,,0.00
,,,"10,854",,Invoice,,01/17/2025,,AS010433,,Harsh Perera,,NAS Configuration Charges,,01/17/2025,,,,Services,,,,Support and Maintenance,,Sal:EC,,AD,,Non-Taxable Sales,,,,Accounts Receivable,,Paid,,,,,,1.00,,"5,310.00",,"5,310.00",,"94,319,249.41",,Income,,0.00,,,,,,,,,,0.00
,,,"10,856",,Invoice,,01/17/2025,,AS010434,,Southern Technologies,,BDCOM S1200-8P2G Switch  S/N : 0W20011501065,,01/17/2025,,,,BDCOM:S1200-8P2G (BDCOM S1200-8P2G Switch),,BDCOM S1200-8P2G Switch,,BDCOM,,Sal:EC,,AR,,Non-Taxable Sales,,,,Accounts Receivable,,Paid,,,,,,1.00,,"10,600.00",,"10,600.00",,"94,329,849.41",,Income,,0.00,,,,,,,,,,0.00
,,,"10,859",,Invoice,,01/17/2025,,AS010435,,Adapt Information Technologies,,"Synology DiskStation DS423+ 4Bay  S/N : 24C0VKRE6SDFE		",,01/17/2025,,,,Synology:DS423+ (Synology DiskStation DS423+ 4Bay),,Synology DiskStation DS423+ 4Bay,,Synology,,Sal:RS,,A,,Taxable Sales,,,,Accounts Receivable,,Paid,,,,,,1.00,,"177,000.00",,"177,000.00",,"94,506,849.41",,Income,,0.00,,,,,,,,,,0.00
,,,"10,859",,Invoice,,01/17/2025,,AS010435,,Adapt Information Technologies,,"Synology 4TB Plus HDD  S/N : 2450VXRZW62K2ZG		             2450VXRZW62JW17		             2450VXR...",,01/17/2025,,,,HDD:HAT3300-4T (Synology 4TB Plus HDD),,Synology 4TB Plus HDD,,Hard Drive,,Sal:RS,,A,,Taxable Sales,,,,Accounts Receivable,,Paid,,,,,,4.00,,"44,000.00",,"176,000.00",,"94,682,849.41",,Income,,0.00,,,,,,,,,,0.00
,,,"10,871",,Invoice,,01/20/2025,,AS010436,,Network Information Technologies (Pvt) Lt,,Maintenance  Agreement,,01/20/2025,,,,MA (Maintenance  Agreement),,Maintenance  Agreement,,Support and Maintenance,,Sal:RS,,AS,,Taxable Sales,,,,Accounts Receivable,,Paid,,,,,,1.00,,"73,200.00",,"73,200.00",,"94,756,049.41",,Income,,0.00,,,,,,,,,,0.00
,,,"10,872",,Invoice,,01/20/2025,,AS010437,,LANKA MOUNT CASTLE (PVT) LTD,,Firewall Configuration Charges,,01/20/2025,,,,Services,,,,Support and Maintenance,,Sal:EC,,AS,,Taxable Sales,,,,Accounts Receivable,,Paid,,,,,,1.00,,"8,000.00",,"8,000.00",,"94,764,049.41",,Income,,0.00,,,,,,,,,,0.00
,,,"10,873",,Invoice,,01/20/2025,,AS010438,,TYAX (PVT) LTD,,"BDCOM S1500-8P2G Switch  S/N : 0W20011603675	            0W20011603681	            0W20011603680...",,01/20/2025,,,,BDCOM:S1500-8P2G (BDCOM S1500-8P2G Switch),,BDCOM S1500-8P2G Switch,,BDCOM,,Sal:RS,,AD,,Taxable Sales,,,,Accounts Receivable,,Paid,,,,,,15.00,,"14,300.00",,"214,500.00",,"94,978,549.41",,Income,,0.00,,,,,,,,,,0.00
,,,"10,874",,Invoice,,01/20/2025,,AS010439,,LANKA COMMODITY BROKERS LTD,,7GB Storage Space  100GB Transfer Bandwidth  1 Nos Fixed IP. (Clean)  SPF/ DKIM Supported  Spam ...,,01/20/2025,,,,Host Email,,,,Support and Maintenance,,Mnt,,AS,,Taxable Sales,,,,Accounts Receivable,,Paid,,,,,,1.00,,"18,321.48",,"18,321.48",,"94,996,870.89",,Income,,0.00,,,,,,,,,,0.00
,,,"10,875",,Invoice,,01/20/2025,,AS010440,,LANKA COMMODITY BROKERS LTD,,Anti Spam Service,,01/20/2025,,,,Services,,,,Support and Maintenance,,Mnt,,AS,,Taxable Sales,,,,Accounts Receivable,,Paid,,,,,,1.00,,"6,677.11",,"6,677.11",,"95,003,548.00",,Income,,0.00,,,,,,,,,,0.00
,,,"10,876",,Invoice,,01/20/2025,,AS010441,,LANKA MOUNT CASTLE (PVT) LTD,,20GB Storage Capacity with 30 Email Accounts,,01/20/2025,,,,Host Email,,,,Support and Maintenance,,Mnt,,AS,,Taxable Sales,,,,Accounts Receivable,,Paid,,,,,,1.00,,"15,025.00",,"15,025.00",,"95,018,573.00",,Income,,0.00,,,,,,,,,,0.00
,,,"10,877",,Invoice,,01/20/2025,,AS010442,,AL - ARAF HOTELS & RESORT (PVT) LTD,,Hosting Charges for 10 email Accounts (10$),,01/20/2025,,,,Hosting (Hosting),,Hosting,,Support and Maintenance,,Sal:EC,,AS,,Taxable Sales,,,,Accounts Receivable,,Paid,,,,,,1.00,,"3,005.00",,"3,005.00",,"95,021,578.00",,Income,,0.00,,,,,,,,,,0.00
,,,"10,878",,Invoice,,01/20/2025,,AS010443,,Studio Dreambox,,Synology 8TB Plus Hard Drive  S/N : 2430XCRN0A1NPF1YL,,01/20/2025,,,,HDD:HAT3310-8T (Synology 8TB Plus Hard Drive),,Synology 8TB Plus Hard Drive,,Hard Drive,,Sal:EC,,AD,,Non-Taxable Sales,,,,Accounts Receivable,,Paid,,,,,,1.00,,"113,000.00",,"113,000.00",,"95,134,578.00",,Income,,0.00,,,,,,,,,,0.00
,,,"10,879",,Invoice,,01/20/2025,,AS010444,,Hexar Evolution (Pvt) Ltd,,Synology DiskStation DS224+  2Bay  S/N : 2490WBRZCJTTV,,01/20/2025,,,,Synology:DS224+ (Synology DiskStation DS224+  2Bay),,Synology DiskStation DS224+  2Bay,,Synology,,Sal:RS,,AD,,Taxable Sales,,,,Accounts Receivable,,Paid,,,,,,1.00,,"118,000.00",,"118,000.00",,"95,252,578.00",,Income,,0.00,,,,,,,,,,0.00
,,,"10,879",,Invoice,,01/20/2025,,AS010444,,Hexar Evolution (Pvt) Ltd,,"Synology 2TB Plus Hard Drive  S/N : 2470XZR00ZWD19D9L	            2470XZR00ZWD19A8N	  ",,01/20/2025,,,,HDD:HAT3300-2T (Synology 2TB Plus Hard Drive),,Synology 2TB Plus Hard Drive,,Hard Drive,,Sal:RS,,AD,,Taxable Sales,,,,Accounts Receivable,,Paid,,,,,,2.00,,"36,000.00",,"72,000.00",,"95,324,578.00",,Income,,0.00,,,,,,,,,,0.00
,,,"10,881",,Invoice,,01/21/2025,,AS010445,,Barclays Computers (Pvt) Ltd,,"Synology DiskStation DS224+  2Bay  S/N : 24C0WBR5SAHMB	            24C0WBRM1JK30	",,01/21/2025,,,,Synology:DS224+ (Synology DiskStation DS224+  2Bay),,Synology DiskStation DS224+  2Bay,,Synology,,Sal:RS,,AS,,Taxable Sales,,,,Accounts Receivable,,Paid,,,,,,2.00,,"118,361.864",,"236,723.73",,"95,561,301.73",,Income,,0.00,,,,,,,,,,0.00
,,,"10,882",,Invoice,,01/22/2025,,AS010446,,Cameralk (Pvt) Ltd,,Synology DiskStation DS1522+  S/N : 2270TRRJ1H38H,,01/22/2025,,,,Synology:DS1522+ (Synology DiskStation DS1522+),,Synology DiskStation DS1522+,,Synology,,Sal:EC,,AD,,Taxable Sales,,,,Accounts Receivable,,Paid,,,,,,1.00,,"335,000.00",,"335,000.00",,"95,896,301.73",,Income,,0.00,,,,,,,,,,0.00
,,,"10,882",,Invoice,,01/22/2025,,AS010446,,Cameralk (Pvt) Ltd,,"Synology 8TB Plus Hard Drive  S/N : 2430XCRN0A1XRF1YL		            2430XCRN0A4DCF1YL		          ...",,01/22/2025,,,,HDD:HAT3310-8T (Synology 8TB Plus Hard Drive),,Synology 8TB Plus Hard Drive,,Hard Drive,,Sal:EC,,AD,,Taxable Sales,,,,Accounts Receivable,,Paid,,,,,,5.00,,"96,000.00",,"480,000.00",,"96,376,301.73",,Income,,0.00,,,,,,,,,,0.00
,,,"10,883",,Invoice,,01/22/2025,,AS010447,,ADL Digi House,,BDCOM S1500-16P2S POE Switch  S/N : 0W20012100780,,01/22/2025,,,,BDCOM:S1500-16P2S (BDCOM S1500-16P2S POE Switch),,BDCOM S1500-16P2S POE Switch,,BDCOM,,Sal:EC,,AR,,Non-Taxable Sales,,,,Accounts Receivable,,Paid,,,,,,1.00,,"46,500.00",,"46,500.00",,"96,422,801.73",,Income,,0.00,,,,,,,,,,0.00
,,,"10,889",,Invoice,,01/23/2025,,AS010448,,Debug Computer Peripherals (Pvt) Ltd,,Synology DiskStation DS224+  2Bay  S/N : 24C0WBRSGVAJT,,01/23/2025,,,,Synology:DS224+ (Synology DiskStation DS224+  2Bay),,Synology DiskStation DS224+  2Bay,,Synology,,Sal:RS,,AD,,Taxable Sales,,,,Accounts Receivable,,Paid,,,,,,1.00,,"118,000.00",,"118,000.00",,"96,540,801.73",,Income,,0.00,,,,,,,,,,0.00
,,,"10,889",,Invoice,,01/23/2025,,AS010448,,Debug Computer Peripherals (Pvt) Ltd,,"Synology 960GB SATA SSD - SAT-5221  S/N : 24C0YURVKYWJD		            24C0YURNF0TMA		",,01/23/2025,,,,960G SATA SSD Synology (Synology 960GB SATA SSD - SAT-5221 960G),,Synology 960GB SATA SSD - SAT-5221 960G,,Hard Drive,,Sal:RS,,AD,,Taxable Sales,,,,Accounts Receivable,,Paid,,,,,,2.00,,"128,000.00",,"256,000.00",,"96,796,801.73",,Income,,0.00,,,,,,,,,,0.00
,,,"10,890",,Invoice,,01/23/2025,,AS010449,,BlueChip Technical Services(Pvt)Ltd,,Synology Rackstation RS822RP+ With 8GB RAM  S/N : 24B0UJRPXX6AM,,01/23/2025,,,,Synology:RS822RP+ (Synology Rackstation RS822RP+),,Synology Rackstation RS822RP+,,Synology,,Sal:RS,,A,,Taxable Sales,,,,Accounts Receivable,,Paid,,,,,,1.00,,"508,000.00",,"508,000.00",,"97,304,801.73",,Income,,0.00,,,,,,,,,,0.00
,,,"10,890",,Invoice,,01/23/2025,,AS010449,,BlueChip Technical Services(Pvt)Ltd,,"Synology 6TB Plus Hard Drive  S/N : 2440VYRZVX0299K	            2440VYRZVY05T8W	",,01/23/2025,,,,HDD:HAT3300-6T (Synology 6TB Plus Hard Drive),,Synology 6TB Plus Hard Drive,,Hard Drive,,Sal:RS,,A,,Taxable Sales,,,,Accounts Receivable,,Paid,,,,,,2.00,,"64,000.00",,"128,000.00",,"97,432,801.73",,Income,,0.00,,,,,,,,,,0.00
,,,"10,890",,Invoice,,01/23/2025,,AS010449,,BlueChip Technical Services(Pvt)Ltd,,1U Rail Kit,,01/23/2025,,,,Synology:1 U Fixed Rail Kit,,,,Synology,,Sal:RS,,A,,Taxable Sales,,,,Accounts Receivable,,Paid,,,,,,1.00,,,,,,"97,432,801.73",,Income,,0.00,,,,,,,,,,0.00
,,,"10,891",,Invoice,,01/23/2025,,AS010450,,Dr. Chinthaka Jayakody,,NAS Inspection Charge,,01/23/2025,,,,Services,,,,Support and Maintenance,,Sal:EC,,AD,,Non-Taxable Sales,,,,Accounts Receivable,,Paid,,,,,,1.00,,"7,000.00",,"7,000.00",,"97,439,801.73",,Income,,0.00,,,,,,,,,,0.00
,,,"10,893",,Invoice,,01/23/2025,,AS010451,,TYAX (PVT) LTD,,"BDCOM 8 Port POE Switch  S/N : 0E20013002954		            0E20013002953		            0E200130029...",,01/23/2025,,,,BDCOM:S1510-8P (BDCOM 8 Port POE Switch),,BDCOM 8 Port POE Switch,,BDCOM,,Sal:RS,,AD,,Taxable Sales,,,,Accounts Receivable,,Paid,,,,,,15.00,,"32,500.00",,"487,500.00",,"97,927,301.73",,Income,,0.00,,,,,,,,,,0.00
,,,"10,894",,Invoice,,01/23/2025,,AS010452,,Green Digital Technologies (Pvt) Ltd,,BDCOM S1006-4p-65 Unmanaged 4 ports 10/100 PoE Ports and 2 Ports 10/100 NON PoE  S/N : SLM170802...,,01/23/2025,,,,BDCOM:S1006-4p-65 (BDCOM S1006-4p-65 Unmanaged 4 ports 10/100 PoE Ports and 2 Ports 10/100 NON PoE),,BDCOM S1006-4p-65 Unmanaged 4 ports 10/100 PoE Ports and 2 Ports 10/100 NON PoE,,BDCOM,,Sal:EC,,AR,,Non-Taxable Sales,,,,Accounts Receivable,,Paid,,,,,,3.00,,"6,200.00",,"18,600.00",,"97,945,901.73",,Income,,0.00,,,,,,,,,,0.00
,,,"10,895",,Invoice,,01/23/2025,,AS010453,,IT Galaxy (Pvt) Ltd,,12TB Synology Plus Hard Drive  S/N : 2340W1RZRT0TEEG,,01/23/2025,,,,HDD:HAT3300-12T (12TB Synology Plus Hard Drive),,12TB Synology Plus Hard Drive,,Hard Drive,,Sal:RS,,AS,,Taxable Sales,,,,Accounts Receivable,,Paid,,,,,,1.00,,"116,000.00",,"116,000.00",,"98,061,901.73",,Income,,0.00,,,,,,,,,,0.00
,,,"10,898",,Invoice,,01/24/2025,,AS010454,,Barclays Computers (Pvt) Ltd,,Ethernet POE Switch with 4GE TX/SFP combo ports and 24 GE PoE Ports    S/N : G20012012853,,01/24/2025,,,,BDCOM:S2528P (Ethernet POE Switch with 4GE TX/SFP combo ports and 24 GE PoE Ports),,Ethernet POE Switch with 4GE TX/SFP combo ports and 24 GE PoE Ports,,BDCOM,,Sal:RS,,AR,,Taxable Sales,,,,Accounts Receivable,,Paid,,,,,,1.00,,"105,000.00",,"105,000.00",,"98,166,901.73",,Income,,0.00,,,,,,,,,,0.00
,,,"10,904",,Credit Memo,,01/27/2025,,AS00108,,TYAX (PVT) LTD,,"BDCOM S1500-8P2G Switch  S/N : 0W20011603675	            0W20011603681	            0W20011603680...",,01/27/2025,,,,BDCOM:S1500-8P2G (BDCOM S1500-8P2G Switch),,BDCOM S1500-8P2G Switch,,BDCOM,,Sal:RS,,,,Taxable Sales,,,,Accounts Receivable,,Paid,,,,,,-15.00,,"14,300.00",,"-214,500.00",,"97,952,401.73",,Income,,0.00,,,,,,,,,,0.00
,,,"10,900",,Invoice,,01/27/2025,,AS010455,,Liyakta Office Systems (Pvt) Ltd,,Synology DiskStation DS423+ 4Bay  S/N : 24C0VKRN5DQV6,,01/27/2025,,,,Synology:DS423+ (Synology DiskStation DS423+ 4Bay),,Synology DiskStation DS423+ 4Bay,,Synology,,Sal:RS,,AD,,Taxable Sales,,,,Accounts Receivable,,Paid,,,,,,1.00,,"180,000.00",,"180,000.00",,"98,132,401.73",,Income,,0.00,,,,,,,,,,0.00
,,,"10,900",,Invoice,,01/27/2025,,AS010455,,Liyakta Office Systems (Pvt) Ltd,,"Synology 2TB Plus Hard Drive  S/N : 2470XZR00ZWD193M8	            2470XZR00ZWD19AWW	            ...",,01/27/2025,,,,HDD:HAT3300-2T (Synology 2TB Plus Hard Drive),,Synology 2TB Plus Hard Drive,,Hard Drive,,Sal:RS,,AD,,Taxable Sales,,,,Accounts Receivable,,Paid,,,,,,4.00,,"35,000.00",,"140,000.00",,"98,272,401.73",,Income,,0.00,,,,,,,,,,0.00
,,,"10,901",,Invoice,,01/27/2025,,AS010456,,I M Solutions,,S1500-24P2S-370 BDCOM Switch  S/N : 0W20012000769,,01/27/2025,,,,BDCOM:S1500-24P2S-370 (S1500-24P2S-370 BDCOM Switch),,S1500-24P2S-370 BDCOM Switch,,BDCOM,,Sal:RS,,AD,,Taxable Sales,,,,Accounts Receivable,,Paid,,,,,,1.00,,"62,000.00",,"62,000.00",,"98,334,401.73",,Income,,0.00,,,,,,,,,,0.00
,,,"10,902",,Invoice,,01/27/2025,,AS010457,,Techtron Integrated Solutions (Pvt) Ltd,,"Synology Diskstation DS223  2Bay  S/N : 24B0V1RDQAE8H		",,01/27/2025,,,,Synology:DS223 (Synology Diskstation DS223  2Bay),,Synology Diskstation DS223  2Bay,,Synology,,Sal:RS,,AS,,Taxable Sales,,,,Accounts Receivable,,Paid,,,,,,1.00,,"95,000.00",,"95,000.00",,"98,429,401.73",,Income,,0.00,,,,,,,,,,0.00
,,,"10,905",,Invoice,,01/28/2025,,AS010458,,Ninehearts Imaging (Pvt) Ltd,,Synology DS423 4 Bay NAS  S/N : 2480UVR2X0B2K,,01/28/2025,,,,Synology:DS423 (Synology DS423 4 Bay NAS),,Synology DS423 4 Bay NAS,,Synology,,Sal:RS,,AD,,Taxable Sales,,,,Accounts Receivable,,Paid,,,,,,1.00,,"139,000.00",,"139,000.00",,"98,568,401.73",,Income,,0.00,,,,,,,,,,0.00
,,,"10,905",,Invoice,,01/28/2025,,AS010458,,Ninehearts Imaging (Pvt) Ltd,,"Synology 8TB Plus Hard Drive  S/N : 2430XCRN0A40DF1YL	            2430XCRN0A3ZPF1YL	            ...",,01/28/2025,,,,HDD:HAT3310-8T (Synology 8TB Plus Hard Drive),,Synology 8TB Plus Hard Drive,,Hard Drive,,Sal:RS,,AD,,Taxable Sales,,,,Accounts Receivable,,Paid,,,,,,4.00,,"87,000.00",,"348,000.00",,"98,916,401.73",,Income,,0.00,,,,,,,,,,0.00
,,,"10,906",,Invoice,,01/28/2025,,AS010459,,Mr.Mahendra Fernando,,"Synology 4TB Plus HDD  S/N : 2450VXRZW62K42C	            2450VXRZW62K3XC	",,01/28/2025,,,,HDD:HAT3300-4T (Synology 4TB Plus HDD),,Synology 4TB Plus HDD,,Hard Drive,,Sal:EC,,AD,,Non-Taxable Sales,,,,Accounts Receivable,,Paid,,,,,,2.00,,"58,000.00",,"116,000.00",,"99,032,401.73",,Income,,0.00,,,,,,,,,,0.00
,,,"10,907",,Invoice,,01/28/2025,,AS010460,,Data Management Systems (Pvt) Limited,,"Seagate 2TB Enterprise Hard Drive  S/N : ZC22HQ2V		            ZC22HQD9		            ZC22H6AY		 ...",,01/28/2025,,,,HDD:Seagate-2TB Exos (Seagate 2TB Enterprise Hard Drive),,Seagate 2TB Enterprise Hard Drive,,Hard Drive,,Sal:RS,,AS,,Taxable Sales,,,,Accounts Receivable,,Paid,,,,,,10.00,,"78,000.00",,"780,000.00",,"99,812,401.73",,Income,,0.00,,,,,,,,,,0.00
,,,"10,909",,Invoice,,01/29/2025,,AS010461,,Barclays Computers (Pvt) Ltd,,Synology DS423 4 Bay NAS  S/N : 2480UVRR6SA3Z,,01/29/2025,,,,Synology:DS423 (Synology DS423 4 Bay NAS),,Synology DS423 4 Bay NAS,,Synology,,Sal:RS,,AS,,Taxable Sales,,,,Accounts Receivable,,Paid,,,,,,1.00,,"136,589.83",,"136,589.83",,"99,948,991.56",,Income,,0.00,,,,,,,,,,0.00
,,,"10,910",,Invoice,,01/29/2025,,AS010462,,Base Hp (Pvt) Ltd,,Synology DS923+ DiskStation  S/N : 23B0TQR4EJV85,,01/29/2025,,,,DS923+ (Synology DS923+ DiskStation),,Synology DS923+ DiskStation,,Synology,,Sal:RS,,A,,Taxable Sales,,,,Accounts Receivable,,Paid,,,,,,1.00,,"215,000.00",,"215,000.00",,"100,163,991.56",,Income,,0.00,,,,,,,,,,0.00
,,,"10,910",,Invoice,,01/29/2025,,AS010462,,Base Hp (Pvt) Ltd,,"Synology 8TB Plus Hard Drive  S/N : 2430XCRN0A4CJF1YL		            2430XCRN0A4BFF1YL		          ...",,01/29/2025,,,,HDD:HAT3310-8T (Synology 8TB Plus Hard Drive),,Synology 8TB Plus Hard Drive,,Hard Drive,,Sal:RS,,A,,Taxable Sales,,,,Accounts Receivable,,Paid,,,,,,3.00,,"86,666.67",,"260,000.01",,"100,423,991.57",,Income,,0.00,,,,,,,,,,0.00
,,,"10,911",,Invoice,,01/29/2025,,AS010463,,NetCore Solutions,,Synology Diskstation DS223  2Bay  S/N : 24A0V1RAAARXJ,,01/29/2025,,,,Synology:DS223 (Synology Diskstation DS223  2Bay),,Synology Diskstation DS223  2Bay,,Synology,,Sal:RS,,A,,Non-Taxable Sales,,,,Accounts Receivable,,Paid,,,,,,1.00,,"119,180.00",,"119,180.00",,"100,543,171.57",,Income,,0.00,,,,,,,,,,0.00
,,,"10,911",,Invoice,,01/29/2025,,AS010463,,NetCore Solutions,,"Synology 6TB Plus Hard Drive  S/N : 2440VYRZVX029GE	",,01/29/2025,,,,HDD:HAT3300-6T (Synology 6TB Plus Hard Drive),,Synology 6TB Plus Hard Drive,,Hard Drive,,Sal:RS,,A,,Non-Taxable Sales,,,,Accounts Receivable,,Paid,,,,,,1.00,,"77,880.00",,"77,880.00",,"100,621,051.57",,Income,,0.00,,,,,,,,,,0.00
,,,"10,911",,Invoice,,01/29/2025,,AS010463,,NetCore Solutions,,"Synology Diskstation DS223  2Bay  S/N : 24B0V1RZ27M71	",,01/29/2025,,,,Synology:DS223 (Synology Diskstation DS223  2Bay),,Synology Diskstation DS223  2Bay,,Synology,,Sal:RS,,A,,Non-Taxable Sales,,,,Accounts Receivable,,Paid,,,,,,1.00,,"119,180.00",,"119,180.00",,"100,740,231.57",,Income,,0.00,,,,,,,,,,0.00
,,,"10,911",,Invoice,,01/29/2025,,AS010463,,NetCore Solutions,,"Synology 6TB Plus Hard Drive  S/N : 2440VYRZVX02969	",,01/29/2025,,,,HDD:HAT3300-6T (Synology 6TB Plus Hard Drive),,Synology 6TB Plus Hard Drive,,Hard Drive,,Sal:RS,,A,,Non-Taxable Sales,,,,Accounts Receivable,,Paid,,,,,,1.00,,"77,880.00",,"77,880.00",,"100,818,111.57",,Income,,0.00,,,,,,,,,,0.00
,,,"10,912",,Invoice,,01/30/2025,,AS010464,,NextEn (Pvt) Ltd,,Synology Rackstation RS822RP+,,01/30/2025,,,,Synology:RS822RP+ (Synology Rackstation RS822RP+),,Synology Rackstation RS822RP+,,Synology,,Sal:RS,,A,,Taxable Sales,,,,Accounts Receivable,,Paid,,,,,,1.00,,"510,000.00",,"510,000.00",,"101,328,111.57",,Income,,0.00,,,,,,,,,,0.00
,,,"10,912",,Invoice,,01/30/2025,,AS010464,,NextEn (Pvt) Ltd,,Synology 4TB Plus HDD,,01/30/2025,,,,HDD:HAT3300-4T (Synology 4TB Plus HDD),,Synology 4TB Plus HDD,,Hard Drive,,Sal:RS,,A,,Taxable Sales,,,,Accounts Receivable,,Paid,,,,,,3.00,,"46,000.00",,"138,000.00",,"101,466,111.57",,Income,,0.00,,,,,,,,,,0.00
,,,"10,912",,Invoice,,01/30/2025,,AS010464,,NextEn (Pvt) Ltd,,1 U Rail Kit,,01/30/2025,,,,Synology:1 U Fixed Rail Kit,,,,Synology,,Sal:RS,,A,,Taxable Sales,,,,Accounts Receivable,,Paid,,,,,,1.00,,0.00,,0.00,,"101,466,111.57",,Income,,0.00,,,,,,,,,,0.00
,,,"10,915",,Invoice,,01/31/2025,,AS010465,,Debug Computer Peripherals (Pvt) Ltd,,Synology DS423 4 Bay NAS  S/N : 2480UVRFP1B75,,01/31/2025,,,,Synology:DS423 (Synology DS423 4 Bay NAS),,Synology DS423 4 Bay NAS,,Synology,,Sal:RS,,AD,,Taxable Sales,,,,Accounts Receivable,,Paid,,,,,,1.00,,"137,000.00",,"137,000.00",,"101,603,111.57",,Income,,0.00,,,,,,,,,,0.00
,,,"10,915",,Invoice,,01/31/2025,,AS010465,,Debug Computer Peripherals (Pvt) Ltd,,"Synology 16TB Plus HDD  S/N : 24B0XER40A019F1VL	            24B0XER30A0KLF1VL	",,01/31/2025,,,,HDD:HAT3310-16T (Synology 16TB Plus HDD),,Synology 16TB Plus HDD,,Hard Drive,,Sal:RS,,AD,,Taxable Sales,,,,Accounts Receivable,,Paid,,,,,,2.00,,"128,000.00",,"256,000.00",,"101,859,111.57",,Income,,0.00,,,,,,,,,,0.00
,,,"10,915",,Invoice,,01/31/2025,,AS010465,,Debug Computer Peripherals (Pvt) Ltd,,Synology DS423 4 Bay NAS  S/N : 2480UVRV26ATD,,01/31/2025,,,,Synology:DS423 (Synology DS423 4 Bay NAS),,Synology DS423 4 Bay NAS,,Synology,,Sal:RS,,AD,,Taxable Sales,,,,Accounts Receivable,,Paid,,,,,,1.00,,"137,000.00",,"137,000.00",,"101,996,111.57",,Income,,0.00,,,,,,,,,,0.00
,,,"10,915",,Invoice,,01/31/2025,,AS010465,,Debug Computer Peripherals (Pvt) Ltd,,"Synology 16TB Plus HDD  S/N : 24B0XER40A00UF1VL	            24B0XER30A0ESF1VL	",,01/31/2025,,,,HDD:HAT3310-16T (Synology 16TB Plus HDD),,Synology 16TB Plus HDD,,Hard Drive,,Sal:RS,,AD,,Taxable Sales,,,,Accounts Receivable,,Paid,,,,,,2.00,,"128,000.00",,"256,000.00",,"102,252,111.57",,Income,,0.00,,,,,,,,,,0.00
,,,"10,917",,Invoice,,01/31/2025,,AS010466,,TYAX (PVT) LTD,,BDCOM 8 Port POE Switch  S/N : 0E20013003002            0E20013002972,,01/31/2025,,,,BDCOM:S1510-8P (BDCOM 8 Port POE Switch),,BDCOM 8 Port POE Switch,,BDCOM,,Sal:RS,,AD,,Taxable Sales,,,,Accounts Receivable,,Paid,,,,,,2.00,,"32,500.00",,"65,000.00",,"102,317,111.57",,Income,,0.00,,,,,,,,,,0.00
,,,"10,918",,Invoice,,01/31/2025,,AS010467,,NOLIMIT,,"BDCOM S1500-24T Switch  S/N : 0W20012600516	            0W20012600519	",,01/31/2025,,,,BDCOM:S1500-24T (BDCOM S1500-24T Switch),,BDCOM S1500-24T Switch,,BDCOM,,Sal:EC,,AR,,Taxable Sales,,,,Accounts Receivable,,Paid,,,,,,2.00,,"22,300.00",,"44,600.00",,"102,361,711.57",,Income,,0.00,,,,,,,,,,0.00
,,,"10,919",,Invoice,,01/31/2025,,AS010468,,NOLIMIT,,Cable Management,,01/31/2025,,,,Accs (Accessories),,Accessories,,Hardware,,Sal:EC,,AR,,Taxable Sales,,,,Accounts Receivable,,Paid,,,,,,2.00,,"1,694.915",,"3,389.83",,"102,365,101.40",,Income,,0.00,,,,,,,,,,0.00
,,,"10,920",,Invoice,,02/03/2025,,AS010469,,Premier IT Solutions (pvt) Ltd,,BDCOM S1500-16T Switch  S/N : 0W20012501309,,02/03/2025,,,,BDCOM:S1500-16T (BDCOM S1500-16T Switch),,BDCOM S1500-16T Switch,,BDCOM,,Sal:RS,,AD,,Taxable Sales,,,,Accounts Receivable,,Paid,,,,,,1.00,,"16,320.00",,"16,320.00",,"102,381,421.40",,Income,,0.00,,,,,,,,,,0.00
,,,"10,924",,Invoice,,02/03/2025,,AS010470,,Barclays Computers (Pvt) Ltd,,"BDCOM S1024B 24 Port 100M BaseT 1U Rack Mounted  S/N : S13304084		            S13304074		       ...",,02/03/2025,,,,BDCOM:S1024B (BDCOM S1024B 24 Port 100M BaseT 1U Rack Mounted),,BDCOM S1024B 24 Port 100M BaseT 1U Rack Mounted,,BDCOM,,Sal:RS,,AR,,Taxable Sales,,,,Accounts Receivable,,Paid,,,,,,5.00,,"16,400.00",,"82,000.00",,"102,463,421.40",,Income,,0.00,,,,,,,,,,0.00
,,,"10,925",,Invoice,,02/03/2025,,AS010471,,IPhonik (Pvt) Ltd,,Draytek Vigor 2915 Security Appliance  S/N : 213004353744,,02/03/2025,,,,Draytek:Vigor 2915 (Draytek Vigor 2915 Security Appliance),,Draytek Vigor 2915 Security Appliance,,Draytek,,Sal:EC,,A,,Taxable Sales,,,,Accounts Receivable,,Paid,,,,,,1.00,,"43,000.00",,"43,000.00",,"102,506,421.40",,Income,,0.00,,,,,,,,,,0.00
,,,"10,926",,Invoice,,02/05/2025,,AS010472,,Southern Technologies,,BDCOM S1200-8P2G Switch  S/N : 0W20011501124,,02/05/2025,,,,BDCOM:S1200-8P2G (BDCOM S1200-8P2G Switch),,BDCOM S1200-8P2G Switch,,BDCOM,,Sal:EC,,AR,,Non-Taxable Sales,,,,Accounts Receivable,,Paid,,,,,,1.00,,"10,600.00",,"10,600.00",,"102,517,021.40",,Income,,0.00,,,,,,,,,,0.00
,,,"10,931",,Invoice,,02/06/2025,,AS010473,,Nadeera Paints (Pvt) Ltd,,Fire wall Configuration Charges,,02/06/2025,,,,Services,,,,Support and Maintenance,,Sal:EC,,AD,,Taxable Sales,,,,Accounts Receivable,,Paid,,,,,,1.00,,"4,000.00",,"4,000.00",,"102,521,021.40",,Income,,0.00,,,,,,,,,,0.00
,,,"10,932",,Invoice,,02/06/2025,,AS010474,,SILVERLINE INFORMATION TECHNOLOGY PVT LTD,,Synology Diskstation DS223  2Bay  S/N : 24A0V1RY5VQV0,,02/06/2025,,,,Synology:DS223 (Synology Diskstation DS223  2Bay),,Synology Diskstation DS223  2Bay,,Synology,,Sal:EC,,A,,Taxable Sales,,,,Accounts Receivable,,Paid,,,,,,1.00,,"98,000.00",,"98,000.00",,"102,619,021.40",,Income,,0.00,,,,,,,,,,0.00
,,,"10,934",,Invoice,,02/06/2025,,AS010475,,Rapidventure (Pvt) Ltd,,Draytek Vigor 2927 License Keys (1 Year),,02/06/2025,,,,Draytek,,,,Draytek,,Sal:RS,,AS,,Taxable Sales,,,,Accounts Receivable,,Paid,,,,,,1.00,,"20,000.00",,"20,000.00",,"102,639,021.40",,Income,,0.00,,,,,,,,,,0.00
,,,"10,938",,Invoice,,02/10/2025,,AS010476,,Asia Pacific Technology Systems (Pvt) Ltd,,Synology RackStation RS1221RP+ With 8GB RAM  S/N : 24A0RXR17PSMP,,02/10/2025,,,,Synology:RS1221RP+,,,,Synology,,Sal:RS,,AD,,Taxable Sales,,,,Accounts Receivable,,Paid,,,,,,1.00,,"623,000.00",,"623,000.00",,"103,262,021.40",,Income,,0.00,,,,,,,,,,0.00
,,,"10,938",,Invoice,,02/10/2025,,AS010476,,Asia Pacific Technology Systems (Pvt) Ltd,,"Synology 8TB Plus Hard Drive  S/N : 2430XCRN0A1NZF1YL	            2430XCRN0A1N7F1YL	            ...",,02/10/2025,,,,HDD:HAT3310-8T (Synology 8TB Plus Hard Drive),,Synology 8TB Plus Hard Drive,,Hard Drive,,Sal:RS,,AD,,Taxable Sales,,,,Accounts Receivable,,Paid,,,,,,3.00,,"86,000.00",,"258,000.00",,"103,520,021.40",,Income,,0.00,,,,,,,,,,0.00
,,,"10,938",,Invoice,,02/10/2025,,AS010476,,Asia Pacific Technology Systems (Pvt) Ltd,,2U Rail Kit,,02/10/2025,,,,Synology:2 U Sliding Rail Kit,,,,Synology,,Sal:RS,,AD,,Taxable Sales,,,,Accounts Receivable,,Paid,,,,,,1.00,,,,,,"103,520,021.40",,Income,,0.00,,,,,,,,,,0.00
,,,"10,985",,Invoice,,02/11/2025,,AS010477,,Grace Lanka Apperals (Pvt) Ltd,,Draytek Vigor 2962  S/N : 237004896372,,02/11/2025,,,,Draytek:Vigor 2962 (Draytek Vigor 2962),,Draytek Vigor 2962,,Draytek,,Sal:RS,,AS,,Taxable Sales,,,,Accounts Receivable,,Paid,,,,,,1.00,,"170,000.00",,"170,000.00",,"103,690,021.40",,Income,,0.00,,,,,,,,,,0.00
,,,"10,986",,Invoice,,02/13/2025,,AS010478,,Orikmo Technologies (Pvt) Ltd,,"BDCOM S3740 Ethernet Routing Switch with 32G Ports and 8 SFP+ 10G  S/N : 20020002398		",,02/13/2025,,,,BDCOM:S3740 (BDCOM S3740 Ethernet Routing Switch with 32G Ports and 8 SFP+ 10G),,BDCOM S3740 Ethernet Routing Switch with 32G Ports and 8 SFP+ 10G,,BDCOM,,Sal:RS,,AR,,Taxable Sales,,,,Accounts Receivable,,Paid,,,,,,1.00,,"119,000.00",,"119,000.00",,"103,809,021.40",,Income,,0.00,,,,,,,,,,0.00
,,,"10,986",,Invoice,,02/13/2025,,AS010478,,Orikmo Technologies (Pvt) Ltd,,"BDCOM GSFX-SX-D M/M Transceiver  S/N : 1108B003301		            1108B003302		            1108B00...",,02/13/2025,,,,BDCOM:GSFP-SX-D,,,,BDCOM,,Sal:RS,,AR,,Taxable Sales,,,,Accounts Receivable,,Paid,,,,,,8.00,,"3,800.00",,"30,400.00",,"103,839,421.40",,Income,,0.00,,,,,,,,,,0.00
,,,"10,987",,Invoice,,02/13/2025,,AS010479,,WinSoft Technologies (Pvt)Ltd,,Synology RackStation RS2423RP+ 12Bay With 32GB RAM  S/N : 2490V3R1JRDTW,,02/13/2025,,,,RS2423RP+ (Synology RackStation RS2423RP+ 12Bay),,Synology RackStation RS2423RP+ 12Bay,,Synology,,Sal:RS,,AD,,Taxable Sales,,,,Accounts Receivable,,Paid,,,,,,1.00,,"1,025,000.00",,"1,025,000.00",,"104,864,421.40",,Income,,0.00,,,,,,,,,,0.00
,,,"10,987",,Invoice,,02/13/2025,,AS010479,,WinSoft Technologies (Pvt)Ltd,,"Synology 16TB Plus HDD  S/N : 24B0XER30A0FAF1VL		            24B0XER40A005F1VL		            24B0...",,02/13/2025,,,,HDD:HAT3310-16T (Synology 16TB Plus HDD),,Synology 16TB Plus HDD,,Hard Drive,,Sal:RS,,AD,,Taxable Sales,,,,Accounts Receivable,,Paid,,,,,,5.00,,"128,000.00",,"640,000.00",,"105,504,421.40",,Income,,0.00,,,,,,,,,,0.00
,,,"10,987",,Invoice,,02/13/2025,,AS010479,,WinSoft Technologies (Pvt)Ltd,,"Synology 480GB SATA SSD -SAT5210  S/N : 2390TXRZZY0P5		            2390TXRTXXCWF		",,02/13/2025,,,,480GB SATA SSD Synology (Synology 480GB SATA SSD -SAT5210),,Synology 480GB SATA SSD -SAT5210,,Hard Drive,,Sal:RS,,AD,,Taxable Sales,,,,Accounts Receivable,,Paid,,,,,,2.00,,"70,000.00",,"140,000.00",,"105,644,421.40",,Income,,0.00,,,,,,,,,,0.00
,,,"10,987",,Invoice,,02/13/2025,,AS010479,,WinSoft Technologies (Pvt)Ltd,,2 U Railkit,,02/13/2025,,,,Synology:2 U Sliding Rail Kit,,,,Synology,,Sal:RS,,AD,,Taxable Sales,,,,Accounts Receivable,,Paid,,,,,,1.00,,,,,,"105,644,421.40",,Income,,0.00,,,,,,,,,,0.00
,,,"10,988",,Invoice,,02/13/2025,,AS010480,,Barclays Computers (Pvt) Ltd,,BDCOM S1500-8P2G Switch  S/N : 0W20011603728            0W20011603675,,02/13/2025,,,,BDCOM:S1500-8P2G (BDCOM S1500-8P2G Switch),,BDCOM S1500-8P2G Switch,,BDCOM,,Sal:RS,,AR,,Taxable Sales,,,,Accounts Receivable,,Paid,,,,,,2.00,,"13,347.458",,"26,694.92",,"105,671,116.31",,Income,,0.00,,,,,,,,,,0.00
,,,"10,989",,Invoice,,02/14/2025,,AS010481,,Barclays Computers (Pvt) Ltd,,S1500-24T2S BDCOM Switch  S/N : 0W20012300411            0W20012300412            0W20012300413 ...,,02/13/2025,,,,BDCOM:S1500-24T2S (S1500-24T2S BDCOM Switch),,S1500-24T2S BDCOM Switch,,BDCOM,,Sal:RS,,AR,,Taxable Sales,,,,Accounts Receivable,,Paid,,,,,,5.00,,"25,000.00",,"125,000.00",,"105,796,116.31",,Income,,0.00,,,,,,,,,,0.00
,,,"10,991",,Invoice,,02/14/2025,,AS010482,,Base Hp (Pvt) Ltd,,"Synology Rackstation RS822RP+ with 8GB RAM  S/N : 2410UJR2SXK3N	",,02/14/2025,,,,Synology:RS822RP+ (Synology Rackstation RS822RP+),,Synology Rackstation RS822RP+,,Synology,,Sal:RS,,A,,Taxable Sales,,,,Accounts Receivable,,Paid,,,,,,1.00,,"580,000.00",,"580,000.00",,"106,376,116.31",,Income,,0.00,,,,,,,,,,0.00
,,,"10,991",,Invoice,,02/14/2025,,AS010482,,Base Hp (Pvt) Ltd,,"2 TB Seagate Ironwolf NAS Hard Drive  S/N : WWD2GN5D	            WWD2GNEG	            WWD2GMYY	 ...",,02/14/2025,,,,HDD:2 TB NAS (2 TB Seagate Ironwolf NAS Hard Drive),,2 TB Seagate Ironwolf NAS Hard Drive,,Hard Drive,,Sal:RS,,A,,Taxable Sales,,,,Accounts Receivable,,Paid,,,,,,4.00,,"57,400.00",,"229,600.00",,"106,605,716.31",,Income,,0.00,,,,,,,,,,0.00
,,,"10,991",,Invoice,,02/14/2025,,AS010482,,Base Hp (Pvt) Ltd,,"Synology Rackstation RS822RP+ with 8GB RAM  S/N : 2410UJRF2KPMH	",,02/14/2025,,,,Synology:RS822RP+ (Synology Rackstation RS822RP+),,Synology Rackstation RS822RP+,,Synology,,Sal:RS,,A,,Taxable Sales,,,,Accounts Receivable,,Paid,,,,,,1.00,,"580,000.00",,"580,000.00",,"107,185,716.31",,Income,,0.00,,,,,,,,,,0.00
,,,"10,991",,Invoice,,02/14/2025,,AS010482,,Base Hp (Pvt) Ltd,,"2 TB Seagate Ironwolf NAS Hard Drive  S/N : WWD2GNLL	            WWD2GN63	            WWD2GNFV	 ...",,02/14/2025,,,,HDD:2 TB NAS (2 TB Seagate Ironwolf NAS Hard Drive),,2 TB Seagate Ironwolf NAS Hard Drive,,Hard Drive,,Sal:RS,,A,,Taxable Sales,,,,Accounts Receivable,,Paid,,,,,,4.00,,"57,400.00",,"229,600.00",,"107,415,316.31",,Income,,0.00,,,,,,,,,,0.00
,,,"10,991",,Invoice,,02/14/2025,,AS010482,,Base Hp (Pvt) Ltd,,1U Rail Kit,,02/14/2025,,,,Synology:1 U Fixed Rail Kit,,,,Synology,,Sal:RS,,A,,Taxable Sales,,,,Accounts Receivable,,Paid,,,,,,2.00,,,,,,"107,415,316.31",,Income,,0.00,,,,,,,,,,0.00
,,,"10,991",,Invoice,,02/14/2025,,AS010482,,Base Hp (Pvt) Ltd,,Special Discount,,02/14/2025,,,,Discount,,,,Sales Discount,,Sal:RS,,A,,Taxable Sales,,,,Accounts Receivable,,Paid,,,,,,,,"-30,000.00",,"-30,000.00",,"107,385,316.31",,Income,,0.00,,,,,,,,,,0.00
,,,"10,992",,Invoice,,02/14/2025,,AS010483,,Barclays Computers (Pvt) Ltd,,Synology DiskStation DS1522+  S/N : 2480TRRP9EA06,,02/14/2025,,,,Synology:DS1522+ (Synology DiskStation DS1522+),,Synology DiskStation DS1522+,,Synology,,Sal:RS,,AD,,Taxable Sales,,,,Accounts Receivable,,Paid,,,,,,1.00,,"320,250.00",,"320,250.00",,"107,705,566.31",,Income,,0.00,,,,,,,,,,0.00
,,,"10,992",,Invoice,,02/14/2025,,AS010483,,Barclays Computers (Pvt) Ltd,,"Synology 8TB Plus Hard Drive  S/N : 2430XCRN0A4F0F1YL		            2430XCRM0A07GF1YL		          ...",,02/14/2025,,,,HDD:HAT3310-8T (Synology 8TB Plus Hard Drive),,Synology 8TB Plus Hard Drive,,Hard Drive,,Sal:RS,,AD,,Taxable Sales,,,,Accounts Receivable,,Paid,,,,,,3.00,,"87,000.00",,"261,000.00",,"107,966,566.31",,Income,,0.00,,,,,,,,,,0.00
,,,"10,993",,Invoice,,02/14/2025,,AS010484,,Ceylinco General Insurance Limited,,16 TB Seagate Exos Enterprise Hard Drives  S/N : ZL2H54B1           ZL2GV3GT,,02/14/2025,,,,HDD:16TB Sea Exos (16 TB Seagate Exos Enterprise Hard Drives),,16 TB Seagate Exos Enterprise Hard Drives,,Hard Drive,,Sal:EC,,AS,,Taxable Sales,,,,Accounts Receivable,,Paid,,,,,,2.00,,"151,000.00",,"302,000.00",,"108,268,566.31",,Income,,0.00,,,,,,,,,,0.00
,,,"10,994",,Credit Memo,,02/15/2025,,AS00109,,Barclays Computers (Pvt) Ltd,,"BDCOM S1024B 24 Port 100M BaseT 1U Rack Mounted  S/N : S13304084		            S13304074		       ...",,02/15/2025,,,,BDCOM:S1024B (BDCOM S1024B 24 Port 100M BaseT 1U Rack Mounted),,BDCOM S1024B 24 Port 100M BaseT 1U Rack Mounted,,BDCOM,,Sal:RS,,,,Taxable Sales,,,,Accounts Receivable,,Paid,,,,,,-5.00,,"16,400.00",,"-82,000.00",,"108,186,566.31",,Income,,0.00,,,,,,,,,,0.00
,,,"11,012",,Credit Memo,,02/15/2025,,AS00110,,Computerage (Pvt) Ltd,,BDCOM S1518-16P-330 16Port Unmanaged Gigabit POE Switch,,02/14/2025,,,,BDCOM:S1518-16P-330 (BDCOM S1518-16P-330 16Port Unmanaged Gigabit POE Switch),,BDCOM S1518-16P-330 16Port Unmanaged Gigabit POE Switch,,BDCOM,,Sal:RS,,,,Taxable Sales,,,,Accounts Receivable,,Paid,,,,,,-1.00,,"42,120.00",,"-42,120.00",,"108,144,446.31",,Income,,0.00,,,,,,,,,,0.00
,,,"10,996",,Invoice,,02/17/2025,,AS010485,,THE COMPUTER CENTER (PVT) LTD,,NAS Service & Repair Charges,,02/17/2025,,,,Services,,,,Support and Maintenance,,,,AS,,Taxable Sales,,,,Accounts Receivable,,Paid,,,,,,1.00,,"7,500.00",,"7,500.00",,"108,151,946.31",,Income,,0.00,,,,,,,,,,0.00
,,,"10,998",,Invoice,,02/17/2025,,AS010486,,Millennium I.T.E.S.P (Pvt) Ltd,,Maintenance  Agreement    ,,02/11/2025,,,,MA (Maintenance  Agreement),,Maintenance  Agreement,,Support and Maintenance,,Sal:RS,,AD,,Taxable Sales,,,,Accounts Receivable,,Paid,,,,,,1.00,,"198,000.00",,"198,000.00",,"108,349,946.31",,Income,,0.00,,,,,,,,,,0.00
,,,"10,998",,Invoice,,02/17/2025,,AS010486,,Millennium I.T.E.S.P (Pvt) Ltd,,24X7 Enhance Support (Annually),,02/11/2025,,,,Services,,,,Support and Maintenance,,Sal:RS,,AD,,Taxable Sales,,,,Accounts Receivable,,Paid,,,,,,1.00,,"39,600.00",,"39,600.00",,"108,389,546.31",,Income,,0.00,,,,,,,,,,0.00
,,,"10,999",,Invoice,,02/17/2025,,AS010487,,Apex Business Solutions PVT Ltd.,,Maintenance  Agreement    ,,02/17/2025,,,,MA (Maintenance  Agreement),,Maintenance  Agreement,,Support and Maintenance,,Sal:RS,,AD,,Taxable Sales,,,,Accounts Receivable,,Paid,,,,,,1.00,,"540,000.00",,"540,000.00",,"108,929,546.31",,Income,,0.00,,,,,,,,,,0.00
,,,"11,000",,Invoice,,02/18/2025,,AS010488,,Edge Networks (PVT) LTD,,Synology Rackstation RS822RP+ With 4GB RAM  S/N : 24B0UJRQFNPRY,,02/18/2025,,,,Synology:RS822RP+ (Synology Rackstation RS822RP+),,Synology Rackstation RS822RP+,,Synology,,Sal:RS,,A,,Taxable Sales,,,,Accounts Receivable,,Paid,,,,,,1.00,,"595,000.00",,"595,000.00",,"109,524,546.31",,Income,,0.00,,,,,,,,,,0.00
,,,"11,000",,Invoice,,02/18/2025,,AS010488,,Edge Networks (PVT) LTD,,"Synology 16TB Plus HDD  S/N : 24B0XER30A0HWF1VL	            24A0XERV0A056F1VL	            24B0XE...",,02/18/2025,,,,HDD:HAT3310-16T (Synology 16TB Plus HDD),,Synology 16TB Plus HDD,,Hard Drive,,Sal:RS,,A,,Taxable Sales,,,,Accounts Receivable,,Paid,,,,,,4.00,,"129,000.00",,"516,000.00",,"110,040,546.31",,Income,,0.00,,,,,,,,,,0.00
,,,"11,000",,Invoice,,02/18/2025,,AS010488,,Edge Networks (PVT) LTD,,1 U Rail Kit,,02/18/2025,,,,Synology:1 U Fixed Rail Kit,,,,Synology,,Sal:RS,,A,,Taxable Sales,,,,Accounts Receivable,,Paid,,,,,,1.00,,,,,,"110,040,546.31",,Income,,0.00,,,,,,,,,,0.00
,,,"11,000",,Invoice,,02/18/2025,,AS010488,,Edge Networks (PVT) LTD,,E10G30-T2 Adapter Card  S/N : 2460UQRACP8H5,,02/18/2025,,,,Synology:Dual Port T2 Card,,,,Synology,,Sal:RS,,A,,Taxable Sales,,,,Accounts Receivable,,Paid,,,,,,1.00,,,,,,"110,040,546.31",,Income,,0.00,,,,,,,,,,0.00
,,,"11,001",,Invoice,,02/18/2025,,AS010489,,Edge Networks (PVT) LTD,,Synology DiskStation DS423+ 4Bay  S/N : 24C0VKRWSEJNE,,02/18/2025,,,,Synology:DS423+ (Synology DiskStation DS423+ 4Bay),,Synology DiskStation DS423+ 4Bay,,Synology,,Sal:RS,,A,,Taxable Sales,,,,Accounts Receivable,,Paid,,,,,,1.00,,"172,125.00",,"172,125.00",,"110,212,671.31",,Income,,0.00,,,,,,,,,,0.00
,,,"11,001",,Invoice,,02/18/2025,,AS010489,,Edge Networks (PVT) LTD,,"Synology 8TB Plus Hard Drive  S/N : 2430XCRN0A48YF1YL	            2430XCRN0A49FF1YL	            ...",,02/18/2025,,,,HDD:HAT3310-8T (Synology 8TB Plus Hard Drive),,Synology 8TB Plus Hard Drive,,Hard Drive,,Sal:RS,,A,,Taxable Sales,,,,Accounts Receivable,,Paid,,,,,,4.00,,"86,000.00",,"344,000.00",,"110,556,671.31",,Income,,0.00,,,,,,,,,,0.00
,,,"11,002",,Invoice,,02/18/2025,,AS010490,,TWINTECH HOLDINGS PVT LTD,,BDCOM S1500-24T Switch  S/N : 0W20012600520,,02/18/2025,,,,BDCOM:S1500-24T (BDCOM S1500-24T Switch),,BDCOM S1500-24T Switch,,BDCOM,,Sal:RS,,AR,,Taxable Sales,,,,Accounts Receivable,,Paid,,,,,,1.00,,"19,900.00",,"19,900.00",,"110,576,571.31",,Income,,0.00,,,,,,,,,,0.00
,,,"11,002",,Invoice,,02/18/2025,,AS010490,,TWINTECH HOLDINGS PVT LTD,,BDCOM WAP2100-T512  S/N : 0P32014029778,,02/18/2025,,,,BDCOM:WAP2100-T512 (BDCOM WAP2100-T512),,BDCOM WAP2100-T512,,BDCOM,,Sal:RS,,AR,,Taxable Sales,,,,Accounts Receivable,,Paid,,,,,,1.00,,"15,790.00",,"15,790.00",,"110,592,361.31",,Income,,0.00,,,,,,,,,,0.00
,,,"11,002",,Invoice,,02/18/2025,,AS010490,,TWINTECH HOLDINGS PVT LTD,,BDCOM WAP2100-T618  S/N : 0P32014104811,,02/18/2025,,,,BDCOM:WAP2100-T618 (BDCOM WAP2100-T618),,BDCOM WAP2100-T618,,BDCOM,,Sal:RS,,AR,,Taxable Sales,,,,Accounts Receivable,,Paid,,,,,,1.00,,"20,650.00",,"20,650.00",,"110,613,011.31",,Income,,0.00,,,,,,,,,,0.00
,,,"11,003",,Invoice,,02/18/2025,,AS010491,,TWINTECH HOLDINGS PVT LTD,,BDCOM S1006-4p-65 Unmanaged 4 ports 10/100 PoE Ports and 2 Ports 10/100 NON PoE  S/N : SLM170801...,,02/18/2025,,,,BDCOM:S1006-4p-65 (BDCOM S1006-4p-65 Unmanaged 4 ports 10/100 PoE Ports and 2 Ports 10/100 NON PoE),,BDCOM S1006-4p-65 Unmanaged 4 ports 10/100 PoE Ports and 2 Ports 10/100 NON PoE,,BDCOM,,Sal:RS,,AR,,Taxable Sales,,,,Accounts Receivable,,Paid,,,,,,2.00,,"5,100.00",,"10,200.00",,"110,623,211.31",,Income,,0.00,,,,,,,,,,0.00
,,,"11,003",,Invoice,,02/18/2025,,AS010491,,TWINTECH HOLDINGS PVT LTD,,"BDCOM S1500-8P2G Switch  S/N : 0W20011600261	            0W20011600262	  ",,02/18/2025,,,,BDCOM:S1500-8P2G (BDCOM S1500-8P2G Switch),,BDCOM S1500-8P2G Switch,,BDCOM,,Sal:RS,,AR,,Taxable Sales,,,,Accounts Receivable,,Paid,,,,,,2.00,,"13,360.00",,"26,720.00",,"110,649,931.31",,Income,,0.00,,,,,,,,,,0.00
,,,"11,003",,Invoice,,02/18/2025,,AS010491,,TWINTECH HOLDINGS PVT LTD,,"BDCOM S1508E 1G 8 Port Switch  S/N : 0W20002004681	            0W20002004689	  ",,02/18/2025,,,,BDCOM:S1508E,,,,BDCOM,,Sal:RS,,AR,,Taxable Sales,,,,Accounts Receivable,,Paid,,,,,,2.00,,"5,050.00",,"10,100.00",,"110,660,031.31",,Income,,0.00,,,,,,,,,,0.00
,,,"11,004",,Invoice,,02/19/2025,,AS010492,,Debug Computer Peripherals (Pvt) Ltd,,"Seagate 2TB Enterprise Hard Drive  S/N : ZC22HPH8		            ZC22HPDK		            ZC22HPMS		 ...",,02/19/2025,,,,HDD:Seagate-2TB Exos (Seagate 2TB Enterprise Hard Drive),,Seagate 2TB Enterprise Hard Drive,,Hard Drive,,Sal:RS,,AD,,Taxable Sales,,,,Accounts Receivable,,Paid,,,,,,10.00,,"76,000.00",,"760,000.00",,"111,420,031.31",,Income,,0.00,,,,,,,,,,0.00
,,,"11,007",,Invoice,,02/19/2025,,AS010493,,Data E Net Computer Systems (Pvt) Ltd,,BDCOM S1006-4p-65 Unmanaged 4 ports 10/100 PoE Ports and 2 Ports 10/100 NON PoE  S/N : SLM170801...,,02/19/2025,,,,BDCOM:S1006-4p-65 (BDCOM S1006-4p-65 Unmanaged 4 ports 10/100 PoE Ports and 2 Ports 10/100 NON PoE),,BDCOM S1006-4p-65 Unmanaged 4 ports 10/100 PoE Ports and 2 Ports 10/100 NON PoE,,BDCOM,,Sal:RS,,AR,,Taxable Sales,,,,Accounts Receivable,,Paid,,,,,,2.00,,"5,100.00",,"10,200.00",,"111,430,231.31",,Income,,0.00,,,,,,,,,,0.00
,,,"11,007",,Invoice,,02/19/2025,,AS010493,,Data E Net Computer Systems (Pvt) Ltd,,"BDCOM S1500-8P2G Switch  S/N : 0W20011600266	            0W20011600267	",,02/19/2025,,,,BDCOM:S1500-8P2G (BDCOM S1500-8P2G Switch),,BDCOM S1500-8P2G Switch,,BDCOM,,Sal:RS,,AR,,Taxable Sales,,,,Accounts Receivable,,Paid,,,,,,2.00,,"13,360.00",,"26,720.00",,"111,456,951.31",,Income,,0.00,,,,,,,,,,0.00
,,,"11,007",,Invoice,,02/19/2025,,AS010493,,Data E Net Computer Systems (Pvt) Ltd,,"BDCOM S1508E 1G 8 Port Unmanaged switch  S/N : 0W20002004688	            0W20002004687	",,02/19/2025,,,,BDCOM:S1508E,,,,BDCOM,,Sal:RS,,AR,,Taxable Sales,,,,Accounts Receivable,,Paid,,,,,,2.00,,"5,100.00",,"10,200.00",,"111,467,151.31",,Income,,0.00,,,,,,,,,,0.00
,,,"11,007",,Invoice,,02/19/2025,,AS010493,,Data E Net Computer Systems (Pvt) Ltd,,"BDCOM S1008 8 Port 10/100 BaseT Standard Switch  S/N : G20001011264	            G20001011300	",,02/19/2025,,,,BDCOM:S1008 (BDCOM S1008 8 Port 10/100 BaseT Standard Switch),,BDCOM S1008 8 Port 10/100 BaseT Standard Switch,,BDCOM,,Sal:RS,,AR,,Taxable Sales,,,,Accounts Receivable,,Paid,,,,,,2.00,,"3,300.00",,"6,600.00",,"111,473,751.31",,Income,,0.00,,,,,,,,,,0.00
,,,"11,007",,Invoice,,02/19/2025,,AS010493,,Data E Net Computer Systems (Pvt) Ltd,,"BDCOM S1024B 24 Port 100M BaseT 1U Rack Mounted  S/N : S13304132	            S13304092	",,02/19/2025,,,,BDCOM:S1024B (BDCOM S1024B 24 Port 100M BaseT 1U Rack Mounted),,BDCOM S1024B 24 Port 100M BaseT 1U Rack Mounted,,BDCOM,,Sal:RS,,AR,,Taxable Sales,,,,Accounts Receivable,,Paid,,,,,,2.00,,"16,300.00",,"32,600.00",,"111,506,351.31",,Income,,0.00,,,,,,,,,,0.00
,,,"11,008",,Invoice,,02/19/2025,,AS010494,,Cargills Bank Ltd,,"8TB Seagate Enterprise SAS Hard Drive (ST8000NM0075)  S/N : ZA18FMXB	            ZA18HJHJ	      ...",,02/19/2025,,,,HDD:8 TB ENT SAS (8 TB Seagate Enterprice Exos SAS Hard Drive),,8 TB Seagate Enterprice Exos SAS Hard Drive,,Hard Drive,,Sal:EC,,A,,Taxable Sales,,,,Accounts Receivable,,Paid,,,,,,4.00,,"138,000.00",,"552,000.00",,"112,058,351.31",,Income,,0.00,,,,,,,,,,0.00
,,,"11,013",,Invoice,,02/20/2025,,AS010495,,NSK Media Systems (Pvt) Ltd,,BDCOM S1200-8P2G Switch  S/N : 0W20011501069,,02/20/2025,,,,BDCOM:S1200-8P2G (BDCOM S1200-8P2G Switch),,BDCOM S1200-8P2G Switch,,BDCOM,,Sal:RS,,AR,,Non-Taxable Sales,,,,Accounts Receivable,,Paid,,,,,,1.00,,"10,500.00",,"10,500.00",,"112,068,851.31",,Income,,0.00,,,,,,,,,,0.00
,,,"11,014",,Invoice,,02/20/2025,,AS010496,,EPG TECHNOLOGIES,,"BDCOM S1008 8 Port 10/100 BaseT Standard Switch  S/N : G20001011262	            G20001011254	   ...",,02/20/2025,,,,BDCOM:S1008 (BDCOM S1008 8 Port 10/100 BaseT Standard Switch),,BDCOM S1008 8 Port 10/100 BaseT Standard Switch,,BDCOM,,,,AR,,Non-Taxable Sales,,,,Accounts Receivable,,Paid,,,,,,3.00,,"3,800.00",,"11,400.00",,"112,080,251.31",,Income,,0.00,,,,,,,,,,0.00
,,,"11,014",,Invoice,,02/20/2025,,AS010496,,EPG TECHNOLOGIES,,"BDCOM S1508E Switch  S/N : 0W20002004740	",,02/20/2025,,,,BDCOM:S1508E,,,,BDCOM,,,,AR,,Non-Taxable Sales,,,,Accounts Receivable,,Paid,,,,,,1.00,,"5,900.00",,"5,900.00",,"112,086,151.31",,Income,,0.00,,,,,,,,,,0.00
,,,"11,016",,Invoice,,02/24/2025,,AS010497,,Network Information Technologies (Pvt) Lt,,4 TB Seagate Ironwolf NAS Hard Drive  S/N : WW62ZJCM,,02/24/2025,,,,HDD:4 TB NAS HDD (4 TB Seagate Ironwolf NAS Hard Drive),,4 TB Seagate Ironwolf NAS Hard Drive,,Hard Drive,,Sal:RS,,AS,,Taxable Sales,,,,Accounts Receivable,,Paid,,,,,,1.00,,"52,000.00",,"52,000.00",,"112,138,151.31",,Income,,0.00,,,,,,,,,,0.00
,,,"11,020",,Invoice,,02/24/2025,,AS010498,,Data Management Systems (Pvt) Limited,,Synology DiskStation DS423+ 4Bay  S/N : 24C0VKR6XGQV7,,02/24/2025,,,,Synology:DS423+ (Synology DiskStation DS423+ 4Bay),,Synology DiskStation DS423+ 4Bay,,Synology,,Sal:RS,,A,,Taxable Sales,,,,Accounts Receivable,,Paid,,,,,,1.00,,"177,000.00",,"177,000.00",,"112,315,151.31",,Income,,0.00,,,,,,,,,,0.00
,,,"11,020",,Invoice,,02/24/2025,,AS010498,,Data Management Systems (Pvt) Limited,,"Synology 2TB Plus Hard Drive  S/N : 2470XZR00ZWD193TF		            2470XZR00ZWD1940R		          ...",,02/24/2025,,,,HDD:HAT3300-2T (Synology 2TB Plus Hard Drive),,Synology 2TB Plus Hard Drive,,Hard Drive,,Sal:RS,,A,,Taxable Sales,,,,Accounts Receivable,,Paid,,,,,,3.00,,"36,000.00",,"108,000.00",,"112,423,151.31",,Income,,0.00,,,,,,,,,,0.00
,,,"11,024",,Invoice,,02/25/2025,,AS010499,,LANKA MOUNT CASTLE (PVT) LTD,,NAS Unit Service Charges (DS218),,02/25/2025,,,,Services,,,,Support and Maintenance,,,,AS,,Taxable Sales,,,,Accounts Receivable,,Paid,,,,,,1.00,,"7,500.00",,"7,500.00",,"112,430,651.31",,Income,,0.00,,,,,,,,,,0.00
,,,"11,027",,Invoice,,02/25/2025,,AS010500,,Barclays Computers (Pvt) Ltd,,"BDCOM S1500-24T Switch  S/N : 0W20012600423		           0W20012600512		",,02/25/2025,,,,BDCOM:S1500-24T (BDCOM S1500-24T Switch),,BDCOM S1500-24T Switch,,BDCOM,,Sal:RS,,AR,,Taxable Sales,,,,Accounts Receivable,,Paid,,,,,,2.00,,"19,800.00",,"39,600.00",,"112,470,251.31",,Income,,0.00,,,,,,,,,,0.00
,,,"11,027",,Invoice,,02/25/2025,,AS010500,,Barclays Computers (Pvt) Ltd,,S1500-24T2S BDCOM Switch  S/N : 0W20012300426,,02/25/2025,,,,BDCOM:S1500-24T2S (S1500-24T2S BDCOM Switch),,S1500-24T2S BDCOM Switch,,BDCOM,,Sal:RS,,AR,,Taxable Sales,,,,Accounts Receivable,,Paid,,,,,,1.00,,"24,200.00",,"24,200.00",,"112,494,451.31",,Income,,0.00,,,,,,,,,,0.00
,,,"11,027",,Invoice,,02/25/2025,,AS010500,,Barclays Computers (Pvt) Ltd,,"BDCOM S1024B 24 Port 100M BaseT 1U Rack Mounted  S/N : S13304085		            S13304086		",,02/25/2025,,,,BDCOM:S1024B (BDCOM S1024B 24 Port 100M BaseT 1U Rack Mounted),,BDCOM S1024B 24 Port 100M BaseT 1U Rack Mounted,,BDCOM,,Sal:RS,,AR,,Taxable Sales,,,,Accounts Receivable,,Paid,,,,,,2.00,,"16,000.00",,"32,000.00",,"112,526,451.31",,Income,,0.00,,,,,,,,,,0.00
,,,"11,027",,Invoice,,02/25/2025,,AS010500,,Barclays Computers (Pvt) Ltd,,"BDCOM S1500-8P2G Switch  S/N : 0W20011603729		            0W20011603724		",,02/25/2025,,,,BDCOM:S1500-8P2G (BDCOM S1500-8P2G Switch),,BDCOM S1500-8P2G Switch,,BDCOM,,Sal:RS,,AR,,Taxable Sales,,,,Accounts Receivable,,Paid,,,,,,2.00,,"13,000.00",,"26,000.00",,"112,552,451.31",,Income,,0.00,,,,,,,,,,0.00
,,,"11,027",,Invoice,,02/25/2025,,AS010500,,Barclays Computers (Pvt) Ltd,,"BDCOM S1508E Switch  S/N : 0W20002004739 ,0W20002004736 ,0W20002004747		            0W2000200472...",,02/25/2025,,,,BDCOM:S1508E,,,,BDCOM,,Sal:RS,,AR,,Taxable Sales,,,,Accounts Receivable,,Paid,,,,,,10.00,,"5,000.00",,"50,000.00",,"112,602,451.31",,Income,,0.00,,,,,,,,,,0.00
,,,"11,027",,Invoice,,02/25/2025,,AS010500,,Barclays Computers (Pvt) Ltd,,BDCOM S1508E Switch (Free Issued),,02/25/2025,,,,BDCOM:S1508E,,,,BDCOM,,Sal:RS,,AR,,Taxable Sales,,,,Accounts Receivable,,Paid,,,,,,1.00,,,,,,"112,602,451.31",,Income,,0.00,,,,,,,,,,0.00
,,,"11,027",,Invoice,,02/25/2025,,AS010500,,Barclays Computers (Pvt) Ltd,,"BDCOM S1200-8P2G Switch  S/N : 0W20011501025		            0W20011501068		",,02/25/2025,,,,BDCOM:S1200-8P2G (BDCOM S1200-8P2G Switch),,BDCOM S1200-8P2G Switch,,BDCOM,,Sal:RS,,AR,,Taxable Sales,,,,Accounts Receivable,,Paid,,,,,,2.00,,"8,500.00",,"17,000.00",,"112,619,451.31",,Income,,0.00,,,,,,,,,,0.00
,,,"11,028",,Invoice,,02/26/2025,,AS010501,,Southern Technologies,,BDCOM S1200-8P2G Switch  S/N : 0W20011501067,,02/26/2025,,,,BDCOM:S1200-8P2G (BDCOM S1200-8P2G Switch),,BDCOM S1200-8P2G Switch,,BDCOM,,Sal:RS,,AR,,Non-Taxable Sales,,,,Accounts Receivable,,Paid,,,,,,1.00,,"10,500.00",,"10,500.00",,"112,629,951.31",,Income,,0.00,,,,,,,,,,0.00
,,,"11,029",,Invoice,,02/26/2025,,AS010502,,Barclays Computers (Pvt) Ltd,,Synology DS423 4 Bay NAS  S/N : 2510UVRYNHYSQ  ,,02/26/2025,,,,Synology:DS423 (Synology DS423 4 Bay NAS),,Synology DS423 4 Bay NAS,,Synology,,Sal:RS,,AS,,Taxable Sales,,,,Accounts Receivable,,Paid,,,,,,1.00,,"136,589.83",,"136,589.83",,"112,766,541.14",,Income,,0.00,,,,,,,,,,0.00
,,,"11,030",,Invoice,,02/26/2025,,AS010503,,Fentons Ltd,,Synology Rack Station RS822RP+ With 4GB RAM  S/N : 2520UJRQ00C8T,,02/26/2025,,,,Synology:RS822RP+ (Synology Rackstation RS822RP+),,Synology Rackstation RS822RP+,,Synology,,Sal:RS,,A,,Taxable Sales,,,,Accounts Receivable,,Paid,,,,,,1.00,,"510,000.00",,"510,000.00",,"113,276,541.14",,Income,,0.00,,,,,,,,,,0.00
,,,"11,030",,Invoice,,02/26/2025,,AS010503,,Fentons Ltd,,"Synology 4TB Plus HDD  S/N : 24B0VXRZW636JKD		            24B0VXRZW636JAS		            24B0VXRZW...",,02/26/2025,,,,HDD:HAT3300-4T (Synology 4TB Plus HDD),,Synology 4TB Plus HDD,,Hard Drive,,Sal:RS,,A,,Taxable Sales,,,,Accounts Receivable,,Paid,,,,,,3.00,,"38,000.00",,"114,000.00",,"113,390,541.14",,Income,,0.00,,,,,,,,,,0.00
,,,"11,030",,Invoice,,02/26/2025,,AS010503,,Fentons Ltd,,1 U Rail Kit,,02/26/2025,,,,Synology:1 U Fixed Rail Kit,,,,Synology,,Sal:RS,,A,,Taxable Sales,,,,Accounts Receivable,,Paid,,,,,,1.00,,,,,,"113,390,541.14",,Income,,0.00,,,,,,,,,,0.00
,,,"11,031",,Invoice,,02/26/2025,,AS010504,,ABSOLUTE BUSINESS SOLUTIONS ( PVT) LTD,,Acronis Cloud Backup 25GB Monthly Subscription,,02/26/2025,,,,Acronis,,,,Acronics,,Sal:RS,,SM,,Non-Taxable Sales,,,,Accounts Receivable,,Paid,,,,,,1.00,,"2,000.00",,"2,000.00",,"113,392,541.14",,Income,,0.00,,,,,,,,,,0.00
,,,"11,032",,Invoice,,02/26/2025,,AS010505,,LANKA COMMODITY BROKERS LTD,,Anti Spam Service,,02/26/2025,,,,Services,,,,Support and Maintenance,,Mnt,,AS,,Taxable Sales,,,,Accounts Receivable,,Paid,,,,,,1.00,,"6,643.78",,"6,643.78",,"113,399,184.92",,Income,,0.00,,,,,,,,,,0.00
,,,"11,033",,Invoice,,02/26/2025,,AS010506,,LANKA COMMODITY BROKERS LTD,,7GB Storage Space  100GB Transfer Bandwidth  1 Nos Fixed IP. (Clean)  SPF/ DKIM Supported  Spam ...,,02/26/2025,,,,Host Email,,,,Support and Maintenance,,Mnt,,AS,,Taxable Sales,,,,Accounts Receivable,,Paid,,,,,,1.00,,"18,230.03",,"18,230.03",,"113,417,414.95",,Income,,0.00,,,,,,,,,,0.00
,,,"11,034",,Invoice,,02/26/2025,,AS010507,,AL - ARAF HOTELS & RESORT (PVT) LTD,,Hosting Charges for 10 email Accounts (10$),,02/26/2025,,,,Hosting (Hosting),,Hosting,,Support and Maintenance,,Sal:EC,,AS,,Taxable Sales,,,,Accounts Receivable,,Paid,,,,,,1.00,,"2,990.00",,"2,990.00",,"113,420,404.95",,Income,,0.00,,,,,,,,,,0.00
,,,"11,035",,Invoice,,02/26/2025,,AS010508,,LANKA MOUNT CASTLE (PVT) LTD,,20GB Storage Capacity with 30 Email Accounts,,02/26/2025,,,,Host Email,,,,Support and Maintenance,,Mnt,,AS,,Taxable Sales,,,,Accounts Receivable,,Paid,,,,,,1.00,,"14,950.00",,"14,950.00",,"113,435,354.95",,Income,,0.00,,,,,,,,,,0.00
,,,"11,036",,Invoice,,02/26/2025,,AS010509,,Ideal Finance Ltd,,Rentable  DS1815+ NAS Unit for 5 weeks  S/N : 15A1MHN103801,,02/26/2025,,,,Rental,,,,Other Sales,,Sal:RS,,A,,Taxable Sales,,,,Accounts Receivable,,Paid,,,,,,1.00,,"62,500.00",,"62,500.00",,"113,497,854.95",,Income,,0.00,,,,,,,,,,0.00
,,,"11,039",,Invoice,,02/27/2025,,AS010510,,Tascon Technologies (Pvt) Ltd,,Synology 4TB Plus HDD  S/N : 24B0VXRZW636ZYM,,02/27/2025,,,,HDD:HAT3300-4T (Synology 4TB Plus HDD),,Synology 4TB Plus HDD,,Hard Drive,,Sal:RS,,A,,Non-Taxable Sales,,,,Accounts Receivable,,Paid,,,,,,1.00,,"53,100.00",,"53,100.00",,"113,550,954.95",,Income,,0.00,,,,,,,,,,0.00
,,,"11,040",,Invoice,,02/27/2025,,AS010511,,Apex Business Solutions PVT Ltd.,,Synology 8TB Plus Hard Drive  S/N : 2430XCRN0A4B0F1YL           2430XCRN0A400F1YL,,02/27/2025,,,,HDD:HAT3310-8T (Synology 8TB Plus Hard Drive),,Synology 8TB Plus Hard Drive,,Hard Drive,,Sal:RS,,AD,,Taxable Sales,,,,Accounts Receivable,,Paid,,,,,,2.00,,"87,000.00",,"174,000.00",,"113,724,954.95",,Income,,0.00,,,,,,,,,,0.00
,,,"11,041",,Invoice,,02/27/2025,,AS010512,,Southern Technologies,,"BDCOM S1200-8P2G Switch  S/N : 0W20011501019	            0W20011501022	            0W20011501062	",,02/27/2025,,,,BDCOM:S1200-8P2G (BDCOM S1200-8P2G Switch),,BDCOM S1200-8P2G Switch,,BDCOM,,Sal:RS,,AR,,Non-Taxable Sales,,,,Accounts Receivable,,Paid,,,,,,3.00,,"10,500.00",,"31,500.00",,"113,756,454.95",,Income,,0.00,,,,,,,,,,0.00
,,,"11,047",,Invoice,,02/28/2025,,AS010513,,MUSLIM AID,,Shared Hosting Charges,,02/28/2025,,,,Hosting (Hosting),,Hosting,,Support and Maintenance,,Mnt,,AS,,Non-Taxable Sales,,,,Accounts Receivable,,Paid,,,,,,1.00,,"30,000.00",,"30,000.00",,"113,786,454.95",,Income,,0.00,,,,,,,,,,0.00
,,,"11,048",,Invoice,,03/03/2025,,AS010514,,Apex Business Solutions PVT Ltd.,,Synology 2TB Plus Hard Drive  S/N : 2470XZR00ZWD199QQ,,03/03/2025,,,,HDD:HAT3300-2T (Synology 2TB Plus Hard Drive),,Synology 2TB Plus Hard Drive,,Hard Drive,,Sal:RS,,AD,,Taxable Sales,,,,Accounts Receivable,,Paid,,,,,,1.00,,"36,000.00",,"36,000.00",,"113,822,454.95",,Income,,0.00,,,,,,,,,,0.00
,,,"11,049",,Invoice,,03/03/2025,,AS010515,,Haggai Tourist Bangalow,,BDCOM S1010-8p-120 Unmanaged 8 Port 10/100 PoE Ports and 2 Ports 10/100 NON PoE  S/N : SMM17100787,,03/03/2025,,,,BDCOM:S1010-8p-120 (BDCOM S1010-8p-120 Unmanaged 8 Port 10/100 PoE Ports and 2 Ports 10/100 NON ...,,BDCOM S1010-8p-120 Unmanaged 8 Port 10/100 PoE Ports and 2 Ports 10/100 NON PoE,,BDCOM,,Sal:EC,,AD,,Non-Taxable Sales,,,,Accounts Receivable,,Paid,,,,,,1.00,,"17,110.00",,"17,110.00",,"113,839,564.95",,Income,,0.00,,,,,,,,,,0.00
,,,"11,052",,Invoice,,03/04/2025,,AS010516,,Ideal Finance Ltd,,Rentable  DS1815+ NAS Unit for 1 week  S/N : 15A1MHN103801,,03/04/2025,,,,Rental,,,,Other Sales,,Sal:RS,,A,,Taxable Sales,,,,Accounts Receivable,,Paid,,,,,,1.00,,"12,500.00",,"12,500.00",,"113,852,064.95",,Income,,0.00,,,,,,,,,,0.00
,,,"11,055",,Invoice,,03/05/2025,,AS010517,,Liyakta Office Systems (Pvt) Ltd,,Synology DS223j  S/N : 24C0UKRXTDR86,,03/05/2025,,,,Synology:DS223j (Synology DS223j  ),,Synology DS223j  ,,Synology,,Sal:RS,,AD,,Taxable Sales,,,,Accounts Receivable,,Paid,,,,,,1.00,,"64,000.00",,"64,000.00",,"113,916,064.95",,Income,,0.00,,,,,,,,,,0.00
,,,"11,055",,Invoice,,03/05/2025,,AS010517,,Liyakta Office Systems (Pvt) Ltd,,"Synology 2TB Plus Hard Drive  S/N : 2470XZR00ZWD1931L	            2470XZR00ZWD19DC3	",,03/05/2025,,,,HDD:HAT3300-2T (Synology 2TB Plus Hard Drive),,Synology 2TB Plus Hard Drive,,Hard Drive,,Sal:RS,,AD,,Taxable Sales,,,,Accounts Receivable,,Paid,,,,,,2.00,,"33,800.00",,"67,600.00",,"113,983,664.95",,Income,,0.00,,,,,,,,,,0.00
,,,"11,058",,Invoice,,03/05/2025,,AS010518,,Metropolitan Technologies (Pvt) Ltd,,Synology 6TB Plus Hard Drive  S/N : 2440VYRZVX029T1,,03/05/2025,,,,HDD:HAT3300-6T (Synology 6TB Plus Hard Drive),,Synology 6TB Plus Hard Drive,,Hard Drive,,Sal:RS,,AD,,Taxable Sales,,,,Accounts Receivable,,Paid,,,,,,1.00,,"65,500.00",,"65,500.00",,"114,049,164.95",,Income,,0.00,,,,,,,,,,0.00
,,,"11,059",,Invoice,,03/05/2025,,AS010519,,Pawara Tech Solutions,,"BDCOM S1500-24T Switch  S/N : 0W20012600513	            0W20012600422	",,03/05/2025,,,,BDCOM:S1500-24T (BDCOM S1500-24T Switch),,BDCOM S1500-24T Switch,,BDCOM,,Sal:RS,,AD,,Non-Taxable Sales,,,,Accounts Receivable,,Paid,,,,,,2.00,,"23,600.00",,"47,200.00",,"114,096,364.95",,Income,,0.00,,,,,,,,,,0.00
,,,"11,061",,Invoice,,03/05/2025,,AS010520,,MM Trade Stationers (Pvt) Ltd.,,Synology DiskStation DS224+  2Bay  S/N : 2520WBRC6H37G  ,,03/05/2025,,,,Synology:DS224+ (Synology DiskStation DS224+  2Bay),,Synology DiskStation DS224+  2Bay,,Synology,,Sal:RS,,AR,,Taxable Sales,,,,Accounts Receivable,,Paid,,,,,,1.00,,"122,000.00",,"122,000.00",,"114,218,364.95",,Income,,0.00,,,,,,,,,,0.00
,,,"11,082",,Invoice,,03/06/2025,,AS010521,,LK Domain Registry,,"8 TB Seagate Ironwolf NAS Hard Drive  S/N : WSD9GY6B	           WSD9GY1L	           WSD9GY9B	   ...",,03/06/2025,,,,HDD:8 TB NAS (8 TB Seagate Ironwolf NAS Hard Drive),,8 TB Seagate Ironwolf NAS Hard Drive,,Hard Drive,,Sal:EC,,AS,,Taxable Sales,,,,Accounts Receivable,,Paid,,,,,,4.00,,"96,000.00",,"384,000.00",,"114,602,364.95",,Income,,0.00,,,,,,,,,,0.00
,,,"11,083",,Invoice,,03/06/2025,,AS010522,,Sumathi Information Technology (Pvt) Ltd,,Synology DS923+ DiskStation  S/N : 2470TQR51Y9ZB,,03/06/2025,,,,DS923+ (Synology DS923+ DiskStation),,Synology DS923+ DiskStation,,Synology,,Sal:RS,,A,,Taxable Sales,,,,Accounts Receivable,,Paid,,,,,,1.00,,"205,537.50",,"205,537.50",,"114,807,902.45",,Income,,0.00,,,,,,,,,,0.00
,,,"11,083",,Invoice,,03/06/2025,,AS010522,,Sumathi Information Technology (Pvt) Ltd,,"12TB Synology Plus HDD  S/N : 2420XDRJ0A3CCF1XL	            2420XDRJ0A13NF1XL	            2420XD...",,03/06/2025,,,,HDD:HAT3310-12T (12TB Synology Plus HDD),,12TB Synology Plus HDD,,Hard Drive,,Sal:RS,,A,,Taxable Sales,,,,Accounts Receivable,,Paid,,,,,,3.00,,"111,881.25",,"335,643.75",,"115,143,546.20",,Income,,0.00,,,,,,,,,,0.00
,,,"11,103",,Invoice,,03/11/2025,,AS010523,,Adapt Information Technologies,,"Acronis Cyber Protect Advanced Server Subscription License, 1 Year Renewal",,03/11/2025,,,,Acronis,,,,Acronics,,Sal:RS,,A,,Taxable Sales,,,,Accounts Receivable,,Paid,,,,,,1.00,,"148,000.00",,"148,000.00",,"115,291,546.20",,Income,,0.00,,,,,,,,,,0.00
,,,"11,104",,Invoice,,03/11/2025,,AS010524,,Pawara Tech Solutions,,BDCOM S1500-24T Switch  S/N : 0W20012600511,,03/11/2025,,,,BDCOM:S1500-24T (BDCOM S1500-24T Switch),,BDCOM S1500-24T Switch,,BDCOM,,Sal:RS,,AD,,Non-Taxable Sales,,,,Accounts Receivable,,Paid,,,,,,1.00,,"23,600.00",,"23,600.00",,"115,315,146.20",,Income,,0.00,,,,,,,,,,0.00
,,,"11,105",,Invoice,,03/11/2025,,AS010525,,TYAX (PVT) LTD,,"BDCOM S1500-8P2G Switch  S/N : 0W20011603727	            0W20011603680	            0W20011603730...",,03/11/2025,,,,BDCOM:S1500-8P2G (BDCOM S1500-8P2G Switch),,BDCOM S1500-8P2G Switch,,BDCOM,,Sal:RS,,AD,,Taxable Sales,,,,Accounts Receivable,,Paid,,,,,,10.00,,"14,000.00",,"140,000.00",,"115,455,146.20",,Income,,0.00,,,,,,,,,,0.00
,,,"11,121",,Invoice,,03/14/2025,,AS010526,,Apex Business Solutions PVT Ltd.,,Draytek Vigor 2962  S/N : 237004896369    (Warranty 2 Years),,03/14/2025,,,,Draytek:Vigor 2962 (Draytek Vigor 2962),,Draytek Vigor 2962,,Draytek,,Sal:RS,,AD,,Taxable Sales,,,,Accounts Receivable,,Paid,,,,,,1.00,,"108,000.00",,"108,000.00",,"115,563,146.20",,Income,,0.00,,,,,,,,,,0.00
,,,"11,121",,Invoice,,03/14/2025,,AS010526,,Apex Business Solutions PVT Ltd.,,DrayTek Cyren Key  S/N : 2311V0269561,,03/14/2025,,,,Cyren Key (DrayTek Cyren Key),,DrayTek Cyren Key,,Other Sales,,Sal:RS,,AD,,Taxable Sales,,,,Accounts Receivable,,Paid,,,,,,1.00,,"20,000.00",,"20,000.00",,"115,583,146.20",,Income,,0.00,,,,,,,,,,0.00
,,,"11,122",,Invoice,,03/17/2025,,AS010527,,Alphasonic Technologies (Pvt) Ltd,,Synology NAS DS923+ 4 Bay NAS with 16GB RAM  S/N : 24B0TQRPGQC4F,,03/17/2025,,,,Synology:DS923+ (Synology NAS DS923+ 4 Bay NAS),,Synology NAS DS923+ 4 Bay NAS,,Synology,,Sal:RS,,A,,Taxable Sales,,,,Accounts Receivable,,Paid,,,,,,1.00,,"266,000.00",,"266,000.00",,"115,849,146.20",,Income,,0.00,,,,,,,,,,0.00
,,,"11,122",,Invoice,,03/17/2025,,AS010527,,Alphasonic Technologies (Pvt) Ltd,,"Synology 16TB Plus HDD  S/N : 324B0XER40A01RF1VL		            24B0XER40A01QF1VL		            24B...",,03/17/2025,,,,HDD:HAT3310-16T (Synology 16TB Plus HDD),,Synology 16TB Plus HDD,,Hard Drive,,Sal:RS,,A,,Taxable Sales,,,,Accounts Receivable,,Paid,,,,,,3.00,,"121,000.00",,"363,000.00",,"116,212,146.20",,Income,,0.00,,,,,,,,,,0.00
,,,"11,122",,Invoice,,03/17/2025,,AS010527,,Alphasonic Technologies (Pvt) Ltd,,Synology NAS DS923+ 4 Bay NAS with 16GB RAM  S/N : 24B0TQR43TT3F,,03/17/2025,,,,Synology:DS923+ (Synology NAS DS923+ 4 Bay NAS),,Synology NAS DS923+ 4 Bay NAS,,Synology,,Sal:RS,,A,,Taxable Sales,,,,Accounts Receivable,,Paid,,,,,,1.00,,"266,000.00",,"266,000.00",,"116,478,146.20",,Income,,0.00,,,,,,,,,,0.00
,,,"11,122",,Invoice,,03/17/2025,,AS010527,,Alphasonic Technologies (Pvt) Ltd,,"Synology 8TB Plus HDD  S/N : 2430XCRN0A3Z4F1YL		            2430XCRN0A3ZBF1YL		            2430X...",,03/17/2025,,,,HDD:HAT3310-8T (Synology 8TB Plus Hard Drive),,Synology 8TB Plus Hard Drive,,Hard Drive,,Sal:RS,,A,,Taxable Sales,,,,Accounts Receivable,,Paid,,,,,,4.00,,"84,000.00",,"336,000.00",,"116,814,146.20",,Income,,0.00,,,,,,,,,,0.00
,,,"11,123",,Invoice,,03/17/2025,,AS010528,,Pubudu Engineering (Pvt) Ltd,,NAS Service Charges,,03/17/2025,,,,Services,,,,Support and Maintenance,,Sal:EC,,AS,,Taxable Sales,,,,Accounts Receivable,,Paid,,,,,,1.00,,"7,500.00",,"7,500.00",,"116,821,646.20",,Income,,0.00,,,,,,,,,,0.00
,,,"11,124",,Invoice,,03/17/2025,,AS010529,,RK Computers,,BDCOM S1508E Switch  S/N : 0W20002004587,,03/17/2025,,,,BDCOM:S1508E,,,,BDCOM,,Sal:EC,,AR,,Non-Taxable Sales,,,,Accounts Receivable,,Paid,,,,,,1.00,,"5,900.00",,"5,900.00",,"116,827,546.20",,Income,,0.00,,,,,,,,,,0.00
,,,"11,126",,Invoice,,03/18/2025,,AS010530,,Apex Business Solutions PVT Ltd.,,Maintenance  Agreement,,03/18/2025,,,,MA (Maintenance  Agreement),,Maintenance  Agreement,,Support and Maintenance,,Sal:RS,,AD,,Taxable Sales,,,,Accounts Receivable,,Paid,,,,,,1.00,,"325,000.00",,"325,000.00",,"117,152,546.20",,Income,,0.00,,,,,,,,,,0.00
,,,"11,128",,Invoice,,03/21/2025,,AS010531,,Sampath I T Solutions Limited,,Synology RackStation RS1221RP+  with 16GB RAM  S/N : 24A0RXRRVARZJ,,03/21/2025,,,,Synology:RS1221RP+,,,,Synology,,Sal:RS,,A,,Taxable Sales,,,,Accounts Receivable,,Paid,,,,,,1.00,,"670,000.00",,"670,000.00",,"117,822,546.20",,Income,,0.00,,,,,,,,,,0.00
,,,"11,128",,Invoice,,03/21/2025,,AS010531,,Sampath I T Solutions Limited,,"Synology 8TB Plus Hard Drive  S/N : 2430XCRN0A3ZUF1YL		           2430XCRN0A49LF1YL		           ...",,03/21/2025,,,,HDD:HAT3310-8T (Synology 8TB Plus Hard Drive),,Synology 8TB Plus Hard Drive,,Hard Drive,,Sal:RS,,A,,Taxable Sales,,,,Accounts Receivable,,Paid,,,,,,8.00,,"86,000.00",,"688,000.00",,"118,510,546.20",,Income,,0.00,,,,,,,,,,0.00
,,,"11,128",,Invoice,,03/21/2025,,AS010531,,Sampath I T Solutions Limited,,2U Rail Kit,,03/21/2025,,,,Synology:2 U Sliding Rail Kit,,,,Synology,,Sal:RS,,A,,Taxable Sales,,,,Accounts Receivable,,Paid,,,,,,1.00,,,,,,"118,510,546.20",,Income,,0.00,,,,,,,,,,0.00
,,,"11,128",,Invoice,,03/21/2025,,AS010531,,Sampath I T Solutions Limited,,Special Discount,,03/21/2025,,,,Discount,,,,Sales Discount,,Sal:RS,,A,,Taxable Sales,,,,Accounts Receivable,,Paid,,,,,,,,"-75,000.00",,"-75,000.00",,"118,435,546.20",,Income,,0.00,,,,,,,,,,0.00
,,,"11,129",,Invoice,,03/21/2025,,AS010532,,Base Hp (Pvt) Ltd,,Synology DiskStation DS1522+  S/N : 2480TRRHQNQHR,,03/21/2025,,,,Synology:DS1522+ (Synology DiskStation DS1522+),,Synology DiskStation DS1522+,,Synology,,Sal:RS,,A,,Taxable Sales,,,,Accounts Receivable,,Paid,,,,,,1.00,,"699,500.00",,"699,500.00",,"119,135,046.20",,Income,,0.00,,,,,,,,,,0.00
,,,"11,129",,Invoice,,03/21/2025,,AS010532,,Base Hp (Pvt) Ltd,,"Synology 16TB Plus HDD  S/N : 24B0XERF0A0P5F1VL		           24B0XERF0A0PRF1VL		           24B0XE...",,03/21/2025,,,,HDD:HAT3310-16T (Synology 16TB Plus HDD),,Synology 16TB Plus HDD,,Hard Drive,,Sal:RS,,A,,Taxable Sales,,,,Accounts Receivable,,Paid,,,,,,3.00,,,,,,"119,135,046.20",,Income,,0.00,,,,,,,,,,0.00
,,,"11,130",,Invoice,,03/21/2025,,AS010533,,ABSOLUTE BUSINESS SOLUTIONS ( PVT) LTD,,Acronis Cloud Backup 25GB Monthly Subscription,,03/21/2025,,,,Acronis,,,,Acronics,,Sal:RS,,SM,,Non-Taxable Sales,,,,Accounts Receivable,,Paid,,,,,,1.00,,"2,000.00",,"2,000.00",,"119,137,046.20",,Income,,0.00,,,,,,,,,,0.00
,,,"11,131",,Invoice,,03/21/2025,,AS010534,,Mitra Innovation Limited,,Synology 4TB Plus HDD  S/N : 24B0VXRZW6370D9,,03/21/2025,,,,HDD:HAT3300-4T (Synology 4TB Plus HDD),,Synology 4TB Plus HDD,,Hard Drive,,Sal:EC,,AS,,Non-Taxable Sales,,,,Accounts Receivable,,Paid,,,,,,1.00,,"59,000.00",,"59,000.00",,"119,196,046.20",,Income,,0.00,,,,,,,,,,0.00
,,,"11,131",,Invoice,,03/21/2025,,AS010534,,Mitra Innovation Limited,,Transport & Labor Charges,,03/21/2025,,,,Services,,,,Support and Maintenance,,Sal:EC,,AS,,Non-Taxable Sales,,,,Accounts Receivable,,Paid,,,,,,1.00,,"5,900.00",,"5,900.00",,"119,201,946.20",,Income,,0.00,,,,,,,,,,0.00
,,,"11,132",,Invoice,,03/21/2025,,AS010535,,AL - ARAF HOTELS & RESORT (PVT) LTD,,Hosting Charges for 10 email Accounts (10$),,03/21/2025,,,,Hosting (Hosting),,Hosting,,Support and Maintenance,,Sal:EC,,AS,,Taxable Sales,,,,Accounts Receivable,,Paid,,,,,,1.00,,"3,000.00",,"3,000.00",,"119,204,946.20",,Income,,0.00,,,,,,,,,,0.00
,,,"11,133",,Invoice,,03/21/2025,,AS010536,,LANKA COMMODITY BROKERS LTD,,7GB Storage Space  100GB Transfer Bandwidth  1 Nos Fixed IP. (Clean)  SPF/ DKIM Supported  Spam ...,,03/21/2025,,,,Host Email,,,,Support and Maintenance,,Mnt,,AS,,Taxable Sales,,,,Accounts Receivable,,Paid,,,,,,1.00,,"18,291.00",,"18,291.00",,"119,223,237.20",,Income,,0.00,,,,,,,,,,0.00
,,,"11,134",,Invoice,,03/21/2025,,AS010537,,LANKA COMMODITY BROKERS LTD,,Anti Spam Service,,03/21/2025,,,,Services,,,,Support and Maintenance,,Mnt,,AS,,Taxable Sales,,,,Accounts Receivable,,Paid,,,,,,1.00,,"6,666.00",,"6,666.00",,"119,229,903.20",,Income,,0.00,,,,,,,,,,0.00
,,,"11,135",,Invoice,,03/21/2025,,AS010538,,LANKA MOUNT CASTLE (PVT) LTD,,20GB Storage Capacity with 30 Email Accounts,,03/21/2025,,,,Host Email,,,,Support and Maintenance,,Mnt,,AS,,Taxable Sales,,,,Accounts Receivable,,Paid,,,,,,1.00,,"15,000.00",,"15,000.00",,"119,244,903.20",,Income,,0.00,,,,,,,,,,0.00
,,,"11,136",,Invoice,,03/24/2025,,AS010539,,ABSOLUTE BUSINESS SOLUTIONS ( PVT) LTD,,Acronis Cloud Backup 25GB Monthly Subscription,,03/24/2025,,,,Acronis,,,,Acronics,,Sal:RS,,SM,,Non-Taxable Sales,,,,Accounts Receivable,,Paid,,,,,,1.00,,"2,000.00",,"2,000.00",,"119,246,903.20",,Income,,0.00,,,,,,,,,,0.00
,,,"11,139",,Invoice,,03/25/2025,,AS010540,,Sahasra Studio Pvt Ltd,,"Synology 4TB Plus HDD  S/N : 24B0VXRZW6370AQ		",,03/25/2025,,,,HDD:HAT3300-4T (Synology 4TB Plus HDD),,Synology 4TB Plus HDD,,Hard Drive,,Sal:EC,,AD,,Non-Taxable Sales,,,,Accounts Receivable,,Paid,,,,,,1.00,,"60,000.00",,"60,000.00",,"119,306,903.20",,Income,,0.00,,,,,,,,,,0.00
,,,"11,142",,Invoice,,03/25/2025,,AS010541,,Barclays Computers (Pvt) Ltd,,Synology DS223j  S/N : 2470UKRG7PQ7V           24C0UKRFTKBCT,,03/25/2025,,,,Synology:DS223j (Synology DS223j  ),,Synology DS223j  ,,Synology,,Sal:RS,,AS,,Taxable Sales,,,,Accounts Receivable,,Paid,,,,,,2.00,,"65,508.4745",,"131,016.95",,"119,437,920.15",,Income,,0.00,,,,,,,,,,0.00
,,,"11,142",,Invoice,,03/25/2025,,AS010541,,Barclays Computers (Pvt) Ltd,,Synology DiskStation DS224+  2Bay  S/N : 2520WBRZA0A9V,,03/25/2025,,,,Synology:DS224+ (Synology DiskStation DS224+  2Bay),,Synology DiskStation DS224+  2Bay,,Synology,,Sal:RS,,AS,,Taxable Sales,,,,Accounts Receivable,,Paid,,,,,,1.00,,"118,361.864",,"118,361.86",,"119,556,282.02",,Income,,0.00,,,,,,,,,,0.00
,,,"11,143",,Invoice,,03/25/2025,,AS010542,,Barclays Computers (Pvt) Ltd,,S1500-24T2S BDCOM Switch  S/N : 0W20012300401,,03/25/2025,,,,BDCOM:S1500-24T2S (S1500-24T2S BDCOM Switch),,S1500-24T2S BDCOM Switch,,BDCOM,,Sal:RS,,AR,,Taxable Sales,,,,Accounts Receivable,,Paid,,,,,,1.00,,"24,200.00",,"24,200.00",,"119,580,482.02",,Income,,0.00,,,,,,,,,,0.00
,,,"11,143",,Invoice,,03/25/2025,,AS010542,,Barclays Computers (Pvt) Ltd,,"BDCOM S1024B 24 Port 100M BaseT 1U Rack Mounted  S/N : S13304159 , S13304074",,03/25/2025,,,,BDCOM:S1024B (BDCOM S1024B 24 Port 100M BaseT 1U Rack Mounted),,BDCOM S1024B 24 Port 100M BaseT 1U Rack Mounted,,BDCOM,,Sal:RS,,AR,,Taxable Sales,,,,Accounts Receivable,,Paid,,,,,,2.00,,"16,000.00",,"32,000.00",,"119,612,482.02",,Income,,0.00,,,,,,,,,,0.00
,,,"11,143",,Invoice,,03/25/2025,,AS010542,,Barclays Computers (Pvt) Ltd,,BDCOM S1006-4p-65 Unmanaged 4 ports 10/100 PoE Ports and 2 Ports 10/100 NON PoE  S/N : SLM170801...,,03/25/2025,,,,BDCOM:S1006-4p-65 (BDCOM S1006-4p-65 Unmanaged 4 ports 10/100 PoE Ports and 2 Ports 10/100 NON PoE),,BDCOM S1006-4p-65 Unmanaged 4 ports 10/100 PoE Ports and 2 Ports 10/100 NON PoE,,BDCOM,,Sal:RS,,AR,,Taxable Sales,,,,Accounts Receivable,,Paid,,,,,,2.00,,"5,170.00",,"10,340.00",,"119,622,822.02",,Income,,0.00,,,,,,,,,,0.00
,,,"11,143",,Invoice,,03/25/2025,,AS010542,,Barclays Computers (Pvt) Ltd,,"BDCOM S1008 8 Port 10/100 BaseT Standard Switch  S/N : G20001011318 , G20001011312, G20001011327...",,03/25/2025,,,,BDCOM:S1008 (BDCOM S1008 8 Port 10/100 BaseT Standard Switch),,BDCOM S1008 8 Port 10/100 BaseT Standard Switch,,BDCOM,,Sal:RS,,AR,,Taxable Sales,,,,Accounts Receivable,,Paid,,,,,,10.00,,"3,310.00",,"33,100.00",,"119,655,922.02",,Income,,0.00,,,,,,,,,,0.00
,,,"11,143",,Invoice,,03/25/2025,,AS010542,,Barclays Computers (Pvt) Ltd,,"BDCOM S1500-8P2G Switch  S/N : 0W20011603672 , 0W20011603668",,03/25/2025,,,,BDCOM:S1500-8P2G (BDCOM S1500-8P2G Switch),,BDCOM S1500-8P2G Switch,,BDCOM,,Sal:RS,,AR,,Taxable Sales,,,,Accounts Receivable,,Paid,,,,,,2.00,,"13,000.00",,"26,000.00",,"119,681,922.02",,Income,,0.00,,,,,,,,,,0.00
,,,"11,143",,Invoice,,03/25/2025,,AS010542,,Barclays Computers (Pvt) Ltd,,"BDCOM S1508E Switch  S/N : 0W20002004583 , 0W20002004563 , 0W20002004581,            0W200020045...",,03/25/2025,,,,BDCOM:S1508E,,,,BDCOM,,Sal:RS,,AR,,Taxable Sales,,,,Accounts Receivable,,Paid,,,,,,10.00,,"5,000.00",,"50,000.00",,"119,731,922.02",,Income,,0.00,,,,,,,,,,0.00
,,,"11,143",,Invoice,,03/25/2025,,AS010542,,Barclays Computers (Pvt) Ltd,,"BDCOM POE S1000-8P2F  8Port 100M Switch  S/N : 0W20011407142 , 0W20011407171 , 0W20011407141",,03/25/2025,,,,BDCOM:S1000-8P2F (BDCOM POE S1000-8P2F  8Port 100M Switch),,BDCOM POE S1000-8P2F  8Port 100M Switch,,BDCOM,,Sal:RS,,AR,,Taxable Sales,,,,Accounts Receivable,,Paid,,,,,,3.00,,"6,500.00",,"19,500.00",,"119,751,422.02",,Income,,0.00,,,,,,,,,,0.00
,,,"11,143",,Invoice,,03/25/2025,,AS010542,,Barclays Computers (Pvt) Ltd,,BDCOM S1200-8P2G Switch  S/N : 0W20011501020,,03/25/2025,,,,BDCOM:S1200-8P2G (BDCOM S1200-8P2G Switch),,BDCOM S1200-8P2G Switch,,BDCOM,,Sal:RS,,AR,,Taxable Sales,,,,Accounts Receivable,,Paid,,,,,,1.00,,"8,500.00",,"8,500.00",,"119,759,922.02",,Income,,0.00,,,,,,,,,,0.00
,,,"11,143",,Invoice,,03/25/2025,,AS010542,,Barclays Computers (Pvt) Ltd,,BDCOM S1500-16T Switch  S/N : 0W20012501261 {Fail Unit Lightning (Only one time warranty replace...,,03/25/2025,,,,BDCOM:S1500-16T (BDCOM S1500-16T Switch),,BDCOM S1500-16T Switch,,BDCOM,,Sal:RS,,AR,,Taxable Sales,,,,Accounts Receivable,,Paid,,,,,,2.00,,"16,000.00",,"32,000.00",,"119,791,922.02",,Income,,0.00,,,,,,,,,,0.00
,,,"11,143",,Invoice,,03/25/2025,,AS010542,,Barclays Computers (Pvt) Ltd,,"BDCOM WAP2100-T512  S/N : 0P32014029779 , 0P32014029776",,03/25/2025,,,,BDCOM:WAP2100-T512 (BDCOM WAP2100-T512),,BDCOM WAP2100-T512,,BDCOM,,Sal:RS,,AR,,Taxable Sales,,,,Accounts Receivable,,Paid,,,,,,2.00,,"15,800.00",,"31,600.00",,"119,823,522.02",,Income,,0.00,,,,,,,,,,0.00
,,,"11,143",,Invoice,,03/25/2025,,AS010542,,Barclays Computers (Pvt) Ltd,,"BDCOM WAP2100-T618  S/N : 0P32014104819 , 0P32014104812",,03/25/2025,,,,BDCOM:WAP2100-T618 (BDCOM WAP2100-T618),,BDCOM WAP2100-T618,,BDCOM,,Sal:RS,,AR,,Taxable Sales,,,,Accounts Receivable,,Paid,,,,,,2.00,,"21,000.00",,"42,000.00",,"119,865,522.02",,Income,,0.00,,,,,,,,,,0.00
,,,"11,143",,Invoice,,03/25/2025,,AS010542,,Barclays Computers (Pvt) Ltd,,BDCOM S1508E Switch - Free Issued,,03/25/2025,,,,BDCOM:S1508E,,,,BDCOM,,Sal:RS,,AR,,Taxable Sales,,,,Accounts Receivable,,Paid,,,,,,1.00,,,,,,"119,865,522.02",,Income,,0.00,,,,,,,,,,0.00
,,,"11,149",,Invoice,,03/26/2025,,AS010543,,Fentons Ltd,,"Synology Rackstation RS822RP+ With 16GB RAM  S/N : 2520UJRWCH1NS		",,03/26/2025,,,,Synology:RS822RP+ (Synology Rackstation RS822RP+),,Synology Rackstation RS822RP+,,Synology,,Sal:RS,,A,,Taxable Sales,,,,Accounts Receivable,,Paid,,,,,,1.00,,"641,000.00",,"641,000.00",,"120,506,522.02",,Income,,0.00,,,,,,,,,,0.00
,,,"11,149",,Invoice,,03/26/2025,,AS010543,,Fentons Ltd,,"Synology 4TB Enterprise Hard Drive  S/N : 2230U6RR0A0UVFW1H		            2230U6RR0A1L6FW1H		",,03/26/2025,,,,HDD:HAT5300-4T (Synology 4TB Enterprise Hard Drive),,Synology 4TB Enterprise Hard Drive,,Hard Drive,,Sal:RS,,A,,Taxable Sales,,,,Accounts Receivable,,Paid,,,,,,2.00,,"79,000.00",,"158,000.00",,"120,664,522.02",,Income,,0.00,,,,,,,,,,0.00
,,,"11,149",,Invoice,,03/26/2025,,AS010543,,Fentons Ltd,,"Synology 480GB SATA SSD -SAT5210  S/N : 2490YTR52A8B8		            2490YTRBAGQ13		",,03/26/2025,,,,480GB SATA SSD Synology (Synology 480GB SATA SSD -SAT5210),,Synology 480GB SATA SSD -SAT5210,,Hard Drive,,Sal:RS,,A,,Taxable Sales,,,,Accounts Receivable,,Paid,,,,,,2.00,,"72,000.00",,"144,000.00",,"120,808,522.02",,Income,,0.00,,,,,,,,,,0.00
,,,"11,149",,Invoice,,03/26/2025,,AS010543,,Fentons Ltd,,"Synology E10G30-F2 Adapter Card  S/N : 24C0VPR8KB5VV		",,03/26/2025,,,,Synology:Dual Port F2 Card,,,,Synology,,Sal:RS,,A,,Taxable Sales,,,,Accounts Receivable,,Paid,,,,,,1.00,,,,,,"120,808,522.02",,Income,,0.00,,,,,,,,,,0.00
,,,"11,149",,Invoice,,03/26/2025,,AS010543,,Fentons Ltd,,1U Rail Kit,,03/26/2025,,,,Synology:1 U Fixed Rail Kit,,,,Synology,,Sal:RS,,A,,Taxable Sales,,,,Accounts Receivable,,Paid,,,,,,1.00,,,,,,"120,808,522.02",,Income,,0.00,,,,,,,,,,0.00
,,,"11,150",,Invoice,,03/27/2025,,AS010544,,Netsys Solutions (Pvt) Ltd,,"Synology 16TB Plus HDD  S/N : 24B0XERF0A0PFF1VL		            24B0XERF0A0PGF1VL		",,03/27/2025,,,,HDD:HAT3310-16T (Synology 16TB Plus HDD),,Synology 16TB Plus HDD,,Hard Drive,,Sal:RS,,A,,Taxable Sales,,,,Accounts Receivable,,Paid,,,,,,2.00,,"122,000.00",,"244,000.00",,"121,052,522.02",,Income,,0.00,,,,,,,,,,0.00
,,,"11,151",,Invoice,,03/27/2025,,AS010545,,E-Net Integrated Solutions (Pvt) Ltd,,BDCOM S1500-24T Switch  S/N : 0W20012600430,,03/27/2025,,,,BDCOM:S1500-24T (BDCOM S1500-24T Switch),,BDCOM S1500-24T Switch,,BDCOM,,Sal:RS,,AR,,Non-Taxable Sales,,,,Accounts Receivable,,Unpaid,,,,399,,1.00,,"24,000.00",,"24,000.00",,"121,076,522.02",,Income,,0.00,,,,,,,,,,0.00
,,,"11,152",,Invoice,,03/28/2025,,AS010546,,Prime Pulse Solutions (Pvt) Ltd,,"BDCOM S1508E Switch  S/N : 0W20002004566		            0W20002004551		            0W20002004589		...",,03/28/2025,,,,BDCOM:S1508E,,,,BDCOM,,Sal:RS,,AD,,Non-Taxable Sales,,,,Accounts Receivable,,Paid,,,,,,4.00,,"6,136.00",,"24,544.00",,"121,101,066.02",,Income,,0.00,,,,,,,,,,0.00
,,,"11,152",,Invoice,,03/28/2025,,AS010546,,Prime Pulse Solutions (Pvt) Ltd,,"BDCOM S1500-16T Switch  S/N : 0W20012501311		",,03/28/2025,,,,BDCOM:S1500-16T (BDCOM S1500-16T Switch),,BDCOM S1500-16T Switch,,BDCOM,,Sal:RS,,AD,,Non-Taxable Sales,,,,Accounts Receivable,,Paid,,,,,,1.00,,"19,824.00",,"19,824.00",,"121,120,890.02",,Income,,0.00,,,,,,,,,,0.00
,,,"11,153",,Invoice,,03/28/2025,,AS010547,,Debug Computer Peripherals (Pvt) Ltd,,"Synology DiskStation DS423+ 4Bay  S/N ;24C0VKR2JKMDD		",,03/28/2025,,,,Synology:DS423+ (Synology DiskStation DS423+ 4Bay),,Synology DiskStation DS423+ 4Bay,,Synology,,Sal:RS,,AD,,Taxable Sales,,,,Accounts Receivable,,Paid,,,,,,1.00,,"189,000.00",,"189,000.00",,"121,309,890.02",,Income,,0.00,,,,,,,,,,0.00
,,,"11,153",,Invoice,,03/28/2025,,AS010547,,Debug Computer Peripherals (Pvt) Ltd,,"Synology 4TB Plus HDD  S/N :24B0VXRZW6370TR		           24B0VXRZW636FD6		",,03/28/2025,,,,HDD:HAT3300-4T (Synology 4TB Plus HDD),,Synology 4TB Plus HDD,,Hard Drive,,Sal:RS,,AD,,Taxable Sales,,,,Accounts Receivable,,Paid,,,,,,2.00,,"45,000.00",,"90,000.00",,"121,399,890.02",,Income,,0.00,,,,,,,,,,0.00
,,,"11,154",,Invoice,,03/28/2025,,AS010548,,Apex Business Solutions PVT Ltd.,,Synology 2TB Plus Hard Drive  S/N : 2470XZR00ZWD192XK,,03/28/2025,,,,HDD:HAT3300-2T (Synology 2TB Plus Hard Drive),,Synology 2TB Plus Hard Drive,,Hard Drive,,Sal:RS,,AD,,Taxable Sales,,,,Accounts Receivable,,Paid,,,,,,1.00,,"36,000.00",,"36,000.00",,"121,435,890.02",,Income,,0.00,,,,,,,,,,0.00
,,,"11,155",,Invoice,,03/28/2025,,AS010549,,TechCERT,,Acronis True Image Essentials Subscription   5 Computers - 1 Year Subscription ESD  ,,03/28/2025,,,,Acronis:Acronis Cyber Protect Home Offi (Acronis Cyber Protect Home Office),,Acronis Cyber Protect Home Office,,Acronics,,Sal:EC,,AS,,Taxable Sales,,,,Accounts Receivable,,Paid,,,,,,1.00,,"24,800.00",,"24,800.00",,"121,460,690.02",,Income,,0.00,,,,,,,,,,0.00
,,,"11,156",,Invoice,,03/28/2025,,AS010550,,Derana Macroentertainment Pvt. Ltd,,Synology RackStation RS2423RP+ 12Bay With 32GB RAM  S/N : 2510V3RD5HPRY,,03/28/2025,,,,RS2423RP+ (Synology RackStation RS2423RP+ 12Bay),,Synology RackStation RS2423RP+ 12Bay,,Synology,,Sal:RS,,A,,Taxable Sales,,,,Accounts Receivable,,Paid,,,,,,1.00,,"1,118,000.00",,"1,118,000.00",,"122,578,690.02",,Income,,0.00,,,,,,,,,,0.00
,,,"11,156",,Invoice,,03/28/2025,,AS010550,,Derana Macroentertainment Pvt. Ltd,,"Synology 16TB Plus HDD  S/N : 24B0XERF0A0P7F1VL		            24B0XERF0A0G8F1VL		            24B0...",,03/28/2025,,,,HDD:HAT3310-16T (Synology 16TB Plus HDD),,Synology 16TB Plus HDD,,Hard Drive,,Sal:RS,,A,,Taxable Sales,,,,Accounts Receivable,,Paid,,,,,,8.00,,"133,500.00",,"1,068,000.00",,"123,646,690.02",,Income,,0.00,,,,,,,,,,0.00
,,,"11,156",,Invoice,,03/28/2025,,AS010550,,Derana Macroentertainment Pvt. Ltd,,"Synology E10G30-F2 Card Adapter  S/N : 24C0VPRGJBEAP		",,03/28/2025,,,,Synology:Dual Port F2 Card,,,,Synology,,Sal:RS,,A,,Taxable Sales,,,,Accounts Receivable,,Paid,,,,,,1.00,,,,,,"123,646,690.02",,Income,,0.00,,,,,,,,,,0.00
,,,"11,156",,Invoice,,03/28/2025,,AS010550,,Derana Macroentertainment Pvt. Ltd,,2U Rail Kit,,03/28/2025,,,,Synology:2 U Sliding Rail Kit,,,,Synology,,Sal:RS,,A,,Taxable Sales,,,,Accounts Receivable,,Paid,,,,,,1.00,,,,,,"123,646,690.02",,Income,,0.00,,,,,,,,,,0.00
Apr '24 - Mar 25,,,,,,,,,,,,,,,,,,,,,,,,,,,,,,,,,,,,,,,,,,,,,"123,646,690.02",,"123,646,690.02",,,,0.00,,,,,,,,,,
Apr '25 - Mar 26,,,,,,,,,,,,,,,,,,,,,,,,,,,,,,,,,,,,,,,,,,,,,,,,,,,,,,,,,,,,,
,,,"11,159",,Invoice,,04/01/2025,,AS010551,,Base Hp (Pvt) Ltd,,"Synology 4TB Plus HDD  S/N : 24B0VXRZW636P32		            24B0VXRZW636EF7- Fail on 10/03/2026		",,04/01/2025,,,,HDD:HAT3300-4T (Synology 4TB Plus HDD),,Synology 4TB Plus HDD,,Hard Drive,,Sal:RS,,A,,Taxable Sales,,,,Accounts Receivable,,Paid,,,,,,2.00,,"45,000.00",,"90,000.00",,"90,000.00",,Income,,0.00,,,,,,,,,,0.00
,,,"11,159",,Invoice,,04/01/2025,,AS010551,,Base Hp (Pvt) Ltd,,"512GB NVMe Gen3 SSD  S/N : 24HP075107		           24HP075086 - Fail SSD - 27/11/2025		",,04/01/2025,,,,512GB NVme G3 SSD (512GB NVMe Gen3 SSD),,512GB NVMe Gen3 SSD,,SSD,,Sal:RS,,A,,Taxable Sales,,,,Accounts Receivable,,Paid,,,,,,2.00,,"11,000.00",,"22,000.00",,"112,000.00",,Income,,0.00,,,,,,,,,,0.00
,,,"11,160",,Invoice,,04/01/2025,,AS010552,,Barclays Computers (Pvt) Ltd,,"Synology DS423 4 Bay NAS  S/N : 2510UVRGSF1R6		            2510UVRT1K9SN		",,04/01/2025,,,,Synology:DS423 (Synology DS423 4 Bay NAS),,Synology DS423 4 Bay NAS,,Synology,,Sal:RS,,AS,,Taxable Sales,,,,Accounts Receivable,,Paid,,,,,,2.00,,"136,589.83",,"273,179.66",,"385,179.66",,Income,,0.00,,,,,,,,,,0.00
,,,"11,161",,Invoice,,04/01/2025,,AS010553,,Barclays Computers (Pvt) Ltd,,BDCOM S1518-16P-330 16Port Unmanaged Gigabit POE Switch  S/N : SHM18080432,,04/01/2025,,,,BDCOM:S1518-16P-330 (BDCOM S1518-16P-330 16Port Unmanaged Gigabit POE Switch),,BDCOM S1518-16P-330 16Port Unmanaged Gigabit POE Switch,,BDCOM,,Sal:EC,,AR,,Taxable Sales,,,,Accounts Receivable,,Paid,,,,,,1.00,,"42,200.00",,"42,200.00",,"427,379.66",,Income,,0.00,,,,,,,,,,0.00
,,,"11,163",,Invoice,,04/01/2025,,AS010554,,Liyakta Office Systems (Pvt) Ltd,,Synology DS223j  S/N : 24C0UKRJJXBGB,,04/01/2025,,,,Synology:DS223j (Synology DS223j  ),,Synology DS223j  ,,Synology,,Sal:RS,,AD,,Taxable Sales,,,,Accounts Receivable,,Paid,,,,,,1.00,,"64,000.00",,"64,000.00",,"491,379.66",,Income,,0.00,,,,,,,,,,0.00
,,,"11,163",,Invoice,,04/01/2025,,AS010554,,Liyakta Office Systems (Pvt) Ltd,,"Synology 2TB Plus Hard Drive  S/N : 2470XZR00ZWD1930A		           2470XZR00ZWD193G8		",,04/01/2025,,,,HDD:HAT3300-2T (Synology 2TB Plus Hard Drive),,Synology 2TB Plus Hard Drive,,Hard Drive,,Sal:RS,,AD,,Taxable Sales,,,,Accounts Receivable,,Paid,,,,,,2.00,,"33,800.00",,"67,600.00",,"558,979.66",,Income,,0.00,,,,,,,,,,0.00
,,,"11,164",,Invoice,,04/01/2025,,AS010555,,ARC ONE (Pvt) Ltd,,12 TB Seagate Ironwolf NAS Hard Drive  S/N : ZTN08AA7,,04/01/2025,,,,HDD:12 TB NAS (12 TB Seagate Ironwolf NAS Hard Drive),,12 TB Seagate Ironwolf NAS Hard Drive,,Hard Drive,,Sal:RS,,AD,,Taxable Sales,,,,Accounts Receivable,,Paid,,,,,,1.00,,"156,000.00",,"156,000.00",,"714,979.66",,Income,,0.00,,,,,,,,,,0.00
,,,"11,167",,Invoice,,04/02/2025,,AS010556,,Rapidventure (Pvt) Ltd,,Draytek Vigor 2915 Security Appliance,,04/02/2025,,,,Draytek:Vigor 2915 (Draytek Vigor 2915 Security Appliance),,Draytek Vigor 2915 Security Appliance,,Draytek,,Sal:RS,,AD,,Taxable Sales,,,,Accounts Receivable,,Paid,,,,,,1.00,,"38,500.00",,"38,500.00",,"753,479.66",,Income,,0.00,,,,,,,,,,0.00
,,,"11,167",,Invoice,,04/02/2025,,AS010556,,Rapidventure (Pvt) Ltd,,Draytek Vigor 2915 License Key (1 Year),,04/02/2025,,,,Draytek,,,,Draytek,,Sal:RS,,AD,,Taxable Sales,,,,Accounts Receivable,,Paid,,,,,,1.00,,"20,000.00",,"20,000.00",,"773,479.66",,Income,,0.00,,,,,,,,,,0.00
,,,"11,168",,Invoice,,04/02/2025,,AS010557,,POWER HOUSE (PVT) LTD,,"Synology 16TB Plus HDD  S/N : 24B0XERF0A0FHF1VL	            24B0XERE0A0AVF1VL	            24B0XE...",,04/02/2025,,,,HDD:HAT3310-16T (Synology 16TB Plus HDD),,Synology 16TB Plus HDD,,Hard Drive,,Sal:RS,,A,,Taxable Sales,,,,Accounts Receivable,,Paid,,,,,,4.00,,"133,500.00",,"534,000.00",,"1,307,479.66",,Income,,0.00,,,,,,,,,,0.00
,,,"11,172",,Invoice,,04/03/2025,,AS010558,,E-Net Integrated Solutions (Pvt) Ltd,,BDCOM S1200-8P2G Switch  S/N : 0W20011501015,,04/03/2025,,,,BDCOM:S1200-8P2G (BDCOM S1200-8P2G Switch),,BDCOM S1200-8P2G Switch,,BDCOM,,Sal:EC,,AR,,Non-Taxable Sales,,,,Accounts Receivable,,Unpaid,,,,392,,1.00,,"10,500.00",,"10,500.00",,"1,317,979.66",,Income,,0.00,,,,,,,,,,0.00
,,,"11,183",,Invoice,,04/07/2025,,AS010559,,Base Hp (Pvt) Ltd,,"Synology DS423 4 Bay NAS  S/N : 2510UVRW30VK4		",,04/07/2025,,,,Synology:DS423 (Synology DS423 4 Bay NAS),,Synology DS423 4 Bay NAS,,Synology,,Sal:RS,,A,,Taxable Sales,,,,Accounts Receivable,,Paid,,,,,,1.00,,"178,800.00",,"178,800.00",,"1,496,779.66",,Income,,0.00,,,,,,,,,,0.00
,,,"11,183",,Invoice,,04/07/2025,,AS010559,,Base Hp (Pvt) Ltd,,"Synology 8TB Plus Hard Drive  S/N : 2430XCRN0A4C8F1YL		            2430XCRN0A45FF1YL		",,04/07/2025,,,,HDD:HAT3310-8T (Synology 8TB Plus Hard Drive),,Synology 8TB Plus Hard Drive,,Hard Drive,,Sal:RS,,A,,Taxable Sales,,,,Accounts Receivable,,Paid,,,,,,2.00,,"88,500.00",,"177,000.00",,"1,673,779.66",,Income,,0.00,,,,,,,,,,0.00
,,,"11,183",,Invoice,,04/07/2025,,AS010559,,Base Hp (Pvt) Ltd,,Acronis Cyber Protect Standart Server Subscription License- 3 Year,,04/07/2025,,,,Acronis,,,,Acronics,,Sal:RS,,A,,Taxable Sales,,,,Accounts Receivable,,Paid,,,,,,1.00,,"444,000.00",,"444,000.00",,"2,117,779.66",,Income,,0.00,,,,,,,,,,0.00
,,,"11,184",,Invoice,,04/07/2025,,AS010560,,Star Technology,,"BDCOM GSFP-SX-D M/M Transceiver  S/N : 1108B003297		            1108B003309		",,04/07/2025,,,,BDCOM:GSFP-SX-D,,,,BDCOM,,Sal:EC,,AD,,Non-Taxable Sales,,,,Accounts Receivable,,Paid,,,,,,2.00,,"4,800.00",,"9,600.00",,"2,127,379.66",,Income,,0.00,,,,,,,,,,0.00
,,,"11,198",,Invoice,,04/08/2025,,AS010561,,E Con Network (Pvt) Ltd,,"BDCOM S1500-8P2G Switch  S/N: 0W20011603693		           0W20011603692		           0W20011603694	...",,04/08/2025,,,,BDCOM:S1500-8P2G (BDCOM S1500-8P2G Switch),,BDCOM S1500-8P2G Switch,,BDCOM,,Sal:RS,,AR,,Taxable Sales,,,,Accounts Receivable,,Paid,,,,,,20.00,,"14,500.00",,"290,000.00",,"2,417,379.66",,Income,,0.00,,,,,,,,,,0.00
,,,"11,224",,Invoice,,04/09/2025,,AS010562,,E-Net Integrated Solutions (Pvt) Ltd,,BDCOM S1500-24T Switch  S/N : 0W20012600424,,04/09/2025,,,,BDCOM:S1500-24T (BDCOM S1500-24T Switch),,BDCOM S1500-24T Switch,,BDCOM,,Sal:RS,,AR,,Non-Taxable Sales,,,,Accounts Receivable,,Unpaid,,,,386,,1.00,,"23,600.00",,"23,600.00",,"2,440,979.66",,Income,,0.00,,,,,,,,,,0.00
,,,"11,225",,Invoice,,04/09/2025,,AS010563,,Enash Global (Pvt) Ltd,,BDCOM S2900-24P4X Switch  S/N : 0G20028007265,,04/09/2025,,,,S2900-24P4X (BDCOM S2900-24P4X Switch),,BDCOM S2900-24P4X Switch,,BDCOM,,Sal:RS,,AD,,Non-Taxable Sales,,,,Accounts Receivable,,Paid,,,,,,1.00,,"163,400.00",,"163,400.00",,"2,604,379.66",,Income,,0.00,,,,,,,,,,0.00
,,,"11,225",,Invoice,,04/09/2025,,AS010563,,Enash Global (Pvt) Ltd,,BDCOM GSFP-SX-D Transceiver  S/N : 1108B003299            1108B003298,,04/09/2025,,,,BDCOM:GSFP-SX-D,,,,BDCOM,,Sal:RS,,AD,,Non-Taxable Sales,,,,Accounts Receivable,,Paid,,,,,,2.00,,,,,,"2,604,379.66",,Income,,0.00,,,,,,,,,,0.00
,,,"11,241",,Invoice,,04/10/2025,,AS010564,,Data Management Systems (Pvt) Limited,,Synology RackStation RS1221RP+ with 32GB RAM  S/N : 24B0RXRYZ0SHH,,04/10/2025,,,,Synology:RS1221RP+,,,,Synology,,Sal:RS,,A,,Taxable Sales,,,,Accounts Receivable,,Paid,,,,,,1.00,,"1,080,000.00",,"1,080,000.00",,"3,684,379.66",,Income,,0.00,,,,,,,,,,0.00
,,,"11,241",,Invoice,,04/10/2025,,AS010564,,Data Management Systems (Pvt) Limited,,"Synology 8TB Plus Hard Drive  S/N : 2430XCRN0A4G8F1YL		           2430XCRN0A4EAF1YL		           ...",,04/10/2025,,,,HDD:HAT3310-8T (Synology 8TB Plus Hard Drive),,Synology 8TB Plus Hard Drive,,Hard Drive,,Sal:RS,,A,,Taxable Sales,,,,Accounts Receivable,,Paid,,,,,,4.00,,,,,,"3,684,379.66",,Income,,0.00,,,,,,,,,,0.00
,,,"11,241",,Invoice,,04/10/2025,,AS010564,,Data Management Systems (Pvt) Limited,,2U Rail Kit,,04/10/2025,,,,Synology:2 U Sliding Rail Kit,,,,Synology,,Sal:RS,,A,,Taxable Sales,,,,Accounts Receivable,,Paid,,,,,,1.00,,,,,,"3,684,379.66",,Income,,0.00,,,,,,,,,,0.00
,,,"11,242",,Invoice,,04/10/2025,,AS010565,,Sampath I T Solutions Limited,,"Synology NAS DS923+ 4 Bay NAS  S/N : 2470TQRSK32GV		",,04/10/2025,,,,Synology:DS923+ (Synology NAS DS923+ 4 Bay NAS),,Synology NAS DS923+ 4 Bay NAS,,Synology,,Sal:RS,,A,,Taxable Sales,,,,Accounts Receivable,,Paid,,,,,,1.00,,"212,625.00",,"212,625.00",,"3,897,004.66",,Income,,0.00,,,,,,,,,,0.00
,,,"11,242",,Invoice,,04/10/2025,,AS010565,,Sampath I T Solutions Limited,,"Synology 4TB Plus HDD  S/N : 24B0VXRZW636E8R	           24B0VXRZW63715Q	           24B0VXRZW636GEQ	",,04/10/2025,,,,HDD:HAT3300-4T (Synology 4TB Plus HDD),,Synology 4TB Plus HDD,,Hard Drive,,Sal:RS,,A,,Taxable Sales,,,,Accounts Receivable,,Paid,,,,,,3.00,,"39,082.50",,"117,247.50",,"4,014,252.16",,Income,,0.00,,,,,,,,,,0.00
,,,"11,242",,Invoice,,04/10/2025,,AS010565,,Sampath I T Solutions Limited,,Synology NAS DS923+ 4 Bay NAS  S/N : 24B0TQRQG50M1,,04/10/2025,,,,Synology:DS923+ (Synology NAS DS923+ 4 Bay NAS),,Synology NAS DS923+ 4 Bay NAS,,Synology,,Sal:RS,,A,,Taxable Sales,,,,Accounts Receivable,,Paid,,,,,,1.00,,"212,625.00",,"212,625.00",,"4,226,877.16",,Income,,0.00,,,,,,,,,,0.00
,,,"11,242",,Invoice,,04/10/2025,,AS010565,,Sampath I T Solutions Limited,,"Synology 4TB Plus HDD  S/N : 24B0VXRZW636MP5	           24B0VXRZW636HT6	           24B0VXRZW636NV9	",,04/10/2025,,,,HDD:HAT3300-4T (Synology 4TB Plus HDD),,Synology 4TB Plus HDD,,Hard Drive,,Sal:RS,,A,,Taxable Sales,,,,Accounts Receivable,,Paid,,,,,,3.00,,"39,082.50",,"117,247.50",,"4,344,124.66",,Income,,0.00,,,,,,,,,,0.00
,,,"11,269",,Invoice,,04/11/2025,,AS010566,,MM Trade Stationers (Pvt) Ltd.,,Synology DiskStation DS224+  2Bay  S/N : 2520WBRY8Q1VX,,04/11/2025,,,,Synology:DS224+ (Synology DiskStation DS224+  2Bay),,Synology DiskStation DS224+  2Bay,,Synology,,Sal:RS,,AR,,Taxable Sales,,,,Accounts Receivable,,Paid,,,,,,1.00,,"122,000.00",,"122,000.00",,"4,466,124.66",,Income,,0.00,,,,,,,,,,0.00
,,,"11,270",,Invoice,,04/11/2025,,AS010567,,Fentons Ltd,,Acronis Cyber Protect - Backup Standard Virtual Host License – Reinstated Renewal Acronis Premiu...,,04/11/2025,,,,Acronis:Acronis Cyber Backup (Acronis Cyber Backup),,Acronis Cyber Backup,,Acronics,,Sal:RS,,A,,Taxable Sales,,,,Accounts Receivable,,Paid,,,,,,12.00,,"55,937.00",,"671,244.00",,"5,137,368.66",,Income,,0.00,,,,,,,,,,0.00
,,,"11,270",,Invoice,,04/11/2025,,AS010567,,Fentons Ltd,,Acronis Cyber Protect - Backup Advanced Virtual Host License  – Reinstated Renewal Acronis Premi...,,04/11/2025,,,,Acronis:Acronis Cyber Backup (Acronis Cyber Backup),,Acronis Cyber Backup,,Acronics,,Sal:RS,,A,,Taxable Sales,,,,Accounts Receivable,,Paid,,,,,,2.00,,"102,190.00",,"204,380.00",,"5,341,748.66",,Income,,0.00,,,,,,,,,,0.00
,,,"11,296",,Invoice,,04/17/2025,,AS010568,,Hexar Evolution (Pvt) Ltd,,"Acronis Cyber Protect Advanced Server Subscription License,1 Year",,04/17/2025,,,,Acronis:Acronis Cyber Backup (Acronis Cyber Backup),,Acronis Cyber Backup,,Acronics,,Sal:RS,,AD,,Taxable Sales,,,,Accounts Receivable,,Paid,,,,,,5.00,,"218,000.00",,"1,090,000.00",,"6,431,748.66",,Income,,0.00,,,,,,,,,,0.00
,,,"11,297",,Invoice,,04/17/2025,,AS010569,,Ceylinco General Insurance Limited,,"16 TB Seagate Exos Enterprise Hard Drives  S/N : ZR5FTQEX		            ZR61CYZH		",,04/17/2025,,,,HDD:16TB Sea Exos (16 TB Seagate Exos Enterprise Hard Drives),,16 TB Seagate Exos Enterprise Hard Drives,,Hard Drive,,Sal:EC,,AS,,Taxable Sales,,,,Accounts Receivable,,Paid,,,,,,2.00,,"175,000.00",,"350,000.00",,"6,781,748.66",,Income,,0.00,,,,,,,,,,0.00
,,,"11,298",,Invoice,,04/18/2025,,AS010570,,Data Management Systems (Pvt) Limited,,Maintenance  Agreement for Warranty Extension,,04/18/2025,,,,MA (Maintenance  Agreement),,Maintenance  Agreement,,Support and Maintenance,,Sal:RS,,AS,,Taxable Sales,,,,Accounts Receivable,,Paid,,,,,,1.00,,"583,000.00",,"583,000.00",,"7,364,748.66",,Income,,0.00,,,,,,,,,,0.00
,,,"11,299",,Invoice,,04/21/2025,,AS010571,,ABSOLUTE BUSINESS SOLUTIONS ( PVT) LTD,,Acronis Cloud Backup 25GB Monthly Subscription,,04/21/2025,,,,Acronis,,,,Acronics,,Sal:RS,,SM,,Non-Taxable Sales,,,,Accounts Receivable,,Paid,,,,,,1.00,,"2,000.00",,"2,000.00",,"7,366,748.66",,Income,,0.00,,,,,,,,,,0.00
,,,"11,300",,Invoice,,04/21/2025,,AS010572,,ABSOLUTE BUSINESS SOLUTIONS ( PVT) LTD,,Acronis Cloud Backup 25GB Monthly Subscription,,04/21/2025,,,,Acronis,,,,Acronics,,Sal:RS,,SM,,Non-Taxable Sales,,,,Accounts Receivable,,Paid,,,,,,1.00,,"2,000.00",,"2,000.00",,"7,368,748.66",,Income,,0.00,,,,,,,,,,0.00
,,,"11,302",,Invoice,,04/21/2025,,AS010573,,Base Hp (Pvt) Ltd,,Synology NAS DS923+ 4 Bay NAS  S/N : 24B0TQRZEB78R,,04/21/2025,,,,Synology:DS923+ (Synology NAS DS923+ 4 Bay NAS),,Synology NAS DS923+ 4 Bay NAS,,Synology,,Sal:RS,,AD,,Taxable Sales,,,,Accounts Receivable,,Paid,,,,,,1.00,,"227,000.00",,"227,000.00",,"7,595,748.66",,Income,,0.00,,,,,,,,,,0.00
,,,"11,302",,Invoice,,04/21/2025,,AS010573,,Base Hp (Pvt) Ltd,,"Synology 6TB Plus Hard Drive  S/N : 2440VYRZVX029GQ		           2440VYRZVX029FC		           2440...",,04/21/2025,,,,HDD:HAT3300-6T (Synology 6TB Plus Hard Drive),,Synology 6TB Plus Hard Drive,,Hard Drive,,Sal:RS,,AD,,Taxable Sales,,,,Accounts Receivable,,Paid,,,,,,4.00,,"68,000.00",,"272,000.00",,"7,867,748.66",,Income,,0.00,,,,,,,,,,0.00
,,,"11,303",,Invoice,,04/21/2025,,AS010574,,Softlogic Information Technologies (Pvt),,"Synology  RS1221+  8Bay NAS  S/N : 2220RWR03YC50		",,04/21/2025,,,,Synology:RS1221+ (Synology  RS1221+  8Bay NAS),,Synology  RS1221+  8Bay NAS,,Synology,,Sal:RS,,A,,Taxable Sales,,,,Accounts Receivable,,Paid,,,,,,1.00,,"524,000.00",,"524,000.00",,"8,391,748.66",,Income,,0.00,,,,,,,,,,0.00
,,,"11,303",,Invoice,,04/21/2025,,AS010574,,Softlogic Information Technologies (Pvt),,"Synology 6TB Plus Hard Drive  S/N : 2440VYRZVX0296W		           2440VYRZVX029SN		           2440...",,04/21/2025,,,,HDD:HAT3300-6T (Synology 6TB Plus Hard Drive),,Synology 6TB Plus Hard Drive,,Hard Drive,,Sal:RS,,A,,Taxable Sales,,,,Accounts Receivable,,Paid,,,,,,6.00,,"69,000.00",,"414,000.00",,"8,805,748.66",,Income,,0.00,,,,,,,,,,0.00
,,,"11,303",,Invoice,,04/21/2025,,AS010574,,Softlogic Information Technologies (Pvt),,"Synology Dual ports E10G30-F2 Adapter Card  S/N : 24C0VPRVX8JQY		",,04/21/2025,,,,Synology:Dual Port F2 Card,,,,Synology,,Sal:RS,,A,,Taxable Sales,,,,Accounts Receivable,,Paid,,,,,,1.00,,"127,000.00",,"127,000.00",,"8,932,748.66",,Income,,0.00,,,,,,,,,,0.00
,,,"11,303",,Invoice,,04/21/2025,,AS010574,,Softlogic Information Technologies (Pvt),,2U Rail Kit,,04/21/2025,,,,Synology:2 U Sliding Rail Kit,,,,Synology,,Sal:RS,,A,,Taxable Sales,,,,Accounts Receivable,,Paid,,,,,,1.00,,,,,,"8,932,748.66",,Income,,0.00,,,,,,,,,,0.00
,,,"11,306",,Invoice,,04/22/2025,,AS010575,,Techtron Integrated Solutions (Pvt) Ltd,,Synology D4ECSO-2666-16G - DDR4 ECC SO-DIMM  S/N : 03-616GD73B0,,04/22/2025,,,,RAM,,,,Hardware,,Sal:RS,,AS,,Taxable Sales,,,,Accounts Receivable,,Paid,,,,,,1.00,,"131,000.00",,"131,000.00",,"9,063,748.66",,Income,,0.00,,,,,,,,,,0.00
,,,"11,310",,Invoice,,04/23/2025,,AS010576,,THE COMPUTER CENTER (PVT) LTD,,Synology DiskStation DS1522+  S/N : 2480TRRCZA3PS,,04/23/2025,,,,Synology:DS1522+ (Synology DiskStation DS1522+),,Synology DiskStation DS1522+,,Synology,,Sal:RS,,AS,,Taxable Sales,,,,Accounts Receivable,,Paid,,,,,,1.00,,"292,000.00",,"292,000.00",,"9,355,748.66",,Income,,0.00,,,,,,,,,,0.00
,,,"11,310",,Invoice,,04/23/2025,,AS010576,,THE COMPUTER CENTER (PVT) LTD,,"Synology 16TB Plus HDD  S/N : 2510XERL0A0MEF1VL		            2510XERK0A0W2F1VL		            2510...",,04/23/2025,,,,HDD:HAT3310-16T (Synology 16TB Plus HDD),,Synology 16TB Plus HDD,,Hard Drive,,Sal:RS,,AS,,Taxable Sales,,,,Accounts Receivable,,Paid,,,,,,5.00,,"130,000.00",,"650,000.00",,"10,005,748.66",,Income,,0.00,,,,,,,,,,0.00
,,,"11,311",,Invoice,,04/23/2025,,AS010577,,TechBio Distribution Lanka (Pvt) Ltd,,"Synology 16TB Plus HDD  S/N : 2510XERL0A0N9F1VL		            2510XERL0A0MYF1VL		            2510...",,04/23/2025,,,,HDD:HAT3310-16T (Synology 16TB Plus HDD),,Synology 16TB Plus HDD,,Hard Drive,,Sal:RS,,A,,Taxable Sales,,,,Accounts Receivable,,Paid,,,,,,4.00,,"124,000.00",,"496,000.00",,"10,501,748.66",,Income,,0.00,,,,,,,,,,0.00
,,,"11,316",,Invoice,,04/24/2025,,AS010578,,People's Merchant Finance PLC,,Maintenance  Agreement,,04/24/2025,,,,MA (Maintenance  Agreement),,Maintenance  Agreement,,Support and Maintenance,,Mnt,,A,,Non-Taxable Sales,,,,Accounts Receivable,,Paid,,,,,,1.00,,"313,880.00",,"313,880.00",,"10,815,628.66",,Income,,0.00,,,,,,,,,,0.00
,,,"11,317",,Invoice,,04/24/2025,,AS010579,,AL - ARAF HOTELS & RESORT (PVT) LTD,,Hosting Charges for 10 email Accounts (10$),,04/24/2025,,,,Hosting (Hosting),,Hosting,,Support and Maintenance,,Sal:EC,,AS,,Taxable Sales,,,,Accounts Receivable,,Paid,,,,,,1.00,,"3,030.00",,"3,030.00",,"10,818,658.66",,Income,,0.00,,,,,,,,,,0.00
,,,"11,318",,Invoice,,04/24/2025,,AS010580,,LANKA COMMODITY BROKERS LTD,,Anti Spam Service,,04/24/2025,,,,Services,,,,Support and Maintenance,,Mnt,,AS,,Taxable Sales,,,,Accounts Receivable,,Paid,,,,,,1.00,,"6,732.66",,"6,732.66",,"10,825,391.32",,Income,,0.00,,,,,,,,,,0.00
,,,"11,319",,Invoice,,04/24/2025,,AS010581,,LANKA COMMODITY BROKERS LTD,,7GB Storage Space  100GB Transfer Bandwidth  1 Nos Fixed IP. (Clean)  SPF/ DKIM Supported  Spam ...,,04/24/2025,,,,Host Email,,,,Support and Maintenance,,Mnt,,AS,,Taxable Sales,,,,Accounts Receivable,,Paid,,,,,,1.00,,"18,473.91",,"18,473.91",,"10,843,865.23",,Income,,0.00,,,,,,,,,,0.00
,,,"11,320",,Invoice,,04/24/2025,,AS010582,,LANKA MOUNT CASTLE (PVT) LTD,,20GB Storage Capacity with 30 Email Accounts,,04/24/2025,,,,Host Email,,,,Support and Maintenance,,Mnt,,AS,,Taxable Sales,,,,Accounts Receivable,,Paid,,,,,,1.00,,"15,150.00",,"15,150.00",,"10,859,015.23",,Income,,0.00,,,,,,,,,,0.00
,,,"11,321",,Invoice,,04/25/2025,,AS010583,,We Effect Country Office,,Synology NAS Configuration & Transport charges,,04/25/2025,,,,Services,,,,Support and Maintenance,,Sal:EC,,A,,Non-Taxable Sales,,,,Accounts Receivable,,Paid,,,,,,1.00,,"10,030.00",,"10,030.00",,"10,869,045.23",,Income,,0.00,,,,,,,,,,0.00
,,,"11,322",,Invoice,,04/25/2025,,AS010584,,Southern Technologies,,BDCOM S1006-4p-65 Unmanaged 4 ports 10/100 PoE Ports and 2 Ports 10/100 NON PoE  S/N : SLM17080174,,04/25/2025,,,,BDCOM:S1006-4p-65 (BDCOM S1006-4p-65 Unmanaged 4 ports 10/100 PoE Ports and 2 Ports 10/100 NON PoE),,BDCOM S1006-4p-65 Unmanaged 4 ports 10/100 PoE Ports and 2 Ports 10/100 NON PoE,,BDCOM,,Sal:RS,,AR,,Non-Taxable Sales,,,,Accounts Receivable,,Paid,,,,,,1.00,,"6,100.00",,"6,100.00",,"10,875,145.23",,Income,,0.00,,,,,,,,,,0.00
,,,"11,322",,Invoice,,04/25/2025,,AS010584,,Southern Technologies,,BDCOM S1200-8P2G Switch  S/N : 0W20011501011,,04/25/2025,,,,BDCOM:S1200-8P2G (BDCOM S1200-8P2G Switch),,BDCOM S1200-8P2G Switch,,BDCOM,,Sal:RS,,AR,,Non-Taxable Sales,,,,Accounts Receivable,,Paid,,,,,,1.00,,"10,600.00",,"10,600.00",,"10,885,745.23",,Income,,0.00,,,,,,,,,,0.00
,,,"11,324",,Invoice,,04/26/2025,,AS010585,,Bharat Aponso,,Draytek Vigor 2927 Security Appliance. Dual Wan  S/N : 207004207311,,04/26/2025,,,,Draytek:Vigor 2927 (Draytek Vigor 2927 Security Appliance. Dual Wan),,Draytek Vigor 2927 Security Appliance. Dual Wan,,Draytek,,Sal:EC,,AD,,Non-Taxable Sales,,,,Accounts Receivable,,Paid,,,,,,1.00,,"80,000.00",,"80,000.00",,"10,965,745.23",,Income,,0.00,,,,,,,,,,0.00
,,,"11,324",,Invoice,,04/26/2025,,AS010585,,Bharat Aponso,,DrayTek License Key - 1 Year,,04/26/2025,,,,Cyren Key (DrayTek Cyren Key),,DrayTek Cyren Key,,Other Sales,,Sal:EC,,AD,,Non-Taxable Sales,,,,Accounts Receivable,,Paid,,,,,,1.00,,"20,000.00",,"20,000.00",,"10,985,745.23",,Income,,0.00,,,,,,,,,,0.00
,,,"11,330",,Invoice,,04/29/2025,,AS010586,,THE COMPUTER CENTER (PVT) LTD,,"Synology 12TB Enterprise Hard Drive  S/N : 2410SSRL0A17WFDYH		           2410SSRL0A190FDYH		",,04/29/2025,,,,HDD:HAT5300-12T (Synology 12TB Enterprise Hard Drive),,Synology 12TB Enterprise Hard Drive,,Hard Drive,,Sal:RS,,AS,,Taxable Sales,,,,Accounts Receivable,,Paid,,,,,,2.00,,"171,000.00",,"342,000.00",,"11,327,745.23",,Income,,0.00,,,,,,,,,,0.00
,,,"11,331",,Invoice,,04/29/2025,,AS010587,,Adapt Information Technologies,,"Synology DiskStation DS423+ 4Bay  S/N : 24C0VKR808CEJ		",,04/25/2025,,,,Synology:DS423+ (Synology DiskStation DS423+ 4Bay),,Synology DiskStation DS423+ 4Bay,,Synology,,Sal:RS,,A,,Taxable Sales,,,,Accounts Receivable,,Paid,,,,,,1.00,,"172,000.00",,"172,000.00",,"11,499,745.23",,Income,,0.00,,,,,,,,,,0.00
,,,"11,331",,Invoice,,04/29/2025,,AS010587,,Adapt Information Technologies,,"Synology 4TB Plus HDD  S/N : 24B0VXRZW636NAN		            24B0VXRZW636ETW		            24B0VXRZW...",,04/25/2025,,,,HDD:HAT3300-4T (Synology 4TB Plus HDD),,Synology 4TB Plus HDD,,Hard Drive,,Sal:RS,,A,,Taxable Sales,,,,Accounts Receivable,,Paid,,,,,,4.00,,"42,000.00",,"168,000.00",,"11,667,745.23",,Income,,0.00,,,,,,,,,,0.00
,,,"11,332",,Invoice,,04/30/2025,,AS010588,,NSK Media Systems (Pvt) Ltd,,BDCOM S1500-16T Switch  S/N : 0W20012501255,,04/30/2025,,,,BDCOM:S1500-16T (BDCOM S1500-16T Switch),,BDCOM S1500-16T Switch,,BDCOM,,Sal:RS,,AR,,Non-Taxable Sales,,,,Accounts Receivable,,Paid,,,,,,1.00,,"19,000.00",,"19,000.00",,"11,686,745.23",,Income,,0.00,,,,,,,,,,0.00
,,,"11,332",,Invoice,,04/30/2025,,AS010588,,NSK Media Systems (Pvt) Ltd,,BDCOM POE S1000-8P2F  8Port 100M Switch  S/N: 0W20011407170,,04/30/2025,,,,BDCOM:S1000-8P2F (BDCOM POE S1000-8P2F  8Port 100M Switch),,BDCOM POE S1000-8P2F  8Port 100M Switch,,BDCOM,,Sal:RS,,AR,,Non-Taxable Sales,,,,Accounts Receivable,,Paid,,,,,,1.00,,"8,100.00",,"8,100.00",,"11,694,845.23",,Income,,0.00,,,,,,,,,,0.00
,,,"11,335",,Invoice,,04/30/2025,,AS010589,,THE COMPUTER CENTER (PVT) LTD,,"Synology Rackstation RS822RP+  S/N : 2520UJRGTVNFM	",,04/30/2025,,,,Synology:RS822RP+ (Synology Rackstation RS822RP+),,Synology Rackstation RS822RP+,,Synology,,Sal:RS,,AS,,Taxable Sales,,,,Accounts Receivable,,Paid,,,,,,1.00,,"952,000.00",,"952,000.00",,"12,646,845.23",,Income,,0.00,,,,,,,,,,0.00
,,,"11,335",,Invoice,,04/30/2025,,AS010589,,THE COMPUTER CENTER (PVT) LTD,,"Synology 12TB Plus Hard Drive  S/N :24J0A10AF1XL		           24J0A3GKF1XL		           24J0A3CWF1...",,04/30/2025,,,,HDD:HAT3310-12T (12TB Synology Plus HDD),,12TB Synology Plus HDD,,Hard Drive,,Sal:RS,,AS,,Taxable Sales,,,,Accounts Receivable,,Paid,,,,,,4.00,,,,0.00,,"12,646,845.23",,Income,,0.00,,,,,,,,,,0.00
,,,"11,335",,Invoice,,04/30/2025,,AS010589,,THE COMPUTER CENTER (PVT) LTD,,"Synology Rackstation RS822RP+  S/N : 2520UJRVYZV83	",,04/30/2025,,,,Synology:RS822RP+ (Synology Rackstation RS822RP+),,Synology Rackstation RS822RP+,,Synology,,Sal:RS,,AS,,Taxable Sales,,,,Accounts Receivable,,Paid,,,,,,1.00,,"952,000.00",,"952,000.00",,"13,598,845.23",,Income,,0.00,,,,,,,,,,0.00
,,,"11,335",,Invoice,,04/30/2025,,AS010589,,THE COMPUTER CENTER (PVT) LTD,,"Synology 12TB Plus Hard Drive  S/N :24J0A3DYF1XL		           24J0A2XXF1XL		           24J0A101F1...",,04/30/2025,,,,HDD:HAT3310-12T (12TB Synology Plus HDD),,12TB Synology Plus HDD,,Hard Drive,,Sal:RS,,AS,,Taxable Sales,,,,Accounts Receivable,,Paid,,,,,,4.00,,,,0.00,,"13,598,845.23",,Income,,0.00,,,,,,,,,,0.00
,,,"11,335",,Invoice,,04/30/2025,,AS010589,,THE COMPUTER CENTER (PVT) LTD,,1U Rail Kit,,04/30/2025,,,,Synology:1 U Fixed Rail Kit,,,,Synology,,Sal:RS,,AS,,Taxable Sales,,,,Accounts Receivable,,Paid,,,,,,2.00,,,,,,"13,598,845.23",,Income,,0.00,,,,,,,,,,0.00
,,,"11,336",,Invoice,,05/02/2025,,AS010590,,Ncinga (Pvt) Ltd,,Synology Rackstation RS822RP+ WIth 32GB RAM  S/N : 2520UJR6XTHG9,,05/02/2025,,,,Synology:RS822RP+ (Synology Rackstation RS822RP+),,Synology Rackstation RS822RP+,,Synology,,Sal:RS,,A,,Taxable Sales,,,,Accounts Receivable,,Paid,,,,,,1.00,,"690,000.00",,"690,000.00",,"14,288,845.23",,Income,,0.00,,,,,,,,,,0.00
,,,"11,336",,Invoice,,05/02/2025,,AS010590,,Ncinga (Pvt) Ltd,,"16TB Synology Enterprise Hard Drive  S/N : 2150T8RE0A096FE2H            2310T8RF0A0JRFE2H		     ...",,05/02/2025,,,,HDD:16TB Synology Ent (16TB Synology Enterprise Hard Drive),,16TB Synology Enterprise Hard Drive,,Hard Drive,,Sal:RS,,A,,Taxable Sales,,,,Accounts Receivable,,Paid,,,,,,4.00,,"211,000.00",,"844,000.00",,"15,132,845.23",,Income,,0.00,,,,,,,,,,0.00
,,,"11,336",,Invoice,,05/02/2025,,AS010590,,Ncinga (Pvt) Ltd,,Synology Rackstation RS822RP+ With 32GB RAM  S/N : 2520UJRRX4QHB,,05/02/2025,,,,Synology:RS822RP+ (Synology Rackstation RS822RP+),,Synology Rackstation RS822RP+,,Synology,,Sal:RS,,A,,Taxable Sales,,,,Accounts Receivable,,Paid,,,,,,1.00,,"690,000.00",,"690,000.00",,"15,822,845.23",,Income,,0.00,,,,,,,,,,0.00
,,,"11,336",,Invoice,,05/02/2025,,AS010590,,Ncinga (Pvt) Ltd,,"16TB Synology Enterprise Hard Drive  S/N : 2310T8RF0A0JAFE2H		            2310T8RF0A0J1FE2H		   ...",,05/02/2025,,,,HDD:16TB Synology Ent (16TB Synology Enterprise Hard Drive),,16TB Synology Enterprise Hard Drive,,Hard Drive,,Sal:RS,,A,,Taxable Sales,,,,Accounts Receivable,,Paid,,,,,,4.00,,"211,000.00",,"844,000.00",,"16,666,845.23",,Income,,0.00,,,,,,,,,,0.00
,,,"11,336",,Invoice,,05/02/2025,,AS010590,,Ncinga (Pvt) Ltd,,1U Rail Kit,,05/02/2025,,,,Synology:1 U Fixed Rail Kit,,,,Synology,,Sal:RS,,A,,Taxable Sales,,,,Accounts Receivable,,Paid,,,,,,2.00,,,,,,"16,666,845.23",,Income,,0.00,,,,,,,,,,0.00
,,,"11,337",,Invoice,,05/02/2025,,AS010591,,Softlogic Information Technologies (Pvt),,Synology  RS1221+  8Bay NAS  S/N : 2220RWR4VS4AK  ,,05/02/2025,,,,Synology:RS1221+ (Synology  RS1221+  8Bay NAS),,Synology  RS1221+  8Bay NAS,,Synology,,Sal:RS,,A,,Taxable Sales,,,,Accounts Receivable,,Paid,,,,,,1.00,,"502,200.00",,"502,200.00",,"17,169,045.23",,Income,,0.00,,,,,,,,,,0.00
,,,"11,337",,Invoice,,05/02/2025,,AS010591,,Softlogic Information Technologies (Pvt),,"8 TB Enterprise Hard Drive  S/N : 2470UFRK0A1KDFW0H		            2470UFRK0A1JDFW0H		            ...",,05/02/2025,,,,HDD:8TB  ENT SATA (8 TB Enterprise Hard Drive),,8 TB Enterprise Hard Drive,,Hard Drive,,Sal:RS,,A,,Taxable Sales,,,,Accounts Receivable,,Paid,,,,,,7.00,,"114,210.00",,"799,470.00",,"17,968,515.23",,Income,,0.00,,,,,,,,,,0.00
,,,"11,337",,Invoice,,05/02/2025,,AS010591,,Softlogic Information Technologies (Pvt),,1U Rail Kit,,05/02/2025,,,,Synology:1 U Fixed Rail Kit,,,,Synology,,Sal:RS,,A,,Taxable Sales,,,,Accounts Receivable,,Paid,,,,,,1.00,,,,,,"17,968,515.23",,Income,,0.00,,,,,,,,,,0.00
,,,"11,338",,Invoice,,05/02/2025,,AS010592,,I M Solutions,,"S1500-24P2S-370 BDCOM Switch  S/N : 0W20012000766		            0W20012000900  		  ",,05/02/2025,,,,BDCOM:S1500-24P2S-370 (S1500-24P2S-370 BDCOM Switch),,S1500-24P2S-370 BDCOM Switch,,BDCOM,,Sal:RS,,AD,,Taxable Sales,,,,Accounts Receivable,,Paid,,,,,,2.00,,"62,000.00",,"124,000.00",,"18,092,515.23",,Income,,0.00,,,,,,,,,,0.00
,,,"11,339",,Invoice,,05/02/2025,,AS010593,,RK Computers,,BDCOM 16Port 100M POE+ 2Port 1G RJ45 + 1 -Port GE SFP port Unmanaged POE Switch  S/N : 0W2001170...,,05/02/2025,,,,BDCOM:S1200-16P2G1S (BDCOM 16Port 100M POE+ 2Port 1G RJ45 + 1 -Port GE SFP port Unmanaged POE Sw...,,BDCOM 16Port 100M POE+ 2Port 1G RJ45 + 1 -Port GE SFP port Unmanaged POE Switch,,BDCOM,,Sal:RS,,AR,,Non-Taxable Sales,,,,Accounts Receivable,,Paid,,,,,,1.00,,"23,540.00",,"23,540.00",,"18,116,055.23",,Income,,0.00,,,,,,,,,,0.00
,,,"11,347",,Invoice,,05/07/2025,,AS010594,,Adapt Information Technologies,,Acronis Cyber Backup 12.5 -  Acronis Cyber Files Cloud Storage (Sync & Share),,05/07/2025,,,,Acronis:Acronis Cyber Backup (Acronis Cyber Backup),,Acronis Cyber Backup,,Acronics,,Sal:RS,,A,,Taxable Sales,,,,Accounts Receivable,,Paid,,,,,,12.00,,"12,800.00",,"153,600.00",,"18,269,655.23",,Income,,0.00,,,,,,,,,,0.00
,,,"11,350",,Invoice,,05/08/2025,,AS010595,,Barclays Computers (Pvt) Ltd,,"BDCOM POE S1000-8P2F  8Port 100M Switch  S/N :0W20011407011	           0W20011407179	           ...",,05/08/2025,,,,BDCOM:S1000-8P2F (BDCOM POE S1000-8P2F  8Port 100M Switch),,BDCOM POE S1000-8P2F  8Port 100M Switch,,BDCOM,,Sal:RS,,AR,,Taxable Sales,,,,Accounts Receivable,,Paid,,,,,,3.00,,"6,900.00",,"20,700.00",,"18,290,355.23",,Income,,0.00,,,,,,,,,,0.00
,,,"11,351",,Invoice,,05/09/2025,,AS010596,,Southern Technologies,,"BDCOM S1200-8P2G Switch  S/N : 0W20011501016 - failed on 8/7/2025 	            0W20011501018	   ...",,05/09/2025,,,,BDCOM:S1200-8P2G (BDCOM S1200-8P2G Switch),,BDCOM S1200-8P2G Switch,,BDCOM,,Sal:RS,,AR,,Non-Taxable Sales,,,,Accounts Receivable,,Paid,,,,,,3.00,,"10,600.00",,"31,800.00",,"18,322,155.23",,Income,,0.00,,,,,,,,,,0.00
,,,"11,352",,Invoice,,05/09/2025,,AS010597,,Barclays Computers (Pvt) Ltd,,Synology Diskstation DS223  2Bay  S/N :  2510V1RX5DPKE,,05/09/2025,,,,Synology:DS223 (Synology Diskstation DS223  2Bay),,Synology Diskstation DS223  2Bay,,Synology,,Sal:RS,,AS,,Taxable Sales,,,,Accounts Receivable,,Paid,,,,,,1.00,,"94,000.00",,"94,000.00",,"18,416,155.23",,Income,,0.00,,,,,,,,,,0.00
,,,"11,352",,Invoice,,05/09/2025,,AS010597,,Barclays Computers (Pvt) Ltd,,Synology DS423 4 Bay NAS  S/N : 2530UVRS5TE9C,,05/09/2025,,,,Synology:DS423 (Synology DS423 4 Bay NAS),,Synology DS423 4 Bay NAS,,Synology,,Sal:RS,,AS,,Taxable Sales,,,,Accounts Receivable,,Paid,,,,,,1.00,,"130,000.00",,"130,000.00",,"18,546,155.23",,Income,,0.00,,,,,,,,,,0.00
,,,"11,353",,Invoice,,05/09/2025,,AS010598,,E Tech IT Solutions Pvt Ltd,,Synology Diskstation DS223  2Bay  S/N : 2510V1RHBYYEA,,05/09/2025,,,,Synology:DS223 (Synology Diskstation DS223  2Bay),,Synology Diskstation DS223  2Bay,,Synology,,Sal:RS,,AD,,Taxable Sales,,,,Accounts Receivable,,Paid,,,,,,1.00,,"97,000.00",,"97,000.00",,"18,643,155.23",,Income,,0.00,,,,,,,,,,0.00
,,,"11,353",,Invoice,,05/09/2025,,AS010598,,E Tech IT Solutions Pvt Ltd,,Synology 2TB Plus Hard Drive  S/N : 2470XZR00ZWD18WXX           2470XZR00ZWD1939P  ,,05/09/2025,,,,HDD:HAT3300-2T (Synology 2TB Plus Hard Drive),,Synology 2TB Plus Hard Drive,,Hard Drive,,Sal:RS,,AD,,Taxable Sales,,,,Accounts Receivable,,Paid,,,,,,2.00,,"37,000.00",,"74,000.00",,"18,717,155.23",,Income,,0.00,,,,,,,,,,0.00
,,,"11,358",,Invoice,,05/09/2025,,AS010599,,Studio Lakdam,,"BDCOM S1500-24T Switch  S/N : 0W20012600425		",,05/09/2025,,,,BDCOM:S1500-24T (BDCOM S1500-24T Switch),,BDCOM S1500-24T Switch,,BDCOM,,Sal:RS,,AD,,Non-Taxable Sales,,,,Accounts Receivable,,Paid,,,,,,1.00,,"26,500.00",,"26,500.00",,"18,743,655.23",,Income,,0.00,,,,,,,,,,0.00
,,,"11,359",,Invoice,,05/14/2025,,AS010600,,Byte Bolster solution,,Synology RackStation RS1221RP+  S/N : 24B0RXRVZT5GN,,05/14/2025,,,,Synology:RS1221RP+,,,,Synology,,Sal:RS,,AD,,Non-Taxable Sales,,,,Accounts Receivable,,Paid,,,,,,1.00,,"709,180.00",,"709,180.00",,"19,452,835.23",,Income,,0.00,,,,,,,,,,0.00
,,,"11,359",,Invoice,,05/14/2025,,AS010600,,Byte Bolster solution,,"Synology 4TB Plus HDD  S/N : 24B0VXRZW6372P9	           24B0VXRZW636J1W	           24B0VXRZW636P...",,05/14/2025,,,,HDD:HAT3300-4T (Synology 4TB Plus HDD),,Synology 4TB Plus HDD,,Hard Drive,,Sal:RS,,AD,,Non-Taxable Sales,,,,Accounts Receivable,,Paid,,,,,,4.00,,"53,100.00",,"212,400.00",,"19,665,235.23",,Income,,0.00,,,,,,,,,,0.00
,,,"11,359",,Invoice,,05/14/2025,,AS010600,,Byte Bolster solution,,2U Rail Kit,,05/14/2025,,,,Synology:1 U Fixed Rail Kit,,,,Synology,,Sal:RS,,AD,,Non-Taxable Sales,,,,Accounts Receivable,,Paid,,,,,,1.00,,,,,,"19,665,235.23",,Income,,0.00,,,,,,,,,,0.00
,,,"11,360",,Invoice,,05/15/2025,,AS010601,,Barclays Computers (Pvt) Ltd,,"BDCOM S1500-8P2G Switch  S/N : 0W20011600273	            0W20011603666	",,05/15/2025,,,,BDCOM:S1500-8P2G (BDCOM S1500-8P2G Switch),,BDCOM S1500-8P2G Switch,,BDCOM,,Sal:RS,,AR,,Taxable Sales,,,,Accounts Receivable,,Paid,,,,,,2.00,,"13,500.00",,"27,000.00",,"19,692,235.23",,Income,,0.00,,,,,,,,,,0.00
,,,"11,360",,Invoice,,05/15/2025,,AS010601,,Barclays Computers (Pvt) Ltd,,"S1500-24T2S BDCOM Switch  S/N : 0W20012300402	",,05/15/2025,,,,BDCOM:S1500-24T2S (S1500-24T2S BDCOM Switch),,S1500-24T2S BDCOM Switch,,BDCOM,,Sal:RS,,AR,,Taxable Sales,,,,Accounts Receivable,,Paid,,,,,,1.00,,"24,200.00",,"24,200.00",,"19,716,435.23",,Income,,0.00,,,,,,,,,,0.00
,,,"11,360",,Invoice,,05/15/2025,,AS010601,,Barclays Computers (Pvt) Ltd,,"BDCOM S 1508E Switch  S/N : 0W20002004578	            0W20002004569	            0W20002004574	  ...",,05/15/2025,,,,BDCOM:S1508E,,,,BDCOM,,Sal:RS,,AR,,Taxable Sales,,,,Accounts Receivable,,Paid,,,,,,5.00,,"5,000.00",,"25,000.00",,"19,741,435.23",,Income,,0.00,,,,,,,,,,0.00
,,,"11,360",,Invoice,,05/15/2025,,AS010601,,Barclays Computers (Pvt) Ltd,,BDCOM S1500-16P2S POE Switch  S/N : 0W20012100779,,05/15/2025,,,,BDCOM:S1500-16P2S (BDCOM S1500-16P2S POE Switch),,BDCOM S1500-16P2S POE Switch,,BDCOM,,Sal:RS,,AR,,Taxable Sales,,,,Accounts Receivable,,Paid,,,,,,1.00,,"40,000.00",,"40,000.00",,"19,781,435.23",,Income,,0.00,,,,,,,,,,0.00
,,,"11,363",,Invoice,,05/16/2025,,AS010602,,Apex Business Solutions PVT Ltd.,,"BDCOM S1500-16P2S POE Switch  S/N : 0W20012100777		            0W20012100778		            0W2001...",,05/16/2025,,,,BDCOM:S1500-16P2S (BDCOM S1500-16P2S POE Switch),,BDCOM S1500-16P2S POE Switch,,BDCOM,,Sal:RS,,AD,,Taxable Sales,,,,Accounts Receivable,,Paid,,,,,,3.00,,"39,000.00",,"117,000.00",,"19,898,435.23",,Income,,0.00,,,,,,,,,,0.00
,,,"11,364",,Invoice,,05/16/2025,,AS010603,,TechBio Distribution Lanka (Pvt) Ltd,,"Synology 8TB Plus Hard Drive  S/N : 2520XCRX0A021F1YL	  ",,05/16/2025,,,,HDD:HAT3310-8T (Synology 8TB Plus Hard Drive),,Synology 8TB Plus Hard Drive,,Hard Drive,,Sal:RS,,A,,Taxable Sales,,,,Accounts Receivable,,Paid,,,,,,1.00,,"82,000.00",,"82,000.00",,"19,980,435.23",,Income,,0.00,,,,,,,,,,0.00
,,,"11,365",,Invoice,,05/16/2025,,AS010604,,FT Soft (Pvt) Ltd,,"Synology 4TB Plus HDD  S/N : 24B0VXRZW6372RR	            24B0VXRZW6372R5	  ",,05/16/2025,,,,HDD:HAT3300-4T (Synology 4TB Plus HDD),,Synology 4TB Plus HDD,,Hard Drive,,Sal:RS,,A,,Taxable Sales,,,,Accounts Receivable,,Paid,,,,,,2.00,,"45,000.00",,"90,000.00",,"20,070,435.23",,Income,,0.00,,,,,,,,,,0.00
,,,"11,460",,Credit Memo,,05/19/2025,,AS00111,,Computerage (Pvt) Ltd,,BDCOM S1006-4p-65 Unmanaged 4 ports 10/100 PoE Ports and 2 Ports 10/100 NON PoE,,05/19/2025,,,,BDCOM:S1006-4p-65 (BDCOM S1006-4p-65 Unmanaged 4 ports 10/100 PoE Ports and 2 Ports 10/100 NON PoE),,BDCOM S1006-4p-65 Unmanaged 4 ports 10/100 PoE Ports and 2 Ports 10/100 NON PoE,,BDCOM,,Sal:RS,,,,Taxable Sales,,,,Accounts Receivable,,Paid,,,,,,-1.00,,"5,930.00",,"-5,930.00",,"20,064,505.23",,Income,,0.00,,,,,,,,,,0.00
,,,"11,460",,Credit Memo,,05/19/2025,,AS00111,,Computerage (Pvt) Ltd,,BDCOM S1500-8P2G Switch,,05/19/2025,,,,BDCOM:S1500-8P2G (BDCOM S1500-8P2G Switch),,BDCOM S1500-8P2G Switch,,BDCOM,,Sal:RS,,,,Taxable Sales,,,,Accounts Receivable,,Paid,,,,,,-2.00,,"15,500.00",,"-31,000.00",,"20,033,505.23",,Income,,0.00,,,,,,,,,,0.00
,,,"11,460",,Credit Memo,,05/19/2025,,AS00111,,Computerage (Pvt) Ltd,,BDCOM S1008 8 Port 10/100 BaseT Standard Switch,,05/19/2025,,,,BDCOM:S1008 (BDCOM S1008 8 Port 10/100 BaseT Standard Switch),,BDCOM S1008 8 Port 10/100 BaseT Standard Switch,,BDCOM,,Sal:RS,,,,Taxable Sales,,,,Accounts Receivable,,Paid,,,,,,-1.00,,"3,300.00",,"-3,300.00",,"20,030,205.23",,Income,,0.00,,,,,,,,,,0.00
,,,"11,460",,Credit Memo,,05/19/2025,,AS00111,,Computerage (Pvt) Ltd,,BDCOM S1024B 24 Port 100M BaseT 1U Rack Mounted,,05/19/2025,,,,BDCOM:S1024B (BDCOM S1024B 24 Port 100M BaseT 1U Rack Mounted),,BDCOM S1024B 24 Port 100M BaseT 1U Rack Mounted,,BDCOM,,Sal:RS,,,,Taxable Sales,,,,Accounts Receivable,,Paid,,,,,,-1.00,,"16,400.00",,"-16,400.00",,"20,013,805.23",,Income,,0.00,,,,,,,,,,0.00
,,,"11,460",,Credit Memo,,05/19/2025,,AS00111,,Computerage (Pvt) Ltd,,BDCOM S1508E Switch,,05/19/2025,,,,BDCOM:S1508E,,,,BDCOM,,Sal:RS,,,,Taxable Sales,,,,Accounts Receivable,,Paid,,,,,,-1.00,,"5,350.00",,"-5,350.00",,"20,008,455.23",,Income,,0.00,,,,,,,,,,0.00
,,,"11,460",,Credit Memo,,05/19/2025,,AS00111,,Computerage (Pvt) Ltd,,BDCOM S1010-8p-120 Unmanaged 8 Port 10/100 PoE Ports and 2 Ports 10/100 NON PoE,,05/19/2025,,,,BDCOM:S1010-8p-120 (BDCOM S1010-8p-120 Unmanaged 8 Port 10/100 PoE Ports and 2 Ports 10/100 NON ...,,BDCOM S1010-8p-120 Unmanaged 8 Port 10/100 PoE Ports and 2 Ports 10/100 NON PoE,,BDCOM,,Sal:RS,,,,Taxable Sales,,,,Accounts Receivable,,Paid,,,,,,-2.00,,"16,050.00",,"-32,100.00",,"19,976,355.23",,Income,,0.00,,,,,,,,,,0.00
,,,"11,460",,Credit Memo,,05/19/2025,,AS00111,,Computerage (Pvt) Ltd,,S1500-24P2S-370 BDCOM Switch,,05/19/2025,,,,BDCOM:S1500-24P2S-370 (S1500-24P2S-370 BDCOM Switch),,S1500-24P2S-370 BDCOM Switch,,BDCOM,,Sal:RS,,,,Taxable Sales,,,,Accounts Receivable,,Paid,,,,,,-1.00,,"47,000.00",,"-47,000.00",,"19,929,355.23",,Income,,0.00,,,,,,,,,,0.00
,,,"11,366",,Invoice,,05/19/2025,,AS010605,,ABC Computers,,"Synology 8TB Enterprise Hard Drive  S/N : 2470UFRK0A2XNFW0H		",,05/19/2025,,,,HDD:HAT5310-8T (Synology 8TB Enterprise Hard Drive),,Synology 8TB Enterprise Hard Drive,,Hard Drive,,Sal:RS,,AD,,Taxable Sales,,,,Accounts Receivable,,Paid,,,,,,1.00,,"124,000.00",,"124,000.00",,"20,053,355.23",,Income,,0.00,,,,,,,,,,0.00
,,,"11,375",,Invoice,,05/20/2025,,AS010606,,ABSOLUTE BUSINESS SOLUTIONS ( PVT) LTD,,Acronis Cloud Backup 25GB Monthly Subscription,,05/20/2025,,,,Acronis,,,,Acronics,,Sal:RS,,SM,,Non-Taxable Sales,,,,Accounts Receivable,,Paid,,,,,,1.00,,"2,000.00",,"2,000.00",,"20,055,355.23",,Income,,0.00,,,,,,,,,,0.00
,,,"11,376",,Invoice,,05/20/2025,,AS010607,,ABSOLUTE BUSINESS SOLUTIONS ( PVT) LTD,,Acronis Cloud Backup 25GB Monthly Subscription,,05/20/2025,,,,Acronis,,,,Acronics,,Sal:RS,,SM,,Non-Taxable Sales,,,,Accounts Receivable,,Paid,,,,,,1.00,,"2,000.00",,"2,000.00",,"20,057,355.23",,Income,,0.00,,,,,,,,,,0.00
,,,"11,377",,Invoice,,05/20/2025,,AS010608,,LANKA COMMODITY BROKERS LTD,,7GB Storage Space  100GB Transfer Bandwidth  1 Nos Fixed IP. (Clean)  SPF/ DKIM Supported  Spam ...,,05/20/2025,,,,Host Email,,,,Support and Maintenance,,Mnt,,AS,,Taxable Sales,,,,Accounts Receivable,,Paid,,,,,,1.00,,"18,473.91",,"18,473.91",,"20,075,829.14",,Income,,0.00,,,,,,,,,,0.00
,,,"11,378",,Invoice,,05/20/2025,,AS010609,,LANKA COMMODITY BROKERS LTD,,Anti Spam Service,,05/20/2025,,,,Services,,,,Support and Maintenance,,Mnt,,AS,,Taxable Sales,,,,Accounts Receivable,,Paid,,,,,,1.00,,"6,732.66",,"6,732.66",,"20,082,561.80",,Income,,0.00,,,,,,,,,,0.00
,,,"11,379",,Invoice,,05/20/2025,,AS010610,,LANKA MOUNT CASTLE (PVT) LTD,,20GB Storage Capacity with 30 Email Accounts,,05/20/2025,,,,Host Email,,,,Support and Maintenance,,Mnt,,AS,,Taxable Sales,,,,Accounts Receivable,,Unpaid,,,,345,,1.00,,"15,150.00",,"15,150.00",,"20,097,711.80",,Income,,0.00,,,,,,,,,,0.00
,,,"11,380",,Invoice,,05/20/2025,,AS010611,,AL - ARAF HOTELS & RESORT (PVT) LTD,,Hosting Charges for 10 email Accounts (10$),,05/20/2025,,,,Hosting (Hosting),,Hosting,,Support and Maintenance,,Sal:EC,,AS,,Taxable Sales,,,,Accounts Receivable,,Paid,,,,,,1.00,,"3,030.00",,"3,030.00",,"20,100,741.80",,Income,,0.00,,,,,,,,,,0.00
,,,"11,381",,Invoice,,05/20/2025,,AS010612,,Liyakta Office Systems (Pvt) Ltd,,"Synology DS423 4 Bay NAS  S/N : 2530UVRRE4T6R	",,05/20/2025,,,,Synology:DS423 (Synology DS423 4 Bay NAS),,Synology DS423 4 Bay NAS,,Synology,,Sal:RS,,AD,,Taxable Sales,,,,Accounts Receivable,,Paid,,,,,,1.00,,"139,000.00",,"139,000.00",,"20,239,741.80",,Income,,0.00,,,,,,,,,,0.00
,,,"11,381",,Invoice,,05/20/2025,,AS010612,,Liyakta Office Systems (Pvt) Ltd,,"Synology 2TB Plus Hard Drive  S/N : 2470XZR00ZWD193PM	            2470XZR00ZWD19CF6	",,05/20/2025,,,,HDD:HAT3300-2T (Synology 2TB Plus Hard Drive),,Synology 2TB Plus Hard Drive,,Hard Drive,,Sal:RS,,AD,,Taxable Sales,,,,Accounts Receivable,,Paid,,,,,,2.00,,"37,000.00",,"74,000.00",,"20,313,741.80",,Income,,0.00,,,,,,,,,,0.00
,,,"11,386",,Invoice,,05/21/2025,,AS010613,,Fentons Ltd,,"DAC Cable 2M  S/N : CSS21J30240	            CSS21J30239	  ",,05/21/2025,,,,Accs (Accessories),,Accessories,,Hardware,,Sal:RS,,A,,Taxable Sales,,,,Accounts Receivable,,Paid,,,,,,2.00,,"10,000.00",,"20,000.00",,"20,333,741.80",,Income,,0.00,,,,,,,,,,0.00
,,,"11,387",,Invoice,,05/21/2025,,AS010614,,WinSoft Technologies (Pvt)Ltd,,"Synology 16TB Plus HDD  S/N : 24B0XERF0A0NZF1VL		            24B0XERF0A0P6F1VL	-fail 20/8/2025	  ",,05/21/2025,,,,HDD:HAT3310-16T (Synology 16TB Plus HDD),,Synology 16TB Plus HDD,,Hard Drive,,Sal:RS,,AS,,Taxable Sales,,,,Accounts Receivable,,Paid,,,,,,2.00,,"128,000.00",,"256,000.00",,"20,589,741.80",,Income,,0.00,,,,,,,,,,0.00
,,,"11,390",,Invoice,,05/22/2025,,AS010615,,The Foto Cube,,NAS Configuration Charges,,05/22/2025,,,,Services,,,,Support and Maintenance,,Sal:EC,,AD,,Non-Taxable Sales,,,,Accounts Receivable,,Paid,,,,,,1.00,,"5,000.00",,"5,000.00",,"20,594,741.80",,Income,,0.00,,,,,,,,,,0.00
,,,"11,394",,Invoice,,05/22/2025,,AS010616,,Techtron Integrated Solutions (Pvt) Ltd,,"12 TB Seagate Ironwolf NAS Hard Drive  S/N : ZZ300N15		            ZZ30182G		",,05/22/2025,,,,HDD:12 TB NAS (12 TB Seagate Ironwolf NAS Hard Drive),,12 TB Seagate Ironwolf NAS Hard Drive,,Hard Drive,,Sal:RS,,AS,,Taxable Sales,,,,Accounts Receivable,,Paid,,,,,,2.00,,"121,000.00",,"242,000.00",,"20,836,741.80",,Income,,0.00,,,,,,,,,,0.00
,,,"11,395",,Invoice,,05/23/2025,,AS010617,,SUDARSHANA SENADHEERA ARCHITECTS (PVT) LT,,Synology C2 Cloud Storage,,05/23/2025,,,,Synology:C2 Cloud (Synology C2 Cloud Storage),,Synology C2 Cloud Storage,,Synology,,Sal:EC,,AD,,Taxable Sales,,,,Accounts Receivable,,Paid,,,,,,1.00,,"33,000.00",,"33,000.00",,"20,869,741.80",,Income,,0.00,,,,,,,,,,0.00
,,,"11,396",,Invoice,,05/23/2025,,AS010618,,Southern Technologies,,BDCOM S1200-8P2G Switch  S/N : 0W20011501030,,05/23/2025,,,,BDCOM:S1200-8P2G (BDCOM S1200-8P2G Switch),,BDCOM S1200-8P2G Switch,,BDCOM,,Sal:RS,,AR,,Non-Taxable Sales,,,,Accounts Receivable,,Paid,,,,,,1.00,,"10,600.00",,"10,600.00",,"20,880,341.80",,Income,,0.00,,,,,,,,,,0.00
,,,"11,397",,Invoice,,05/23/2025,,AS010619,,Cameralk (Pvt) Ltd,,Draytek Vigor 2927 Security Appliance. Dual Wan  S/N : 207004207316,,05/23/2025,,,,Draytek:Vigor 2927 (Draytek Vigor 2927 Security Appliance. Dual Wan),,Draytek Vigor 2927 Security Appliance. Dual Wan,,Draytek,,Sal:RS,,AD,,Taxable Sales,,,,Accounts Receivable,,Paid,,,,,,1.00,,"70,000.00",,"70,000.00",,"20,950,341.80",,Income,,0.00,,,,,,,,,,0.00
,,,"11,398",,Invoice,,05/24/2025,,AS010620,,ANVERALLY & SONS (PVT) LTD,,NAS Support & Configuration Charges,,05/24/2025,,,,Services,,,,Support and Maintenance,,,,A,,Taxable Sales,,,,Accounts Receivable,,Paid,,,,,,1.00,,"10,000.00",,"10,000.00",,"20,960,341.80",,Income,,0.00,,,,,,,,,,0.00
,,,"11,403",,Invoice,,05/28/2025,,AS010621,,Fentons Ltd,,Synology RackStation RS2423RP+ 12Bay With 32GB RAM  S/N : 24B0V3RS2SDS2,,05/27/2025,,,,RS2423RP+ (Synology RackStation RS2423RP+ 12Bay),,Synology RackStation RS2423RP+ 12Bay,,Synology,,Sal:RS,,A,,Taxable Sales,,,,Accounts Receivable,,Paid,,,,,,1.00,,"1,155,000.00",,"1,155,000.00",,"22,115,341.80",,Income,,0.00,,,,,,,,,,0.00
,,,"11,403",,Invoice,,05/28/2025,,AS010621,,Fentons Ltd,,"8 TB Enterprise Hard Drive  S/N : 2520XCRX0A028F1YL		            2520XCRX0A029F1YL		            ...",,05/27/2025,,,,HDD:8TB  ENT SATA (8 TB Enterprise Hard Drive),,8 TB Enterprise Hard Drive,,Hard Drive,,Sal:RS,,A,,Taxable Sales,,,,Accounts Receivable,,Paid,,,,,,6.00,,"120,800.00",,"724,800.00",,"22,840,141.80",,Income,,0.00,,,,,,,,,,0.00
,,,"11,403",,Invoice,,05/28/2025,,AS010621,,Fentons Ltd,,"Synology 480GB SATA SSD -SAT5210  S/N : 2490YTR8EGX8F		            2490YTREK2DAZ		  ",,05/27/2025,,,,480GB SATA SSD Synology (Synology 480GB SATA SSD -SAT5210),,Synology 480GB SATA SSD -SAT5210,,Hard Drive,,Sal:RS,,A,,Taxable Sales,,,,Accounts Receivable,,Paid,,,,,,2.00,,"57,000.00",,"114,000.00",,"22,954,141.80",,Income,,0.00,,,,,,,,,,0.00
,,,"11,403",,Invoice,,05/28/2025,,AS010621,,Fentons Ltd,,2 U Rail Kit,,05/27/2025,,,,Synology:2 U Sliding Rail Kit,,,,Synology,,Sal:RS,,A,,Taxable Sales,,,,Accounts Receivable,,Paid,,,,,,1.00,,,,,,"22,954,141.80",,Income,,0.00,,,,,,,,,,0.00
,,,"11,404",,Invoice,,05/28/2025,,AS010622,,Survey Department,,Extended Warranty  Agreement,,05/28/2025,,,,MA (Maintenance  Agreement),,Maintenance  Agreement,,Support and Maintenance,,Mnt,,AD,,Taxable Sales,,,,Accounts Receivable,,Paid,,,,,,1.00,,"178,575.00",,"178,575.00",,"23,132,716.80",,Income,,0.00,,,,,,,,,,0.00
,,,"11,405",,Invoice,,05/28/2025,,AS010623,,SC Printing International (Pvt) Ltd,,DS925+ Power Adapter,,05/28/2025,,,,Accs (Accessories),,Accessories,,Hardware,,,,AS,,Taxable Sales,,,,Accounts Receivable,,Paid,,,,,,1.00,,"35,000.00",,"35,000.00",,"23,167,716.80",,Income,,0.00,,,,,,,,,,0.00
,,,"11,405",,Invoice,,05/28/2025,,AS010623,,SC Printing International (Pvt) Ltd,,Labour Charges (Late Night Service),,05/28/2025,,,,Services,,,,Support and Maintenance,,,,AS,,Taxable Sales,,,,Accounts Receivable,,Paid,,,,,,1.00,,"20,000.00",,"20,000.00",,"23,187,716.80",,Income,,0.00,,,,,,,,,,0.00
,,,"11,405",,Invoice,,05/28/2025,,AS010623,,SC Printing International (Pvt) Ltd,,,,05/28/2025,,,,Discount,,,,Sales Discount,,,,AS,,Taxable Sales,,,,Accounts Receivable,,Paid,,,,,,,,"-10,000.00",,"-10,000.00",,"23,177,716.80",,Income,,0.00,,,,,,,,,,0.00
,,,"11,406",,Invoice,,05/28/2025,,AS010624,,Star Technology,,"BDCOM Transceiver M/M 850Mn 1.25G  S/N : 1108B003315		            1108B003300		",,05/28/2025,,,,BDCOM:GSFP-SX-D,,,,BDCOM,,Sal:EC,,AR,,Non-Taxable Sales,,,,Accounts Receivable,,Paid,,,,,,2.00,,"4,700.00",,"9,400.00",,"23,187,116.80",,Income,,0.00,,,,,,,,,,0.00
,,,"11,408",,Invoice,,05/29/2025,,AS010625,,Asiri Surgical Hospital,,8 TB Enterprise Hard Drive  S/N : WSD24K2Q,,05/29/2025,,,,HDD:8TB  ENT SATA (8 TB Enterprise Hard Drive),,8 TB Enterprise Hard Drive,,Hard Drive,,Sal:RS,,AS,,Taxable Sales,,,,Accounts Receivable,,Paid,,,,,,1.00,,"79,000.00",,"79,000.00",,"23,266,116.80",,Income,,0.00,,,,,,,,,,0.00
,,,"11,409",,Invoice,,05/29/2025,,AS010626,,D. Samson Industries (Pvt) Ltd,,NAS Troubleshooting Charges,,05/29/2025,,,,Services,,,,Support and Maintenance,,Sal:EC,,AS,,Taxable Sales,,,,Accounts Receivable,,Paid,,,,,,1.00,,"10,000.00",,"10,000.00",,"23,276,116.80",,Income,,0.00,,,,,,,,,,0.00
,,,"11,410",,Invoice,,05/30/2025,,AS010627,,Apex Business Solutions PVT Ltd.,,Synology NAS DS925+ 4 Bay NAS  S/N : 2520YHRCJM6AH,,05/30/2025,,,,Synology:DS925+ (Synology NAS DS925+ 4 Bay NAS),,Synology NAS DS925+ 4 Bay NAS,,Synology,,Sal:RS,,AD,,Taxable Sales,,,,Accounts Receivable,,Paid,,,,,,1.00,,"217,000.00",,"217,000.00",,"23,493,116.80",,Income,,0.00,,,,,,,,,,0.00
,,,"11,410",,Invoice,,05/30/2025,,AS010627,,Apex Business Solutions PVT Ltd.,,"Synology 16TB Plus HDD  S/N : 2510XERL0A0MZF1VL		           2510XERL0A0TRF1VL		          24B0XER...",,05/30/2025,,,,HDD:HAT3310-16T (Synology 16TB Plus HDD),,Synology 16TB Plus HDD,,Hard Drive,,Sal:RS,,AD,,Taxable Sales,,,,Accounts Receivable,,Paid,,,,,,4.00,,"130,000.00",,"520,000.00",,"24,013,116.80",,Income,,0.00,,,,,,,,,,0.00
,,,"11,411",,Invoice,,05/30/2025,,AS010628,,Mr.Chirath,,Synology Diskstation DS223  2Bay  S/N : 2510V1R0HDZ32,,05/30/2025,,,,Synology:DS223 (Synology Diskstation DS223  2Bay),,Synology Diskstation DS223  2Bay,,Synology,,Sal:EC,,A,,Non-Taxable Sales,,,,Accounts Receivable,,Paid,,,,,,1.00,,"106,332.75",,"106,332.75",,"24,119,449.55",,Income,,0.00,,,,,,,,,,0.00
,,,"11,411",,Invoice,,05/30/2025,,AS010628,,Mr.Chirath,,"Synology 6TB Plus Hard Drive  S/N : 2520VYRZVY08NWP		            2510VYRZVX05B4W		",,05/30/2025,,,,HDD:HAT3300-6T (Synology 6TB Plus Hard Drive),,Synology 6TB Plus Hard Drive,,Hard Drive,,Sal:EC,,A,,Non-Taxable Sales,,,,Accounts Receivable,,Paid,,,,,,2.00,,"71,685.00",,"143,370.00",,"24,262,819.55",,Income,,0.00,,,,,,,,,,0.00
,,,"11,414",,Invoice,,06/02/2025,,AS010629,,Southern Technologies,,"BDCOM S1200-8P2G Switch  S/N : 0W20011501017		            0W20011501115		",,06/02/2025,,,,BDCOM:S1200-8P2G (BDCOM S1200-8P2G Switch),,BDCOM S1200-8P2G Switch,,BDCOM,,Sal:EC,,AR,,Non-Taxable Sales,,,,Accounts Receivable,,Paid,,,,,,2.00,,"10,600.00",,"21,200.00",,"24,284,019.55",,Income,,0.00,,,,,,,,,,0.00
,,,"11,415",,Invoice,,06/02/2025,,AS010630,,MAS Fabrics (Pvt) Ltd,,"Synology Rackstation RS822RP+ with 8GB RAM  S/N : 2530UJRNR4C7P		",,06/02/2025,,,,Synology:RS822RP+ (Synology Rackstation RS822RP+),,Synology Rackstation RS822RP+,,Synology,,Sal:RS,,A,,Taxable Sales,,,,Accounts Receivable,,Paid,,,,,,1.00,,"824,000.00",,"824,000.00",,"25,108,019.55",,Income,,0.00,,,,,,,,,,0.00
,,,"11,415",,Invoice,,06/02/2025,,AS010630,,MAS Fabrics (Pvt) Ltd,,"Synology 6TB Plus Hard Drive  S/N : 2520VYRZVY08RAZ		            2520VYRZVY08NQK		            25...",,06/02/2025,,,,HDD:HAT3300-6T (Synology 6TB Plus Hard Drive),,Synology 6TB Plus Hard Drive,,Hard Drive,,Sal:RS,,A,,Taxable Sales,,,,Accounts Receivable,,Paid,,,,,,3.00,,"99,000.00",,"297,000.00",,"25,405,019.55",,Income,,0.00,,,,,,,,,,0.00
,,,"11,415",,Invoice,,06/02/2025,,AS010630,,MAS Fabrics (Pvt) Ltd,,"Acronis Cyber Protect  Advanced Virtual Host Subscription License , 1 Year",,06/02/2025,,,,Acronis,,,,Acronics,,Sal:RS,,A,,Taxable Sales,,,,Accounts Receivable,,Paid,,,,,,1.00,,"497,000.00",,"497,000.00",,"25,902,019.55",,Income,,0.00,,,,,,,,,,0.00
,,,"11,415",,Invoice,,06/02/2025,,AS010630,,MAS Fabrics (Pvt) Ltd,,"Acronis Cyber Protect  Advanced Server Subscription License , 1 Year",,06/02/2025,,,,Acronis,,,,Acronics,,Sal:RS,,A,,Taxable Sales,,,,Accounts Receivable,,Paid,,,,,,2.00,,"320,000.00",,"640,000.00",,"26,542,019.55",,Income,,0.00,,,,,,,,,,0.00
,,,"11,415",,Invoice,,06/02/2025,,AS010630,,MAS Fabrics (Pvt) Ltd,,1U rail Kit,,06/02/2025,,,,Synology:1 U Fixed Rail Kit,,,,Synology,,Sal:RS,,A,,Taxable Sales,,,,Accounts Receivable,,Paid,,,,,,1.00,,,,,,"26,542,019.55",,Income,,0.00,,,,,,,,,,0.00
,,,"11,415",,Invoice,,06/02/2025,,AS010630,,MAS Fabrics (Pvt) Ltd,,Implementation & Configuration,,06/02/2025,,,,Services,,,,Support and Maintenance,,Sal:RS,,A,,Taxable Sales,,,,Accounts Receivable,,Paid,,,,,,1.00,,"180,000.00",,"180,000.00",,"26,722,019.55",,Income,,0.00,,,,,,,,,,0.00
,,,"11,416",,Invoice,,06/02/2025,,AS010631,,NSK Media Systems (Pvt) Ltd,,BDCOM S1500-24T Switch  S/N : 0W20012600429,,06/02/2025,,,,BDCOM:S1500-24T (BDCOM S1500-24T Switch),,BDCOM S1500-24T Switch,,BDCOM,,Sal:RS,,AR,,Non-Taxable Sales,,,,Accounts Receivable,,Paid,,,,,,1.00,,"24,200.00",,"24,200.00",,"26,746,219.55",,Income,,0.00,,,,,,,,,,0.00
,,,"11,416",,Invoice,,06/02/2025,,AS010631,,NSK Media Systems (Pvt) Ltd,,BDCOM 16Port 100M POE+ 2Port 1G RJ45 + 1 -Port GE SFP port Unmanaged POE Switch  S/N : 0W2001170...,,06/02/2025,,,,BDCOM:S1200-16P2G1S (BDCOM 16Port 100M POE+ 2Port 1G RJ45 + 1 -Port GE SFP port Unmanaged POE Sw...,,BDCOM 16Port 100M POE+ 2Port 1G RJ45 + 1 -Port GE SFP port Unmanaged POE Switch,,BDCOM,,Sal:RS,,AR,,Non-Taxable Sales,,,,Accounts Receivable,,Paid,,,,,,4.00,,"24,190.00",,"96,760.00",,"26,842,979.55",,Income,,0.00,,,,,,,,,,0.00
,,,"11,417",,Invoice,,06/02/2025,,AS010632,,M.A Sirimal Die Cutter Makers,,NAS Repair Charges,,06/02/2025,,,,Services,,,,Support and Maintenance,,,,AD,,Non-Taxable Sales,,,,Accounts Receivable,,Paid,,,,,,1.00,,"2,000.00",,"2,000.00",,"26,844,979.55",,Income,,0.00,,,,,,,,,,0.00
,,,"11,424",,Invoice,,06/03/2025,,AS010633,,Base Hp (Pvt) Ltd,,"Synology RackStation RS1221RP+  S/N : 24C0RXRWBT01Q		",,06/03/2025,,,,Synology:RS1221RP+,,,,Synology,,Sal:RS,,A,,Taxable Sales,,,,Accounts Receivable,,Paid,,,,,,1.00,,"663,000.00",,"663,000.00",,"27,507,979.55",,Income,,0.00,,,,,,,,,,0.00
,,,"11,424",,Invoice,,06/03/2025,,AS010633,,Base Hp (Pvt) Ltd,,"12TB Synology Plus HDD  S/N : 2420XDRJ0A15UF1XL		            2420XDRJ0A1B7F1XL		            2420...",,06/03/2025,,,,HDD:HAT3310-12T (12TB Synology Plus HDD),,12TB Synology Plus HDD,,Hard Drive,,Sal:RS,,A,,Taxable Sales,,,,Accounts Receivable,,Paid,,,,,,5.00,,"116,000.00",,"580,000.00",,"28,087,979.55",,Income,,0.00,,,,,,,,,,0.00
,,,"11,424",,Invoice,,06/03/2025,,AS010633,,Base Hp (Pvt) Ltd,,2U Rail Kit,,06/03/2025,,,,Synology:2 U Sliding Rail Kit,,,,Synology,,Sal:RS,,A,,Taxable Sales,,,,Accounts Receivable,,Paid,,,,,,1.00,,,,,,"28,087,979.55",,Income,,0.00,,,,,,,,,,0.00
,,,"11,434",,Invoice,,06/06/2025,,AS010634,,Ceylinco General Insurance Limited,,Extended Warranty  Agreement,,06/06/2025,,,,MA (Maintenance  Agreement),,Maintenance  Agreement,,Support and Maintenance,,Mnt,,AS,,Non-Taxable Sales,,,,Accounts Receivable,,Paid,,,,,,1.00,,,,,,"28,087,979.55",,Income,,0.00,,,,,,,,,,0.00
,,,"11,434",,Invoice,,06/06/2025,,AS010634,,Ceylinco General Insurance Limited,,Unit 01 - Synology NAS DS1512+,,06/06/2025,,,,MA (Maintenance  Agreement),,Maintenance  Agreement,,Support and Maintenance,,Mnt,,AS,,Taxable Sales,,,,Accounts Receivable,,Paid,,,,,,1.00,,"202,608.00",,"202,608.00",,"28,290,587.55",,Income,,0.00,,,,,,,,,,0.00
,,,"11,434",,Invoice,,06/06/2025,,AS010634,,Ceylinco General Insurance Limited,,Unit 02 - Synology NAS DS1511+,,06/06/2025,,,,MA (Maintenance  Agreement),,Maintenance  Agreement,,Support and Maintenance,,Mnt,,AS,,Taxable Sales,,,,Accounts Receivable,,Paid,,,,,,1.00,,"202,608.00",,"202,608.00",,"28,493,195.55",,Income,,0.00,,,,,,,,,,0.00
,,,"11,434",,Invoice,,06/06/2025,,AS010634,,Ceylinco General Insurance Limited,,Unit 03 - Synology NAS DS1512+,,06/06/2025,,,,MA (Maintenance  Agreement),,Maintenance  Agreement,,Support and Maintenance,,Mnt,,AS,,Taxable Sales,,,,Accounts Receivable,,Paid,,,,,,1.00,,"202,608.00",,"202,608.00",,"28,695,803.55",,Income,,0.00,,,,,,,,,,0.00
,,,"11,435",,Invoice,,06/06/2025,,AS010635,,Rapidventure (Pvt) Ltd,,Draytek Vigor 2915 Security Appliance,,06/06/2025,,,,Draytek:Vigor 2915 (Draytek Vigor 2915 Security Appliance),,Draytek Vigor 2915 Security Appliance,,Draytek,,Sal:RS,,AD,,Taxable Sales,,,,Accounts Receivable,,Paid,,,,,,1.00,,"39,000.00",,"39,000.00",,"28,734,803.55",,Income,,0.00,,,,,,,,,,0.00
,,,"11,435",,Invoice,,06/06/2025,,AS010635,,Rapidventure (Pvt) Ltd,,Draytek Vigor 2915 License Key (1 Year),,06/06/2025,,,,Draytek,,,,Draytek,,Sal:RS,,AD,,Taxable Sales,,,,Accounts Receivable,,Paid,,,,,,1.00,,"20,000.00",,"20,000.00",,"28,754,803.55",,Income,,0.00,,,,,,,,,,0.00
,,,"11,437",,Invoice,,06/06/2025,,AS010636,,Techtron Integrated Solutions (Pvt) Ltd,,Synology DiskStation DS224+  2Bay  S/N : 2520WBR8PWDDC,,06/05/2025,,,,Synology:DS224+ (Synology DiskStation DS224+  2Bay),,Synology DiskStation DS224+  2Bay,,Synology,,Sal:RS,,AS,,Taxable Sales,,,,Accounts Receivable,,Paid,,,,,,1.00,,"114,000.00",,"114,000.00",,"28,868,803.55",,Income,,0.00,,,,,,,,,,0.00
,,,"11,438",,Invoice,,06/06/2025,,AS010637,,Barclays Computers (Pvt) Ltd,,"BDCOM S1500-24T Switch  S/N : 0W20012600426		            0W20012600427		",,06/06/2025,,,,BDCOM:S1500-24T (BDCOM S1500-24T Switch),,BDCOM S1500-24T Switch,,BDCOM,,Sal:RS,,AR,,Taxable Sales,,,,Accounts Receivable,,Paid,,,,,,2.00,,"19,800.00",,"39,600.00",,"28,908,403.55",,Income,,0.00,,,,,,,,,,0.00
,,,"11,439",,Invoice,,06/06/2025,,AS010638,,I M Solutions,,"24 Port 1G +4 Port SFP L2 Switch  S/N : G20008050865	",,06/06/2025,,,,BDCOM:S2528-C (24 Port 1G +4 Port SFP L2 Switch),,24 Port 1G +4 Port SFP L2 Switch,,BDCOM,,Sal:RS,,AD,,Taxable Sales,,,,Accounts Receivable,,Paid,,,,,,1.00,,"60,000.00",,"60,000.00",,"28,968,403.55",,Income,,0.00,,,,,,,,,,0.00
,,,"11,440",,Invoice,,06/06/2025,,AS010639,,Apex Business Solutions PVT Ltd.,,BDCOM S1500-24P2S Switch  S/N : 0W20012201702,,06/06/2025,,,,BDCOM:S1500-24P2S (BDCOM S1500-24P2S Switch),,BDCOM S1500-24P2S Switch,,BDCOM,,Sal:RS,,AD,,Taxable Sales,,,,Accounts Receivable,,Paid,,,,,,1.00,,"64,000.00",,"64,000.00",,"29,032,403.55",,Income,,0.00,,,,,,,,,,0.00
,,,"11,442",,Invoice,,06/11/2025,,AS010640,,TechBio Distribution Lanka (Pvt) Ltd,,"Synology 4TB Plus HDD  S/N: 24B0VXRZW636ZVK	           24B0VXRZW6372E5	  ",,06/11/2025,,,,HDD:HAT3300-4T (Synology 4TB Plus HDD),,Synology 4TB Plus HDD,,Hard Drive,,Sal:RS,,A,,Taxable Sales,,,,Accounts Receivable,,Paid,,,,,,2.00,,"44,000.00",,"88,000.00",,"29,120,403.55",,Income,,0.00,,,,,,,,,,0.00
,,,"11,444",,Invoice,,06/11/2025,,AS010641,,Base Hp (Pvt) Ltd,,"Synology DS223j  S/N : 24C0UKRQ26TXY	",,06/11/2025,,,,Synology:DS223j (Synology DS223j  ),,Synology DS223j  ,,Synology,,Sal:RS,,A,,Taxable Sales,,,,Accounts Receivable,,Paid,,,,,,1.00,,"62,000.00",,"62,000.00",,"29,182,403.55",,Income,,0.00,,,,,,,,,,0.00
,,,"11,444",,Invoice,,06/11/2025,,AS010641,,Base Hp (Pvt) Ltd,,"Synology 4TB Plus HDD  S/N : 24B0VXRZW63722D	            24B0VXRZW6372AR	",,06/11/2025,,,,HDD:HAT3300-4T (Synology 4TB Plus HDD),,Synology 4TB Plus HDD,,Hard Drive,,Sal:RS,,A,,Taxable Sales,,,,Accounts Receivable,,Paid,,,,,,2.00,,"40,000.00",,"80,000.00",,"29,262,403.55",,Income,,0.00,,,,,,,,,,0.00
,,,"11,447",,Invoice,,06/12/2025,,AS010642,,Elegant Knitting International,,ESET Endpoint Protection Advanced (1 Year),,06/12/2025,,,,Software,,,,Software,,Mnt,,AS,,Taxable Sales,,,,Accounts Receivable,,Paid,,,,,,112.00,,"2,500.00",,"280,000.00",,"29,542,403.55",,Income,,0.00,,,,,,,,,,0.00
,,,"11,447",,Invoice,,06/12/2025,,AS010642,,Elegant Knitting International,,DrayTek Vigor 3910 Cyren Key Renewal  (1 Year),,06/12/2025,,,,Cyren Key (DrayTek Cyren Key),,DrayTek Cyren Key,,Other Sales,,Mnt,,AS,,Taxable Sales,,,,Accounts Receivable,,Paid,,,,,,1.00,,"51,200.00",,"51,200.00",,"29,593,603.55",,Income,,0.00,,,,,,,,,,0.00
,,,"11,451",,Invoice,,06/12/2025,,AS010643,,Infinity IT Solutions,,"BDCOM S1500-24T Switch  S/N : 0W20012300403	",,06/12/2025,,,,BDCOM:S1500-24T (BDCOM S1500-24T Switch),,BDCOM S1500-24T Switch,,BDCOM,,Sal:EC,,AR,,Non-Taxable Sales,,,,Accounts Receivable,,Paid,,,,,,1.00,,"23,600.00",,"23,600.00",,"29,617,203.55",,Income,,0.00,,,,,,,,,,0.00
,,,"11,451",,Invoice,,06/12/2025,,AS010643,,Infinity IT Solutions,,"BDCOM S1516v1 Unmanaged 1Gb, 16 port  Switch  S/N : 1220002002368	",,06/12/2025,,,,"BDCOM:S1516v1 (BDCOM S1516v1 Unmanaged 1Gb, 16 port  Switch)",,"BDCOM S1516v1 Unmanaged 1Gb, 16 port  Switch",,BDCOM,,Sal:EC,,AR,,Non-Taxable Sales,,,,Accounts Receivable,,Paid,,,,,,1.00,,"18,800.00",,"18,800.00",,"29,636,003.55",,Income,,0.00,,,,,,,,,,0.00
,,,"11,452",,Invoice,,06/12/2025,,AS010644,,ICC Inernational Construction Consortium,,"BDCOM S1500-8P2G Switch  S/N : 0W20011603664		            0W20011603673		",,06/12/2025,,,,BDCOM:S1500-8P2G (BDCOM S1500-8P2G Switch),,BDCOM S1500-8P2G Switch,,BDCOM,,Sal:EC,,AD,,Taxable Sales,,,,Accounts Receivable,,Paid,,,,,,2.00,,"14,500.00",,"29,000.00",,"29,665,003.55",,Income,,0.00,,,,,,,,,,0.00
,,,"11,452",,Invoice,,06/12/2025,,AS010644,,ICC Inernational Construction Consortium,,"BDCOM S1516v1 Unmanaged 1Gb, 16 port  Switch  S/N : 1220002002366		",,06/12/2025,,,,"BDCOM:S1516v1 (BDCOM S1516v1 Unmanaged 1Gb, 16 port  Switch)",,"BDCOM S1516v1 Unmanaged 1Gb, 16 port  Switch",,BDCOM,,Sal:EC,,AD,,Taxable Sales,,,,Accounts Receivable,,Paid,,,,,,1.00,,"18,000.00",,"18,000.00",,"29,683,003.55",,Income,,0.00,,,,,,,,,,0.00
,,,"11,453",,Invoice,,06/13/2025,,AS010645,,LIZZY-B CANADA (PVT) LTD,,Draytek Vigor 2915 Security Appliance  S/N : 213004353751,,06/13/2025,,,,Draytek:Vigor 2915 (Draytek Vigor 2915 Security Appliance),,Draytek Vigor 2915 Security Appliance,,Draytek,,Sal:EC,,AD,,Taxable Sales,,,,Accounts Receivable,,Paid,,,,,,1.00,,"43,000.00",,"43,000.00",,"29,726,003.55",,Income,,0.00,,,,,,,,,,0.00
,,,"11,453",,Invoice,,06/13/2025,,AS010645,,LIZZY-B CANADA (PVT) LTD,,Transport Charges,,06/13/2025,,,,Services,,,,Support and Maintenance,,Sal:EC,,AD,,Taxable Sales,,,,Accounts Receivable,,Paid,,,,,,1.00,,"5,000.00",,"5,000.00",,"29,731,003.55",,Income,,0.00,,,,,,,,,,0.00
,,,"11,455",,Invoice,,06/13/2025,,AS010646,,Barclays Computers (Pvt) Ltd,,"Synology DS223j  S/N : 24C0UKR5HTSR0		            24C0UKRRAZS0T		            24C0UKRQCGTS6		",,06/13/2025,,,,Synology:DS223j (Synology DS223j  ),,Synology DS223j  ,,Synology,,Sal:RS,,AS,,Taxable Sales,,,,Accounts Receivable,,Paid,,,,,,3.00,,"64,000.00",,"192,000.00",,"29,923,003.55",,Income,,0.00,,,,,,,,,,0.00
,,,"11,456",,Invoice,,06/13/2025,,AS010647,,Barclays Computers (Pvt) Ltd,,BDCOM S1500-8P2G Switch with R/M  S/N : 0W20011603671,,06/13/2025,,,,BDCOM:S1500-8P2G (BDCOM S1500-8P2G Switch),,BDCOM S1500-8P2G Switch,,BDCOM,,Sal:RS,,AR,,Taxable Sales,,,,Accounts Receivable,,Paid,,,,,,1.00,,"13,500.00",,"13,500.00",,"29,936,503.55",,Income,,0.00,,,,,,,,,,0.00
,,,"11,459",,Invoice,,06/13/2025,,AS010648,,Pretec Systems,,BDCOM S1508E Switch  S/N : 0W20002004577            0W20002004586,,06/13/2025,,,,BDCOM:S1508E,,,,BDCOM,,Sal:RS,,AR,,Non-Taxable Sales,,,,Accounts Receivable,,Paid,,,,,,2.00,,"6,000.00",,"12,000.00",,"29,948,503.55",,Income,,0.00,,,,,,,,,,0.00
,,,"11,461",,Invoice,,06/16/2025,,AS010649,,AL - ARAF HOTELS & RESORT (PVT) LTD,,Hosting Charges for 10 email Accounts (10$),,06/16/2025,,,,Hosting (Hosting),,Hosting,,Support and Maintenance,,Sal:EC,,AS,,Taxable Sales,,,,Accounts Receivable,,Paid,,,,,,1.00,,"3,030.00",,"3,030.00",,"29,951,533.55",,Income,,0.00,,,,,,,,,,0.00
,,,"11,462",,Invoice,,06/16/2025,,AS010650,,LANKA COMMODITY BROKERS LTD,,Anti Spam Service,,06/16/2025,,,,Services,,,,Support and Maintenance,,Mnt,,AS,,Taxable Sales,,,,Accounts Receivable,,Paid,,,,,,1.00,,"6,732.66",,"6,732.66",,"29,958,266.21",,Income,,0.00,,,,,,,,,,0.00
,,,"11,463",,Invoice,,06/16/2025,,AS010651,,LANKA COMMODITY BROKERS LTD,,7GB Storage Space  100GB Transfer Bandwidth  1 Nos Fixed IP. (Clean)  SPF/ DKIM Supported  Spam ...,,06/16/2025,,,,Host Email,,,,Support and Maintenance,,Mnt,,AS,,Taxable Sales,,,,Accounts Receivable,,Paid,,,,,,1.00,,"18,473.91",,"18,473.91",,"29,976,740.12",,Income,,0.00,,,,,,,,,,0.00
,,,"11,464",,Invoice,,06/16/2025,,AS010652,,LANKA MOUNT CASTLE (PVT) LTD,,20GB Storage Capacity with 30 Email Accounts,,06/16/2025,,,,Host Email,,,,Support and Maintenance,,Mnt,,AS,,Taxable Sales,,,,Accounts Receivable,,Unpaid,,,,318,,1.00,,"15,150.00",,"15,150.00",,"29,991,890.12",,Income,,0.00,,,,,,,,,,0.00
,,,"11,467",,Invoice,,06/16/2025,,AS010653,,CK-CCTV Security System (pvt) Ltd,,BDCOM S1006-4p-65 Unmanaged 4 ports 10/100 PoE Ports and 2 Ports 10/100 NON PoE  S/N : SLM170801...,,06/16/2025,,,,BDCOM:S1006-4p-65 (BDCOM S1006-4p-65 Unmanaged 4 ports 10/100 PoE Ports and 2 Ports 10/100 NON PoE),,BDCOM S1006-4p-65 Unmanaged 4 ports 10/100 PoE Ports and 2 Ports 10/100 NON PoE,,BDCOM,,Sal:RS,,AR,,Non-Taxable Sales,,,,Accounts Receivable,,Paid,,,,,,1.00,,"6,100.00",,"6,100.00",,"29,997,990.12",,Income,,0.00,,,,,,,,,,0.00
,,,"11,467",,Invoice,,06/16/2025,,AS010653,,CK-CCTV Security System (pvt) Ltd,,"BDCOM POE S1000-8P2F  8Port 100M Switch  S/N : 0W20011408520	  ",,06/16/2025,,,,BDCOM:S1000-8P2F (BDCOM POE S1000-8P2F  8Port 100M Switch),,BDCOM POE S1000-8P2F  8Port 100M Switch,,BDCOM,,Sal:RS,,AR,,Non-Taxable Sales,,,,Accounts Receivable,,Paid,,,,,,1.00,,"8,150.00",,"8,150.00",,"30,006,140.12",,Income,,0.00,,,,,,,,,,0.00
,,,"11,467",,Invoice,,06/16/2025,,AS010653,,CK-CCTV Security System (pvt) Ltd,,BDCOM 16Port 100M POE+ 2Port 1G RJ45 + 1 -Port GE SFP port Unmanaged POE Switch  S/N : 0W2001170...,,06/16/2025,,,,BDCOM:S1200-16P2G1S (BDCOM 16Port 100M POE+ 2Port 1G RJ45 + 1 -Port GE SFP port Unmanaged POE Sw...,,BDCOM 16Port 100M POE+ 2Port 1G RJ45 + 1 -Port GE SFP port Unmanaged POE Switch,,BDCOM,,Sal:RS,,AR,,Non-Taxable Sales,,,,Accounts Receivable,,Paid,,,,,,1.00,,"23,750.00",,"23,750.00",,"30,029,890.12",,Income,,0.00,,,,,,,,,,0.00
,,,"11,470",,Invoice,,06/17/2025,,AS010654,,TYAX (PVT) LTD,,"Synology NAS DS1821+ 8 Bay NAS with 16GB RAM  S/N : 2460SKRQ0SSYP		",,06/17/2025,,,,Synology:DS1821+ (Synology NAS DS1821+ 8 Bay NAS),,Synology NAS DS1821+ 8 Bay NAS,,Synology,,Sal:RS,,AD,,Taxable Sales,,,,Accounts Receivable,,Paid,,,,,,1.00,,"507,000.00",,"507,000.00",,"30,536,890.12",,Income,,0.00,,,,,,,,,,0.00
,,,"11,470",,Invoice,,06/17/2025,,AS010654,,TYAX (PVT) LTD,,"Synology 16TB Plus HDD  S/N : 2510XERL0A0PKF1VL		            2510XERL0A0Q3F1VL		            2510...",,06/17/2025,,,,HDD:HAT3310-16T (Synology 16TB Plus HDD),,Synology 16TB Plus HDD,,Hard Drive,,Sal:RS,,AD,,Taxable Sales,,,,Accounts Receivable,,Paid,,,,,,6.00,,"121,000.00",,"726,000.00",,"31,262,890.12",,Income,,0.00,,,,,,,,,,0.00
,,,"11,470",,Invoice,,06/17/2025,,AS010654,,TYAX (PVT) LTD,,Dual Port SFP+ 10GbE Adapter Card  S/N : 24C0VPRB9382T,,06/17/2025,,,,Synology:Dual Port F2 Card,,,,Synology,,Sal:RS,,AD,,Taxable Sales,,,,Accounts Receivable,,Paid,,,,,,1.00,,,,,,"31,262,890.12",,Income,,0.00,,,,,,,,,,0.00
,,,"11,471",,Invoice,,06/17/2025,,AS010655,,Studio Creative Minds,,"Synology DiskStation DS423+ 4Bay  S/N : 24C0VKRTVHWMR		",,06/17/2025,,,,Synology:DS423+ (Synology DiskStation DS423+ 4Bay),,Synology DiskStation DS423+ 4Bay,,Synology,,Sal:EC,,AD,,Non-Taxable Sales,,,,Accounts Receivable,,Paid,,,,,,1.00,,"162,000.00",,"162,000.00",,"31,424,890.12",,Income,,0.00,,,,,,,,,,0.00
,,,"11,471",,Invoice,,06/17/2025,,AS010655,,Studio Creative Minds,,"Synology 4TB Plus HDD  S/N : 24B0VXRZW636G71		            24B0VXRZW6371ZB		            24B0VXRZW...",,06/17/2025,,,,HDD:HAT3300-4T (Synology 4TB Plus HDD),,Synology 4TB Plus HDD,,Hard Drive,,Sal:EC,,AD,,Non-Taxable Sales,,,,Accounts Receivable,,Paid,,,,,,4.00,,"59,000.00",,"236,000.00",,"31,660,890.12",,Income,,0.00,,,,,,,,,,0.00
,,,"11,472",,Invoice,,06/17/2025,,AS010656,,VS Information Systems (Pvt) Ltd,,"Synology RackStation RS422+  S/N : 2470TSR2VQNEX		",,06/17/2025,,,,Synology:RS422+ (Synology RackStation RS422+),,Synology RackStation RS422+,,Synology,,Sal:RS,,A,,Taxable Sales,,,,Accounts Receivable,,Paid,,,,,,1.00,,"417,400.00",,"417,400.00",,"32,078,290.12",,Income,,0.00,,,,,,,,,,0.00
,,,"11,472",,Invoice,,06/17/2025,,AS010656,,VS Information Systems (Pvt) Ltd,,"Synology 6TB Plus Hard Drive  S/N : 2520VYRZVY08PDT		           2520VYRZVY0912K		           2520...",,06/17/2025,,,,HDD:HAT3300-6T (Synology 6TB Plus Hard Drive),,Synology 6TB Plus Hard Drive,,Hard Drive,,Sal:RS,,A,,Taxable Sales,,,,Accounts Receivable,,Paid,,,,,,4.00,,"99,400.00",,"397,600.00",,"32,475,890.12",,Income,,0.00,,,,,,,,,,0.00
,,,"11,472",,Invoice,,06/17/2025,,AS010656,,VS Information Systems (Pvt) Ltd,,1U Rail Kit,,06/17/2025,,,,Synology:1 U Fixed Rail Kit,,,,Synology,,Sal:RS,,A,,Taxable Sales,,,,Accounts Receivable,,Paid,,,,,,1.00,,,,,,"32,475,890.12",,Income,,0.00,,,,,,,,,,0.00
,,,"11,474",,Invoice,,06/18/2025,,AS010657,,Fentons Ltd,,"Synology NAS DS1621+  6 Bay With 8GB RAM  S/N : 24A0S7RPGEYS5		            2560S7R8R5YHM		      ...",,06/18/2025,,,,Synology:DS1621+ (Synology NAS DS1621+  6 Bay),,Synology NAS DS1621+  6 Bay,,Synology,,Sal:RS,,A,,Taxable Sales,,,,Accounts Receivable,,Paid,,,,,,4.00,,"456,000.00",,"1,824,000.00",,"34,299,890.12",,Income,,0.00,,,,,,,,,,0.00
,,,"11,474",,Invoice,,06/18/2025,,AS010657,,Fentons Ltd,,"Dual E10G30-T2 port Adapter  S/N : 24C0UQRYGWPXY		            24C0UQRBC8HCZ		            2550UQR...",,06/18/2025,,,,Synology:Dual Port T2 Card,,,,Synology,,Sal:RS,,A,,Taxable Sales,,,,Accounts Receivable,,Paid,,,,,,4.00,,,,,,"34,299,890.12",,Income,,0.00,,,,,,,,,,0.00
,,,"11,474",,Invoice,,06/18/2025,,AS010657,,Fentons Ltd,,"Synology  16TB Plus HDD  S/N :  2520XERW0A1H6F1VL, 2520XERW0A1FMF1VL,             2520XERW0A1FHF...",,06/18/2025,,,,HDD:HAT3310-16T (Synology 16TB Plus HDD),,Synology 16TB Plus HDD,,Hard Drive,,Sal:RS,,A,,Taxable Sales,,,,Accounts Receivable,,Paid,,,,,,18.00,,"169,400.00",,"3,049,200.00",,"37,349,090.12",,Income,,0.00,,,,,,,,,,0.00
,,,"11,476",,Invoice,,06/19/2025,,AS010658,,ICC Inernational Construction Consortium,,"BDCOM S1500-16P2S POE Switch  S/N : 0W20012100449	  ",,06/19/2025,,,,BDCOM:S1500-16P2S (BDCOM S1500-16P2S POE Switch),,BDCOM S1500-16P2S POE Switch,,BDCOM,,Sal:RS,,AD,,Taxable Sales,,,,Accounts Receivable,,Paid,,,,,,1.00,,"39,500.00",,"39,500.00",,"37,388,590.12",,Income,,0.00,,,,,,,,,,0.00
,,,"11,477",,Invoice,,06/19/2025,,AS010659,,Apex Business Solutions PVT Ltd.,,BDCOM S1500-24P2S Switch  S/N : 0W20012201734,,06/19/2025,,,,BDCOM:S1500-24P2S (BDCOM S1500-24P2S Switch),,BDCOM S1500-24P2S Switch,,BDCOM,,Sal:RS,,AD,,Taxable Sales,,,,Accounts Receivable,,Paid,,,,,,1.00,,"57,000.00",,"57,000.00",,"37,445,590.12",,Income,,0.00,,,,,,,,,,0.00
,,,"11,478",,Invoice,,06/19/2025,,AS010660,,Barclays Computers (Pvt) Ltd,,"BDCOM POE S1000-8P2F  8Port 100M Switch  S/N : 0W20011407178		            0W20011407015		       ...",,06/19/2025,,,,BDCOM:S1000-8P2F (BDCOM POE S1000-8P2F  8Port 100M Switch),,BDCOM POE S1000-8P2F  8Port 100M Switch,,BDCOM,,Sal:RS,,AR,,Taxable Sales,,,,Accounts Receivable,,Paid,,,,,,3.00,,"6,900.00",,"20,700.00",,"37,466,290.12",,Income,,0.00,,,,,,,,,,0.00
,,,"11,479",,Invoice,,06/19/2025,,AS010661,,Studio Creative Minds,,BDCOM S1508E Switch  S/N : 0W20002004568,,06/19/2025,,,,BDCOM:S1508E,,,,BDCOM,,Sal:RS,,AD,,Non-Taxable Sales,,,,Accounts Receivable,,Paid,,,,,,1.00,,"7,000.00",,"7,000.00",,"37,473,290.12",,Income,,0.00,,,,,,,,,,0.00
,,,"11,480",,Invoice,,06/19/2025,,AS010662,,Lakseya Digital Colour Lab &,,"Synology 2TB Plus Hard Drive  S/N : 2470XZR00ZWD193C1		            2470XZR00ZWD19412		  ",,06/19/2025,,,,HDD:HAT3300-2T (Synology 2TB Plus Hard Drive),,Synology 2TB Plus Hard Drive,,Hard Drive,,Sal:RS,,AD,,Non-Taxable Sales,,,,Accounts Receivable,,Paid,,,,,,2.00,,"41,000.00",,"82,000.00",,"37,555,290.12",,Income,,0.00,,,,,,,,,,0.00
,,,"11,485",,Invoice,,06/19/2025,,AS010663,,Barclays Computers (Pvt) Ltd,,Synology DS423 4 Bay NAS  S/N : 2530UVR5HA9Q6,,06/19/2025,,,,Synology:DS423 (Synology DS423 4 Bay NAS),,Synology DS423 4 Bay NAS,,Synology,,Sal:RS,,AS,,Taxable Sales,,,,Accounts Receivable,,Paid,,,,,,1.00,,"130,000.00",,"130,000.00",,"37,685,290.12",,Income,,0.00,,,,,,,,,,0.00
,,,"11,485",,Invoice,,06/19/2025,,AS010663,,Barclays Computers (Pvt) Ltd,,"Synology DiskStation DS225+ 2Bay NAS  S/N : 2550ZDRMQH77W	            2550ZDR5P9CSN	",,06/19/2025,,,,Synology:DS225+ (Synology DiskStation DS225+ 2Bay NAS),,Synology DiskStation DS225+ 2Bay NAS,,Synology,,Sal:RS,,AS,,Taxable Sales,,,,Accounts Receivable,,Paid,,,,,,2.00,,"124,000.00",,"248,000.00",,"37,933,290.12",,Income,,0.00,,,,,,,,,,0.00
,,,"11,485",,Invoice,,06/19/2025,,AS010663,,Barclays Computers (Pvt) Ltd,,"Synology Diskstation DS223  2Bay  S/N : 2510V1RMRGN6G		",,06/19/2025,,,,Synology:DS223 (Synology Diskstation DS223  2Bay),,Synology Diskstation DS223  2Bay,,Synology,,Sal:RS,,AS,,Taxable Sales,,,,Accounts Receivable,,Paid,,,,,,1.00,,"94,000.00",,"94,000.00",,"38,027,290.12",,Income,,0.00,,,,,,,,,,0.00
,,,"11,486",,Invoice,,06/20/2025,,AS010664,,Gadgetbox,,BDCOM WAP2100-T618,,06/20/2025,,,,BDCOM:WAP2100-T618 (BDCOM WAP2100-T618),,BDCOM WAP2100-T618,,BDCOM,,Sal:RS,,AR,,Non-Taxable Sales,,,,Accounts Receivable,,Paid,,,,,,1.00,,"24,090.00",,"24,090.00",,"38,051,380.12",,Income,,0.00,,,,,,,,,,0.00
,,,"11,490",,Invoice,,06/23/2025,,AS010665,,KBSL Information Technologies Ltd,,Maintenance  Agreement,,06/23/2025,,,,MA (Maintenance  Agreement),,Maintenance  Agreement,,Support and Maintenance,,Sal:RS,,A,,Taxable Sales,,,,Accounts Receivable,,Paid,,,,,,1.00,,"653,600.00",,"653,600.00",,"38,704,980.12",,Income,,0.00,,,,,,,,,,0.00
,,,"11,491",,Invoice,,06/23/2025,,AS010666,,ABSOLUTE BUSINESS SOLUTIONS ( PVT) LTD,,Acronis Cloud Backup 25GB Monthly Subscription,,06/23/2025,,,,Acronis,,,,Acronics,,Sal:RS,,SM,,Non-Taxable Sales,,,,Accounts Receivable,,Paid,,,,,,1.00,,"2,000.00",,"2,000.00",,"38,706,980.12",,Income,,0.00,,,,,,,,,,0.00
,,,"11,492",,Invoice,,06/23/2025,,AS010667,,ABSOLUTE BUSINESS SOLUTIONS ( PVT) LTD,,Acronis Cloud Backup 25GB Monthly Subscription,,06/23/2025,,,,Acronis,,,,Acronics,,Sal:RS,,SM,,Non-Taxable Sales,,,,Accounts Receivable,,Paid,,,,,,1.00,,"2,000.00",,"2,000.00",,"38,708,980.12",,Income,,0.00,,,,,,,,,,0.00
,,,"11,496",,Invoice,,06/24/2025,,AS010668,,NOLIMIT,,BDCOM S1500-24T Switch  S/N : 0W20012600109            0W20012600110            0W20012600108,,06/24/2025,,,,BDCOM:S1500-24T (BDCOM S1500-24T Switch),,BDCOM S1500-24T Switch,,BDCOM,,Sal:RS,,AR,,Taxable Sales,,,,Accounts Receivable,,Paid,,,,,,3.00,,"22,500.00",,"67,500.00",,"38,776,480.12",,Income,,0.00,,,,,,,,,,0.00
,,,"11,497",,Invoice,,06/25/2025,,AS010669,,I M Solutions,,S1500-24P2S-370 BDCOM Switch  S/N : 0W20012000899,,06/25/2025,,,,BDCOM:S1500-24P2S-370 (S1500-24P2S-370 BDCOM Switch),,S1500-24P2S-370 BDCOM Switch,,BDCOM,,Sal:RS,,AD,,Taxable Sales,,,,Accounts Receivable,,Paid,,,,,,1.00,,"62,000.00",,"62,000.00",,"38,838,480.12",,Income,,0.00,,,,,,,,,,0.00
,,,"11,498",,Invoice,,06/25/2025,,AS010670,,Base Hp (Pvt) Ltd,,Synology NAS DS925+ 4 Bay NAS With 8 GB RAM,,06/25/2025,,,,Synology:DS925+ (Synology NAS DS925+ 4 Bay NAS),,Synology NAS DS925+ 4 Bay NAS,,Synology,,Sal:RS,,A,,Taxable Sales,,,,Accounts Receivable,,Paid,,,,,,1.00,,"218,000.00",,"218,000.00",,"39,056,480.12",,Income,,0.00,,,,,,,,,,0.00
,,,"11,498",,Invoice,,06/25/2025,,AS010670,,Base Hp (Pvt) Ltd,,Synology 6TB Plus Hard Drive,,06/25/2025,,,,HDD:HAT3300-6T (Synology 6TB Plus Hard Drive),,Synology 6TB Plus Hard Drive,,Hard Drive,,Sal:RS,,A,,Taxable Sales,,,,Accounts Receivable,,Paid,,,,,,3.00,,"63,000.00",,"189,000.00",,"39,245,480.12",,Income,,0.00,,,,,,,,,,0.00
,,,"11,501",,Invoice,,06/26/2025,,AS010671,,Mr Amila Nuwan,,BDCOM POE S1000-8P2F  8Port 100M Switch,,06/26/2025,,,,BDCOM:S1000-8P2F (BDCOM POE S1000-8P2F  8Port 100M Switch),,BDCOM POE S1000-8P2F  8Port 100M Switch,,BDCOM,,Sal:RS,,AR,,Taxable Sales,,,,Accounts Receivable,,Paid,,,,,,2.00,,"8,200.00",,"16,400.00",,"39,261,880.12",,Income,,0.00,,,,,,,,,,0.00
,,,"11,502",,Invoice,,06/26/2025,,AS010672,,Techtron Integrated Solutions (Pvt) Ltd,,Synology NAS DS1821+ 8 Bay NAS with 16 GB RAM  S/N 2480SKRJC60R5,,06/26/2025,,,,Synology:DS1821+ (Synology NAS DS1821+ 8 Bay NAS),,Synology NAS DS1821+ 8 Bay NAS,,Synology,,Sal:RS,,AS,,Taxable Sales,,,,Accounts Receivable,,Paid,,,,,,1.00,,"795,000.00",,"795,000.00",,"40,056,880.12",,Income,,0.00,,,,,,,,,,0.00
,,,"11,502",,Invoice,,06/26/2025,,AS010672,,Techtron Integrated Solutions (Pvt) Ltd,,"Synology 16TB Plus HDD  S/N  2520XERL0A234F1VL	          2520XERL0A22YF1VL	          2520XERL0A2...",,06/26/2025,,,,HDD:HAT3310-16T (Synology 16TB Plus HDD),,Synology 16TB Plus HDD,,Hard Drive,,Sal:RS,,AS,,Taxable Sales,,,,Accounts Receivable,,Paid,,,,,,3.00,,0.00,,0.00,,"40,056,880.12",,Income,,0.00,,,,,,,,,,0.00
,,,"11,503",,Invoice,,06/26/2025,,AS010673,,Sourcecode-LK,,Synology DiskStation DS225+ 2Bay NAS sith Hard Drive,,06/26/2025,,,,Synology:DS225+ (Synology DiskStation DS225+ 2Bay NAS),,Synology DiskStation DS225+ 2Bay NAS,,Synology,,Sal:RS,,AD,,Taxable Sales,,,,Accounts Receivable,,Paid,,,,,,1.00,,"247,800.00",,"247,800.00",,"40,304,680.12",,Income,,0.00,,,,,,,,,,0.00
,,,"11,503",,Invoice,,06/26/2025,,AS010673,,Sourcecode-LK,,Synology 4TB Plus HDD,,06/26/2025,,,,HDD:HAT3300-4T (Synology 4TB Plus HDD),,Synology 4TB Plus HDD,,Hard Drive,,Sal:RS,,AD,,Taxable Sales,,,,Accounts Receivable,,Paid,,,,,,2.00,,0.00,,0.00,,"40,304,680.12",,Income,,0.00,,,,,,,,,,0.00
,,,"11,504",,Invoice,,06/27/2025,,AS010674,,Intelliglow Solutions (Pvt) Ltd,,Synology RS1221RP+  8 Bay NAS with 8GB RAM,,06/27/2025,,,,Synology:RS1221RP+,,,,Synology,,Sal:RS,,A,,Taxable Sales,,,,Accounts Receivable,,Paid,,,,,,1.00,,"628,000.00",,"628,000.00",,"40,932,680.12",,Income,,0.00,,,,,,,,,,0.00
,,,"11,504",,Invoice,,06/27/2025,,AS010674,,Intelliglow Solutions (Pvt) Ltd,,12TB Synology Plus HDD,,06/27/2025,,,,HDD:HAT3310-12T (12TB Synology Plus HDD),,12TB Synology Plus HDD,,Hard Drive,,Sal:RS,,A,,Taxable Sales,,,,Accounts Receivable,,Paid,,,,,,4.00,,"108,000.00",,"432,000.00",,"41,364,680.12",,Income,,0.00,,,,,,,,,,0.00
,,,"11,505",,Invoice,,06/27/2025,,AS010675,,Intelliglow Solutions (Pvt) Ltd,,Synology RS1221RP+  8 Bay NAS with 8GB RAM,,06/27/2025,,,,Synology:RS1221RP+,,,,Synology,,Sal:RS,,A,,Taxable Sales,,,,Accounts Receivable,,Paid,,,,,,1.00,,"628,000.00",,"628,000.00",,"41,992,680.12",,Income,,0.00,,,,,,,,,,0.00
,,,"11,505",,Invoice,,06/27/2025,,AS010675,,Intelliglow Solutions (Pvt) Ltd,,12TB Synology Plus HDD,,06/27/2025,,,,HDD:HAT3310-12T (12TB Synology Plus HDD),,12TB Synology Plus HDD,,Hard Drive,,Sal:RS,,A,,Taxable Sales,,,,Accounts Receivable,,Paid,,,,,,4.00,,"108,000.00",,"432,000.00",,"42,424,680.12",,Income,,0.00,,,,,,,,,,0.00
,,,"11,505",,Invoice,,06/27/2025,,AS010675,,Intelliglow Solutions (Pvt) Ltd,,Synology RS1221RP+  8 Bay NAS with 8GB RAM,,06/27/2025,,,,Synology:RS1221RP+,,,,Synology,,Sal:RS,,A,,Taxable Sales,,,,Accounts Receivable,,Paid,,,,,,1.00,,"628,000.00",,"628,000.00",,"43,052,680.12",,Income,,0.00,,,,,,,,,,0.00
,,,"11,505",,Invoice,,06/27/2025,,AS010675,,Intelliglow Solutions (Pvt) Ltd,,12TB Synology Plus HDD,,06/27/2025,,,,HDD:HAT3310-12T (12TB Synology Plus HDD),,12TB Synology Plus HDD,,Hard Drive,,Sal:RS,,A,,Taxable Sales,,,,Accounts Receivable,,Paid,,,,,,4.00,,"108,000.00",,"432,000.00",,"43,484,680.12",,Income,,0.00,,,,,,,,,,0.00
,,,"11,505",,Invoice,,06/27/2025,,AS010675,,Intelliglow Solutions (Pvt) Ltd,,,,06/27/2025,,,,Discount,,,,Sales Discount,,Sal:RS,,A,,Taxable Sales,,,,Accounts Receivable,,Paid,,,,,,,,"-16,000.00",,"-16,000.00",,"43,468,680.12",,Income,,0.00,,,,,,,,,,0.00
,,,"11,506",,Invoice,,06/27/2025,,AS010676,,Apex Business Solutions PVT Ltd.,,Maintenance  Agreement,,06/27/2025,,,,MA (Maintenance  Agreement),,Maintenance  Agreement,,Support and Maintenance,,Sal:RS,,AD,,Taxable Sales,,,,Accounts Receivable,,Paid,,,,,,1.00,,"152,000.00",,"152,000.00",,"43,620,680.12",,Income,,0.00,,,,,,,,,,0.00
,,,"11,507",,Invoice,,06/30/2025,,AS010677,,Adapt Information Technologies,,Synology RS1221RP+ 8Bay NAS with 16GB  RAM  S/N : 2540RXRFW63G6,,06/30/2025,,,,Synology:RS1221RP+,,,,Synology,,Sal:RS,,A,,Taxable Sales,,,,Accounts Receivable,,Paid,,,,,,1.00,,"647,000.00",,"647,000.00",,"44,267,680.12",,Income,,0.00,,,,,,,,,,0.00
,,,"11,507",,Invoice,,06/30/2025,,AS010677,,Adapt Information Technologies,,"Synology 8TB Plus Hard Drive  S/N : 2520XCRX0A01GF1YL		            2520XCRX0A01LF1YL		          ...",,06/30/2025,,,,HDD:HAT3310-8T (Synology 8TB Plus Hard Drive),,Synology 8TB Plus Hard Drive,,Hard Drive,,Sal:RS,,A,,Taxable Sales,,,,Accounts Receivable,,Paid,,,,,,4.00,,"80,000.00",,"320,000.00",,"44,587,680.12",,Income,,0.00,,,,,,,,,,0.00
,,,"11,507",,Invoice,,06/30/2025,,AS010677,,Adapt Information Technologies,,2U Rail Kit,,06/30/2025,,,,Synology:2 U Sliding Rail Kit,,,,Synology,,Sal:RS,,A,,Taxable Sales,,,,Accounts Receivable,,Paid,,,,,,1.00,,,,,,"44,587,680.12",,Income,,0.00,,,,,,,,,,0.00
,,,"11,510",,Invoice,,07/01/2025,,AS010678,,RK Computers,,BDCOM S1508E Switch  S/N : 0W20002004579,,07/01/2025,,,,BDCOM:S1508E,,,,BDCOM,,Sal:EC,,AR,,Non-Taxable Sales,,,,Accounts Receivable,,Paid,,,,,,1.00,,"6,100.00",,"6,100.00",,"44,593,780.12",,Income,,0.00,,,,,,,,,,0.00
,,,"11,512",,Invoice,,07/01/2025,,AS010679,,Alphasonic Technologies (Pvt) Ltd,,Synology NAS DS925+ 4 Bay NAS  S/N : 2530YHRQ8FE6P  ,,07/01/2025,,,,Synology:DS925+ (Synology NAS DS925+ 4 Bay NAS),,Synology NAS DS925+ 4 Bay NAS,,Synology,,Sal:RS,,A,,Taxable Sales,,,,Accounts Receivable,,Paid,,,,,,1.00,,"214,000.00",,"214,000.00",,"44,807,780.12",,Income,,0.00,,,,,,,,,,0.00
,,,"11,513",,Invoice,,07/01/2025,,AS010680,,Byte Bolster solution,,"Synology DiskStation DS423+ 4Bay  S/N : 2341VKRT475YG		",,07/01/2025,,,,Synology:DS423+ (Synology DiskStation DS423+ 4Bay),,Synology DiskStation DS423+ 4Bay,,Synology,,Sal:EC,,AD,,Non-Taxable Sales,,,,Accounts Receivable,,Paid,,,,,,1.00,,"378,860.00",,"378,860.00",,"45,186,640.12",,Income,,0.00,,,,,,,,,,0.00
,,,"11,513",,Invoice,,07/01/2025,,AS010680,,Byte Bolster solution,,"Synology 2TB Plus Hard Drive  S/N : 2470XZR00ZWD194NJ		            2470XZR00ZWD19428		          ...",,07/01/2025,,,,HDD:HAT3300-2T (Synology 2TB Plus Hard Drive),,Synology 2TB Plus Hard Drive,,Hard Drive,,Sal:EC,,AD,,Non-Taxable Sales,,,,Accounts Receivable,,Paid,,,,,,4.00,,,,,,"45,186,640.12",,Income,,0.00,,,,,,,,,,0.00
,,,"11,515",,Invoice,,07/01/2025,,AS010681,,Tekki (Pvt) Ltd,,CAT.6A  S/FTP  1M Grey Patch Cable,,07/01/2025,,,,Accs (Accessories),,Accessories,,Hardware,,,,AS,,Non-Taxable Sales,,,,Accounts Receivable,,Unpaid,,,,303,,20.00,,"1,300.00",,"26,000.00",,"45,212,640.12",,Income,,0.00,,,,,,,,,,0.00
,,,"11,519",,Invoice,,07/02/2025,,AS010682,,Micro Technology Lanka (Pvt) Ltd,,BDCOM S1006-4p-65 Unmanaged 4 ports 10/100 PoE Ports and 2 Ports 10/100 NON PoE  S/N : SLM17080176,,07/02/2025,,,,BDCOM:S1006-4p-65 (BDCOM S1006-4p-65 Unmanaged 4 ports 10/100 PoE Ports and 2 Ports 10/100 NON PoE),,BDCOM S1006-4p-65 Unmanaged 4 ports 10/100 PoE Ports and 2 Ports 10/100 NON PoE,,BDCOM,,Sal:RS,,AR,,Non-Taxable Sales,,,,Accounts Receivable,,Paid,,,,,,1.00,,"6,018.00",,"6,018.00",,"45,218,658.12",,Income,,0.00,,,,,,,,,,0.00
,,,"11,519",,Invoice,,07/02/2025,,AS010682,,Micro Technology Lanka (Pvt) Ltd,,BDCOM POE S1000-8P2F  8Port 100M Switch  S/N : 0W20011407003,,07/02/2025,,,,BDCOM:S1000-8P2F (BDCOM POE S1000-8P2F  8Port 100M Switch),,BDCOM POE S1000-8P2F  8Port 100M Switch,,BDCOM,,Sal:RS,,AR,,Non-Taxable Sales,,,,Accounts Receivable,,Paid,,,,,,1.00,,"7,906.00",,"7,906.00",,"45,226,564.12",,Income,,0.00,,,,,,,,,,0.00
,,,"11,523",,Invoice,,07/03/2025,,AS010683,,Tascon Technologies (Pvt) Ltd,,NAS Troubleshooting Charges,,06/19/2025,,,,Services,,,,Support and Maintenance,,Sal:RS,,A,,Non-Taxable Sales,,,,Accounts Receivable,,Paid,,,,,,1.00,,"20,060.00",,"20,060.00",,"45,246,624.12",,Income,,0.00,,,,,,,,,,0.00
,,,"11,524",,Invoice,,07/03/2025,,AS010684,,Paramount Technology,,"BDCOM S1008 8 Port 10/100 BaseT Standard Switch  S/N : G20001011246	            G20001011323	  ",,07/03/2025,,,,BDCOM:S1008 (BDCOM S1008 8 Port 10/100 BaseT Standard Switch),,BDCOM S1008 8 Port 10/100 BaseT Standard Switch,,BDCOM,,Sal:RS,,AR,,Non-Taxable Sales,,,,Accounts Receivable,,Paid,,,,,,2.00,,"3,900.00",,"7,800.00",,"45,254,424.12",,Income,,0.00,,,,,,,,,,0.00
,,,"11,525",,Invoice,,07/03/2025,,AS010685,,Barclays Computers (Pvt) Ltd,,"BDCOM WAP2100-T512  S/N : 0P32014030153	            0P32014030154	  ",,07/03/2025,,,,BDCOM:WAP2100-T512 (BDCOM WAP2100-T512),,BDCOM WAP2100-T512,,BDCOM,,Sal:RS,,AR,,Taxable Sales,,,,Accounts Receivable,,Paid,,,,,,2.00,,"16,271.20",,"32,542.40",,"45,286,966.52",,Income,,0.00,,,,,,,,,,0.00
,,,"11,525",,Invoice,,07/03/2025,,AS010685,,Barclays Computers (Pvt) Ltd,,"BDCOM S1516v1 Unmanaged 1Gb, 16 port  Switch  S/N : 1220002002360	            1220002002359	  ",,07/03/2025,,,,"BDCOM:S1516v1 (BDCOM S1516v1 Unmanaged 1Gb, 16 port  Switch)",,"BDCOM S1516v1 Unmanaged 1Gb, 16 port  Switch",,BDCOM,,Sal:RS,,AR,,Taxable Sales,,,,Accounts Receivable,,Paid,,,,,,2.00,,"16,000.00",,"32,000.00",,"45,318,966.52",,Income,,0.00,,,,,,,,,,0.00
,,,"11,525",,Invoice,,07/03/2025,,AS010685,,Barclays Computers (Pvt) Ltd,,"BDCOM S1500-16P2S POE Switch  S/N : 0W20012100448	  ",,07/03/2025,,,,BDCOM:S1500-16P2S (BDCOM S1500-16P2S POE Switch),,BDCOM S1500-16P2S POE Switch,,BDCOM,,Sal:RS,,AR,,Taxable Sales,,,,Accounts Receivable,,Paid,,,,,,1.00,,"38,135.50",,"38,135.50",,"45,357,102.02",,Income,,0.00,,,,,,,,,,0.00
,,,"11,525",,Invoice,,07/03/2025,,AS010685,,Barclays Computers (Pvt) Ltd,,"BDCOM S1500-24T Switch  S/N : 0W20012600105	            0W20012600107	            0W20012600106	  ",,07/03/2025,,,,BDCOM:S1500-24T (BDCOM S1500-24T Switch),,BDCOM S1500-24T Switch,,BDCOM,,Sal:RS,,AR,,Taxable Sales,,,,Accounts Receivable,,Paid,,,,,,3.00,,"19,800.00",,"59,400.00",,"45,416,502.02",,Income,,0.00,,,,,,,,,,0.00
,,,"11,525",,Invoice,,07/03/2025,,AS010685,,Barclays Computers (Pvt) Ltd,,"BDCOM S1200-8P2G Switch  S/N : 0W20011501021	            0W20011501029	  ",,07/03/2025,,,,BDCOM:S1200-8P2G (BDCOM S1200-8P2G Switch),,BDCOM S1200-8P2G Switch,,BDCOM,,Sal:RS,,AR,,Taxable Sales,,,,Accounts Receivable,,Paid,,,,,,2.00,,"8,500.00",,"17,000.00",,"45,433,502.02",,Income,,0.00,,,,,,,,,,0.00
,,,"11,526",,Invoice,,07/03/2025,,AS010686,,Barclays Computers (Pvt) Ltd,,"Synology DS223j  S/N : 24C0UKRSP9X7Y		    ",,07/03/2025,,,,Synology:DS223j (Synology DS223j  ),,Synology DS223j  ,,Synology,,Sal:RS,,AS,,Taxable Sales,,,,Accounts Receivable,,Paid,,,,,,1.00,,"64,000.00",,"64,000.00",,"45,497,502.02",,Income,,0.00,,,,,,,,,,0.00
,,,"11,528",,Invoice,,07/04/2025,,AS010687,,Supervision Technology (Pvt) Ltd,,"Draytek Vigor 3910 Security Appliance..Quad Wan  S/N : 234004849939	  ",,07/04/2025,,,,Draytek:Vigor 3910 (Draytek Vigor 3910 Security Appliance..Quad Wan),,Draytek Vigor 3910 Security Appliance..Quad Wan,,Draytek,,Sal:RS,,AD,,Taxable Sales,,,,Accounts Receivable,,Paid,,,,,,1.00,,"297,000.00",,"297,000.00",,"45,794,502.02",,Income,,0.00,,,,,,,,,,0.00
,,,"11,530",,Invoice,,07/04/2025,,AS010688,,CK-CCTV Security System (pvt) Ltd,,BDCOM S1006-4p-65 Unmanaged 4 ports 10/100 PoE Ports and 2 Ports 10/100 NON PoE  S/N : SLM170802...,,07/04/2025,,,,BDCOM:S1006-4p-65 (BDCOM S1006-4p-65 Unmanaged 4 ports 10/100 PoE Ports and 2 Ports 10/100 NON PoE),,BDCOM S1006-4p-65 Unmanaged 4 ports 10/100 PoE Ports and 2 Ports 10/100 NON PoE,,BDCOM,,Sal:RS,,AR,,Non-Taxable Sales,,,,Accounts Receivable,,Paid,,,,,,2.00,,"6,100.00",,"12,200.00",,"45,806,702.02",,Income,,0.00,,,,,,,,,,0.00
,,,"11,530",,Invoice,,07/04/2025,,AS010688,,CK-CCTV Security System (pvt) Ltd,,BDCOM S1500-8P2G Switch  S/N :0W20011600264,,07/04/2025,,,,BDCOM:S1500-8P2G (BDCOM S1500-8P2G Switch),,BDCOM S1500-8P2G Switch,,BDCOM,,Sal:RS,,AR,,Non-Taxable Sales,,,,Accounts Receivable,,Paid,,,,,,1.00,,"15,800.00",,"15,800.00",,"45,822,502.02",,Income,,0.00,,,,,,,,,,0.00
,,,"11,530",,Invoice,,07/04/2025,,AS010688,,CK-CCTV Security System (pvt) Ltd,,"BDCOM S1008 8 Port 10/100 BaseT Standard Switch  S/N: G20001011265	           G20001011270	",,07/04/2025,,,,BDCOM:S1008 (BDCOM S1008 8 Port 10/100 BaseT Standard Switch),,BDCOM S1008 8 Port 10/100 BaseT Standard Switch,,BDCOM,,Sal:RS,,AR,,Non-Taxable Sales,,,,Accounts Receivable,,Paid,,,,,,2.00,,"3,900.00",,"7,800.00",,"45,830,302.02",,Income,,0.00,,,,,,,,,,0.00
,,,"11,530",,Invoice,,07/04/2025,,AS010688,,CK-CCTV Security System (pvt) Ltd,,"BDCOM S1508E Switch  S/N : 0W20002004685	            0W20002004682	",,07/04/2025,,,,BDCOM:S1508E,,,,BDCOM,,Sal:RS,,AR,,Non-Taxable Sales,,,,Accounts Receivable,,Paid,,,,,,2.00,,"6,000.00",,"12,000.00",,"45,842,302.02",,Income,,0.00,,,,,,,,,,0.00
,,,"11,531",,Invoice,,07/05/2025,,AS010689,,Sourcecode-LK,,"Synology Diskstation DS223  2Bay  S/N : 2540V1RV8R540		  ",,07/05/2025,,,,Synology:DS223 (Synology Diskstation DS223  2Bay),,Synology Diskstation DS223  2Bay,,Synology,,Sal:RS,,AD,,Non-Taxable Sales,,,,Accounts Receivable,,Paid,,,,,,1.00,,"201,780.00",,"201,780.00",,"46,044,082.02",,Income,,0.00,,,,,,,,,,0.00
,,,"11,531",,Invoice,,07/05/2025,,AS010689,,Sourcecode-LK,,"Synology 2TB Plus Hard Drive  S/N : 2470XZR00ZWD19323		            2470XZR00ZWD1932D		  ",,07/05/2025,,,,HDD:HAT3300-2T (Synology 2TB Plus Hard Drive),,Synology 2TB Plus Hard Drive,,Hard Drive,,Sal:RS,,AD,,Non-Taxable Sales,,,,Accounts Receivable,,Paid,,,,,,2.00,,0.00,,0.00,,"46,044,082.02",,Income,,0.00,,,,,,,,,,0.00
,,,"11,532",,Invoice,,07/05/2025,,AS010690,,Barclays Computers (Pvt) Ltd,,"Synology DS223j  S/N : 2540UKRTSEXJ9		    ",,07/05/2025,,,,Synology:DS223j (Synology DS223j  ),,Synology DS223j  ,,Synology,,Sal:RS,,AS,,Taxable Sales,,,,Accounts Receivable,,Paid,,,,,,1.00,,"64,000.00",,"64,000.00",,"46,108,082.02",,Income,,0.00,,,,,,,,,,0.00
,,,"11,533",,Invoice,,07/05/2025,,AS010691,,Barclays Computers (Pvt) Ltd,,"Synology DS223j  S/N : 2540UKR9ACNZW		            2540UKR8R7850		            2540UKR5S3XTM		  ",,07/05/2025,,,,Synology:DS223j (Synology DS223j  ),,Synology DS223j  ,,Synology,,Sal:RS,,AS,,Taxable Sales,,,,Accounts Receivable,,Paid,,,,,,3.00,,"64,000.00",,"192,000.00",,"46,300,082.02",,Income,,0.00,,,,,,,,,,0.00
,,,"11,534",,Invoice,,07/07/2025,,AS010692,,A-Networks (Pvt) Ltd,,"Synology 4TB Plus HDD  S/N : 24B0VXRZW6372PF		           24B0VXRZW636J1T		           24B0VXRZW63...",,07/07/2025,,,,HDD:HAT3300-4T (Synology 4TB Plus HDD),,Synology 4TB Plus HDD,,Hard Drive,,Sal:RS,,AD,,Taxable Sales,,,,Accounts Receivable,,Paid,,,,,,3.00,,"43,000.00",,"129,000.00",,"46,429,082.02",,Income,,0.00,,,,,,,,,,0.00
,,,"11,539",,Invoice,,07/07/2025,,AS010693,,M & A Distributors (Pvt) Ltd,,Synology DS223j  S/N : 2540UKRXQSMNG,,07/07/2025,,,,Synology:DS223j (Synology DS223j  ),,Synology DS223j  ,,Synology,,Sal:EC,,AD,,Taxable Sales,,,,Accounts Receivable,,Paid,,,,,,1.00,,"64,000.00",,"64,000.00",,"46,493,082.02",,Income,,0.00,,,,,,,,,,0.00
,,,"11,540",,Invoice,,07/07/2025,,AS010694,,Barclays Computers (Pvt) Ltd,,"Synology DS423 4 Bay NAS  S/N : 2530UVRZFKX9G		            2530UVRHW93X8		",,07/07/2025,,,,Synology:DS423 (Synology DS423 4 Bay NAS),,Synology DS423 4 Bay NAS,,Synology,,Sal:RS,,AS,,Taxable Sales,,,,Accounts Receivable,,Paid,,,,,,2.00,,"130,000.00",,"260,000.00",,"46,753,082.02",,Income,,0.00,,,,,,,,,,0.00
,,,"11,545",,Invoice,,07/08/2025,,AS010695,,SLT VisionCom (Pvt) Ltd,,Maintenance  Agreement,,07/08/2025,,,,MA (Maintenance  Agreement),,Maintenance  Agreement,,Support and Maintenance,,Sal:EC,,A,,Taxable Sales,,,,Accounts Receivable,,Paid,,,,,,1.00,,"309,815.00",,"309,815.00",,"47,062,897.02",,Income,,0.00,,,,,,,,,,0.00
,,,"11,546",,Invoice,,07/08/2025,,AS010696,,Alphasonic Technologies (Pvt) Ltd,,"Synology Diskstation DS223  2Bay  S/N : 2540V1RR8KCN2		  ",,07/08/2025,,,,Synology:DS223 (Synology Diskstation DS223  2Bay),,Synology Diskstation DS223  2Bay,,Synology,,Sal:RS,,A,,Taxable Sales,,,,Accounts Receivable,,Paid,,,,,,1.00,,"96,000.00",,"96,000.00",,"47,158,897.02",,Income,,0.00,,,,,,,,,,0.00
,,,"11,546",,Invoice,,07/08/2025,,AS010696,,Alphasonic Technologies (Pvt) Ltd,,"Synology 2TB Plus Hard Drive  S/N : 2470XZR00ZWD19342		            2470XZR00ZWD1948V		  ",,07/08/2025,,,,HDD:HAT3300-2T (Synology 2TB Plus Hard Drive),,Synology 2TB Plus Hard Drive,,Hard Drive,,Sal:RS,,A,,Taxable Sales,,,,Accounts Receivable,,Paid,,,,,,2.00,,"36,000.00",,"72,000.00",,"47,230,897.02",,Income,,0.00,,,,,,,,,,0.00
,,,"11,548",,Credit Memo,,07/09/2025,,AS00112,,Orikmo Technologies (Pvt) Ltd,,"BDCOM GSFX-SX-D M/M Transceiver  S/N : 1108B003301		            1108B003302		            1108B00...",,07/09/2025,,,,BDCOM:GSFP-SX-D,,,,BDCOM,,Sal:RS,,,,Taxable Sales,,,,Accounts Receivable,,Paid,,,,,,-8.00,,"3,800.00",,"-30,400.00",,"47,200,497.02",,Income,,0.00,,,,,,,,,,0.00
,,,"11,551",,Invoice,,07/09/2025,,AS010697,,BlueChip Technical Services(Pvt)Ltd,,Synology RS1515+ NAS Unit Rentable Charge - (3 Months),,07/09/2025,,,,Rental,,,,Other Sales,,Sal:EC,,A,,Taxable Sales,,,,Accounts Receivable,,Paid,,,,,,3.00,,"15,000.00",,"45,000.00",,"47,245,497.02",,Income,,0.00,,,,,,,,,,0.00
,,,"11,552",,Invoice,,07/11/2025,,AS010698,,TechCERT,,Acronis True Image Essentials Subscription 3 Computers - 1 year Subscription ESD,,07/11/2025,,,,Acronis,,,,Acronics,,Sal:EC,,AS,,Taxable Sales,,,,Accounts Receivable,,Paid,,,,,,1.00,,"19,850.00",,"19,850.00",,"47,265,347.02",,Income,,0.00,,,,,,,,,,0.00
,,,"11,552",,Invoice,,07/11/2025,,AS010698,,TechCERT,,Acronis True Image Essentials Subscription 5 Computers - 1 year Subscription ESD,,07/11/2025,,,,Acronis,,,,Acronics,,Sal:EC,,AS,,Taxable Sales,,,,Accounts Receivable,,Paid,,,,,,2.00,,"24,800.00",,"49,600.00",,"47,314,947.02",,Income,,0.00,,,,,,,,,,0.00
,,,"11,553",,Invoice,,07/11/2025,,AS010699,,Neo Solution,,Acronis Cloud Backup 25GB Monthly Subscription,,07/11/2025,,,,Acronis,,,,Acronics,,Sal:EC,,SM,,Non-Taxable Sales,,,,Accounts Receivable,,Paid,,,,,,1.00,,"1,500.00",,"1,500.00",,"47,316,447.02",,Income,,0.00,,,,,,,,,,0.00
,,,"11,554",,Invoice,,07/11/2025,,AS010700,,EPG TECHNOLOGIES,,"BDCOM S1008 8 Port 10/100 BaseT Standard Switch  S/N : G20001011330		            G20001011328		 ...",,07/11/2025,,,,BDCOM:S1008 (BDCOM S1008 8 Port 10/100 BaseT Standard Switch),,BDCOM S1008 8 Port 10/100 BaseT Standard Switch,,BDCOM,,Sal:RS,,AR,,Non-Taxable Sales,,,,Accounts Receivable,,Paid,,,,,,3.00,,"3,800.00",,"11,400.00",,"47,327,847.02",,Income,,0.00,,,,,,,,,,0.00
,,,"11,557",,Invoice,,07/11/2025,,AS010701,,KRNS Contractor,,BDCOM S1008 8 Port 10/100 BaseT Standard Switch  S/N : G20001011245            G20001011260,,07/11/2025,,,,BDCOM:S1008 (BDCOM S1008 8 Port 10/100 BaseT Standard Switch),,BDCOM S1008 8 Port 10/100 BaseT Standard Switch,,BDCOM,,Sal:RS,,AR,,Non-Taxable Sales,,,,Accounts Receivable,,Paid,,,,,,2.00,,"3,800.00",,"7,600.00",,"47,335,447.02",,Income,,0.00,,,,,,,,,,0.00
,,,"11,557",,Invoice,,07/11/2025,,AS010701,,KRNS Contractor,,BDCOM S1508E Switch  S/N : 0W20002004575            0W20002004580,,07/11/2025,,,,BDCOM:S1508E,,,,BDCOM,,Sal:RS,,AR,,Non-Taxable Sales,,,,Accounts Receivable,,Paid,,,,,,2.00,,"6,000.00",,"12,000.00",,"47,347,447.02",,Income,,0.00,,,,,,,,,,0.00
,,,"11,558",,Invoice,,07/14/2025,,AS010702,,SILVERLINE INFORMATION TECHNOLOGY PVT LTD,,Synology Rackstation RS822RP+  S/N : 2540UJRPW7PE0,,07/14/2025,,,,Synology:RS822RP+ (Synology Rackstation RS822RP+),,Synology Rackstation RS822RP+,,Synology,,Sal:RS,,A,,Taxable Sales,,,,Accounts Receivable,,Paid,,,,,,1.00,,"512,325.00",,"512,325.00",,"47,859,772.02",,Income,,0.00,,,,,,,,,,0.00
,,,"11,558",,Invoice,,07/14/2025,,AS010702,,SILVERLINE INFORMATION TECHNOLOGY PVT LTD,,1U Rail Kit,,07/14/2025,,,,Synology:1 U Fixed Rail Kit,,,,Synology,,Sal:RS,,A,,Taxable Sales,,,,Accounts Receivable,,Paid,,,,,,1.00,,,,,,"47,859,772.02",,Income,,0.00,,,,,,,,,,0.00
,,,"11,560",,Invoice,,07/14/2025,,AS010703,,Rapidventure (Pvt) Ltd,,Draytek Vigor 2927 Security Appliance,,07/14/2025,,,,Draytek:Vigor 2915 (Draytek Vigor 2915 Security Appliance),,Draytek Vigor 2915 Security Appliance,,Draytek,,Sal:RS,,AD,,Taxable Sales,,,,Accounts Receivable,,Paid,,,,,,1.00,,"64,000.00",,"64,000.00",,"47,923,772.02",,Income,,0.00,,,,,,,,,,0.00
,,,"11,560",,Invoice,,07/14/2025,,AS010703,,Rapidventure (Pvt) Ltd,,Draytek Vigor 2927 License Key (1 Year),,07/14/2025,,,,Draytek,,,,Draytek,,Sal:RS,,AD,,Taxable Sales,,,,Accounts Receivable,,Paid,,,,,,1.00,,"20,000.00",,"20,000.00",,"47,943,772.02",,Income,,0.00,,,,,,,,,,0.00
,,,"11,563",,Invoice,,07/14/2025,,AS010704,,Green Digital Technologies (Pvt) Ltd,,BDCOM S1006-4p-65 Unmanaged 4 ports 10/100 PoE Ports and 2 Ports 10/100 NON PoE  S/N : SLM17080178,,07/11/2025,,,,BDCOM:S1006-4p-65 (BDCOM S1006-4p-65 Unmanaged 4 ports 10/100 PoE Ports and 2 Ports 10/100 NON PoE),,BDCOM S1006-4p-65 Unmanaged 4 ports 10/100 PoE Ports and 2 Ports 10/100 NON PoE,,BDCOM,,Sal:RS,,AR,,Non-Taxable Sales,,,,Accounts Receivable,,Paid,,,,,,1.00,,"6,000.00",,"6,000.00",,"47,949,772.02",,Income,,0.00,,,,,,,,,,0.00
,,,"11,568",,Invoice,,07/15/2025,,AS010705,,Gadgetbox,,"Synology 4TB Plus HDD  S/N : 2520VXRZW63D8VK	            2520VXRZW63DE04	",,07/15/2025,,,,HDD:HAT3300-4T (Synology 4TB Plus HDD),,Synology 4TB Plus HDD,,Hard Drive,,Sal:RS,,SM,,Non-Taxable Sales,,,,Accounts Receivable,,Paid,,,,,,2.00,,"45,076.00",,"90,152.00",,"48,039,924.02",,Income,,0.00,,,,,,,,,,0.00
,,,"11,570",,Invoice,,07/15/2025,,AS010706,,Chris and Mayu Photographers,,Synology 6TB Plus HDD  S/N : 2440VYRZVX029SY           2520VYRZVY08MZN,,07/15/2025,,,,HDD:HAT3300-6T (Synology 6TB Plus Hard Drive),,Synology 6TB Plus Hard Drive,,Hard Drive,,Sal:EC,,AD,,Non-Taxable Sales,,,,Accounts Receivable,,Paid,,,,,,2.00,,"74,000.00",,"148,000.00",,"48,187,924.02",,Income,,0.00,,,,,,,,,,0.00
,,,"11,571",,Invoice,,07/15/2025,,AS010707,,RK Computers,,"BDCOM S1008 8 Port 10/100 BaseT Standard Switch  S/N : G20001011314		            G20001011242		",,07/15/2025,,,,BDCOM:S1008 (BDCOM S1008 8 Port 10/100 BaseT Standard Switch),,BDCOM S1008 8 Port 10/100 BaseT Standard Switch,,BDCOM,,Sal:RS,,AR,,Non-Taxable Sales,,,,Accounts Receivable,,Unpaid,,,,289,,2.00,,"3,894.00",,"7,788.00",,"48,195,712.02",,Income,,0.00,,,,,,,,,,0.00
,,,"11,571",,Invoice,,07/15/2025,,AS010707,,RK Computers,,"BDCOM S1508E Switch  S/N : 0W20002004564		            0W20002004567		",,07/15/2025,,,,BDCOM:S1508E,,,,BDCOM,,Sal:RS,,AR,,Non-Taxable Sales,,,,Accounts Receivable,,Unpaid,,,,289,,2.00,,"5,959.00",,"11,918.00",,"48,207,630.02",,Income,,0.00,,,,,,,,,,0.00
,,,"11,571",,Invoice,,07/15/2025,,AS010707,,RK Computers,,BDCOM POE S1000-8P2F  8Port 100M Switch  S/N : 0W20011407001,,07/15/2025,,,,BDCOM:S1000-8P2F (BDCOM POE S1000-8P2F  8Port 100M Switch),,BDCOM POE S1000-8P2F  8Port 100M Switch,,BDCOM,,Sal:RS,,AR,,Non-Taxable Sales,,,,Accounts Receivable,,Unpaid,,,,289,,1.00,,"7,906.00",,"7,906.00",,"48,215,536.02",,Income,,0.00,,,,,,,,,,0.00
,,,"11,571",,Invoice,,07/15/2025,,AS010707,,RK Computers,,BDCOM S1200-8P2G Switch  S/N : 0W20011501027,,07/15/2025,,,,BDCOM:S1200-8P2G (BDCOM S1200-8P2G Switch),,BDCOM S1200-8P2G Switch,,BDCOM,,Sal:RS,,AR,,Non-Taxable Sales,,,,Accounts Receivable,,Unpaid,,,,289,,1.00,,"10,384.00",,"10,384.00",,"48,225,920.02",,Income,,0.00,,,,,,,,,,0.00
,,,"11,572",,Invoice,,07/16/2025,,AS010708,,Alphasonic Technologies (Pvt) Ltd,,"Synology NAS DS925+ 4 Bay NAS  S/N : 2520YHRAABDHX		",,07/16/2025,,,,Synology:DS925+ (Synology NAS DS925+ 4 Bay NAS),,Synology NAS DS925+ 4 Bay NAS,,Synology,,Sal:RS,,A,,Taxable Sales,,,,Accounts Receivable,,Paid,,,,,,1.00,,"233,887.50",,"233,887.50",,"48,459,807.52",,Income,,0.00,,,,,,,,,,0.00
,,,"11,572",,Invoice,,07/16/2025,,AS010708,,Alphasonic Technologies (Pvt) Ltd,,"Synology 4TB Plus HDD  S/N : 2520VXRZW63D1RF		            2520VXRZW63D8NF		",,07/16/2025,,,,HDD:HAT3300-4T (Synology 4TB Plus HDD),,Synology 4TB Plus HDD,,Hard Drive,,Sal:RS,,A,,Taxable Sales,,,,Accounts Receivable,,Paid,,,,,,2.00,,"41,512.50",,"83,025.00",,"48,542,832.52",,Income,,0.00,,,,,,,,,,0.00
,,,"11,573",,Invoice,,07/16/2025,,AS010709,,Synergy Ventures,,Microsoft Office Package Installation,,07/16/2025,,,,Services,,,,Support and Maintenance,,,,AS,,Non-Taxable Sales,,,,Accounts Receivable,,Paid,,,,,,1.00,,"5,900.00",,"5,900.00",,"48,548,732.52",,Income,,0.00,,,,,,,,,,0.00
,,,"11,575",,Invoice,,07/16/2025,,AS010710,,Netsys Solutions (Pvt) Ltd,,Synology RackStation RS1221RP+  S/N : 2550RXRJT56NT,,07/16/2025,,,,Synology:RS1221RP+,,,,Synology,,Sal:RS,,A,,Taxable Sales,,,,Accounts Receivable,,Paid,,,,,,1.00,,"588,000.00",,"588,000.00",,"49,136,732.52",,Income,,0.00,,,,,,,,,,0.00
,,,"11,575",,Invoice,,07/16/2025,,AS010710,,Netsys Solutions (Pvt) Ltd,,"Synology 8TB Enterprise Hard Drive  S/N : 2470UFRK0A3FNFW0H	            2470UFRK0A1K0FW0H	      ...",,07/16/2025,,,,HDD:HAT5310-8T (Synology 8TB Enterprise Hard Drive),,Synology 8TB Enterprise Hard Drive,,Hard Drive,,Sal:RS,,A,,Taxable Sales,,,,Accounts Receivable,,Paid,,,,,,4.00,,"109,000.00",,"436,000.00",,"49,572,732.52",,Income,,0.00,,,,,,,,,,0.00
,,,"11,575",,Invoice,,07/16/2025,,AS010710,,Netsys Solutions (Pvt) Ltd,,2U Rail Kit,,07/16/2025,,,,Synology:2 U Sliding Rail Kit,,,,Synology,,Sal:RS,,A,,Taxable Sales,,,,Accounts Receivable,,Paid,,,,,,1.00,,,,,,"49,572,732.52",,Income,,0.00,,,,,,,,,,0.00
,,,"11,578",,Invoice,,07/17/2025,,AS010711,,Gadgetbox,,Synology RX1217 RP  12 Bay Expansion  S/N : 24B0O4N035200,,07/17/2025,,,,Synology:RX1217RP (Synology RX1217 RP  12 Bay Expansion),,Synology RX1217 RP  12 Bay Expansion,,Synology,,Sal:RS,,AD,,Non-Taxable Sales,,,,Accounts Receivable,,Paid,,,,,,1.00,,"731,600.00",,"731,600.00",,"50,304,332.52",,Income,,0.00,,,,,,,,,,0.00
,,,"11,578",,Invoice,,07/17/2025,,AS010711,,Gadgetbox,,"Synology 16TB Plus HDD  S/N : 2520XERL0A1YGF1VL		            2520XERL0A1YDF1VL		            2520...",,07/17/2025,,,,HDD:HAT3310-16T (Synology 16TB Plus HDD),,Synology 16TB Plus HDD,,Hard Drive,,Sal:RS,,AD,,Non-Taxable Sales,,,,Accounts Receivable,,Paid,,,,,,3.00,,"136,880.00",,"410,640.00",,"50,714,972.52",,Income,,0.00,,,,,,,,,,0.00
,,,"11,578",,Invoice,,07/17/2025,,AS010711,,Gadgetbox,,2U Rail Kit,,07/17/2025,,,,Synology:2 U Sliding Rail Kit,,,,Synology,,Sal:RS,,AD,,Non-Taxable Sales,,,,Accounts Receivable,,Paid,,,,,,1.00,,"64,900.00",,"64,900.00",,"50,779,872.52",,Income,,0.00,,,,,,,,,,0.00
,,,"11,579",,Invoice,,07/17/2025,,AS010712,,Adapt Information Technologies,,Synology Rackstation RS822RP+  S/N : 2540UJR3NAMBV,,07/17/2025,,,,Synology:RS822RP+ (Synology Rackstation RS822RP+),,Synology Rackstation RS822RP+,,Synology,,Sal:RS,,A,,Taxable Sales,,,,Accounts Receivable,,Paid,,,,,,1.00,,"482,000.00",,"482,000.00",,"51,261,872.52",,Income,,0.00,,,,,,,,,,0.00
,,,"11,579",,Invoice,,07/17/2025,,AS010712,,Adapt Information Technologies,,"Synology 4TB Plus HDD  S/N : 2520VXRZW63DDYR		            2520VXRZW63DDVS		            2520VXRZW...",,07/17/2025,,,,HDD:HAT3300-4T (Synology 4TB Plus HDD),,Synology 4TB Plus HDD,,Hard Drive,,Sal:RS,,A,,Taxable Sales,,,,Accounts Receivable,,Paid,,,,,,4.00,,"42,000.00",,"168,000.00",,"51,429,872.52",,Income,,0.00,,,,,,,,,,0.00
,,,"11,579",,Invoice,,07/17/2025,,AS010712,,Adapt Information Technologies,,Discount,,07/17/2025,,,,Discount,,,,Sales Discount,,Sal:RS,,A,,Taxable Sales,,,,Accounts Receivable,,Paid,,,,,,,,"-6,000.00",,"-6,000.00",,"51,423,872.52",,Income,,0.00,,,,,,,,,,0.00
,,,"11,579",,Invoice,,07/17/2025,,AS010712,,Adapt Information Technologies,,1U Rail Kit,,07/17/2025,,,,Synology:1 U Fixed Rail Kit,,,,Synology,,Sal:RS,,A,,Taxable Sales,,,,Accounts Receivable,,Paid,,,,,,1.00,,,,,,"51,423,872.52",,Income,,0.00,,,,,,,,,,0.00
,,,"11,580",,Invoice,,07/17/2025,,AS010713,,Touch Solution Systems (Private) Limited,,Synology RackStation RS2423RP+ 12Bay With 32GB RAM  S/N :   24B0V3R23ZK0X,,07/17/2025,,,,RS2423RP+ (Synology RackStation RS2423RP+ 12Bay),,Synology RackStation RS2423RP+ 12Bay,,Synology,,Sal:RS,,A,,Taxable Sales,,,,Accounts Receivable,,Paid,,,,,,1.00,,"1,138,000.00",,"1,138,000.00",,"52,561,872.52",,Income,,0.00,,,,,,,,,,0.00
,,,"11,580",,Invoice,,07/17/2025,,AS010713,,Touch Solution Systems (Private) Limited,,"Synology 16TB Plus HDD  S/N : 2520XERL0A22WF1VL,  2520XERL0A29ZF1VL            2520XERL0A1QSF1VL...",,07/17/2025,,,,HDD:HAT3310-16T (Synology 16TB Plus HDD),,Synology 16TB Plus HDD,,Hard Drive,,Sal:RS,,A,,Taxable Sales,,,,Accounts Receivable,,Paid,,,,,,10.00,,"114,000.00",,"1,140,000.00",,"53,701,872.52",,Income,,0.00,,,,,,,,,,0.00
,,,"11,580",,Invoice,,07/17/2025,,AS010713,,Touch Solution Systems (Private) Limited,,1 Port 10GbE  E10M20-T1 Adapter Card  S/N : 2530RMR00W2PM,,07/17/2025,,,,Synology:Single Port T1 Card,,,,Synology,,Sal:RS,,A,,Taxable Sales,,,,Accounts Receivable,,Paid,,,,,,1.00,,,,,,"53,701,872.52",,Income,,0.00,,,,,,,,,,0.00
,,,"11,580",,Invoice,,07/17/2025,,AS010713,,Touch Solution Systems (Private) Limited,,"Synology 800GB M.2 SSD (SNV5420-800G) NVMe  S/N : 2550YYRR19G1P		            2550YYRH65QPM		",,07/17/2025,,,,800GB Synology NVMe SSD (Synology 800GB M.2 SSD (SNV3510-800G) NVMe),,Synology 800GB M.2 SSD (SNV3510-800G) NVMe,,Hard Drive,,Sal:RS,,A,,Taxable Sales,,,,Accounts Receivable,,Paid,,,,,,2.00,,"116,400.00",,"232,800.00",,"53,934,672.52",,Income,,0.00,,,,,,,,,,0.00
,,,"11,580",,Invoice,,07/17/2025,,AS010713,,Touch Solution Systems (Private) Limited,,2U Rail Kit,,07/17/2025,,,,Synology:2 U Sliding Rail Kit,,,,Synology,,Sal:RS,,A,,Taxable Sales,,,,Accounts Receivable,,Paid,,,,,,1.00,,,,,,"53,934,672.52",,Income,,0.00,,,,,,,,,,0.00
,,,"11,586",,Invoice,,07/18/2025,,AS010714,,Alphasonic Technologies (Pvt) Ltd,,"Synology 4TB Plus HDD  S/N : 2520VXRZW63D8TM		            2520VXRZW63D93L		            2520VXRZW...",,07/18/2025,,,,HDD:HAT3300-4T (Synology 4TB Plus HDD),,Synology 4TB Plus HDD,,Hard Drive,,Sal:RS,,A,,Taxable Sales,,,,Accounts Receivable,,Paid,,,,,,3.00,,"42,525.00",,"127,575.00",,"54,062,247.52",,Income,,0.00,,,,,,,,,,0.00
,,,"11,587",,Invoice,,07/18/2025,,AS010715,,Micro Solutions Information Systems (Pvt),,Synology DiskStation DS425+ 4 Bay  S/N : 2550YGR9CER1X,,07/18/2025,,,,Synology:DS425+ (Synology DiskStation DS425+ 4 Bay),,Synology DiskStation DS425+ 4 Bay,,Synology,,Sal:RS,,A,,Taxable Sales,,,,Accounts Receivable,,Paid,,,,,,1.00,,"166,000.00",,"166,000.00",,"54,228,247.52",,Income,,0.00,,,,,,,,,,0.00
,,,"11,587",,Invoice,,07/18/2025,,AS010715,,Micro Solutions Information Systems (Pvt),,"Synology 4TB Plus HDD  S/N : 2520VXRZW63D947		            2520VXRZW63D90A		            2520VXRZW...",,07/18/2025,,,,HDD:HAT3300-4T (Synology 4TB Plus HDD),,Synology 4TB Plus HDD,,Hard Drive,,Sal:RS,,A,,Taxable Sales,,,,Accounts Receivable,,Paid,,,,,,4.00,,"42,000.00",,"168,000.00",,"54,396,247.52",,Income,,0.00,,,,,,,,,,0.00
,,,"11,590",,Invoice,,07/19/2025,,AS010716,,AL - ARAF HOTELS & RESORT (PVT) LTD,,Hosting Charges for 10 email Accounts (10$),,07/19/2025,,,,Hosting (Hosting),,Hosting,,Support and Maintenance,,Sal:EC,,AS,,Taxable Sales,,,,Accounts Receivable,,Paid,,,,,,1.00,,"3,045.00",,"3,045.00",,"54,399,292.52",,Income,,0.00,,,,,,,,,,0.00
,,,"11,591",,Invoice,,07/19/2025,,AS010717,,LANKA COMMODITY BROKERS LTD,,7GB Storage Space  100GB Transfer Bandwidth  1 Nos Fixed IP. (Clean)  SPF/ DKIM Supported  Spam ...,,07/19/2025,,,,Host Email,,,,Support and Maintenance,,Mnt,,AS,,Taxable Sales,,,,Accounts Receivable,,Paid,,,,,,1.00,,"18,565.37",,"18,565.37",,"54,417,857.89",,Income,,0.00,,,,,,,,,,0.00
,,,"11,592",,Invoice,,07/19/2025,,AS010718,,LANKA COMMODITY BROKERS LTD,,Anti Spam Service,,07/19/2025,,,,Services,,,,Support and Maintenance,,Mnt,,AS,,Taxable Sales,,,,Accounts Receivable,,Paid,,,,,,1.00,,"6,765.99",,"6,765.99",,"54,424,623.88",,Income,,0.00,,,,,,,,,,0.00
,,,"11,593",,Invoice,,07/19/2025,,AS010719,,LANKA MOUNT CASTLE (PVT) LTD,,20GB Storage Capacity with 30 Email Accounts,,07/19/2025,,,,Host Email,,,,Support and Maintenance,,Mnt,,AS,,Taxable Sales,,,,Accounts Receivable,,Paid,,,,,,1.00,,"15,225.00",,"15,225.00",,"54,439,848.88",,Income,,0.00,,,,,,,,,,0.00
,,,"11,594",,Invoice,,07/19/2025,,AS010720,,Wiscom Information Technology (Pvt) Ltd,,Acronis Cloud Backup 100GB Monthly Subscription,,07/19/2025,,,,Acronis,,,,Acronics,,Sal:RS,,SM,,Non-Taxable Sales,,,,Accounts Receivable,,Paid,,,,,,1.00,,"6,000.00",,"6,000.00",,"54,445,848.88",,Income,,0.00,,,,,,,,,,0.00
,,,"11,595",,Invoice,,07/21/2025,,AS010721,,Southern Technologies,,BDCOM S1200-8P2G Switch  S/N : 0W20011501130,,07/21/2025,,,,BDCOM:S1200-8P2G (BDCOM S1200-8P2G Switch),,BDCOM S1200-8P2G Switch,,BDCOM,,Sal:RS,,AR,,Non-Taxable Sales,,,,Accounts Receivable,,Paid,,,,,,1.00,,"10,600.00",,"10,600.00",,"54,456,448.88",,Income,,0.00,,,,,,,,,,0.00
,,,"11,596",,Invoice,,07/21/2025,,AS010722,,Cameralk (Pvt) Ltd,,Synology DS418 Power Adaptor,,07/21/2025,,,,Synology:Power Adaptor (Power Adaptor),,Power Adaptor,,Hardware,,Sal:RS,,AD,,Taxable Sales,,,,Accounts Receivable,,Paid,,,,,,1.00,,"40,000.00",,"40,000.00",,"54,496,448.88",,Income,,0.00,,,,,,,,,,0.00
,,,"11,601",,Invoice,,07/22/2025,,AS010723,,Studio Lakdam,,Synology 16TB Plus HDD  S/N : 2520XERL0A1RPF1VL,,07/22/2025,,,,HDD:HAT3310-16T (Synology 16TB Plus HDD),,Synology 16TB Plus HDD,,Hard Drive,,,,AD,,Non-Taxable Sales,,,,Accounts Receivable,,Paid,,,,,,1.00,,"163,000.00",,"163,000.00",,"54,659,448.88",,Income,,0.00,,,,,,,,,,0.00
,,,"11,611",,Invoice,,07/23/2025,,AS010724,,MM Trade Stationers (Pvt) Ltd.,,Synology NAS DS925+ 4 Bay NAS  S/N : 2530YHR3GEK9H,,07/23/2025,,,,Synology:DS925+ (Synology NAS DS925+ 4 Bay NAS),,Synology NAS DS925+ 4 Bay NAS,,Synology,,Sal:RS,,AR,,Taxable Sales,,,,Accounts Receivable,,Paid,,,,,,1.00,,"210,000.00",,"210,000.00",,"54,869,448.88",,Income,,0.00,,,,,,,,,,0.00
,,,"11,613",,Invoice,,07/24/2025,,AS010725,,ICC Inernational Construction Consortium,,Synology 2TB Plus Hard Drive  S/N : 2470XZR00ZWD194PJ,,07/24/2025,,,,HDD:HAT3300-2T (Synology 2TB Plus Hard Drive),,Synology 2TB Plus Hard Drive,,Hard Drive,,Sal:EC,,AD,,Taxable Sales,,,,Accounts Receivable,,Paid,,,,,,1.00,,"39,000.00",,"39,000.00",,"54,908,448.88",,Income,,0.00,,,,,,,,,,0.00
,,,"11,615",,Invoice,,07/24/2025,,AS010726,,Network Information Technologies (Pvt) Lt,,"Acronis Cyber Protect - Backup Advanced Virtual Host Subscription License, 1 Year - Renewal",,07/23/2025,,,,Acronis,,,,Acronics,,Sal:RS,,AS,,Taxable Sales,,,,Accounts Receivable,,Paid,,,,,,1.00,,"228,415.09",,"228,415.09",,"55,136,863.97",,Income,,0.00,,,,,,,,,,0.00
,,,"11,616",,Invoice,,07/24/2025,,AS010727,,ABSOLUTE BUSINESS SOLUTIONS ( PVT) LTD,,Acronis Cloud Backup 25GB Monthly Subscription,,07/24/2025,,,,Acronis,,,,Acronics,,Sal:RS,,SM,,Non-Taxable Sales,,,,Accounts Receivable,,Paid,,,,,,1.00,,"2,000.00",,"2,000.00",,"55,138,863.97",,Income,,0.00,,,,,,,,,,0.00
,,,"11,617",,Invoice,,07/24/2025,,AS010728,,ABSOLUTE BUSINESS SOLUTIONS ( PVT) LTD,,Acronis Cloud Backup 25GB Monthly Subscription,,07/24/2025,,,,Acronis,,,,Acronics,,Sal:RS,,SM,,Non-Taxable Sales,,,,Accounts Receivable,,Paid,,,,,,1.00,,"2,000.00",,"2,000.00",,"55,140,863.97",,Income,,0.00,,,,,,,,,,0.00
,,,"11,619",,Invoice,,07/25/2025,,AS010729,,Micro Technology Lanka (Pvt) Ltd,,"BDCOM POE S1000-8P2F  8Port 100M Switch  S/N : 0W20011407173		            0W20011407172		",,07/25/2025,,,,BDCOM:S1000-8P2F (BDCOM POE S1000-8P2F  8Port 100M Switch),,BDCOM POE S1000-8P2F  8Port 100M Switch,,BDCOM,,,,AR,,Non-Taxable Sales,,,,Accounts Receivable,,Paid,,,,,,2.00,,"7,906.00",,"15,812.00",,"55,156,675.97",,Income,,0.00,,,,,,,,,,0.00
,,,"11,619",,Invoice,,07/25/2025,,AS010729,,Micro Technology Lanka (Pvt) Ltd,,"BDCOM S1508E Switch  S/N : 0W20002004565		",,07/25/2025,,,,BDCOM:S1508E,,,,BDCOM,,,,AR,,Non-Taxable Sales,,,,Accounts Receivable,,Paid,,,,,,1.00,,"5,959.00",,"5,959.00",,"55,162,634.97",,Income,,0.00,,,,,,,,,,0.00
,,,"11,626",,Invoice,,07/28/2025,,AS010730,,Edge Networks (PVT) LTD,,BDCOM S1500-8P2G Switch  S/N : 0W20011600270,,07/28/2025,,,,BDCOM:S1500-8P2G (BDCOM S1500-8P2G Switch),,BDCOM S1500-8P2G Switch,,BDCOM,,Sal:RS,,A,,Taxable Sales,,,,Accounts Receivable,,Paid,,,,,,1.00,,"13,700.00",,"13,700.00",,"55,176,334.97",,Income,,0.00,,,,,,,,,,0.00
,,,"11,627",,Invoice,,07/28/2025,,AS010731,,Network Information Technologies (Pvt) Lt,,Synology 2TB Cloud Space (Till 17th October2025),,07/28/2025,,,,Synology,,,,Synology,,Sal:RS,,AS,,Taxable Sales,,,,Accounts Receivable,,Paid,,,,,,1.00,,"15,250.00",,"15,250.00",,"55,191,584.97",,Income,,0.00,,,,,,,,,,0.00
,,,"11,628",,Invoice,,07/28/2025,,AS010732,,Softlogic Life Insurance PLC,,Synology NAS Device Test and DSM Upgrade Charges,,07/28/2025,,,,Services,,,,Support and Maintenance,,,,AS,,Non-Taxable Sales,,,,Accounts Receivable,,Paid,,,,,,1.00,,"35,400.00",,"35,400.00",,"55,226,984.97",,Income,,0.00,,,,,,,,,,0.00
,,,"11,629",,Invoice,,07/28/2025,,AS010733,,NHK Holdings International (Pvt) Ltd,,"BDCOM S1500-8P2G Switch  S/N : 0W20011600268	",,07/28/2025,,,,BDCOM:S1500-8P2G (BDCOM S1500-8P2G Switch),,BDCOM S1500-8P2G Switch,,BDCOM,,Sal:RS,,AR,,Non-Taxable Sales,,,,Accounts Receivable,,Paid,,,,,,1.00,,"16,110.00",,"16,110.00",,"55,243,094.97",,Income,,0.00,,,,,,,,,,0.00
,,,"11,632",,Invoice,,07/29/2025,,AS010734,,Manons Cine Combines,,"Synology NAS Re-Configuration Charges  -	Add IP address to NAS device  -	Check the status and up...",,07/29/2025,,,,Services,,,,Support and Maintenance,,Sal:EC,,AD,,Non-Taxable Sales,,,,Accounts Receivable,,Paid,,,,,,1.00,,"11,800.00",,"11,800.00",,"55,254,894.97",,Income,,0.00,,,,,,,,,,0.00
,,,"11,638",,Invoice,,07/31/2025,,AS010735,,MARS Network (Pvt) Ltd,,"Synology NAS RS2821RP+ 16 Bay NAS with 16GB RAM  S/N : 2210SMRB9B0Y0	",,07/31/2025,,,,Synology:RS2821RP+ (Synology NAS RS2821RP+ 16 Bay NAS),,Synology NAS RS2821RP+ 16 Bay NAS,,Synology,,Sal:RS,,A,,Taxable Sales,,,,Accounts Receivable,,Paid,,,,,,1.00,,"1,281,825.00",,"1,281,825.00",,"56,536,719.97",,Income,,0.00,,,,,,,,,,0.00
,,,"11,638",,Invoice,,07/31/2025,,AS010735,,MARS Network (Pvt) Ltd,,"Synology 16TB Plus HDD  S/N : 2520XERL0A2A1F1VL	            2520XERL0A1ZAF1VL	            2520XE...",,07/31/2025,,,,HDD:HAT3310-16T (Synology 16TB Plus HDD),,Synology 16TB Plus HDD,,Hard Drive,,Sal:RS,,A,,Taxable Sales,,,,Accounts Receivable,,Paid,,,,,,3.00,,"124,537.50",,"373,612.50",,"56,910,332.47",,Income,,0.00,,,,,,,,,,0.00
,,,"11,638",,Invoice,,07/31/2025,,AS010735,,MARS Network (Pvt) Ltd,,2U Rail Kit,,07/31/2025,,,,Synology:2 U Sliding Rail Kit,,,,Synology,,Sal:RS,,A,,Taxable Sales,,,,Accounts Receivable,,Paid,,,,,,1.00,,,,,,"56,910,332.47",,Income,,0.00,,,,,,,,,,0.00
,,,"12,217",,Credit Memo,,08/01/2025,,AS00113,,TWINTECH HOLDINGS PVT LTD,,BDCOM S1500-24T Switch  S/N : 0W20012600520,,08/01/2025,,,,BDCOM:S1500-24T (BDCOM S1500-24T Switch),,BDCOM S1500-24T Switch,,BDCOM,,Sal:RS,,,,Taxable Sales,,,,Accounts Receivable,,Paid,,,,,,-1.00,,"19,900.00",,"-19,900.00",,"56,890,432.47",,Income,,0.00,,,,,,,,,,0.00
,,,"12,217",,Credit Memo,,08/01/2025,,AS00113,,TWINTECH HOLDINGS PVT LTD,,BDCOM WAP2100-T512  S/N : 0P32014029778,,08/01/2025,,,,BDCOM:WAP2100-T512 (BDCOM WAP2100-T512),,BDCOM WAP2100-T512,,BDCOM,,Sal:RS,,,,Taxable Sales,,,,Accounts Receivable,,Paid,,,,,,-1.00,,"15,790.00",,"-15,790.00",,"56,874,642.47",,Income,,0.00,,,,,,,,,,0.00
,,,"12,217",,Credit Memo,,08/01/2025,,AS00113,,TWINTECH HOLDINGS PVT LTD,,BDCOM WAP2100-T618  S/N : 0P32014104811,,08/01/2025,,,,BDCOM:WAP2100-T618 (BDCOM WAP2100-T618),,BDCOM WAP2100-T618,,BDCOM,,Sal:RS,,,,Taxable Sales,,,,Accounts Receivable,,Paid,,,,,,-1.00,,"20,650.00",,"-20,650.00",,"56,853,992.47",,Income,,0.00,,,,,,,,,,0.00
,,,"12,218",,Credit Memo,,08/01/2025,,AS00114,,TWINTECH HOLDINGS PVT LTD,,BDCOM S1006-4p-65 Unmanaged 4 ports 10/100 PoE Ports and 2 Ports 10/100 NON PoE  S/N : SLM170801...,,08/01/2025,,,,BDCOM:S1006-4p-65 (BDCOM S1006-4p-65 Unmanaged 4 ports 10/100 PoE Ports and 2 Ports 10/100 NON PoE),,BDCOM S1006-4p-65 Unmanaged 4 ports 10/100 PoE Ports and 2 Ports 10/100 NON PoE,,BDCOM,,Sal:RS,,,,Taxable Sales,,,,Accounts Receivable,,Paid,,,,,,-2.00,,"5,100.00",,"-10,200.00",,"56,843,792.47",,Income,,0.00,,,,,,,,,,0.00
,,,"12,218",,Credit Memo,,08/01/2025,,AS00114,,TWINTECH HOLDINGS PVT LTD,,"BDCOM S1500-8P2G Switch  S/N : 0W20011600261	            0W20011600262	  ",,08/01/2025,,,,BDCOM:S1500-8P2G (BDCOM S1500-8P2G Switch),,BDCOM S1500-8P2G Switch,,BDCOM,,Sal:RS,,,,Taxable Sales,,,,Accounts Receivable,,Paid,,,,,,-2.00,,"13,360.00",,"-26,720.00",,"56,817,072.47",,Income,,0.00,,,,,,,,,,0.00
,,,"12,218",,Credit Memo,,08/01/2025,,AS00114,,TWINTECH HOLDINGS PVT LTD,,"BDCOM S1508E 1G 8 Port Switch  S/N : 0W20002004681	            0W20002004689	  ",,08/01/2025,,,,BDCOM:S1508E,,,,BDCOM,,Sal:RS,,,,Taxable Sales,,,,Accounts Receivable,,Paid,,,,,,-2.00,,"5,050.00",,"-10,100.00",,"56,806,972.47",,Income,,0.00,,,,,,,,,,0.00
,,,"11,641",,Invoice,,08/01/2025,,AS010736,,Tekki (Pvt) Ltd,,Storage Capacity 10TB - (July 2025),,08/01/2025,,,,Rental,,,,Other Sales,,Sal:RS,,AS,,Non-Taxable Sales,,,,Accounts Receivable,,Unpaid,,,,272,,10.00,,"2,360.00",,"23,600.00",,"56,830,572.47",,Income,,0.00,,,,,,,,,,0.00
,,,"11,642",,Invoice,,08/01/2025,,AS010737,,Unity Systems Solutions,,Synology Diskstation DS223  2Bay  S/N : 2540V1RS5CHHF,,08/01/2025,,,,Synology:DS223 (Synology Diskstation DS223  2Bay),,Synology Diskstation DS223  2Bay,,Synology,,Sal:RS,,AD,,Taxable Sales,,,,Accounts Receivable,,Paid,,,,,,1.00,,"93,000.00",,"93,000.00",,"56,923,572.47",,Income,,0.00,,,,,,,,,,0.00
,,,"11,643",,Invoice,,08/01/2025,,AS010738,,Micro Technology Lanka (Pvt) Ltd,,Gauge Nut & Screw Nail,,08/01/2025,,,,Accs (Accessories),,Accessories,,Hardware,,Sal:EC,,AR,,Non-Taxable Sales,,,,Accounts Receivable,,Paid,,,,,,60.00,,60.00,,"3,600.00",,"56,927,172.47",,Income,,0.00,,,,,,,,,,0.00
,,,"11,644",,Invoice,,08/02/2025,,AS010739,,Barclays Computers (Pvt) Ltd,,BDCOM S1500-16P2S POE Switch  S/N : 0W20012100447,,08/02/2025,,,,BDCOM:S1500-16P2S (BDCOM S1500-16P2S POE Switch),,BDCOM S1500-16P2S POE Switch,,BDCOM,,Sal:RS,,AR,,Taxable Sales,,,,Accounts Receivable,,Paid,,,,,,1.00,,"38,135.53",,"38,135.53",,"56,965,308.00",,Income,,0.00,,,,,,,,,,0.00
,,,"11,645",,Invoice,,08/04/2025,,AS010740,,AL - ARAF HOTELS & RESORT (PVT) LTD,,Hosting Charges for 10 email Accounts (10$),,08/04/2025,,,,Hosting (Hosting),,Hosting,,Support and Maintenance,,Sal:EC,,AS,,Taxable Sales,,,,Accounts Receivable,,Paid,,,,,,1.00,,"3,045.00",,"3,045.00",,"56,968,353.00",,Income,,0.00,,,,,,,,,,0.00
,,,"11,646",,Invoice,,08/04/2025,,AS010741,,I M Solutions,,"BDCOM S1500-8P2G Switch  S/N : 0W20011603676,0W20011600262	            0W20011603667, 0W20011603...",,08/04/2025,,,,BDCOM:S1500-8P2G (BDCOM S1500-8P2G Switch),,BDCOM S1500-8P2G Switch,,BDCOM,,Sal:RS,,AD,,Taxable Sales,,,,Accounts Receivable,,Paid,,,,,,12.00,,"14,000.00",,"168,000.00",,"57,136,353.00",,Income,,0.00,,,,,,,,,,0.00
,,,"11,647",,Invoice,,08/04/2025,,AS010742,,E Technology System (Pvt) Ltd,,"Synology DS423 4 Bay NAS  S/N : 2530UVRZS1Z38		  ",,08/04/2025,,,,Synology:DS423 (Synology DS423 4 Bay NAS),,Synology DS423 4 Bay NAS,,Synology,,Sal:RS,,AD,,Taxable Sales,,,,Accounts Receivable,,Paid,,,,,,1.00,,"129,000.00",,"129,000.00",,"57,265,353.00",,Income,,0.00,,,,,,,,,,0.00
,,,"11,649",,Invoice,,08/05/2025,,AS010743,,Apex Business Solutions PVT Ltd.,,BDCOM S1500-24P2S Switch  S/N :   0W20012201696,,08/05/2025,,,,BDCOM:S1500-24P2S (BDCOM S1500-24P2S Switch),,BDCOM S1500-24P2S Switch,,BDCOM,,Sal:RS,,AD,,Taxable Sales,,,,Accounts Receivable,,Paid,,,,,,1.00,,"57,000.00",,"57,000.00",,"57,322,353.00",,Income,,0.00,,,,,,,,,,0.00
,,,"11,650",,Invoice,,08/05/2025,,AS010744,,MARS Network (Pvt) Ltd,,Innodisk  16GB DDR4 ECC 2666  UDIMM RAM  S/N : NCA 12308280390002 IC,,08/05/2025,,,,RAM,,,,Hardware,,Sal:RS,,A,,Taxable Sales,,,,Accounts Receivable,,Paid,,,,,,1.00,,"32,000.00",,"32,000.00",,"57,354,353.00",,Income,,0.00,,,,,,,,,,0.00
,,,"11,653",,Invoice,,08/06/2025,,AS010745,,NextGen Holdings,,Synology DiskStation DS425+ 4 Bay  S/N : 2550YGRNWJK40,,08/06/2025,,,,Synology:DS425+ (Synology DiskStation DS425+ 4 Bay),,Synology DiskStation DS425+ 4 Bay,,Synology,,Sal:RS,,AD,,Taxable Sales,,,,Accounts Receivable,,Paid,,,,,,1.00,,"157,000.00",,"157,000.00",,"57,511,353.00",,Income,,0.00,,,,,,,,,,0.00
,,,"11,653",,Invoice,,08/06/2025,,AS010745,,NextGen Holdings,,"Synology 8TB Plus Hard Drive  S/N : 25X0A00UF1YL		            25X0A01QF1YL		            25X0A00D...",,08/06/2025,,,,HDD:HAT3310-8T (Synology 8TB Plus Hard Drive),,Synology 8TB Plus Hard Drive,,Hard Drive,,Sal:RS,,AD,,Taxable Sales,,,,Accounts Receivable,,Paid,,,,,,3.00,,"83,000.00",,"249,000.00",,"57,760,353.00",,Income,,0.00,,,,,,,,,,0.00
,,,"11,654",,Invoice,,08/06/2025,,AS010746,,Techtron Integrated Solutions (Pvt) Ltd,,Synology DS223j  S/N : 2540UKR714EF2,,08/06/2025,,,,Synology:DS223j (Synology DS223j  ),,Synology DS223j  ,,Synology,,Sal:RS,,AS,,Taxable Sales,,,,Accounts Receivable,,Paid,,,,,,1.00,,"64,000.00",,"64,000.00",,"57,824,353.00",,Income,,0.00,,,,,,,,,,0.00
,,,"11,659",,Invoice,,08/06/2025,,AS010747,,RK Computers,,"BDCOM S1008 8 Port 10/100 BaseT Standard Switch  S/N : G20001011243	            G20001011329	",,08/06/2025,,,,BDCOM:S1008 (BDCOM S1008 8 Port 10/100 BaseT Standard Switch),,BDCOM S1008 8 Port 10/100 BaseT Standard Switch,,BDCOM,,Sal:RS,,AR,,Non-Taxable Sales,,,,Accounts Receivable,,Paid,,,,,,2.00,,"3,894.00",,"7,788.00",,"57,832,141.00",,Income,,0.00,,,,,,,,,,0.00
,,,"11,659",,Invoice,,08/06/2025,,AS010747,,RK Computers,,BDCOM S1508E Switch  S/N : 0W20002004715,,08/06/2025,,,,BDCOM:S1508E,,,,BDCOM,,Sal:RS,,AR,,Non-Taxable Sales,,,,Accounts Receivable,,Paid,,,,,,1.00,,"5,959.00",,"5,959.00",,"57,838,100.00",,Income,,0.00,,,,,,,,,,0.00
,,,"11,665",,Invoice,,08/07/2025,,AS010748,,D.Samson Industries (Pvt) Ltd,,2 TB Seagate Ironwolf NAS Hard Drive  S/N : ZWD149L6,,08/07/2025,,,,HDD:2 TB NAS (2 TB Seagate Ironwolf NAS Hard Drive),,2 TB Seagate Ironwolf NAS Hard Drive,,Hard Drive,,Sal:RS,,AS,,Taxable Sales,,,,Accounts Receivable,,Paid,,,,,,1.00,,"57,000.00",,"57,000.00",,"57,895,100.00",,Income,,0.00,,,,,,,,,,0.00
,,,"11,666",,Invoice,,08/11/2025,,AS010749,,BlueChip Technical Services(Pvt)Ltd,,Synology RS1515+ NAS Unit Rentable Charge - (1 Months),,08/11/2025,,,,Rental,,,,Other Sales,,Sal:EC,,A,,Taxable Sales,,,,Accounts Receivable,,Paid,,,,,,1.00,,"15,000.00",,"15,000.00",,"57,910,100.00",,Income,,0.00,,,,,,,,,,0.00
,,,"11,669",,Invoice,,08/12/2025,,AS010750,,Apex Business Solutions PVT Ltd.,,Synology Disktation DS1825+ NAS Unit  S/N : 2540WDR0K9V08,,08/12/2025,,,,Synology:DS1825+ (Synology Disktation DS1825+ NAS Unit),,Synology Disktation DS1825+ NAS Unit,,Synology,,Sal:RS,,AD,,Taxable Sales,,,,Accounts Receivable,,Paid,,,,,,1.00,,"367,000.00",,"367,000.00",,"58,277,100.00",,Income,,0.00,,,,,,,,,,0.00
,,,"11,669",,Invoice,,08/12/2025,,AS010750,,Apex Business Solutions PVT Ltd.,,"12TB Synology Plus Hard Drive  S/N : 2420XDRJ0A15VF1XL		            2420XDRJ0A14KF1XL		",,08/12/2025,,,,HDD:HAT3300-12T (12TB Synology Plus Hard Drive),,12TB Synology Plus Hard Drive,,Hard Drive,,Sal:RS,,AD,,Taxable Sales,,,,Accounts Receivable,,Paid,,,,,,2.00,,"112,000.00",,"224,000.00",,"58,501,100.00",,Income,,0.00,,,,,,,,,,0.00
,,,"11,670",,Invoice,,08/12/2025,,AS010751,,Premier IT Solutions (pvt) Ltd,,Synology 4TB Plus HDD  S/N : 24B0VXRZW6371YM,,08/12/2025,,,,HDD:HAT3300-4T (Synology 4TB Plus HDD),,Synology 4TB Plus HDD,,Hard Drive,,Sal:RS,,AD,,Taxable Sales,,,,Accounts Receivable,,Paid,,,,,,1.00,,"42,500.00",,"42,500.00",,"58,543,600.00",,Income,,0.00,,,,,,,,,,0.00
,,,"11,673",,Invoice,,08/13/2025,,AS010752,,Softlogic Information Technologies (Pvt),,Maintenance  Agreement,,08/13/2025,,,,MA (Maintenance  Agreement),,Maintenance  Agreement,,Support and Maintenance,,Sal:RS,,A,,Taxable Sales,,,,Accounts Receivable,,Paid,,,,,,1.00,,"149,000.00",,"149,000.00",,"58,692,600.00",,Income,,0.00,,,,,,,,,,0.00
,,,"11,673",,Invoice,,08/13/2025,,AS010752,,Softlogic Information Technologies (Pvt),,24x7  Enhanced Support -1 Year,,08/13/2025,,,,24x7 Support (24x7 Support),,24x7 Support,,Other Sales,,Sal:RS,,A,,Taxable Sales,,,,Accounts Receivable,,Paid,,,,,,1.00,,"37,250.00",,"37,250.00",,"58,729,850.00",,Income,,0.00,,,,,,,,,,0.00
,,,"11,675",,Invoice,,08/13/2025,,AS010753,,OAK INTEGRATED SYSTEMS PVT LTD,,"Acronis Cyber Protect - Backup Advanced Server Subscription License, 1   Year",,08/13/2025,,,,Acronis,,,,Acronics,,Sal:RS,,A,,Taxable Sales,,,,Accounts Receivable,,Paid,,,,,,1.00,,"192,000.00",,"192,000.00",,"58,921,850.00",,Income,,0.00,,,,,,,,,,0.00
,,,"11,686",,Invoice,,08/14/2025,,AS010754,,Techno Mobile & CCTV,,BDCOM 16Port 100M POE+ 2Port 1G RJ45 + 1 -Port GE SFP port Unmanaged POE Switch  S/N : 0W2001170...,,08/14/2025,,,,BDCOM:S1200-16P2G1S (BDCOM 16Port 100M POE+ 2Port 1G RJ45 + 1 -Port GE SFP port Unmanaged POE Sw...,,BDCOM 16Port 100M POE+ 2Port 1G RJ45 + 1 -Port GE SFP port Unmanaged POE Switch,,BDCOM,,,,AR,,Non-Taxable Sales,,,,Accounts Receivable,,Paid,,,,,,1.00,,"26,500.00",,"26,500.00",,"58,948,350.00",,Income,,0.00,,,,,,,,,,0.00
,,,"11,693",,Invoice,,08/15/2025,,AS010755,,Southern Technologies,,BDCOM S1200-8P2G Switch  S/N : 0W20011501127,,08/15/2025,,,,BDCOM:S1200-8P2G (BDCOM S1200-8P2G Switch),,BDCOM S1200-8P2G Switch,,BDCOM,,Sal:RS,,AR,,Non-Taxable Sales,,,,Accounts Receivable,,Paid,,,,,,1.00,,"10,500.00",,"10,500.00",,"58,958,850.00",,Income,,0.00,,,,,,,,,,0.00
,,,"11,694",,Invoice,,08/18/2025,,AS010756,,Neo Solution,,Acronis Cloud Backup 25GB Monthly Subscription,,08/18/2025,,,,Acronis,,,,Acronics,,Sal:EC,,SM,,Non-Taxable Sales,,,,Accounts Receivable,,Unpaid,,,,255,,1.00,,"1,500.00",,"1,500.00",,"58,960,350.00",,Income,,0.00,,,,,,,,,,0.00
,,,"11,695",,Invoice,,08/18/2025,,AS010757,,Wiscom Information Technology (Pvt) Ltd,,Acronis Cloud Backup 250GB Monthly Subscription,,08/18/2025,,,,Acronis,,,,Acronics,,Sal:RS,,SM,,Non-Taxable Sales,,,,Accounts Receivable,,Paid,,,,,,1.00,,"12,500.00",,"12,500.00",,"58,972,850.00",,Income,,0.00,,,,,,,,,,0.00
,,,"11,696",,Invoice,,08/18/2025,,AS010758,,ABSOLUTE BUSINESS SOLUTIONS ( PVT) LTD,,Acronis Cloud Backup 25GB Monthly Subscription,,08/18/2025,,,,Acronis,,,,Acronics,,Sal:RS,,SM,,Non-Taxable Sales,,,,Accounts Receivable,,Paid,,,,,,1.00,,"2,000.00",,"2,000.00",,"58,974,850.00",,Income,,0.00,,,,,,,,,,0.00
,,,"11,697",,Invoice,,08/18/2025,,AS010759,,ABSOLUTE BUSINESS SOLUTIONS ( PVT) LTD,,Acronis Cloud Backup 25GB Monthly Subscription,,08/18/2025,,,,Acronis,,,,Acronics,,Sal:RS,,SM,,Non-Taxable Sales,,,,Accounts Receivable,,Paid,,,,,,1.00,,"2,000.00",,"2,000.00",,"58,976,850.00",,Income,,0.00,,,,,,,,,,0.00
,,,"11,698",,Invoice,,08/18/2025,,AS010760,,Edge Networks (PVT) LTD,,BDCOM S1500-16P2S POE Switch  S/N : 0W20012100773            0W20012100774            0W20012100446,,08/18/2025,,,,BDCOM:S1500-16P2S (BDCOM S1500-16P2S POE Switch),,BDCOM S1500-16P2S POE Switch,,BDCOM,,Sal:RS,,A,,Taxable Sales,,,,Accounts Receivable,,Paid,,,,,,3.00,,"39,500.00",,"118,500.00",,"59,095,350.00",,Income,,0.00,,,,,,,,,,0.00
,,,"11,710",,Invoice,,08/18/2025,,AS010761,,LANKA COMMODITY BROKERS LTD,,Anti Spam Service,,08/18/2025,,,,Services,,,,Support and Maintenance,,Mnt,,AS,,Taxable Sales,,,,Accounts Receivable,,Paid,,,,,,1.00,,"6,760.44",,"6,760.44",,"59,102,110.44",,Income,,0.00,,,,,,,,,,0.00
,,,"11,700",,Invoice,,08/18/2025,,AS010762,,LANKA COMMODITY BROKERS LTD,,7GB Storage Space  100GB Transfer Bandwidth  1 Nos Fixed IP. (Clean)  SPF/ DKIM Supported  Spam ...,,08/18/2025,,,,Host Email,,,,Support and Maintenance,,Mnt,,AS,,Taxable Sales,,,,Accounts Receivable,,Paid,,,,,,1.00,,"18,550.12",,"18,550.12",,"59,120,660.56",,Income,,0.00,,,,,,,,,,0.00
,,,"11,701",,Invoice,,08/18/2025,,AS010763,,LANKA MOUNT CASTLE (PVT) LTD,,20GB Storage Capacity with 30 Email Accounts,,08/18/2025,,,,Host Email,,,,Support and Maintenance,,Mnt,,AS,,Taxable Sales,,,,Accounts Receivable,,Paid,,,,,,1.00,,"15,212.50",,"15,212.50",,"59,135,873.06",,Income,,0.00,,,,,,,,,,0.00
,,,"11,702",,Invoice,,08/18/2025,,AS010764,,Softlogic Information Technologies (Pvt),,"Synology Rackstation RS822RP+  S/N : 2530UJR0DXG22		  ",,08/18/2025,,,,Synology:RS822RP+ (Synology Rackstation RS822RP+),,Synology Rackstation RS822RP+,,Synology,,Sal:RS,,AD,,Taxable Sales,,,,Accounts Receivable,,Paid,,,,,,1.00,,"562,000.00",,"562,000.00",,"59,697,873.06",,Income,,0.00,,,,,,,,,,0.00
,,,"11,702",,Invoice,,08/18/2025,,AS010764,,Softlogic Information Technologies (Pvt),,"Synology 4TB Plus HDD  S/N : 24B0VXRZW63723Y		            24B0VXRZW636JDZ		            24B0VXRZW...",,08/18/2025,,,,HDD:HAT3300-4T (Synology 4TB Plus HDD),,Synology 4TB Plus HDD,,Hard Drive,,Sal:RS,,AD,,Taxable Sales,,,,Accounts Receivable,,Paid,,,,,,4.00,,"59,000.00",,"236,000.00",,"59,933,873.06",,Income,,0.00,,,,,,,,,,0.00
,,,"11,702",,Invoice,,08/18/2025,,AS010764,,Softlogic Information Technologies (Pvt),,1U Rail Kit,,08/18/2025,,,,Synology:1 U Fixed Rail Kit,,,,Synology,,Sal:RS,,AD,,Taxable Sales,,,,Accounts Receivable,,Paid,,,,,,1.00,,,,,,"59,933,873.06",,Income,,0.00,,,,,,,,,,0.00
,,,"11,703",,Invoice,,08/19/2025,,AS010765,,Debug Computer Peripherals (Pvt) Ltd,,"BDCOM WAP2100-T618 With P/A  S/N : 0P32014104822		",,08/19/2025,,,,BDCOM:WAP2100-T618 (BDCOM WAP2100-T618),,BDCOM WAP2100-T618,,BDCOM,,Sal:RS,,AD,,Taxable Sales,,,,Accounts Receivable,,Paid,,,,,,1.00,,"27,700.00",,"27,700.00",,"59,961,573.06",,Income,,0.00,,,,,,,,,,0.00
,,,"11,704",,Invoice,,08/19/2025,,AS010766,,Phoenix Ogilvy (Pvt) Ltd,,"Synology Disktation DS1825+ NAS Unit  S/N : 2540WDRP6H4WT		            2540WDR46NWR6		  ",,08/19/2025,,,,Synology:DS1825+ (Synology Disktation DS1825+ NAS Unit),,Synology Disktation DS1825+ NAS Unit,,Synology,,Sal:RS,,AS,,Taxable Sales,,,,Accounts Receivable,,Paid,,,,,,2.00,,"367,000.00",,"734,000.00",,"60,695,573.06",,Income,,0.00,,,,,,,,,,0.00
,,,"11,704",,Invoice,,08/19/2025,,AS010766,,Phoenix Ogilvy (Pvt) Ltd,,"Synology 8TB Plus Hard Drive  S/N : 2520XCRX0A00SF1YL, 2520XCRX0A00GF1YL		            2520XCRX0A...",,08/19/2025,,,,HDD:HAT3310-8T (Synology 8TB Plus Hard Drive),,Synology 8TB Plus Hard Drive,,Hard Drive,,Sal:RS,,AS,,Taxable Sales,,,,Accounts Receivable,,Paid,,,,,,8.00,,"83,000.00",,"664,000.00",,"61,359,573.06",,Income,,0.00,,,,,,,,,,0.00
,,,"11,705",,Invoice,,08/19/2025,,AS010767,,Southern Technologies,,BDCOM S1200-8P2G Switch  S/N : 0W20011501128            0W20011501129,,08/19/2025,,,,BDCOM:S1200-8P2G (BDCOM S1200-8P2G Switch),,BDCOM S1200-8P2G Switch,,BDCOM,,Sal:RS,,AR,,Non-Taxable Sales,,,,Accounts Receivable,,Paid,,,,,,2.00,,"10,500.00",,"21,000.00",,"61,380,573.06",,Income,,0.00,,,,,,,,,,0.00
,,,"11,709",,Invoice,,08/19/2025,,AS010768,,Synergy Ventures,,BDCOM S1508E Switch with Installation Charges  S/N : 0W20002004571,,08/19/2025,,,,BDCOM:S1508E,,,,BDCOM,,Sal:EC,,AS,,Non-Taxable Sales,,,,Accounts Receivable,,Paid,,,,,,1.00,,"11,800.00",,"11,800.00",,"61,392,373.06",,Income,,0.00,,,,,,,,,,0.00
,,,"11,713",,Invoice,,08/20/2025,,AS010769,,Pubudu Engineering (Pvt) Ltd,,Synology NAS DS1520+  4GB  5 Bay NAS  S/N : 2210RYRFTWHRK,,08/20/2025,,,,Synology:DS1520+ (Synology NAS DS1520+ 8GB  5 Bay NAS),,Synology NAS DS1520+ 8GB  5 Bay NAS,,Synology,,Sal:EC,,AS,,Taxable Sales,,,,Accounts Receivable,,Paid,,,,,,1.00,,"282,000.00",,"282,000.00",,"61,674,373.06",,Income,,0.00,,,,,,,,,,0.00
,,,"11,713",,Invoice,,08/20/2025,,AS010769,,Pubudu Engineering (Pvt) Ltd,,Data Transfer & Configuration  Charges,,08/20/2025,,,,Services,,,,Support and Maintenance,,Sal:EC,,AS,,Taxable Sales,,,,Accounts Receivable,,Paid,,,,,,1.00,,"10,000.00",,"10,000.00",,"61,684,373.06",,Income,,0.00,,,,,,,,,,0.00
,,,"11,713",,Invoice,,08/20/2025,,AS010769,,Pubudu Engineering (Pvt) Ltd,,Transport Charges,,08/20/2025,,,,Services,,,,Support and Maintenance,,Sal:EC,,AS,,Taxable Sales,,,,Accounts Receivable,,Paid,,,,,,1.00,,"10,000.00",,"10,000.00",,"61,694,373.06",,Income,,0.00,,,,,,,,,,0.00
,,,"11,713",,Invoice,,08/20/2025,,AS010769,,Pubudu Engineering (Pvt) Ltd,,Rentable NAS For 3 Weeks - Synology  DS916+,,08/20/2025,,,,Rental,,,,Other Sales,,Sal:EC,,AS,,Taxable Sales,,,,Accounts Receivable,,Paid,,,,,,1.00,,"30,000.00",,"30,000.00",,"61,724,373.06",,Income,,0.00,,,,,,,,,,0.00
,,,"11,713",,Invoice,,08/20/2025,,AS010769,,Pubudu Engineering (Pvt) Ltd,,Discount,,08/20/2025,,,,Discount,,,,Sales Discount,,Sal:EC,,AS,,Taxable Sales,,,,Accounts Receivable,,Paid,,,,,,,,"-5,000.00",,"-5,000.00",,"61,719,373.06",,Income,,0.00,,,,,,,,,,0.00
,,,"11,717",,Invoice,,08/21/2025,,AS010770,,Base Hp (Pvt) Ltd,,"Synology 8TB Enterprise Hard Drive  S/N : 2530YMRP0A00RFADL		            2530YMRR0A0KCFADL		    ...",,08/21/2025,,,,HDD:HAT5310-8T (Synology 8TB Enterprise Hard Drive),,Synology 8TB Enterprise Hard Drive,,Hard Drive,,Sal:RS,,A,,Taxable Sales,,,,Accounts Receivable,,Paid,,,,,,5.00,,"114,000.00",,"570,000.00",,"62,289,373.06",,Income,,0.00,,,,,,,,,,0.00
,,,"11,717",,Invoice,,08/21/2025,,AS010770,,Base Hp (Pvt) Ltd,,"Synology NAS RS3621RPxs 12 Bay With 32GB RAM   S/N : 2410VR2PF73MT		",,08/21/2025,,,,Synology:RS3621RPxs,,,,Synology,,Sal:RS,,A,,Taxable Sales,,,,Accounts Receivable,,Paid,,,,,,1.00,,"1,427,000.00",,"1,427,000.00",,"63,716,373.06",,Income,,0.00,,,,,,,,,,0.00
,,,"11,717",,Invoice,,08/21/2025,,AS010770,,Base Hp (Pvt) Ltd,,2U Rail kit,,08/21/2025,,,,Synology:2 U Sliding Rail Kit,,,,Synology,,Sal:RS,,A,,Taxable Sales,,,,Accounts Receivable,,Paid,,,,,,1.00,,,,,,"63,716,373.06",,Income,,0.00,,,,,,,,,,0.00
,,,"11,720",,Invoice,,08/21/2025,,AS010771,,Univell Enterprise Solutions (Pvt) Ltd,,"Synology Disktation DS1825+ NAS Unit  S/N : 2540WDRKVCN82		  ",,08/21/2025,,,,Synology:DS1825+ (Synology Disktation DS1825+ NAS Unit),,Synology Disktation DS1825+ NAS Unit,,Synology,,Sal:RS,,AS,,Taxable Sales,,,,Accounts Receivable,,Paid,,,,,,1.00,,"344,000.00",,"344,000.00",,"64,060,373.06",,Income,,0.00,,,,,,,,,,0.00
,,,"11,720",,Invoice,,08/21/2025,,AS010771,,Univell Enterprise Solutions (Pvt) Ltd,,"Synology 8TB Plus Hard Drive  S/N : 2520XCRX0A01UF1YL		            2520XCRX0A02VF1YL		          ...",,08/21/2025,,,,HDD:HAT3310-8T (Synology 8TB Plus Hard Drive),,Synology 8TB Plus Hard Drive,,Hard Drive,,Sal:RS,,AS,,Taxable Sales,,,,Accounts Receivable,,Paid,,,,,,4.00,,"87,000.00",,"348,000.00",,"64,408,373.06",,Income,,0.00,,,,,,,,,,0.00
,,,"11,732",,Invoice,,08/22/2025,,AS010772,,GTS Technology Solutions (pvt) Ltd,,Synology DS423 4 Bay NAS  S/N :    2570UVRFXP0ZN,,08/22/2025,,,,Synology:DS423 (Synology DS423 4 Bay NAS),,Synology DS423 4 Bay NAS,,Synology,,Sal:RS,,A,,Taxable Sales,,,,Accounts Receivable,,Paid,,,,,,1.00,,"149,000.00",,"149,000.00",,"64,557,373.06",,Income,,0.00,,,,,,,,,,0.00
,,,"11,732",,Invoice,,08/22/2025,,AS010772,,GTS Technology Solutions (pvt) Ltd,,"Synology 6TB Plus Hard Drive  S/N : 2520VYRZVY08N2K		            2520VYRZVX057VF		            25...",,08/22/2025,,,,HDD:HAT3300-6T (Synology 6TB Plus Hard Drive),,Synology 6TB Plus Hard Drive,,Hard Drive,,Sal:RS,,A,,Taxable Sales,,,,Accounts Receivable,,Paid,,,,,,3.00,,"62,000.00",,"186,000.00",,"64,743,373.06",,Income,,0.00,,,,,,,,,,0.00
,,,"11,732",,Invoice,,08/22/2025,,AS010772,,GTS Technology Solutions (pvt) Ltd,,Discount,,08/22/2025,,,,Discount,,,,Sales Discount,,Sal:RS,,A,,Taxable Sales,,,,Accounts Receivable,,Paid,,,,,,,,"-14,000.00",,"-14,000.00",,"64,729,373.06",,Income,,0.00,,,,,,,,,,0.00
,,,"11,843",,Invoice,,08/23/2025,,AS010773,,Barclays Computers (Pvt) Ltd,,"Synology DS423 4 Bay NAS  S/N : 2570UVRTKA9CG	            2570UVRDNVH0K	  ",,08/23/2025,,,,Synology:DS423 (Synology DS423 4 Bay NAS),,Synology DS423 4 Bay NAS,,Synology,,Sal:RS,,AS,,Taxable Sales,,,,Accounts Receivable,,Paid,,,,,,2.00,,"130,000.00",,"260,000.00",,"64,989,373.06",,Income,,0.00,,,,,,,,,,0.00
,,,"11,844",,Invoice,,08/23/2025,,AS010774,,Barclays Computers (Pvt) Ltd,,"BDCOM WAP2100-T512  S/N : 0P32014029784	  ",,08/23/2025,,,,BDCOM:WAP2100-T512 (BDCOM WAP2100-T512),,BDCOM WAP2100-T512,,BDCOM,,Sal:RS,,AR,,Taxable Sales,,,,Accounts Receivable,,Paid,,,,,,1.00,,"16,271.18",,"16,271.18",,"65,005,644.24",,Income,,0.00,,,,,,,,,,0.00
,,,"11,844",,Invoice,,08/23/2025,,AS010774,,Barclays Computers (Pvt) Ltd,,"BDCOM POE S1000-8P2F  8Port 100M Switch  S/N : 0W20011407007	            0W20011407009	  ",,08/23/2025,,,,BDCOM:S1000-8P2F (BDCOM POE S1000-8P2F  8Port 100M Switch),,BDCOM POE S1000-8P2F  8Port 100M Switch,,BDCOM,,Sal:RS,,AR,,Taxable Sales,,,,Accounts Receivable,,Paid,,,,,,2.00,,"6,900.00",,"13,800.00",,"65,019,444.24",,Income,,0.00,,,,,,,,,,0.00
,,,"11,844",,Invoice,,08/23/2025,,AS010774,,Barclays Computers (Pvt) Ltd,,"BDCOM 8Port S1508E Switch  S/N : 0W20002004573, 0W20002004572	            0W20002004576, 0W20002...",,08/23/2025,,,,BDCOM:S1508E,,,,BDCOM,,Sal:RS,,AR,,Taxable Sales,,,,Accounts Receivable,,Paid,,,,,,10.00,,"5,000.00",,"50,000.00",,"65,069,444.24",,Income,,0.00,,,,,,,,,,0.00
,,,"11,845",,Invoice,,08/25/2025,,AS010775,,TIMEX GARMENTS (Pvt) LTD,,"Synology 4TB Plus HDD  S/N : 24B0VXRZW6371KL		            24B0VXRZW6371Z4		            24B0VXRZW...",,08/25/2025,,,,HDD:HAT3300-4T (Synology 4TB Plus HDD),,Synology 4TB Plus HDD,,Hard Drive,,Sal:RS,,AS,,Taxable Sales,,,,Accounts Receivable,,Paid,,,,,,3.00,,"47,000.00",,"141,000.00",,"65,210,444.24",,Income,,0.00,,,,,,,,,,0.00
,,,"12,091",,Invoice,,08/27/2025,,AS010776,,Adventa Holdings (Pvt) Ltd,,Synology DiskStation DS425+ 4 Bay  S/N : 2550YGRD6DTV4,,08/27/2025,,,,Synology:DS425+ (Synology DiskStation DS425+ 4 Bay),,Synology DiskStation DS425+ 4 Bay,,Synology,,Sal:RS,,A,,Taxable Sales,,,,Accounts Receivable,,Paid,,,,,,1.00,,"185,000.00",,"185,000.00",,"65,395,444.24",,Income,,0.00,,,,,,,,,,0.00
,,,"12,091",,Invoice,,08/27/2025,,AS010776,,Adventa Holdings (Pvt) Ltd,,"12TB Synology Plus HDD  S/N : 2520XDR80A0H9F1XL		            2520XDR70A0L4F1XL		            2520...",,08/27/2025,,,,HDD:HAT3310-12T (12TB Synology Plus HDD),,12TB Synology Plus HDD,,Hard Drive,,Sal:RS,,A,,Taxable Sales,,,,Accounts Receivable,,Paid,,,,,,4.00,,"118,000.00",,"472,000.00",,"65,867,444.24",,Income,,0.00,,,,,,,,,,0.00
,,,"12,091",,Invoice,,08/27/2025,,AS010776,,Adventa Holdings (Pvt) Ltd,,Discount,,08/27/2025,,,,Discount,,,,Sales Discount,,Sal:RS,,A,,Taxable Sales,,,,Accounts Receivable,,Paid,,,,,,,,"-13,000.00",,"-13,000.00",,"65,854,444.24",,Income,,0.00,,,,,,,,,,0.00
,,,"12,092",,Invoice,,08/27/2025,,AS010777,,Brilliant Technologies,,"BDCOM S1008 8 Port 10/100 BaseT Standard Switch  S/N : G20001011255		            G20001011317		 ...",,08/27/2025,,,,BDCOM:S1008 (BDCOM S1008 8 Port 10/100 BaseT Standard Switch),,BDCOM S1008 8 Port 10/100 BaseT Standard Switch,,BDCOM,,,,AR,,Non-Taxable Sales,,,,Accounts Receivable,,Paid,,,,,,3.00,,"3,900.00",,"11,700.00",,"65,866,144.24",,Income,,0.00,,,,,,,,,,0.00
,,,"12,093",,Invoice,,08/27/2025,,AS010778,,Green City Global (pvt) Ltd,,"BDCOM S1008 8 Port 10/100 BaseT Standard Switch  S/N : G20001011313	            G20001011307	   ...",,08/27/2025,,,,BDCOM:S1008 (BDCOM S1008 8 Port 10/100 BaseT Standard Switch),,BDCOM S1008 8 Port 10/100 BaseT Standard Switch,,BDCOM,,Sal:RS,,AR,,Non-Taxable Sales,,,,Accounts Receivable,,Paid,,,,,,5.00,,"3,970.00",,"19,850.00",,"65,885,994.24",,Income,,0.00,,,,,,,,,,0.00
,,,"12,093",,Invoice,,08/27/2025,,AS010778,,Green City Global (pvt) Ltd,,"BDCOM 8-Port Gigabit RJ45 Unmanaged Switch  S/N :0W20012432566, 0W20012432561	           0W20012...",,08/27/2025,,,,BDCOM:S1500-8T (BDCOM 8-Port Gigabit RJ45 Unmanaged Switch),,BDCOM 8-Port Gigabit RJ45 Unmanaged Switch,,BDCOM,,Sal:RS,,AR,,Non-Taxable Sales,,,,Accounts Receivable,,Paid,,,,,,10.00,,"6,000.00",,"60,000.00",,"65,945,994.24",,Income,,0.00,,,,,,,,,,0.00
,,,"12,093",,Invoice,,08/27/2025,,AS010778,,Green City Global (pvt) Ltd,,BDCOM S1500-16T Switch  S/N : 0W20012502487,,08/27/2025,,,,BDCOM:S1500-16T (BDCOM S1500-16T Switch),,BDCOM S1500-16T Switch,,BDCOM,,Sal:RS,,AR,,Non-Taxable Sales,,,,Accounts Receivable,,Paid,,,,,,1.00,,"19,260.00",,"19,260.00",,"65,965,254.24",,Income,,0.00,,,,,,,,,,0.00
,,,"12,093",,Invoice,,08/27/2025,,AS010778,,Green City Global (pvt) Ltd,,BDCOM S1500-24T Switch  S/N : 0W20012600520,,08/27/2025,,,,BDCOM:S1500-24T (BDCOM S1500-24T Switch),,BDCOM S1500-24T Switch,,BDCOM,,Sal:RS,,AR,,Non-Taxable Sales,,,,Accounts Receivable,,Paid,,,,,,1.00,,"26,500.00",,"26,500.00",,"65,991,754.24",,Income,,0.00,,,,,,,,,,0.00
,,,"12,093",,Invoice,,08/27/2025,,AS010778,,Green City Global (pvt) Ltd,,"BDCOM WAP2100-T618  S/N : 0P32014104827	  ",,08/27/2025,,,,BDCOM:WAP2100-T618 (BDCOM WAP2100-T618),,BDCOM WAP2100-T618,,BDCOM,,Sal:RS,,AR,,Non-Taxable Sales,,,,Accounts Receivable,,Paid,,,,,,1.00,,"26,550.00",,"26,550.00",,"66,018,304.24",,Income,,0.00,,,,,,,,,,0.00
,,,"12,093",,Invoice,,08/27/2025,,AS010778,,Green City Global (pvt) Ltd,,"Synology DS423 4 Bay NAS  S/N : 2570UVRK4Y03E	  ",,08/27/2025,,,,Synology:DS423 (Synology DS423 4 Bay NAS),,Synology DS423 4 Bay NAS,,Synology,,Sal:RS,,AR,,Non-Taxable Sales,,,,Accounts Receivable,,Paid,,,,,,1.00,,"153,000.00",,"153,000.00",,"66,171,304.24",,Income,,0.00,,,,,,,,,,0.00
,,,"12,094",,Invoice,,08/28/2025,,AS010779,,Techtron Integrated Solutions (Pvt) Ltd,,4TB Enterprise Toshiba HDD  S/N : 85B8K0FUFJKA,,08/28/2025,,,,HDD:4TB Ent Toshiba (4TB Enterprise Toshiba HDD),,4TB Enterprise Toshiba HDD,,Hard Drive,,,,AS,,Taxable Sales,,,,Accounts Receivable,,Paid,,,,,,1.00,,"52,900.00",,"52,900.00",,"66,224,204.24",,Income,,0.00,,,,,,,,,,0.00
,,,"12,095",,Invoice,,08/28/2025,,AS010780,,Green City Global (pvt) Ltd,,"Synology DiskStation DS225+ 2Bay NAS  S/N : 2560ZDRBK27Y8 -	This was took Return on 26/9/2025   ",,08/28/2025,,,,Synology:DS225+ (Synology DiskStation DS225+ 2Bay NAS),,Synology DiskStation DS225+ 2Bay NAS,,Synology,,Sal:RS,,AR,,Non-Taxable Sales,,,,Accounts Receivable,,Paid,,,,,,1.00,,"133,340.00",,"133,340.00",,"66,357,544.24",,Income,,0.00,,,,,,,,,,0.00
,,,"12,101",,Invoice,,08/29/2025,,AS010781,,WinSoft Technologies (Pvt)Ltd,,Synology RS 923+ NAS Unit Rentable Charge - (2  Months),,08/29/2025,,,,Rental,,,,Other Sales,,Sal:EC,,AS,,Taxable Sales,,,,Accounts Receivable,,Unpaid,,,,244,,2.00,,"25,000.00",,"50,000.00",,"66,407,544.24",,Income,,0.00,,,,,,,,,,0.00
,,,"12,105",,Invoice,,08/29/2025,,AS010782,,Southern Technologies,,BDCOM S1200-8P2G Switch  S/N : 0W20011501114,,08/29/2025,,,,BDCOM:S1200-8P2G (BDCOM S1200-8P2G Switch),,BDCOM S1200-8P2G Switch,,BDCOM,,Sal:EC,,AR,,Non-Taxable Sales,,,,Accounts Receivable,,Paid,,,,,,1.00,,"10,500.00",,"10,500.00",,"66,418,044.24",,Income,,0.00,,,,,,,,,,0.00
,,,"12,106",,Invoice,,08/30/2025,,AS010783,,Gadgetbox,,"Synology DiskStation DS225+ 2Bay NAS  S/N : 2560ZDRAN702K		  ",,08/30/2025,,,,Synology:DS225+ (Synology DiskStation DS225+ 2Bay NAS),,Synology DiskStation DS225+ 2Bay NAS,,Synology,,Sal:RS,,AD,,Non-Taxable Sales,,,,Accounts Receivable,,Paid,,,,,,1.00,,"123,074.00",,"123,074.00",,"66,541,118.24",,Income,,0.00,,,,,,,,,,0.00
,,,"12,106",,Invoice,,08/30/2025,,AS010783,,Gadgetbox,,"Synology 4TB Plus HDD  S/N : 2520VXRZW63D954		            2520VXRZW63DDV2		  ",,08/30/2025,,,,HDD:HAT3300-4T (Synology 4TB Plus HDD),,Synology 4TB Plus HDD,,Hard Drive,,Sal:RS,,AD,,Non-Taxable Sales,,,,Accounts Receivable,,Paid,,,,,,2.00,,"44,368.00",,"88,736.00",,"66,629,854.24",,Income,,0.00,,,,,,,,,,0.00
,,,"12,108",,Invoice,,09/01/2025,,AS010784,,MM Trade Stationers (Pvt) Ltd.,,Synology DiskStation DS425+ 4 Bay  S/N : 2550YGRPDECV3,,09/01/2025,,,,Synology:DS425+ (Synology DiskStation DS425+ 4 Bay),,Synology DiskStation DS425+ 4 Bay,,Synology,,Sal:RS,,AR,,Taxable Sales,,,,Accounts Receivable,,Paid,,,,,,1.00,,"169,000.00",,"169,000.00",,"66,798,854.24",,Income,,0.00,,,,,,,,,,0.00
,,,"12,116",,Invoice,,09/02/2025,,AS010785,,Barclays Computers (Pvt) Ltd,,BDCOM S2900-24S8C4X 16- Port Gigabit SFP+ 8-Port RJ45 L3-lite Managed Switch  S/N : 20073032929,,09/02/2025,,,,BDCOM:S2900-24S8C4X (BDCOM S2900-24S8C4X 16- Port Gigabit SFP+ 8-Port RJ45 L3-lite Managed Switch),,BDCOM S2900-24S8C4X 16- Port Gigabit SFP+ 8-Port RJ45 L3-lite Managed Switch,,BDCOM,,Sal:RS,,AR,,Taxable Sales,,,,Accounts Receivable,,Paid,,,,,,1.00,,"135,000.00",,"135,000.00",,"66,933,854.24",,Income,,0.00,,,,,,,,,,0.00
,,,"12,119",,Invoice,,09/03/2025,,AS010786,,Green City Global (pvt) Ltd,,"BDCOM WAP2100-T618  S/N : 0P32014104824		            0P32014104823		  ",,09/03/2025,,,,BDCOM:WAP2100-T618 (BDCOM WAP2100-T618),,BDCOM WAP2100-T618,,BDCOM,,Sal:RS,,AR,,Non-Taxable Sales,,,,Accounts Receivable,,Paid,,,,,,2.00,,"26,550.00",,"53,100.00",,"66,986,954.24",,Income,,0.00,,,,,,,,,,0.00
,,,"12,121",,Invoice,,09/03/2025,,AS010787,,Southern Technologies,,"BDCOM S1200-8P2G Switch  S/N : 0W20011501123		  ",,09/03/2025,,,,BDCOM:S1200-8P2G (BDCOM S1200-8P2G Switch),,BDCOM S1200-8P2G Switch,,BDCOM,,Sal:RS,,AR,,Non-Taxable Sales,,,,Accounts Receivable,,Paid,,,,,,1.00,,"10,500.00",,"10,500.00",,"66,997,454.24",,Income,,0.00,,,,,,,,,,0.00
,,,"12,122",,Invoice,,09/03/2025,,AS010788,,Barclays Computers (Pvt) Ltd,,"BDCOM S1516v1 Unmanaged 1Gb, 16 port  Switch  S/N : 1220002002350",,09/03/2025,,,,"BDCOM:S1516v1 (BDCOM S1516v1 Unmanaged 1Gb, 16 port  Switch)",,"BDCOM S1516v1 Unmanaged 1Gb, 16 port  Switch",,BDCOM,,Sal:RS,,AR,,Taxable Sales,,,,Accounts Receivable,,Paid,,,,,,1.00,,"16,000.00",,"16,000.00",,"67,013,454.24",,Income,,0.00,,,,,,,,,,0.00
,,,"12,122",,Invoice,,09/03/2025,,AS010788,,Barclays Computers (Pvt) Ltd,,"BDCOM S1500-16T Switch  S/N : 0W20012502523	            0W20012502522	  ",,09/03/2025,,,,BDCOM:S1500-16T (BDCOM S1500-16T Switch),,BDCOM S1500-16T Switch,,BDCOM,,Sal:RS,,AR,,Taxable Sales,,,,Accounts Receivable,,Paid,,,,,,2.00,,"16,450.00",,"32,900.00",,"67,046,354.24",,Income,,0.00,,,,,,,,,,0.00
,,,"12,126",,Invoice,,09/04/2025,,AS010789,,FT Soft (Pvt) Ltd,,Synology Diskstation DS223  2Bay  S/N : 2560V1RS0E0J5,,09/04/2025,,,,Synology:DS223 (Synology Diskstation DS223  2Bay),,Synology Diskstation DS223  2Bay,,Synology,,Sal:RS,,A,,Taxable Sales,,,,Accounts Receivable,,Paid,,,,,,1.00,,"92,000.00",,"92,000.00",,"67,138,354.24",,Income,,0.00,,,,,,,,,,0.00
,,,"12,126",,Invoice,,09/04/2025,,AS010789,,FT Soft (Pvt) Ltd,,"Synology 4TB Plus HDD  S/N : 2520VXRZW63D905		            2520VXRZW63D1L8		  ",,09/04/2025,,,,HDD:HAT3300-4T (Synology 4TB Plus HDD),,Synology 4TB Plus HDD,,Hard Drive,,Sal:RS,,A,,Taxable Sales,,,,Accounts Receivable,,Paid,,,,,,2.00,,"41,000.00",,"82,000.00",,"67,220,354.24",,Income,,0.00,,,,,,,,,,0.00
,,,"12,127",,Invoice,,09/04/2025,,AS010790,,Adapt Information Technologies,,Synology Diskstation DS223  2Bay  S/N : 2560V1RXY0PW7,,09/04/2025,,,,Synology:DS223 (Synology Diskstation DS223  2Bay),,Synology Diskstation DS223  2Bay,,Synology,,Sal:RS,,A,,Taxable Sales,,,,Accounts Receivable,,Paid,,,,,,1.00,,"94,000.00",,"94,000.00",,"67,314,354.24",,Income,,0.00,,,,,,,,,,0.00
,,,"12,127",,Invoice,,09/04/2025,,AS010790,,Adapt Information Technologies,,"Synology 8TB Plus Hard Drive  S/N : 2520XCRX0A01KF1YL	            2520XCRX0A00TF1YL	  ",,09/04/2025,,,,HDD:HAT3310-8T (Synology 8TB Plus Hard Drive),,Synology 8TB Plus Hard Drive,,Hard Drive,,Sal:RS,,A,,Taxable Sales,,,,Accounts Receivable,,Paid,,,,,,2.00,,"82,000.00",,"164,000.00",,"67,478,354.24",,Income,,0.00,,,,,,,,,,0.00
,,,"12,127",,Invoice,,09/04/2025,,AS010790,,Adapt Information Technologies,,Discount,,09/04/2025,,,,Discount,,,,Sales Discount,,Sal:RS,,A,,Taxable Sales,,,,Accounts Receivable,,Paid,,,,,,,,"-3,000.00",,"-3,000.00",,"67,475,354.24",,Income,,0.00,,,,,,,,,,0.00
,,,"12,128",,Invoice,,09/04/2025,,AS010791,,Call Lanka Telecom (Pvt) Ltd,,"BDCOM 8-Port Gigabit RJ45 Unmanaged Switch  S/N : OW20012432574            0W20012432573	  ",,09/04/2025,,,,BDCOM:S1500-8T (BDCOM 8-Port Gigabit RJ45 Unmanaged Switch),,BDCOM 8-Port Gigabit RJ45 Unmanaged Switch,,BDCOM,,Sal:RS,,AS,,Taxable Sales,,,,Accounts Receivable,,Paid,,,,,,2.00,,"5,500.00",,"11,000.00",,"67,486,354.24",,Income,,0.00,,,,,,,,,,0.00
,,,"12,128",,Invoice,,09/04/2025,,AS010791,,Call Lanka Telecom (Pvt) Ltd,,"BDCOM WAP2100-T618  S/N : 0P32014104825	  ",,09/04/2025,,,,BDCOM:WAP2100-T618 (BDCOM WAP2100-T618),,BDCOM WAP2100-T618,,BDCOM,,Sal:RS,,AS,,Taxable Sales,,,,Accounts Receivable,,Paid,,,,,,1.00,,"23,000.00",,"23,000.00",,"67,509,354.24",,Income,,0.00,,,,,,,,,,0.00
,,,"12,129",,Invoice,,09/08/2025,,AS010792,,I M Solutions,,"S1500-24P2S-370 BDCOM Switch  S/N : 0W20012000771		            0W20012000897		            0W2001...",,09/08/2025,,,,BDCOM:S1500-24P2S-370 (S1500-24P2S-370 BDCOM Switch),,S1500-24P2S-370 BDCOM Switch,,BDCOM,,Sal:RS,,AD,,Taxable Sales,,,,Accounts Receivable,,Paid,,,,,,3.00,,"62,000.00",,"186,000.00",,"67,695,354.24",,Income,,0.00,,,,,,,,,,0.00
,,,"12,146",,Invoice,,09/08/2025,,AS010793,,Sevenx Lanka (Pvt) Ltd,,"BDCOM S1508E 1G 8Port Unmanaged Switch  S/N : 0W20002004744		            0W20002004743		        ...",,09/08/2025,,,,BDCOM:S1508E,,,,BDCOM,,Sal:RS,,AD,,Taxable Sales,,,,Accounts Receivable,,Paid,,,,,,3.00,,"5,500.00",,"16,500.00",,"67,711,854.24",,Income,,0.00,,,,,,,,,,0.00
,,,"12,166",,Invoice,,09/08/2025,,AS010794,,Fentons Ltd,,Acronis True Image Premium Subscription 1 Computer + 1TB Acronis Cloud Storage - 1 Year subscrip...,,08/18/2025,,,,Acronis:Acronis Cyber Protect Home Offi (Acronis Cyber Protect Home Office),,Acronis Cyber Protect Home Office,,Acronics,,Sal:EC,,A,,Taxable Sales,,,,Accounts Receivable,,Paid,,,,,,2.00,,"31,000.00",,"62,000.00",,"67,773,854.24",,Income,,0.00,,,,,,,,,,0.00
,,,"12,198",,Invoice,,09/09/2025,,AS010795,,Softlogic Information Technologies (Pvt),,"12TB Synology Plus HDD  S/N : 2520XDR70A0KAF1XL	            2520XDR80A0H1F1XL	            2520XD...",,09/09/2025,,,,HDD:HAT3310-12T (12TB Synology Plus HDD),,12TB Synology Plus HDD,,Hard Drive,,Sal:RS,,A,,Taxable Sales,,,,Accounts Receivable,,Paid,,,,,,3.00,,"107,000.00",,"321,000.00",,"68,094,854.24",,Income,,0.00,,,,,,,,,,0.00
,,,"12,219",,Credit Memo,,09/10/2025,,AS00115,,VS Information Systems (Pvt) Ltd,,Synology RackStation RS422+  S/N : S/N : 2470TSR2VQNEX,,09/10/2025,,,,Synology:RS422+ (Synology RackStation RS422+),,Synology RackStation RS422+,,Synology,,Sal:RS,,,,Taxable Sales,,,,Accounts Receivable,,Paid,,,,,,-1.00,,"417,400.00",,"-417,400.00",,"67,677,454.24",,Income,,0.00,,,,,,,,,,0.00
,,,"12,201",,Invoice,,09/10/2025,,AS010796,,BlueChip Technical Services(Pvt)Ltd,,Synology RS1515+ NAS Unit Rentable Charge - (1 Months),,09/10/2025,,,,Rental,,,,Other Sales,,Sal:EC,,A,,Taxable Sales,,,,Accounts Receivable,,Paid,,,,,,1.00,,"15,000.00",,"15,000.00",,"67,692,454.24",,Income,,0.00,,,,,,,,,,0.00
,,,"12,220",,Invoice,,09/10/2025,,AS010797,,Prime Lands (Pvt.) Ltd,,Synology 4TB Plus HDD  S/N : 2520VXRZW63D90Z,,09/10/2025,,,,HDD:HAT3300-4T (Synology 4TB Plus HDD),,Synology 4TB Plus HDD,,Hard Drive,,Sal:EC,,A,,Taxable Sales,,,,Accounts Receivable,,Paid,,,,,,1.00,,"47,000.00",,"47,000.00",,"67,739,454.24",,Income,,0.00,,,,,,,,,,0.00
,,,"12,220",,Invoice,,09/10/2025,,AS010797,,Prime Lands (Pvt.) Ltd,,Installation Charges,,09/10/2025,,,,Services,,,,Support and Maintenance,,Sal:EC,,A,,Taxable Sales,,,,Accounts Receivable,,Paid,,,,,,1.00,,"10,000.00",,"10,000.00",,"67,749,454.24",,Income,,0.00,,,,,,,,,,0.00
,,,"12,222",,Invoice,,09/11/2025,,AS010798,,VS Information Systems (Pvt) Ltd,,"Synology Rackstation RS822RP+  S/N : 2530UJRM8A91H		  ",,09/11/2025,,,,Synology:RS822RP+ (Synology Rackstation RS822RP+),,Synology Rackstation RS822RP+,,Synology,,Sal:RS,,A,,Taxable Sales,,,,Accounts Receivable,,Paid,,,,,,1.00,,"533,587.50",,"533,587.50",,"68,283,041.74",,Income,,0.00,,,,,,,,,,0.00
,,,"12,223",,Invoice,,09/11/2025,,AS010799,,Office Network (Pvt) Ltd,,"Synology DiskStation DS425+ 4 Bay  S/N : 2580YGRTJ8BJD		  ",,09/11/2025,,,,Synology:DS425+ (Synology DiskStation DS425+ 4 Bay),,Synology DiskStation DS425+ 4 Bay,,Synology,,Sal:RS,,A,,Taxable Sales,,,,Accounts Receivable,,Paid,,,,,,1.00,,"165,000.00",,"165,000.00",,"68,448,041.74",,Income,,0.00,,,,,,,,,,0.00
,,,"12,223",,Invoice,,09/11/2025,,AS010799,,Office Network (Pvt) Ltd,,"12TB Synology Plus HDD  S/N : 2420XDRJ0A13SF1XL		            2420XDRJ0A13LF1XL		  		  ",,09/11/2025,,,,HDD:HAT3310-12T (12TB Synology Plus HDD),,12TB Synology Plus HDD,,Hard Drive,,Sal:RS,,A,,Taxable Sales,,,,Accounts Receivable,,Paid,,,,,,2.00,,"111,000.00",,"222,000.00",,"68,670,041.74",,Income,,0.00,,,,,,,,,,0.00
,,,"12,224",,Invoice,,09/11/2025,,AS010800,,Edge Networks (PVT) LTD,,"Synology DiskStation DS225+ 2Bay NAS  S/ N : 2560ZDRWHQ59K		  ",,09/11/2025,,,,Synology:DS225+ (Synology DiskStation DS225+ 2Bay NAS),,Synology DiskStation DS225+ 2Bay NAS,,Synology,,Sal:RS,,A,,Taxable Sales,,,,Accounts Receivable,,Paid,,,,,,1.00,,"113,000.00",,"113,000.00",,"68,783,041.74",,Income,,0.00,,,,,,,,,,0.00
,,,"12,224",,Invoice,,09/11/2025,,AS010800,,Edge Networks (PVT) LTD,,"Synology 8TB Plus Hard Drive  S/N : 2520XCRX0A017F1YL		            2520XCRX0A010F1YL		  ",,09/11/2025,,,,HDD:HAT3310-8T (Synology 8TB Plus Hard Drive),,Synology 8TB Plus Hard Drive,,Hard Drive,,Sal:RS,,A,,Taxable Sales,,,,Accounts Receivable,,Paid,,,,,,2.00,,"83,000.00",,"166,000.00",,"68,949,041.74",,Income,,0.00,,,,,,,,,,0.00
,,,"12,225",,Invoice,,09/12/2025,,AS010801,,ABC Computers,,"Synology 12TB Enterprise Hard Drive  S/N : 2410SSRL0A18UFDYH		            2410SSRL0A18HFDYH		   ...",,09/12/2025,,,,HDD:HAT5300-12T (Synology 12TB Enterprise Hard Drive),,Synology 12TB Enterprise Hard Drive,,Hard Drive,,Sal:RS,,AD,,Taxable Sales,,,,Accounts Receivable,,Paid,,,,,,6.00,,"176,500.00",,"1,059,000.00",,"70,008,041.74",,Income,,0.00,,,,,,,,,,0.00
,,,"12,226",,Invoice,,09/12/2025,,AS010802,,Southern Technologies,,"BDCOM S1200-8P2G Switch  S/N : 0W20011501117		            0W20011501112		            0W200115011...",,09/12/2025,,,,BDCOM:S1200-8P2G (BDCOM S1200-8P2G Switch),,BDCOM S1200-8P2G Switch,,BDCOM,,Sal:RS,,AR,,Non-Taxable Sales,,,,Accounts Receivable,,Paid,,,,,,3.00,,"10,500.00",,"31,500.00",,"70,039,541.74",,Income,,0.00,,,,,,,,,,0.00
,,,"12,227",,Invoice,,09/12/2025,,AS010803,,Smart IT Solution-Kekeirawa,,"BDCOM S1008 8 Port 10/100 BaseT Standard Switch  S/N : G20001011321		            G20001011315		  ",,09/12/2025,,,,BDCOM:S1008 (BDCOM S1008 8 Port 10/100 BaseT Standard Switch),,BDCOM S1008 8 Port 10/100 BaseT Standard Switch,,BDCOM,,Sal:RS,,AR,,Non-Taxable Sales,,,,Accounts Receivable,,Paid,,,,,,2.00,,"3,900.00",,"7,800.00",,"70,047,341.74",,Income,,0.00,,,,,,,,,,0.00
,,,"12,227",,Invoice,,09/12/2025,,AS010803,,Smart IT Solution-Kekeirawa,,"BDCOM S1016 16 Port 100M BaseT 1U Rack Mounted  S/N : G20006001518		  ",,09/12/2025,,,,BDCOM:S1016 (BDCOM S1016 16 Port 100M BaseT 1U Rack Mounted),,BDCOM S1016 16 Port 100M BaseT 1U Rack Mounted,,BDCOM,,Sal:RS,,AR,,Non-Taxable Sales,,,,Accounts Receivable,,Paid,,,,,,1.00,,"12,950.00",,"12,950.00",,"70,060,291.74",,Income,,0.00,,,,,,,,,,0.00
,,,"12,227",,Invoice,,09/12/2025,,AS010803,,Smart IT Solution-Kekeirawa,,"BDCOM S1024B 24 Port 100M BaseT 1U Rack Mounted  S/N : S13304080		  ",,09/12/2025,,,,BDCOM:S1024B (BDCOM S1024B 24 Port 100M BaseT 1U Rack Mounted),,BDCOM S1024B 24 Port 100M BaseT 1U Rack Mounted,,BDCOM,,Sal:RS,,AR,,Non-Taxable Sales,,,,Accounts Receivable,,Paid,,,,,,1.00,,"19,300.00",,"19,300.00",,"70,079,591.74",,Income,,0.00,,,,,,,,,,0.00
,,,"12,227",,Invoice,,09/12/2025,,AS010803,,Smart IT Solution-Kekeirawa,,"BDCOM POE S1000-8P2F  8Port 100M Switch  S/N : 0W20011407144		  ",,09/12/2025,,,,BDCOM:S1000-8P2F (BDCOM POE S1000-8P2F  8Port 100M Switch),,BDCOM POE S1000-8P2F  8Port 100M Switch,,BDCOM,,Sal:RS,,AR,,Non-Taxable Sales,,,,Accounts Receivable,,Paid,,,,,,1.00,,"8,100.00",,"8,100.00",,"70,087,691.74",,Income,,0.00,,,,,,,,,,0.00
,,,"12,228",,Invoice,,09/13/2025,,AS010804,,Apex Business Solutions PVT Ltd.,,Acronis Cyber Protect - Backup Advanced Virtual Host License - 1 Year Renewal Acronis Premium Cu...,,09/13/2025,,,,Acronis,,,,Acronics,,Sal:RS,,AD,,Taxable Sales,,,,Accounts Receivable,,Paid,,,,,,1.00,,"496,000.00",,"496,000.00",,"70,583,691.74",,Income,,0.00,,,,,,,,,,0.00
,,,"12,228",,Invoice,,09/13/2025,,AS010804,,Apex Business Solutions PVT Ltd.,,Acronis Cyber Protect - Backup Advanced Virtual Host License - 1 Year Renewal Acronis Premium Cu...,,09/13/2025,,,,Acronis,,,,Acronics,,Sal:RS,,AD,,Taxable Sales,,,,Accounts Receivable,,Paid,,,,,,1.00,,,,,,"70,583,691.74",,Income,,0.00,,,,,,,,,,0.00
,,,"12,228",,Invoice,,09/13/2025,,AS010804,,Apex Business Solutions PVT Ltd.,,Acronis Cyber Protect - Backup Advanced Virtual Host License - 1 Year Renewal Acronis Premium Cu...,,09/13/2025,,,,Acronis,,,,Acronics,,Sal:RS,,AD,,Taxable Sales,,,,Accounts Receivable,,Paid,,,,,,1.00,,,,,,"70,583,691.74",,Income,,0.00,,,,,,,,,,0.00
,,,"12,232",,Invoice,,09/15/2025,,AS010805,,Adapt Information Technologies,,"12TB Synology Plus HDD  S/N : 2yPzXDRM0A0BKF1XL, 2450XDRM0A082F1XL		            2450XDRM0A07KF1X...",,09/15/2025,,,,HDD:HAT3310-12T (12TB Synology Plus HDD),,12TB Synology Plus HDD,,Hard Drive,,Sal:RS,,A,,Taxable Sales,,,,Accounts Receivable,,Paid,,,,,,10.00,,"111,000.00",,"1,110,000.00",,"71,693,691.74",,Income,,0.00,,,,,,,,,,0.00
,,,"12,232",,Invoice,,09/15/2025,,AS010805,,Adapt Information Technologies,,"1.92TB Synology Enterprise SATA SSDs  S/N : 2570YVRTYC1C4		            2570YVRYC6GE7		          ...",,09/15/2025,,,,HDD:SAT5221-1920G (1.92TB Synology Enterprise SATA SSDs),,1.92TB Synology Enterprise SATA SSDs,,Synology,,Sal:RS,,A,,Taxable Sales,,,,Accounts Receivable,,Paid,,,,,,3.00,,"182,000.00",,"546,000.00",,"72,239,691.74",,Income,,0.00,,,,,,,,,,0.00
,,,"12,232",,Invoice,,09/15/2025,,AS010805,,Adapt Information Technologies,,2U Rail Kit,,09/15/2025,,,,Synology:2 U Sliding Rail Kit,,,,Synology,,Sal:RS,,A,,Taxable Sales,,,,Accounts Receivable,,Paid,,,,,,1.00,,,,,,"72,239,691.74",,Income,,0.00,,,,,,,,,,0.00
,,,"12,232",,Invoice,,09/15/2025,,AS010805,,Adapt Information Technologies,,Synology RackStation RS2825RP+ 16 Bay NAS With 16GB RAM  S/N : 2580XXRE51T31,,09/15/2025,,,,Synology:RS2825RP+ (Synology RackStation RS2825RP+ 16 Bay NAS),,Synology RackStation RS2825RP+ 16 Bay NAS,,Synology,,Sal:RS,,A,,Taxable Sales,,,,Accounts Receivable,,Paid,,,,,,1.00,,"1,386,000.00",,"1,386,000.00",,"73,625,691.74",,Income,,0.00,,,,,,,,,,0.00
,,,"12,240",,Invoice,,09/17/2025,,AS010806,,Electro Net,,BDCOM S1016 16 Port 100M BaseT 1U Rack Mounted  S/N : G20006001517,,09/17/2025,,,,BDCOM:S1016 (BDCOM S1016 16 Port 100M BaseT 1U Rack Mounted),,BDCOM S1016 16 Port 100M BaseT 1U Rack Mounted,,BDCOM,,Sal:RS,,AD,,Non-Taxable Sales,,,,Accounts Receivable,,Paid,,,,,,1.00,,"14,000.00",,"14,000.00",,"73,639,691.74",,Income,,0.00,,,,,,,,,,0.00
,,,"12,241",,Invoice,,09/17/2025,,AS010807,,Smart Stock (Pvt) Ltd,,BDCOM WAP2100-T618 with P/A  S/N : 0P32014104820,,09/17/2025,,,,BDCOM:WAP2100-T618 (BDCOM WAP2100-T618),,BDCOM WAP2100-T618,,BDCOM,,Sal:RS,,AR,,Non-Taxable Sales,,,,Accounts Receivable,,Paid,,,,,,1.00,,"26,500.00",,"26,500.00",,"73,666,191.74",,Income,,0.00,,,,,,,,,,0.00
,,,"12,254",,Invoice,,09/18/2025,,AS010808,,NSK Media Systems (Pvt) Ltd,,"BDCOM WAP2100-T512 With P/A  S/N : 0P32014029777	  ",,09/18/2025,,,,BDCOM:WAP2100-T512 (BDCOM WAP2100-T512),,BDCOM WAP2100-T512,,BDCOM,,Sal:RS,,AR,,Non-Taxable Sales,,,,Accounts Receivable,,Paid,,,,,,1.00,,"21,500.00",,"21,500.00",,"73,687,691.74",,Income,,0.00,,,,,,,,,,0.00
,,,"12,254",,Invoice,,09/18/2025,,AS010808,,NSK Media Systems (Pvt) Ltd,,"BDCOM WAP2100-T618 With P/A  S/N : 0P32014104826	  ",,09/18/2025,,,,BDCOM:WAP2100-T618 (BDCOM WAP2100-T618),,BDCOM WAP2100-T618,,BDCOM,,Sal:RS,,AR,,Non-Taxable Sales,,,,Accounts Receivable,,Paid,,,,,,1.00,,"28,000.00",,"28,000.00",,"73,715,691.74",,Income,,0.00,,,,,,,,,,0.00
,,,"12,299",,Invoice,,09/20/2025,,AS010809,,WinSoft Technologies (Pvt)Ltd,,Synology RS 923+ NAS Unit Rentable Charge - (1  Month),,08/05/2025,,,,Rental,,,,Other Sales,,Sal:EC,,AS,,Taxable Sales,,,,Accounts Receivable,,Unpaid,,,,268,,1.00,,"25,000.00",,"25,000.00",,"73,740,691.74",,Income,,0.00,,,,,,,,,,0.00
,,,"12,329",,Invoice,,09/22/2025,,AS010810,,Gennext (Pvt) Ltd,,"Synology DiskStation DS1525+ 5Bay NAS  S/N : 2540YJRA88X11	  ",,09/22/2025,,,,Synology:DS1525+ (Synology DiskStation DS1525+ 5Bay NAS),,Synology DiskStation DS1525+ 5Bay NAS,,Synology,,Sal:RS,,A,,Taxable Sales,,,,Accounts Receivable,,Paid,,,,,,1.00,,"256,162.50",,"256,162.50",,"73,996,854.24",,Income,,0.00,,,,,,,,,,0.00
,,,"12,329",,Invoice,,09/22/2025,,AS010810,,Gennext (Pvt) Ltd,,"Synology 4TB Plus HDD  S/N : 2520VXRZW63D8P8	            2520VXRZW63D8WR	            2520VXRZW63...",,09/22/2025,,,,HDD:HAT3300-4T (Synology 4TB Plus HDD),,Synology 4TB Plus HDD,,Hard Drive,,Sal:RS,,A,,Taxable Sales,,,,Accounts Receivable,,Paid,,,,,,5.00,,"40,500.00",,"202,500.00",,"74,199,354.24",,Income,,0.00,,,,,,,,,,0.00
,,,"12,352",,Invoice,,09/23/2025,,AS010811,,Shenid IT Solutions,,Synology NAS DS925+ 4 Bay NAS  S/N : 2520YHRE9W71Q,,09/23/2025,,,,Synology:DS925+ (Synology NAS DS925+ 4 Bay NAS),,Synology NAS DS925+ 4 Bay NAS,,Synology,,Sal:EC,,AD,,Non-Taxable Sales,,,,Accounts Receivable,,Paid,,,,,,1.00,,"240,720.00",,"240,720.00",,"74,440,074.24",,Income,,0.00,,,,,,,,,,0.00
,,,"12,352",,Invoice,,09/23/2025,,AS010811,,Shenid IT Solutions,,"12TB Synology Plus HDD  S/N : 2450XDRM0A07TF1XL		            2450XDRM0A07SF1XL		            2450...",,09/23/2025,,,,HDD:HAT3310-12T (12TB Synology Plus HDD),,12TB Synology Plus HDD,,Hard Drive,,Sal:EC,,AD,,Non-Taxable Sales,,,,Accounts Receivable,,Paid,,,,,,4.00,,"132,160.00",,"528,640.00",,"74,968,714.24",,Income,,0.00,,,,,,,,,,0.00
,,,"12,354",,Invoice,,09/23/2025,,AS010812,,Neo Solution,,Acronis Cloud Backup 25GB Monthly Subscription,,09/23/2025,,,,Acronis,,,,Acronics,,Sal:EC,,SM,,Non-Taxable Sales,,,,Accounts Receivable,,Paid,,,,,,1.00,,"1,500.00",,"1,500.00",,"74,970,214.24",,Income,,0.00,,,,,,,,,,0.00
,,,"12,355",,Invoice,,09/23/2025,,AS010813,,Wiscom Information Technology (Pvt) Ltd,,Acronis Cloud Backup 250GB Monthly Subscription,,09/23/2025,,,,Acronis,,,,Acronics,,Sal:RS,,SM,,Non-Taxable Sales,,,,Accounts Receivable,,Paid,,,,,,1.00,,"12,500.00",,"12,500.00",,"74,982,714.24",,Income,,0.00,,,,,,,,,,0.00
,,,"12,356",,Invoice,,09/23/2025,,AS010814,,ABSOLUTE BUSINESS SOLUTIONS ( PVT) LTD,,Acronis Cloud Backup 25GB Monthly Subscription,,09/23/2025,,,,Acronis,,,,Acronics,,Sal:RS,,SM,,Non-Taxable Sales,,,,Accounts Receivable,,Paid,,,,,,1.00,,"2,000.00",,"2,000.00",,"74,984,714.24",,Income,,0.00,,,,,,,,,,0.00
,,,"12,357",,Invoice,,09/23/2025,,AS010815,,ABSOLUTE BUSINESS SOLUTIONS ( PVT) LTD,,Acronis Cloud Backup 25GB Monthly Subscription,,09/23/2025,,,,Acronis,,,,Acronics,,Sal:RS,,SM,,Non-Taxable Sales,,,,Accounts Receivable,,Paid,,,,,,1.00,,"2,000.00",,"2,000.00",,"74,986,714.24",,Income,,0.00,,,,,,,,,,0.00
,,,"12,358",,Invoice,,09/23/2025,,AS010816,,Byte Bolster solution,,"Ethernet POE Switch with 4GE TX/SFP combo ports and 24 GE PoE Ports  S/N : G20012012854		       ...",,09/23/2025,,,,BDCOM:S2528P (Ethernet POE Switch with 4GE TX/SFP combo ports and 24 GE PoE Ports),,Ethernet POE Switch with 4GE TX/SFP combo ports and 24 GE PoE Ports,,BDCOM,,Sal:RS,,AD,,Non-Taxable Sales,,,,Accounts Receivable,,Paid,,,,,,3.00,,"118,000.00",,"354,000.00",,"75,340,714.24",,Income,,0.00,,,,,,,,,,0.00
,,,"12,359",,Invoice,,09/23/2025,,AS010817,,LANKA COMMODITY BROKERS LTD,,7GB Storage Space  100GB Transfer Bandwidth  1 Nos Fixed IP. (Clean)  SPF/ DKIM Supported  Spam ...,,09/23/2025,,,,Host Email,,,,Support and Maintenance,,Mnt,,AS,,Taxable Sales,,,,Accounts Receivable,,Paid,,,,,,1.00,,"18,626.34",,"18,626.34",,"75,359,340.58",,Income,,0.00,,,,,,,,,,0.00
,,,"12,360",,Invoice,,09/23/2025,,AS010818,,LANKA COMMODITY BROKERS LTD,,Anti Spam Service,,09/23/2025,,,,Services,,,,Support and Maintenance,,Mnt,,AS,,Taxable Sales,,,,Accounts Receivable,,Paid,,,,,,1.00,,"6,788.21",,"6,788.21",,"75,366,128.79",,Income,,0.00,,,,,,,,,,0.00
,,,"12,362",,Invoice,,09/23/2025,,AS010819,,LANKA MOUNT CASTLE (PVT) LTD,,20GB Storage Capacity with 30 Email Accounts,,09/23/2025,,,,Host Email,,,,Support and Maintenance,,Mnt,,AS,,Taxable Sales,,,,Accounts Receivable,,Paid,,,,,,1.00,,"15,275.00",,"15,275.00",,"75,381,403.79",,Income,,0.00,,,,,,,,,,0.00
,,,"12,363",,Invoice,,09/23/2025,,AS010820,,AL - ARAF HOTELS & RESORT (PVT) LTD,,Hosting Charges for 10 email Accounts (10$),,09/23/2025,,,,Hosting (Hosting),,Hosting,,Support and Maintenance,,Sal:EC,,AS,,Taxable Sales,,,,Accounts Receivable,,Paid,,,,,,1.00,,"3,055.00",,"3,055.00",,"75,384,458.79",,Income,,0.00,,,,,,,,,,0.00
,,,"12,372",,Invoice,,09/24/2025,,AS010821,,Base Hp (Pvt) Ltd,,"Synology NAS DS925+ 4 Bay NAS  S/N : 2530YHRT5AQ6M		  ",,09/24/2025,,,,Synology:DS925+ (Synology NAS DS925+ 4 Bay NAS),,Synology NAS DS925+ 4 Bay NAS,,Synology,,Sal:RS,,A,,Taxable Sales,,,,Accounts Receivable,,Paid,,,,,,1.00,,"202,000.00",,"202,000.00",,"75,586,458.79",,Income,,0.00,,,,,,,,,,0.00
,,,"12,372",,Invoice,,09/24/2025,,AS010821,,Base Hp (Pvt) Ltd,,"Synology 16TB Plus HDD  S/N : 2540XERG0A0U0F1VL		            2540XERG0A0PBF1VL		            2540...",,09/24/2025,,,,HDD:HAT3310-16T (Synology 16TB Plus HDD),,Synology 16TB Plus HDD,,Hard Drive,,Sal:RS,,A,,Taxable Sales,,,,Accounts Receivable,,Paid,,,,,,4.00,,"123,000.00",,"492,000.00",,"76,078,458.79",,Income,,0.00,,,,,,,,,,0.00
,,,"12,386",,Invoice,,09/24/2025,,AS010822,,Base Hp (Pvt) Ltd,,Synology RS1221RP+ 8 Bay NAS  S/N : 2550RXRYTNZZC,,09/24/2025,,,,Synology:RS1221RP+,,,,Synology,,Sal:RS,,A,,Taxable Sales,,,,Accounts Receivable,,Paid,,,,,,1.00,,"605,500.00",,"605,500.00",,"76,683,958.79",,Income,,0.00,,,,,,,,,,0.00
,,,"12,386",,Invoice,,09/24/2025,,AS010822,,Base Hp (Pvt) Ltd,,"Synology 8TB Plus Hard Drive  S/N : 2530XCR50A1FQF1YL		            2530XCR50A1D3F1YL		          ...",,09/24/2025,,,,HDD:HAT3310-8T (Synology 8TB Plus Hard Drive),,Synology 8TB Plus Hard Drive,,Hard Drive,,Sal:RS,,A,,Taxable Sales,,,,Accounts Receivable,,Paid,,,,,,6.00,,"82,083.33",,"492,499.98",,"77,176,458.77",,Income,,0.00,,,,,,,,,,0.00
,,,"12,386",,Invoice,,09/24/2025,,AS010822,,Base Hp (Pvt) Ltd,,2U Rail Kit,,09/24/2025,,,,Synology:2 U Sliding Rail Kit,,,,Synology,,Sal:RS,,A,,Taxable Sales,,,,Accounts Receivable,,Paid,,,,,,1.00,,,,,,"77,176,458.77",,Income,,0.00,,,,,,,,,,0.00
,,,"12,387",,Invoice,,09/24/2025,,AS010823,,ARC ONE (Pvt) Ltd,,Synology DiskStation DS425+ 4 Bay with 6GB RAM  S/N : 2580YGRXC2YFY,,09/24/2025,,,,Synology:DS425+ (Synology DiskStation DS425+ 4 Bay),,Synology DiskStation DS425+ 4 Bay,,Synology,,Sal:RS,,AD,,Taxable Sales,,,,Accounts Receivable,,Paid,,,,,,1.00,,"196,000.00",,"196,000.00",,"77,372,458.77",,Income,,0.00,,,,,,,,,,0.00
,,,"12,387",,Invoice,,09/24/2025,,AS010823,,ARC ONE (Pvt) Ltd,,"Synology 8TB Plus Hard Drive  S/N : 2520XCRX0A03EF1YL	            2520XCRX0A01MF1YL	            ...",,09/24/2025,,,,HDD:HAT3310-8T (Synology 8TB Plus Hard Drive),,Synology 8TB Plus Hard Drive,,Hard Drive,,Sal:RS,,AD,,Taxable Sales,,,,Accounts Receivable,,Paid,,,,,,4.00,,"83,000.00",,"332,000.00",,"77,704,458.77",,Income,,0.00,,,,,,,,,,0.00
,,,"12,387",,Invoice,,09/24/2025,,AS010823,,ARC ONE (Pvt) Ltd,,Discount,,09/24/2025,,,,Discount,,,,Sales Discount,,Sal:RS,,AD,,Taxable Sales,,,,Accounts Receivable,,Paid,,,,,,,,"-7,000.00",,"-7,000.00",,"77,697,458.77",,Income,,0.00,,,,,,,,,,0.00
,,,"12,400",,Invoice,,09/24/2025,,AS010824,,Barclays Computers (Pvt) Ltd,,"Synology DiskStation DS225+ 2Bay NAS  S/N : 2560ZDRTD9HTY		",,09/24/2025,,,,Synology:DS225+ (Synology DiskStation DS225+ 2Bay NAS),,Synology DiskStation DS225+ 2Bay NAS,,Synology,,Sal:RS,,AS,,Taxable Sales,,,,Accounts Receivable,,Paid,,,,,,1.00,,"113,000.00",,"113,000.00",,"77,810,458.77",,Income,,0.00,,,,,,,,,,0.00
,,,"12,400",,Invoice,,09/24/2025,,AS010824,,Barclays Computers (Pvt) Ltd,,"Synology DS223j  S/N : 2540UKR1SS3CQ		",,09/24/2025,,,,Synology:DS223j (Synology DS223j  ),,Synology DS223j  ,,Synology,,Sal:RS,,AS,,Taxable Sales,,,,Accounts Receivable,,Paid,,,,,,1.00,,"64,000.00",,"64,000.00",,"77,874,458.77",,Income,,0.00,,,,,,,,,,0.00
,,,"12,400",,Invoice,,09/24/2025,,AS010824,,Barclays Computers (Pvt) Ltd,,"Synology DS423 4 Bay NAS  S/N : 2570UVRCMFHWQ		            2570UVRB5XG9P		",,09/24/2025,,,,Synology:DS423 (Synology DS423 4 Bay NAS),,Synology DS423 4 Bay NAS,,Synology,,Sal:RS,,AS,,Taxable Sales,,,,Accounts Receivable,,Paid,,,,,,2.00,,"130,000.00",,"260,000.00",,"78,134,458.77",,Income,,0.00,,,,,,,,,,0.00
,,,"12,401",,Invoice,,09/24/2025,,AS010825,,Openlink (PVT) Ltd,,"Synology DS423 4 Bay NAS  S/N : 2570UVRSV48SQ		  ",,09/24/2025,,,,Synology:DS423 (Synology DS423 4 Bay NAS),,Synology DS423 4 Bay NAS,,Synology,,Sal:RS,,A,,Taxable Sales,,,,Accounts Receivable,,Paid,,,,,,1.00,,"129,600.00",,"129,600.00",,"78,264,058.77",,Income,,0.00,,,,,,,,,,0.00
,,,"12,401",,Invoice,,09/24/2025,,AS010825,,Openlink (PVT) Ltd,,"Synology 6TB Plus Hard Drive  S/N : 2520VYRZVY0915G		            2520VYRZVY08QGN		            25...",,09/24/2025,,,,HDD:HAT3300-6T (Synology 6TB Plus Hard Drive),,Synology 6TB Plus Hard Drive,,Hard Drive,,Sal:RS,,A,,Taxable Sales,,,,Accounts Receivable,,Paid,,,,,,4.00,,"62,000.00",,"248,000.00",,"78,512,058.77",,Income,,0.00,,,,,,,,,,0.00
,,,"12,410",,Invoice,,09/25/2025,,AS010826,,Adapt Information Technologies,,"Synology Rackstation RS822RP+ with 4GB RAM  S/N : 2540UJR75AE1R		",,09/25/2025,,,,Synology:RS822RP+ (Synology Rackstation RS822RP+),,Synology Rackstation RS822RP+,,Synology,,Sal:RS,,A,,Taxable Sales,,,,Accounts Receivable,,Paid,,,,,,1.00,,"464,000.00",,"464,000.00",,"78,976,058.77",,Income,,0.00,,,,,,,,,,0.00
,,,"12,410",,Invoice,,09/25/2025,,AS010826,,Adapt Information Technologies,,"Synology 8TB Plus Hard Drive  S/N : 2530XCR50A16ZF1YL		            2530XCR50A15DF1YL		          ...",,09/25/2025,,,,HDD:HAT3310-8T (Synology 8TB Plus Hard Drive),,Synology 8TB Plus Hard Drive,,Hard Drive,,Sal:RS,,A,,Taxable Sales,,,,Accounts Receivable,,Paid,,,,,,4.00,,"82,000.00",,"328,000.00",,"79,304,058.77",,Income,,0.00,,,,,,,,,,0.00
,,,"12,410",,Invoice,,09/25/2025,,AS010826,,Adapt Information Technologies,,1U Rail Kit,,09/25/2025,,,,Synology:1 U Fixed Rail Kit,,,,Synology,,Sal:RS,,A,,Taxable Sales,,,,Accounts Receivable,,Paid,,,,,,1.00,,,,,,"79,304,058.77",,Income,,0.00,,,,,,,,,,0.00
,,,"12,434",,Credit Memo,,09/26/2025,,AS00116,,Green City Global (pvt) Ltd,,Synology DiskStation DS225+ 2Bay NAS  S/N : 2560ZDRBK27Y8,,09/26/2025,,,,Synology:DS225+ (Synology DiskStation DS225+ 2Bay NAS),,Synology DiskStation DS225+ 2Bay NAS,,Synology,,Sal:RS,,,,Non-Taxable Sales,,,,Accounts Receivable,,Paid,,,,,,-1.00,,"133,340.00",,"-133,340.00",,"79,170,718.77",,Income,,0.00,,,,,,,,,,0.00
,,,"12,422",,Invoice,,09/26/2025,,AS010827,,Berlin Engineering (PVT) LTD,,"BDCOM S1518-16P-330 16Port Unmanaged Gigabit POE Switch  S/N : SHM18080374	  ",,09/26/2025,,,,BDCOM:S1518-16P-330 (BDCOM S1518-16P-330 16Port Unmanaged Gigabit POE Switch),,BDCOM S1518-16P-330 16Port Unmanaged Gigabit POE Switch,,BDCOM,,Sal:RS,,AR,,Non-Taxable Sales,,,,Accounts Receivable,,Paid,,,,,,1.00,,"48,250.00",,"48,250.00",,"79,218,968.77",,Income,,0.00,,,,,,,,,,0.00
,,,"12,422",,Invoice,,09/26/2025,,AS010827,,Berlin Engineering (PVT) LTD,,"BDCOM WAP2100-T618  S/N : 0P32014104821	            0P32014104828	",,09/26/2025,,,,BDCOM:WAP2100-T618 (BDCOM WAP2100-T618),,BDCOM WAP2100-T618,,BDCOM,,Sal:RS,,AR,,Non-Taxable Sales,,,,Accounts Receivable,,Paid,,,,,,2.00,,"24,300.00",,"48,600.00",,"79,267,568.77",,Income,,0.00,,,,,,,,,,0.00
,,,"12,433",,Invoice,,09/26/2025,,AS010828,,Network Information Technologies (Pvt) Lt,,Synology DiskStation DS225+ 2Bay NAS  S/N : 2560ZDRBK27Y8,,09/26/2025,,,,Synology:DS225+ (Synology DiskStation DS225+ 2Bay NAS),,Synology DiskStation DS225+ 2Bay NAS,,Synology,,Sal:RS,,AS,,Taxable Sales,,,,Accounts Receivable,,Paid,,,,,,1.00,,"277,000.00",,"277,000.00",,"79,544,568.77",,Income,,0.00,,,,,,,,,,0.00
,,,"12,433",,Invoice,,09/26/2025,,AS010828,,Network Information Technologies (Pvt) Lt,,"Synology 8TB Plus Hard Drive  S/N : 2530XCR50A1GUF1YL		            2530XCR50A15UF1YL		",,09/26/2025,,,,HDD:HAT3310-8T (Synology 8TB Plus Hard Drive),,Synology 8TB Plus Hard Drive,,Hard Drive,,Sal:RS,,AS,,Taxable Sales,,,,Accounts Receivable,,Paid,,,,,,2.00,,,,,,"79,544,568.77",,Income,,0.00,,,,,,,,,,0.00
,,,"12,543",,Invoice,,09/29/2025,,AS010829,,GTS Technology Solutions (pvt) Ltd,,"Synology DiskStation DS1525+ 5Bay NAS  S/N : 2540YJR0DGKTN		  ",,09/15/2025,,,,Synology:DS1525+ (Synology DiskStation DS1525+ 5Bay NAS),,Synology DiskStation DS1525+ 5Bay NAS,,Synology,,Sal:RS,,A,,Taxable Sales,,,,Accounts Receivable,,Paid,,,,,,1.00,,"253,000.00",,"253,000.00",,"79,797,568.77",,Income,,0.00,,,,,,,,,,0.00
,,,"12,543",,Invoice,,09/29/2025,,AS010829,,GTS Technology Solutions (pvt) Ltd,,"Synology 6TB Plus Hard Drive  S/N : 2520VYRZVX05SQQ		            2520VYRZVY09AQC		            25...",,09/15/2025,,,,HDD:HAT3300-6T (Synology 6TB Plus Hard Drive),,Synology 6TB Plus Hard Drive,,Hard Drive,,Sal:RS,,A,,Taxable Sales,,,,Accounts Receivable,,Paid,,,,,,3.00,,"62,000.00",,"186,000.00",,"79,983,568.77",,Income,,0.00,,,,,,,,,,0.00
,,,"12,546",,Invoice,,09/29/2025,,AS010830,,Ceylinco General Insurance Limited,,Extended Warranty  Agreement,,09/29/2025,,,,MA (Maintenance  Agreement),,Maintenance  Agreement,,Support and Maintenance,,Mnt,,AS,,Non-Taxable Sales,,,,Accounts Receivable,,Paid,,,,,,1.00,,,,,,"79,983,568.77",,Income,,0.00,,,,,,,,,,0.00
,,,"12,546",,Invoice,,09/29/2025,,AS010830,,Ceylinco General Insurance Limited,,Unit 01 - Synology NAS RS3617RPxs,,09/29/2025,,,,MA (Maintenance  Agreement),,Maintenance  Agreement,,Support and Maintenance,,Mnt,,AS,,Taxable Sales,,,,Accounts Receivable,,Paid,,,,,,1.00,,"518,600.00",,"518,600.00",,"80,502,168.77",,Income,,0.00,,,,,,,,,,0.00
,,,"12,546",,Invoice,,09/29/2025,,AS010830,,Ceylinco General Insurance Limited,,Unit 02 - Synology NAS RS3617RPxs,,09/29/2025,,,,MA (Maintenance  Agreement),,Maintenance  Agreement,,Support and Maintenance,,Mnt,,AS,,Taxable Sales,,,,Accounts Receivable,,Paid,,,,,,1.00,,"568,520.00",,"568,520.00",,"81,070,688.77",,Income,,0.00,,,,,,,,,,0.00
,,,"12,546",,Invoice,,09/29/2025,,AS010830,,Ceylinco General Insurance Limited,,Unit 03 - Synology NAS RS3617RPxs,,09/29/2025,,,,MA (Maintenance  Agreement),,Maintenance  Agreement,,Support and Maintenance,,Mnt,,AS,,Taxable Sales,,,,Accounts Receivable,,Paid,,,,,,1.00,,"568,520.00",,"568,520.00",,"81,639,208.77",,Income,,0.00,,,,,,,,,,0.00
,,,"12,547",,Invoice,,09/29/2025,,AS010831,,Base Hp (Pvt) Ltd,,Synology Disktation DS1825+ NAS Unit  S/N : 2540WDR96TW0P,,09/29/2025,,,,Synology:DS1825+ (Synology Disktation DS1825+ NAS Unit),,Synology Disktation DS1825+ NAS Unit,,Synology,,Sal:RS,,A,,Taxable Sales,,,,Accounts Receivable,,Paid,,,,,,1.00,,"452,000.00",,"452,000.00",,"82,091,208.77",,Income,,0.00,,,,,,,,,,0.00
,,,"12,547",,Invoice,,09/29/2025,,AS010831,,Base Hp (Pvt) Ltd,,"Synology 6TB Plus Hard Drive  S/N : 2520VYRZVX05PG3		            2520VYRZVX05PRK		            25...",,09/29/2025,,,,HDD:HAT3300-6T (Synology 6TB Plus Hard Drive),,Synology 6TB Plus Hard Drive,,Hard Drive,,Sal:RS,,A,,Taxable Sales,,,,Accounts Receivable,,Paid,,,,,,4.00,,"62,000.00",,"248,000.00",,"82,339,208.77",,Income,,0.00,,,,,,,,,,0.00
,,,"12,547",,Invoice,,09/29/2025,,AS010831,,Base Hp (Pvt) Ltd,,"Dual Port 10Gbe SFP+ Adapter card -E10G30-F2  S/N : 2480VPRFV6SFR		",,09/29/2025,,,,Synology:Dual Port F2 Card,,,,Synology,,Sal:RS,,A,,Taxable Sales,,,,Accounts Receivable,,Paid,,,,,,1.00,,,,,,"82,339,208.77",,Income,,0.00,,,,,,,,,,0.00
,,,"12,589",,Invoice,,10/01/2025,,AS010832,,J Teem Solutions,,BDCOM S1006-4p-65 Unmanaged 4 ports 10/100 PoE Ports and 2 Ports 10/100 NON PoE  S/N : SLM170802...,,10/01/2025,,,,BDCOM:S1006-4p-65 (BDCOM S1006-4p-65 Unmanaged 4 ports 10/100 PoE Ports and 2 Ports 10/100 NON PoE),,BDCOM S1006-4p-65 Unmanaged 4 ports 10/100 PoE Ports and 2 Ports 10/100 NON PoE,,BDCOM,,Sal:RS,,AR,,Non-Taxable Sales,,,,Accounts Receivable,,Paid,,,,,,6.00,,"6,100.00",,"36,600.00",,"82,375,808.77",,Income,,0.00,,,,,,,,,,0.00
,,,"12,589",,Invoice,,10/01/2025,,AS010832,,J Teem Solutions,,"BDCOM S1200-8P2G Switch  S/N : 0W20011501119		            0W20011501120		            0W200115011...",,10/01/2025,,,,BDCOM:S1200-8P2G (BDCOM S1200-8P2G Switch),,BDCOM S1200-8P2G Switch,,BDCOM,,Sal:RS,,AR,,Non-Taxable Sales,,,,Accounts Receivable,,Paid,,,,,,6.00,,"10,600.00",,"63,600.00",,"82,439,408.77",,Income,,0.00,,,,,,,,,,0.00
,,,"12,592",,Invoice,,10/02/2025,,AS010833,,Information Technologies & Enterprise Sol,,Synology RackStation RS2825RP+ 16 Bay NAS with 16GB RAM  S/N : 2580XXRVJ7D43,,10/02/2025,,,,Synology:RS2825RP+ (Synology RackStation RS2825RP+ 16 Bay NAS),,Synology RackStation RS2825RP+ 16 Bay NAS,,Synology,,Sal:RS,,A,,Non-Taxable Sales,,,,Accounts Receivable,,Paid,,,,,,1.00,,"1,464,763.35",,"1,464,763.35",,"83,904,172.12",,Income,,0.00,,,,,,,,,,0.00
,,,"12,592",,Invoice,,10/02/2025,,AS010833,,Information Technologies & Enterprise Sol,,"Synology 20TB Enterprise Hard Drive  S/N : 2550WZRM0A1HZF54L		            2550WZRM0A1J3F54L		   ...",,10/02/2025,,,,HDD:HAT5310-20T (Synology 20TB Enterprise Hard Drive),,Synology 20TB Enterprise Hard Drive,,Hard Drive,,Sal:RS,,A,,Non-Taxable Sales,,,,Accounts Receivable,,Paid,,,,,,6.00,,"321,387.75",,"1,928,326.50",,"85,832,498.62",,Income,,0.00,,,,,,,,,,0.00
,,,"12,592",,Invoice,,10/02/2025,,AS010833,,Information Technologies & Enterprise Sol,,1.92TB Synology Enterprise SATA SSDs  S/N : 2570YVRVAS5WC,,10/02/2025,,,,HDD:SAT5221-1920G (1.92TB Synology Enterprise SATA SSDs),,1.92TB Synology Enterprise SATA SSDs,,Synology,,Sal:RS,,A,,Non-Taxable Sales,,,,Accounts Receivable,,Paid,,,,,,1.00,,"203,107.50",,"203,107.50",,"86,035,606.12",,Income,,0.00,,,,,,,,,,0.00
,,,"12,592",,Invoice,,10/02/2025,,AS010833,,Information Technologies & Enterprise Sol,,2U Rail Kit,,10/02/2025,,,,Synology:2 U Sliding Rail Kit,,,,Synology,,Sal:RS,,A,,Non-Taxable Sales,,,,Accounts Receivable,,Paid,,,,,,1.00,,,,,,"86,035,606.12",,Income,,0.00,,,,,,,,,,0.00
,,,"12,602",,Invoice,,10/02/2025,,AS010834,,Green City Global (pvt) Ltd,,"BDCOM  SFP+SX   S/N : 4023B008311	            4023B008312	            4023B008313	            40...",,10/02/2025,,,,BDCOM:SFP+ SX,,,,BDCOM,,Sal:RS,,AR,,Non-Taxable Sales,,,,Accounts Receivable,,Paid,,,,,,10.00,,"9,200.00",,"92,000.00",,"86,127,606.12",,Income,,0.00,,,,,,,,,,0.00
,,,"12,604",,Invoice,,10/04/2025,,AS010835,,Barclays Computers (Pvt) Ltd,,Synology DS423 4 Bay NAS  S/N : 2570UVRQPAHB2,,10/04/2025,,,,Synology:DS423 (Synology DS423 4 Bay NAS),,Synology DS423 4 Bay NAS,,Synology,,Sal:RS,,AS,,Taxable Sales,,,,Accounts Receivable,,Paid,,,,,,1.00,,"130,000.00",,"130,000.00",,"86,257,606.12",,Income,,0.00,,,,,,,,,,0.00
,,,"12,616",,Invoice,,10/08/2025,,AS010836,,Ocnet Technologies,,"Synology NAS DS925+ 4 Bay NAS  S/N : 2530YHRTECSGX		  ",,10/08/2025,,,,Synology:DS925+ (Synology NAS DS925+ 4 Bay NAS),,Synology NAS DS925+ 4 Bay NAS,,Synology,,Sal:RS,,AD,,Non-Taxable Sales,,,,Accounts Receivable,,Paid,,,,,,1.00,,"240,720.00",,"240,720.00",,"86,498,326.12",,Income,,0.00,,,,,,,,,,0.00
,,,"12,628",,Invoice,,10/08/2025,,AS010837,,X Press Solutions (Mr. Irfan),,Power Supply Aura GP 450Pro  S/N : 002825500565  (Warranty 02 Years),,10/08/2025,,,,Power Supply,,,,Hardware,,Sal:RS,,AS,,Non-Taxable Sales,,,,Accounts Receivable,,Unpaid,,,,204,,1.00,,"14,160.00",,"14,160.00",,"86,512,486.12",,Income,,0.00,,,,,,,,,,0.00
,,,"12,628",,Invoice,,10/08/2025,,AS010837,,X Press Solutions (Mr. Irfan),,Pro link UPS  S/N : 564801222303759  (Warranty 01 Year),,10/08/2025,,,,UPS,,,,Hardware,,Sal:RS,,AS,,Non-Taxable Sales,,,,Accounts Receivable,,Unpaid,,,,204,,1.00,,"11,328.00",,"11,328.00",,"86,523,814.12",,Income,,0.00,,,,,,,,,,0.00
,,,"12,628",,Invoice,,10/08/2025,,AS010837,,X Press Solutions (Mr. Irfan),,Repair Charges,,10/08/2025,,,,Services,,,,Support and Maintenance,,Sal:RS,,AS,,Non-Taxable Sales,,,,Accounts Receivable,,Unpaid,,,,204,,1.00,,"5,000.00",,"5,000.00",,"86,528,814.12",,Income,,0.00,,,,,,,,,,0.00
,,,"12,630",,Invoice,,10/09/2025,,AS010838,,Green City Global (pvt) Ltd,,"BDCOM SFP+SX  S/N : 4023B008331 ,4023B008332 ,4023B008333		            4023B008334	,4023B008335 ...",,10/09/2025,,,,BDCOM:SFP+ SX,,,,BDCOM,,Sal:RS,,AR,,Non-Taxable Sales,,,,Accounts Receivable,,Paid,,,,,,20.00,,"9,200.00",,"184,000.00",,"86,712,814.12",,Income,,0.00,,,,,,,,,,0.00
,,,"12,631",,Invoice,,10/09/2025,,AS010839,,Techno Mobile & CCTV,,"BDCOM S1006-4p-65 Unmanaged 4 ports 10/100 PoE Ports and 2 Ports 10/100 NON PoE  S/N : SLM17080166	",,10/09/2025,,,,BDCOM:S1006-4p-65 (BDCOM S1006-4p-65 Unmanaged 4 ports 10/100 PoE Ports and 2 Ports 10/100 NON PoE),,BDCOM S1006-4p-65 Unmanaged 4 ports 10/100 PoE Ports and 2 Ports 10/100 NON PoE,,BDCOM,,Sal:RS,,AR,,Non-Taxable Sales,,,,Accounts Receivable,,Paid,,,,,,1.00,,"6,100.00",,"6,100.00",,"86,718,914.12",,Income,,0.00,,,,,,,,,,0.00
,,,"12,632",,Invoice,,10/09/2025,,AS010840,,Micro Technology Lanka (Pvt) Ltd,,BDCOM 16Port 100M POE+ 2Port 1G RJ45 + 1 -Port GE SFP port Unmanaged POE Switch  S/N : 0W2001170...,,10/09/2025,,,,BDCOM:S1200-16P2G1S (BDCOM 16Port 100M POE+ 2Port 1G RJ45 + 1 -Port GE SFP port Unmanaged POE Sw...,,BDCOM 16Port 100M POE+ 2Port 1G RJ45 + 1 -Port GE SFP port Unmanaged POE Switch,,BDCOM,,Sal:RS,,AR,,Non-Taxable Sales,,,,Accounts Receivable,,Paid,,,,,,1.00,,"23,750.00",,"23,750.00",,"86,742,664.12",,Income,,0.00,,,,,,,,,,0.00
,,,"12,632",,Invoice,,10/09/2025,,AS010840,,Micro Technology Lanka (Pvt) Ltd,,"BDCOM WAP2100-T618  S/N : 0P32014104833	            0P32014104829	",,10/09/2025,,,,BDCOM:WAP2100-T618 (BDCOM WAP2100-T618),,BDCOM WAP2100-T618,,BDCOM,,Sal:RS,,AR,,Non-Taxable Sales,,,,Accounts Receivable,,Paid,,,,,,2.00,,"26,750.00",,"53,500.00",,"86,796,164.12",,Income,,0.00,,,,,,,,,,0.00
,,,"12,633",,Invoice,,10/10/2025,,AS010841,,Micro Technology Lanka (Pvt) Ltd,,"BDCOM POE S1000-8P2F  8Port 100M Switch  S/N : 0W20011407010		            0W20011407006		  ",,10/10/2025,,,,BDCOM:S1000-8P2F (BDCOM POE S1000-8P2F  8Port 100M Switch),,BDCOM POE S1000-8P2F  8Port 100M Switch,,BDCOM,,,,AR,,Non-Taxable Sales,,,,Accounts Receivable,,Paid,,,,,,2.00,,"8,200.00",,"16,400.00",,"86,812,564.12",,Income,,0.00,,,,,,,,,,0.00
,,,"12,633",,Invoice,,10/10/2025,,AS010841,,Micro Technology Lanka (Pvt) Ltd,,Keystone Normal,,10/10/2025,,,,Accs (Accessories),,Accessories,,Hardware,,,,AR,,Non-Taxable Sales,,,,Accounts Receivable,,Paid,,,,,,10.00,,350.00,,"3,500.00",,"86,816,064.12",,Income,,0.00,,,,,,,,,,0.00
,,,"12,633",,Invoice,,10/10/2025,,AS010841,,Micro Technology Lanka (Pvt) Ltd,,Keystone Toolless,,10/10/2025,,,,Accs (Accessories),,Accessories,,Hardware,,,,AR,,Non-Taxable Sales,,,,Accounts Receivable,,Paid,,,,,,10.00,,600.00,,"6,000.00",,"86,822,064.12",,Income,,0.00,,,,,,,,,,0.00
,,,"12,635",,Invoice,,10/13/2025,,AS010842,,Gadgetbox,,Synology 16TB Plus HDD  S/N : 2540XERG0A0SLF1VL,,10/13/2025,,,,HDD:HAT3310-16T (Synology 16TB Plus HDD),,Synology 16TB Plus HDD,,Hard Drive,,,,AR,,Non-Taxable Sales,,,,Accounts Receivable,,Paid,,,,,,1.00,,"132,986.00",,"132,986.00",,"86,955,050.12",,Income,,0.00,,,,,,,,,,0.00
,,,"12,636",,Invoice,,10/14/2025,,AS010843,,E-Net Integrated Solutions (Pvt) Ltd,,BDCOM S1500-24T Switch  S/N : 0W20012600101,,10/14/2025,,,,BDCOM:S1500-24T (BDCOM S1500-24T Switch),,BDCOM S1500-24T Switch,,BDCOM,,,,AR,,Non-Taxable Sales,,,,Accounts Receivable,,Paid,,,,,,1.00,,"23,750.00",,"23,750.00",,"86,978,800.12",,Income,,0.00,,,,,,,,,,0.00
,,,"12,636",,Invoice,,10/14/2025,,AS010843,,E-Net Integrated Solutions (Pvt) Ltd,,BDCOM POE S1000-8P2F  8Port 100M Switch  S/N : 0W20011407008,,10/14/2025,,,,BDCOM:S1000-8P2F (BDCOM POE S1000-8P2F  8Port 100M Switch),,BDCOM POE S1000-8P2F  8Port 100M Switch,,BDCOM,,,,AR,,Non-Taxable Sales,,,,Accounts Receivable,,Paid,,,,,,1.00,,"8,200.00",,"8,200.00",,"86,987,000.12",,Income,,0.00,,,,,,,,,,0.00
,,,"12,638",,Invoice,,10/14/2025,,AS010844,,Green City Global (pvt) Ltd,,"BDCOM SFP+SX  S/N : 4023B008321		            4023B008322		            4023B008323		            4...",,10/14/2025,,,,BDCOM:SFP+ SX,,,,BDCOM,,,,AR,,Non-Taxable Sales,,,,Accounts Receivable,,Paid,,,,,,10.00,,"9,200.00",,"92,000.00",,"87,079,000.12",,Income,,0.00,,,,,,,,,,0.00
,,,"12,639",,Invoice,,10/14/2025,,AS010845,,Southern Technologies,,BDCOM S1200-8P2G Switch  S/N : 0W20011501024            0W20011501125,,10/14/2025,,,,BDCOM:S1200-8P2G (BDCOM S1200-8P2G Switch),,BDCOM S1200-8P2G Switch,,BDCOM,,Sal:RS,,AR,,Non-Taxable Sales,,,,Accounts Receivable,,Paid,,,,,,2.00,,"10,500.00",,"21,000.00",,"87,100,000.12",,Income,,0.00,,,,,,,,,,0.00
,,,"12,640",,Invoice,,10/14/2025,,AS010846,,AMTEC ELECTRONIC (PVT) LTD,,BDCOM 16Port 100M POE+ 2Port 1G RJ45 + 1 -Port GE SFP port Unmanaged POE Switch  S/N : 0W2001170...,,10/14/2025,,,,BDCOM:S1200-16P2G1S (BDCOM 16Port 100M POE+ 2Port 1G RJ45 + 1 -Port GE SFP port Unmanaged POE Sw...,,BDCOM 16Port 100M POE+ 2Port 1G RJ45 + 1 -Port GE SFP port Unmanaged POE Switch,,BDCOM,,,,AR,,Non-Taxable Sales,,,,Accounts Receivable,,Paid,,,,,,1.00,,"23,800.00",,"23,800.00",,"87,123,800.12",,Income,,0.00,,,,,,,,,,0.00
,,,"12,644",,Invoice,,10/14/2025,,AS010847,,Hexar Evolution (Pvt) Ltd,,"Acronis Cyber Protect Standard Workstation Subscription License, 1 Year",,10/14/2025,,,,Acronis,,,,Acronics,,Sal:RS,,AD,,Taxable Sales,,,,Accounts Receivable,,Paid,,,,,,10.00,,"21,000.00",,"210,000.00",,"87,333,800.12",,Income,,0.00,,,,,,,,,,0.00
,,,"12,645",,Invoice,,10/14/2025,,AS010848,,MARS Network (Pvt) Ltd,,"Acronis Cyber Protect - Backup Advance Server Subscription License, 1 Year - Renewal",,10/14/2025,,,,Acronis,,,,Acronics,,Sal:RS,,A,,Taxable Sales,,,,Accounts Receivable,,Paid,,,,,,4.00,,"196,000.00",,"784,000.00",,"88,117,800.12",,Income,,0.00,,,,,,,,,,0.00
,,,"12,646",,Invoice,,10/15/2025,,AS010849,,Network Information Technologies (Pvt) Lt,,Synology C2 S3 Compatible object Cloud Storage Capacity - 17TB - 1 Year,,10/15/2025,,,,Synology:C2 Cloud (Synology C2 Cloud Storage),,Synology C2 Cloud Storage,,Synology,,Sal:EC,,AS,,Taxable Sales,,,,Accounts Receivable,,Paid,,,,,,17.00,,"30,620.00",,"520,540.00",,"88,638,340.12",,Income,,0.00,,,,,,,,,,0.00
,,,"12,647",,Invoice,,10/15/2025,,AS010850,,Apex Business Solutions PVT Ltd.,,Synology DiskStation DS223j  S/N : 2540UKRB6APRP,,10/15/2025,,,,Synology:DS223j (Synology DS223j  ),,Synology DS223j  ,,Synology,,Sal:RS,,AD,,Taxable Sales,,,,Accounts Receivable,,Paid,,,,,,1.00,,"63,000.00",,"63,000.00",,"88,701,340.12",,Income,,0.00,,,,,,,,,,0.00
,,,"12,647",,Invoice,,10/15/2025,,AS010850,,Apex Business Solutions PVT Ltd.,,"Synology 4TB Plus HDD  S/N : 2530VXRZW63E4C5		            2530VXKZW63ELZ2		",,10/15/2025,,,,HDD:HAT3300-4T (Synology 4TB Plus HDD),,Synology 4TB Plus HDD,,Hard Drive,,Sal:RS,,AD,,Taxable Sales,,,,Accounts Receivable,,Paid,,,,,,2.00,,"42,000.00",,"84,000.00",,"88,785,340.12",,Income,,0.00,,,,,,,,,,0.00
,,,"12,698",,Invoice,,10/17/2025,,AS010851,,LANKA COMMODITY BROKERS LTD,,Anti Spam Service,,10/17/2025,,,,Services,,,,Support and Maintenance,,Mnt,,AS,,Taxable Sales,,,,Accounts Receivable,,Paid,,,,,,1.00,,"6,804.88",,"6,804.88",,"88,792,145.00",,Income,,0.00,,,,,,,,,,0.00
,,,"12,699",,Invoice,,10/17/2025,,AS010852,,LANKA COMMODITY BROKERS LTD,,7GB Storage Space  100GB Transfer Bandwidth  1 Nos Fixed IP. (Clean)  SPF/ DKIM Supported  Spam ...,,10/17/2025,,,,Host Email,,,,Support and Maintenance,,Mnt,,AS,,Taxable Sales,,,,Accounts Receivable,,Paid,,,,,,1.00,,"18,672.062",,"18,672.06",,"88,810,817.06",,Income,,0.00,,,,,,,,,,0.00
,,,"12,700",,Invoice,,10/17/2025,,AS010853,,AL - ARAF HOTELS & RESORT (PVT) LTD,,Hosting Charges for 10 email Accounts (10$),,10/17/2025,,,,Hosting (Hosting),,Hosting,,Support and Maintenance,,Sal:EC,,AS,,Taxable Sales,,,,Accounts Receivable,,Paid,,,,,,1.00,,"3,062.50",,"3,062.50",,"88,813,879.56",,Income,,0.00,,,,,,,,,,0.00
,,,"12,701",,Invoice,,10/17/2025,,AS010854,,LANKA MOUNT CASTLE (PVT) LTD,,20GB Storage Capacity with 30 Email Accounts,,10/17/2025,,,,Host Email,,,,Support and Maintenance,,Mnt,,AS,,Taxable Sales,,,,Accounts Receivable,,Paid,,,,,,1.00,,"15,312.50",,"15,312.50",,"88,829,192.06",,Income,,0.00,,,,,,,,,,0.00
,,,"12,702",,Invoice,,10/20/2025,,AS010855,,Asiri Hospital Matara (Pvt) Ltd,,Synology NAS DS918+  Service Charges,,10/20/2025,,,,Services,,,,Support and Maintenance,,Sal:EC,,A,,Non-Taxable Sales,,,,Accounts Receivable,,Paid,,,,,,1.00,,"17,700.00",,"17,700.00",,"88,846,892.06",,Income,,0.00,,,,,,,,,,0.00
,,,"12,703",,Credit Memo,,10/21/2025,,AS00117,,Neo Solution,,Acronis Cloud Backup 25GB Monthly Subscription,,10/21/2025,,,,Acronis,,,,Acronics,,Sal:EC,,,,Non-Taxable Sales,,,,Accounts Receivable,,Paid,,,,,,-1.00,,"1,500.00",,"-1,500.00",,"88,845,392.06",,Income,,0.00,,,,,,,,,,0.00
,,,"12,704",,Invoice,,10/21/2025,,AS010856,,ABSOLUTE BUSINESS SOLUTIONS ( PVT) LTD,,Acronis Cloud Backup 25GB Monthly Subscription,,10/21/2025,,,,Acronis,,,,Acronics,,Sal:RS,,SM,,Non-Taxable Sales,,,,Accounts Receivable,,Paid,,,,,,1.00,,"2,000.00",,"2,000.00",,"88,847,392.06",,Income,,0.00,,,,,,,,,,0.00
,,,"12,705",,Invoice,,10/21/2025,,AS010857,,ABSOLUTE BUSINESS SOLUTIONS ( PVT) LTD,,Acronis Cloud Backup 25GB Monthly Subscription,,10/21/2025,,,,Acronis,,,,Acronics,,Sal:RS,,SM,,Non-Taxable Sales,,,,Accounts Receivable,,Paid,,,,,,1.00,,"2,000.00",,"2,000.00",,"88,849,392.06",,Income,,0.00,,,,,,,,,,0.00
,,,"12,706",,Invoice,,10/21/2025,,AS010858,,Wiscom Information Technology (Pvt) Ltd,,Acronis Cloud Backup 250GB Monthly Subscription,,10/21/2025,,,,Acronis,,,,Acronics,,Sal:RS,,SM,,Non-Taxable Sales,,,,Accounts Receivable,,Paid,,,,,,1.00,,"12,500.00",,"12,500.00",,"88,861,892.06",,Income,,0.00,,,,,,,,,,0.00
,,,"12,750",,Invoice,,10/21/2025,,AS010859,,Debug Computer Peripherals (Pvt) Ltd,,"BDCOM WAP2100-T512  S/N : 0P32014029780		",,10/21/2025,,,,BDCOM:WAP2100-T512 (BDCOM WAP2100-T512),,BDCOM WAP2100-T512,,BDCOM,,,,AD,,Taxable Sales,,,,Accounts Receivable,,Paid,,,,,,1.00,,"18,700.00",,"18,700.00",,"88,880,592.06",,Income,,0.00,,,,,,,,,,0.00
,,,"12,750",,Invoice,,10/21/2025,,AS010859,,Debug Computer Peripherals (Pvt) Ltd,,"BDCOM S1500-16T Switch  S/N : 0W20012502498		",,10/21/2025,,,,BDCOM:S1500-16T (BDCOM S1500-16T Switch),,BDCOM S1500-16T Switch,,BDCOM,,,,AD,,Taxable Sales,,,,Accounts Receivable,,Paid,,,,,,1.00,,"16,500.00",,"16,500.00",,"88,897,092.06",,Income,,0.00,,,,,,,,,,0.00
,,,"12,818",,Invoice,,10/23/2025,,AS010860,,Apex Business Solutions PVT Ltd.,,Synology DiskStation DS1525+ 5Bay NAS  S/N : 2540YJRXJEA3D,,10/23/2025,,,,Synology:DS1525+ (Synology DiskStation DS1525+ 5Bay NAS),,Synology DiskStation DS1525+ 5Bay NAS,,Synology,,Sal:RS,,AD,,Taxable Sales,,,,Accounts Receivable,,Paid,,,,,,1.00,,"250,000.00",,"250,000.00",,"89,147,092.06",,Income,,0.00,,,,,,,,,,0.00
,,,"12,818",,Invoice,,10/23/2025,,AS010860,,Apex Business Solutions PVT Ltd.,,"Synology 4TB Plus HDD  S/N : 2530VXRZW63EM6X		            2530VXRZW63EBLN		            2530VXRZW...",,10/23/2025,,,,HDD:HAT3300-4T (Synology 4TB Plus HDD),,Synology 4TB Plus HDD,,Hard Drive,,Sal:RS,,AD,,Taxable Sales,,,,Accounts Receivable,,Paid,,,,,,5.00,,"41,000.00",,"205,000.00",,"89,352,092.06",,Income,,0.00,,,,,,,,,,0.00
,,,"12,818",,Invoice,,10/23/2025,,AS010860,,Apex Business Solutions PVT Ltd.,,Synology DiskStation DS1525+ 5Bay NAS  S/N : 2540YJRR4H20C,,10/23/2025,,,,Synology:DS1525+ (Synology DiskStation DS1525+ 5Bay NAS),,Synology DiskStation DS1525+ 5Bay NAS,,Synology,,Sal:RS,,AD,,Taxable Sales,,,,Accounts Receivable,,Paid,,,,,,1.00,,"250,000.00",,"250,000.00",,"89,602,092.06",,Income,,0.00,,,,,,,,,,0.00
,,,"12,818",,Invoice,,10/23/2025,,AS010860,,Apex Business Solutions PVT Ltd.,,"Synology 4TB Plus HDD  S/N : 2530VXRZW63ENPE		            2530VXRZW63ESM3		            2530VXRZW...",,10/23/2025,,,,HDD:HAT3300-4T (Synology 4TB Plus HDD),,Synology 4TB Plus HDD,,Hard Drive,,Sal:RS,,AD,,Taxable Sales,,,,Accounts Receivable,,Paid,,,,,,5.00,,"41,000.00",,"205,000.00",,"89,807,092.06",,Income,,0.00,,,,,,,,,,0.00
,,,"12,824",,Invoice,,10/23/2025,,AS010861,,Green Digital Technologies (Pvt) Ltd,,"BDCOM WAP2100-T512  S/ N :  0P32014030150 ,0P32014030152		              0P32014030151 ,0P3201403...",,10/23/2025,,,,BDCOM:WAP2100-T512 (BDCOM WAP2100-T512),,BDCOM WAP2100-T512,,BDCOM,,,,AR,,Non-Taxable Sales,,,,Accounts Receivable,,Paid,,,,,,9.00,,"20,000.00",,"180,000.00",,"89,987,092.06",,Income,,0.00,,,,,,,,,,0.00
,,,"12,824",,Invoice,,10/23/2025,,AS010861,,Green Digital Technologies (Pvt) Ltd,,BDCOM WAP2100-T512 with Power Adapter  S/N : OP32014029781,,10/23/2025,,,,BDCOM:WAP2100-T512 (BDCOM WAP2100-T512),,BDCOM WAP2100-T512,,BDCOM,,,,AR,,Non-Taxable Sales,,,,Accounts Receivable,,Paid,,,,,,1.00,,"21,000.00",,"21,000.00",,"90,008,092.06",,Income,,0.00,,,,,,,,,,0.00
,,,"12,830",,Invoice,,10/24/2025,,AS010862,,AMTEC ELECTRONIC (PVT) LTD,,BDCOM POE S1000-8P2F  8Port 100M Switch  S/N : 0W20011408414,,10/24/2025,,,,BDCOM:S1000-8P2F (BDCOM POE S1000-8P2F  8Port 100M Switch),,BDCOM POE S1000-8P2F  8Port 100M Switch,,BDCOM,,,,AR,,Non-Taxable Sales,,,,Accounts Receivable,,Paid,,,,,,1.00,,"8,200.00",,"8,200.00",,"90,016,292.06",,Income,,0.00,,,,,,,,,,0.00
,,,"12,831",,Invoice,,10/24/2025,,AS010863,,Apex Business Solutions PVT Ltd.,,Synology NAS DS925+ 4 Bay NAS  S/N : 2530YHRAS31JQ,,10/24/2025,,,,Synology:DS925+ (Synology NAS DS925+ 4 Bay NAS),,Synology NAS DS925+ 4 Bay NAS,,Synology,,,,AD,,Taxable Sales,,,,Accounts Receivable,,Paid,,,,,,1.00,,"210,000.00",,"210,000.00",,"90,226,292.06",,Income,,0.00,,,,,,,,,,0.00
,,,"12,831",,Invoice,,10/24/2025,,AS010863,,Apex Business Solutions PVT Ltd.,,"12TB Synology Plus HDD  S/N : 2450XDRM0A09JF1XL	            2450XDRM0A09WF1XL	            2450XD...",,10/24/2025,,,,HDD:HAT3310-12T (12TB Synology Plus HDD),,12TB Synology Plus HDD,,Hard Drive,,,,AD,,Taxable Sales,,,,Accounts Receivable,,Paid,,,,,,3.00,,"118,000.00",,"354,000.00",,"90,580,292.06",,Income,,0.00,,,,,,,,,,0.00
,,,"12,831",,Invoice,,10/24/2025,,AS010863,,Apex Business Solutions PVT Ltd.,,"Synology SSD M.2 NVMe SNV3410-400G  S/N : 2260U2RR0PYBZ	            2260U2R80E5WG	  ",,10/24/2025,,,,HDD:400GB Syno SSD (400GB Synology SSD M.2),,400GB Synology SSD M.2,,Hard Drive,,,,AD,,Taxable Sales,,,,Accounts Receivable,,Paid,,,,,,2.00,,"60,500.00",,"121,000.00",,"90,701,292.06",,Income,,0.00,,,,,,,,,,0.00
,,,"12,839",,Invoice,,10/24/2025,,AS010864,,Green Digital Technologies (Pvt) Ltd,,BDCOM WAP2100-T512  S/N : 0P32014030142            0P32014030144,,10/24/2025,,,,BDCOM:WAP2100-T512 (BDCOM WAP2100-T512),,BDCOM WAP2100-T512,,BDCOM,,,,AR,,Non-Taxable Sales,,,,Accounts Receivable,,Paid,,,,,,2.00,,"20,000.00",,"40,000.00",,"90,741,292.06",,Income,,0.00,,,,,,,,,,0.00
,,,"12,856",,Credit Memo,,10/27/2025,,AS00118,,Techtron Integrated Solutions (Pvt) Ltd,,Synology NAS DS1821+ 8 Bay NAS with 16 GB RAM  S/N 2480SKRJC60R5,,10/27/2025,,,,Synology:DS1821+ (Synology NAS DS1821+ 8 Bay NAS),,Synology NAS DS1821+ 8 Bay NAS,,Synology,,Sal:RS,,,,Taxable Sales,,,,Accounts Receivable,,Paid,,,,,,-1.00,,"795,000.00",,"-795,000.00",,"89,946,292.06",,Income,,0.00,,,,,,,,,,0.00
,,,"12,856",,Credit Memo,,10/27/2025,,AS00118,,Techtron Integrated Solutions (Pvt) Ltd,,"Synology 16TB Plus HDD  S/N  2520XERL0A234F1VL	          2520XERL0A22YF1VL	          2520XERL0A2...",,10/27/2025,,,,HDD:HAT3310-16T (Synology 16TB Plus HDD),,Synology 16TB Plus HDD,,Hard Drive,,Sal:RS,,,,Taxable Sales,,,,Accounts Receivable,,Paid,,,,,,-3.00,,0.00,,0.00,,"89,946,292.06",,Income,,0.00,,,,,,,,,,0.00
,,,"12,852",,Invoice,,10/27/2025,,AS010865,,Accura-Tech Accurate Technologies,,VPN Configuration Charges,,10/27/2025,,,,Services,,,,Support and Maintenance,,Sal:RS,,AD,,Non-Taxable Sales,,,,Accounts Receivable,,Paid,,,,,,1.00,,"5,900.00",,"5,900.00",,"89,952,192.06",,Income,,0.00,,,,,,,,,,0.00
,,,"12,854",,Invoice,,10/27/2025,,AS010866,,VS Information Systems (Pvt) Ltd,,Synology Rack Station RS1221Rp+ NAS   S/N : 2590RXR7M86HW,,10/27/2025,,,,Synology:RS1221RP+,,,,Synology,,,,A,,Taxable Sales,,,,Accounts Receivable,,Paid,,,,,,1.00,,"552,825.00",,"552,825.00",,"90,505,017.06",,Income,,0.00,,,,,,,,,,0.00
,,,"12,854",,Invoice,,10/27/2025,,AS010866,,VS Information Systems (Pvt) Ltd,,"Synology 16TB Plus HDD  S/N : 2540XERG0A0KJF1VL		            2540XERG0A0T2F1VL		            2540...",,10/27/2025,,,,HDD:HAT3310-16T (Synology 16TB Plus HDD),,Synology 16TB Plus HDD,,Hard Drive,,,,A,,Taxable Sales,,,,Accounts Receivable,,Paid,,,,,,4.00,,"121,500.00",,"486,000.00",,"90,991,017.06",,Income,,0.00,,,,,,,,,,0.00
,,,"12,855",,Invoice,,10/27/2025,,AS010867,,Base Hp (Pvt) Ltd,,"Synology Rack Station RS1221RP+ NAS With 16GB RAM   S/N : 2550RXRGBZQ0T		",,10/27/2025,,,,Synology:RS1221RP+,,,,Synology,,Sal:RS,,A,,Taxable Sales,,,,Accounts Receivable,,Paid,,,,,,1.00,,"902,000.00",,"902,000.00",,"91,893,017.06",,Income,,0.00,,,,,,,,,,0.00
,,,"12,855",,Invoice,,10/27/2025,,AS010867,,Base Hp (Pvt) Ltd,,"Synology 4TB Enterprise Hard Drive  S/N : 2230U6RR0A1LSFW1H		            2420U6RA0A06HFW1H		    ...",,10/27/2025,,,,HDD:HAT5300-4T (Synology 4TB Enterprise Hard Drive),,Synology 4TB Enterprise Hard Drive,,Hard Drive,,Sal:RS,,A,,Taxable Sales,,,,Accounts Receivable,,Paid,,,,,,5.00,,"72,000.00",,"360,000.00",,"92,253,017.06",,Income,,0.00,,,,,,,,,,0.00
,,,"12,855",,Invoice,,10/27/2025,,AS010867,,Base Hp (Pvt) Ltd,,"Synology Rack Station RS1221RP+ NAS With 16GB RAM  S/N : 2550RXR77XJT0		  ",,10/27/2025,,,,Synology:RS1221RP+,,,,Synology,,Sal:RS,,A,,Taxable Sales,,,,Accounts Receivable,,Paid,,,,,,1.00,,"902,000.00",,"902,000.00",,"93,155,017.06",,Income,,0.00,,,,,,,,,,0.00
,,,"12,855",,Invoice,,10/27/2025,,AS010867,,Base Hp (Pvt) Ltd,,"Synology 4TB Enterprise Hard Drive  S/N : 2420U6RA0A062FW1H		            2420U6RA0A06QFW1H		    ...",,10/27/2025,,,,HDD:HAT5300-4T (Synology 4TB Enterprise Hard Drive),,Synology 4TB Enterprise Hard Drive,,Hard Drive,,Sal:RS,,A,,Taxable Sales,,,,Accounts Receivable,,Paid,,,,,,5.00,,"72,000.00",,"360,000.00",,"93,515,017.06",,Income,,0.00,,,,,,,,,,0.00
,,,"12,855",,Invoice,,10/27/2025,,AS010867,,Base Hp (Pvt) Ltd,,2U Rail Kit,,10/27/2025,,,,Synology:2 U Sliding Rail Kit,,,,Synology,,Sal:RS,,A,,Taxable Sales,,,,Accounts Receivable,,Paid,,,,,,2.00,,,,,,"93,515,017.06",,Income,,0.00,,,,,,,,,,0.00
,,,"12,855",,Invoice,,10/27/2025,,AS010867,,Base Hp (Pvt) Ltd,,Synology Dual -Port SFP+ E10G30-F2 Adapter   S/N : 24C0VPR2B9QAH,,10/27/2025,,,,Synology:Dual Port F2 Card,,,,Synology,,Sal:RS,,A,,Taxable Sales,,,,Accounts Receivable,,Paid,,,,,,1.00,,,,,,"93,515,017.06",,Income,,0.00,,,,,,,,,,0.00
,,,"12,855",,Invoice,,10/27/2025,,AS010867,,Base Hp (Pvt) Ltd,,Synology Dual -Port SFP+ E10G30-F2 Adapter  S/N : 2590VPRVCSZD5,,10/27/2025,,,,Synology:Dual Port F2 Card,,,,Synology,,Sal:RS,,A,,Taxable Sales,,,,Accounts Receivable,,Paid,,,,,,1.00,,,,,,"93,515,017.06",,Income,,0.00,,,,,,,,,,0.00
,,,"12,855",,Invoice,,10/27/2025,,AS010867,,Base Hp (Pvt) Ltd,,"BDCOM SFP+SX M/M Tranceivers  S/N :4023B008309	          4023B008307	          4023B008308	     ...",,10/27/2025,,,,BDCOM:SFP+ SX,,,,BDCOM,,Sal:RS,,A,,Taxable Sales,,,,Accounts Receivable,,Paid,,,,,,4.00,,,,,,"93,515,017.06",,Income,,0.00,,,,,,,,,,0.00
,,,"12,863",,Invoice,,10/27/2025,,AS010868,,Green Digital Technologies (Pvt) Ltd,,"BDCOM WAP2100-T512  S/N : 0P32014037417, 0P32014037416	            0P32014037420, 0P32014037423	...",,10/27/2025,,,,BDCOM:WAP2100-T512 (BDCOM WAP2100-T512),,BDCOM WAP2100-T512,,BDCOM,,,,AR,,Non-Taxable Sales,,,,Accounts Receivable,,Paid,,,,,,12.00,,"20,000.00",,"240,000.00",,"93,755,017.06",,Income,,0.00,,,,,,,,,,0.00
,,,"12,864",,Invoice,,10/27/2025,,AS010869,,Green Digital Technologies (Pvt) Ltd,,"BDCOM WAP2100-T512  S/N : 0P32014030138	            0P32014030137	",,10/27/2025,,,,BDCOM:WAP2100-T512 (BDCOM WAP2100-T512),,BDCOM WAP2100-T512,,BDCOM,,Sal:RS,,AR,,Non-Taxable Sales,,,,Accounts Receivable,,Paid,,,,,,2.00,,"20,000.00",,"40,000.00",,"93,795,017.06",,Income,,0.00,,,,,,,,,,0.00
,,,"12,873",,Invoice,,10/27/2025,,AS010870,,A-Networks (Pvt) Ltd,,Synology 4TB Plus HDD  S/N : 2530VXRZW63ESRS,,10/27/2025,,,,HDD:HAT3300-4T (Synology 4TB Plus HDD),,Synology 4TB Plus HDD,,Hard Drive,,,,AD,,Taxable Sales,,,,Accounts Receivable,,Paid,,,,,,1.00,,"43,000.00",,"43,000.00",,"93,838,017.06",,Income,,0.00,,,,,,,,,,0.00
,,,"12,876",,Invoice,,10/28/2025,,AS010871,,Apex Business Solutions PVT Ltd.,,Synology DiskStation DS1525+ 5Bay NAS  S/N : 2580YJRQRVC26,,10/28/2025,,,,Synology:DS1525+ (Synology DiskStation DS1525+ 5Bay NAS),,Synology DiskStation DS1525+ 5Bay NAS,,Synology,,,,AD,,Taxable Sales,,,,Accounts Receivable,,Paid,,,,,,1.00,,"250,000.00",,"250,000.00",,"94,088,017.06",,Income,,0.00,,,,,,,,,,0.00
,,,"12,876",,Invoice,,10/28/2025,,AS010871,,Apex Business Solutions PVT Ltd.,,"Synology 4TB Plus HDD  S/N : 2530VXRZW63E5AB		            2530VXRZW63ETJG		            2530VXRZW...",,10/28/2025,,,,HDD:HAT3300-4T (Synology 4TB Plus HDD),,Synology 4TB Plus HDD,,Hard Drive,,,,AD,,Taxable Sales,,,,Accounts Receivable,,Paid,,,,,,3.00,,"41,000.00",,"123,000.00",,"94,211,017.06",,Income,,0.00,,,,,,,,,,0.00
,,,"12,877",,Invoice,,10/28/2025,,AS010872,,Barclays Computers (Pvt) Ltd,,"Synology DS223j  S/N : 2560UKR90RA4B	            2560UKRG3QXE2	",,10/28/2025,,,,Synology:DS223j (Synology DS223j  ),,Synology DS223j  ,,Synology,,Sal:RS,,AS,,Taxable Sales,,,,Accounts Receivable,,Paid,,,,,,2.00,,"64,000.00",,"128,000.00",,"94,339,017.06",,Income,,0.00,,,,,,,,,,0.00
,,,"12,877",,Invoice,,10/28/2025,,AS010872,,Barclays Computers (Pvt) Ltd,,"Synology DS423 4 Bay NAS  S/N : 2590UVRWGC166	            2590UVRD31YDF	",,10/28/2025,,,,Synology:DS423 (Synology DS423 4 Bay NAS),,Synology DS423 4 Bay NAS,,Synology,,Sal:RS,,AS,,Taxable Sales,,,,Accounts Receivable,,Paid,,,,,,2.00,,"130,000.00",,"260,000.00",,"94,599,017.06",,Income,,0.00,,,,,,,,,,0.00
,,,"12,878",,Invoice,,10/28/2025,,AS010873,,Barclays Computers (Pvt) Ltd,,"BDCOM WAP2100-T512  S/N : 0P32014037317	            0P32014037422	",,10/28/2025,,,,BDCOM:WAP2100-T512 (BDCOM WAP2100-T512),,BDCOM WAP2100-T512,,BDCOM,,Sal:RS,,AR,,Taxable Sales,,,,Accounts Receivable,,Paid,,,,,,2.00,,"16,950.00",,"33,900.00",,"94,632,917.06",,Income,,0.00,,,,,,,,,,0.00
,,,"12,878",,Invoice,,10/28/2025,,AS010873,,Barclays Computers (Pvt) Ltd,,BDCOM S1500-16P2S POE Switch  S/N : 0W20012100775,,10/28/2025,,,,BDCOM:S1500-16P2S (BDCOM S1500-16P2S POE Switch),,BDCOM S1500-16P2S POE Switch,,BDCOM,,Sal:RS,,AR,,Taxable Sales,,,,Accounts Receivable,,Paid,,,,,,1.00,,"38,135.00",,"38,135.00",,"94,671,052.06",,Income,,0.00,,,,,,,,,,0.00
,,,"12,878",,Invoice,,10/28/2025,,AS010873,,Barclays Computers (Pvt) Ltd,,"BDCOM S1500-24T Switch  S/N : 0W20012600132	            0W20012600131	            0W20012600102	...",,10/28/2025,,,,BDCOM:S1500-24T (BDCOM S1500-24T Switch),,BDCOM S1500-24T Switch,,BDCOM,,Sal:RS,,AR,,Taxable Sales,,,,Accounts Receivable,,Paid,,,,,,5.00,,"19,800.00",,"99,000.00",,"94,770,052.06",,Income,,0.00,,,,,,,,,,0.00
,,,"12,878",,Invoice,,10/28/2025,,AS010873,,Barclays Computers (Pvt) Ltd,,S1500-24T2S BDCOM Switch  S/N : 0W20012300404,,10/28/2025,,,,BDCOM:S1500-24T2S (S1500-24T2S BDCOM Switch),,S1500-24T2S BDCOM Switch,,BDCOM,,Sal:RS,,AR,,Taxable Sales,,,,Accounts Receivable,,Paid,,,,,,1.00,,"24,200.00",,"24,200.00",,"94,794,252.06",,Income,,0.00,,,,,,,,,,0.00
,,,"12,878",,Invoice,,10/28/2025,,AS010873,,Barclays Computers (Pvt) Ltd,,"BDCOM S1008 8 Port 10/100 BaseT Standard Switch  S/N : G20001011339	            G20001011351	   ...",,10/28/2025,,,,BDCOM:S1008 (BDCOM S1008 8 Port 10/100 BaseT Standard Switch),,BDCOM S1008 8 Port 10/100 BaseT Standard Switch,,BDCOM,,Sal:RS,,AR,,Taxable Sales,,,,Accounts Receivable,,Paid,,,,,,3.00,,"3,310.00",,"9,930.00",,"94,804,182.06",,Income,,0.00,,,,,,,,,,0.00
,,,"12,882",,Invoice,,10/29/2025,,AS010874,,Priya Dharmarajah Spathodea,,NAS Service Charges (DS220+),,10/29/2025,,,,Services,,,,Support and Maintenance,,Sal:EC,,AD,,Non-Taxable Sales,,,,Accounts Receivable,,Paid,,,,,,1.00,,"8,000.00",,"8,000.00",,"94,812,182.06",,Income,,0.00,,,,,,,,,,0.00
,,,"12,883",,Invoice,,10/29/2025,,AS010875,,NOLIMIT,,Cable Management,,10/29/2025,,,,Accs (Accessories),,Accessories,,Hardware,,,,AR,,Taxable Sales,,,,Accounts Receivable,,Paid,,,,,,5.00,,"1,694.915",,"8,474.58",,"94,820,656.64",,Income,,0.00,,,,,,,,,,0.00
,,,"12,889",,Invoice,,10/29/2025,,AS010876,,Southern Technologies,,"BDCOM S1200-8P2G Switch  S/N :  0W20011501023		             0W20011501126		",,10/29/2025,,,,BDCOM:S1200-8P2G (BDCOM S1200-8P2G Switch),,BDCOM S1200-8P2G Switch,,BDCOM,,,,AR,,Non-Taxable Sales,,,,Accounts Receivable,,Paid,,,,,,2.00,,"10,500.00",,"21,000.00",,"94,841,656.64",,Income,,0.00,,,,,,,,,,0.00
,,,"13,000",,Invoice,,10/30/2025,,AS010877,,THE COMPUTER CENTER (PVT) LTD,,Synology Rack Station RS3621RPxs 12 BAY NAS  S/N : 2450VR2EQRMVH,,10/30/2025,,,,Synology:RS3621RPxs,,,,Synology,,Sal:RS,,AS,,Taxable Sales,,,,Accounts Receivable,,Paid,,,,,,1.00,,"1,652,000.00",,"1,652,000.00",,"96,493,656.64",,Income,,0.00,,,,,,,,,,0.00
,,,"13,000",,Invoice,,10/30/2025,,AS010877,,THE COMPUTER CENTER (PVT) LTD,,"Synology 8TB Enterprise Hard Drive  S/N : 2530YMRR0A0E7FADL, 2530YMRR0A0DNFADL		            2530...",,10/30/2025,,,,HDD:HAT5310-8T (Synology 8TB Enterprise Hard Drive),,Synology 8TB Enterprise Hard Drive,,Hard Drive,,Sal:RS,,AS,,Taxable Sales,,,,Accounts Receivable,,Paid,,,,,,7.00,,"118,000.00",,"826,000.00",,"97,319,656.64",,Income,,0.00,,,,,,,,,,0.00
,,,"13,000",,Invoice,,10/30/2025,,AS010877,,THE COMPUTER CENTER (PVT) LTD,,"Synology SNV3510-400G SSD M.2  S/N : 23A0U4RG5BZWV		           23A0U4R3JP723		",,10/30/2025,,,,HDD:400GB Syno SSD (400GB Synology SSD M.2),,400GB Synology SSD M.2,,Hard Drive,,Sal:RS,,AS,,Taxable Sales,,,,Accounts Receivable,,Paid,,,,,,2.00,,,,,,"97,319,656.64",,Income,,0.00,,,,,,,,,,0.00
,,,"13,000",,Invoice,,10/30/2025,,AS010877,,THE COMPUTER CENTER (PVT) LTD,,"Synology M2D20 Adapter Card  S/N : 2430SERKJQ673		",,10/30/2025,,,,Synology:M2D20 (Synology M2D20 Adapter Card),,Synology M2D20 Adapter Card,,Hardware,,Sal:RS,,AS,,Taxable Sales,,,,Accounts Receivable,,Paid,,,,,,1.00,,,,,,"97,319,656.64",,Income,,0.00,,,,,,,,,,0.00
,,,"13,000",,Invoice,,10/30/2025,,AS010877,,THE COMPUTER CENTER (PVT) LTD,,Synology Dual-Port SFP+ 10Gbe Adapetr  E10G30-F2  S/N : 2590VPRP7P8CM,,10/30/2025,,,,Synology:Dual Port F2 Card,,,,Synology,,Sal:RS,,AS,,Taxable Sales,,,,Accounts Receivable,,Paid,,,,,,1.00,,,,,,"97,319,656.64",,Income,,0.00,,,,,,,,,,0.00
,,,"13,000",,Invoice,,10/30/2025,,AS010877,,THE COMPUTER CENTER (PVT) LTD,,2U Rail Kit,,10/30/2025,,,,Synology:2 U Sliding Rail Kit,,,,Synology,,Sal:RS,,AS,,Taxable Sales,,,,Accounts Receivable,,Paid,,,,,,1.00,,,,,,"97,319,656.64",,Income,,0.00,,,,,,,,,,0.00
,,,"12,951",,Invoice,,10/30/2025,,AS010878,,EPG TECHNOLOGIES,,"BDCOM 8-Port Gigabit RJ45 Unmanaged Switch  S/N :  0W20012432619		             0W20012432586		  ...",,10/30/2025,,,,BDCOM:S1500-8T (BDCOM 8-Port Gigabit RJ45 Unmanaged Switch),,BDCOM 8-Port Gigabit RJ45 Unmanaged Switch,,BDCOM,,,,AR,,Non-Taxable Sales,,,,Accounts Receivable,,Paid,,,,,,3.00,,"5,850.00",,"17,550.00",,"97,337,206.64",,Income,,0.00,,,,,,,,,,0.00
,,,"13,001",,Invoice,,10/30/2025,,AS010879,,Fentons Ltd,,Synology Rack Station RS1221RP+ NAS With 8GB RAM  S/N : 2550RXRJ63DXJ,,10/30/2025,,,,Synology:RS1221RP+,,,,Synology,,Sal:RS,,A,,Taxable Sales,,,,Accounts Receivable,,Paid,,,,,,1.00,,"640,000.00",,"640,000.00",,"97,977,206.64",,Income,,0.00,,,,,,,,,,0.00
,,,"13,001",,Invoice,,10/30/2025,,AS010879,,Fentons Ltd,,"Synology 4TB Plus HDD  S/N : 2530VXRZW63ET8W	            2530VXRZW63ETM0	            2530VXRZW63...",,10/30/2025,,,,HDD:HAT3300-4T (Synology 4TB Plus HDD),,Synology 4TB Plus HDD,,Hard Drive,,Sal:RS,,A,,Taxable Sales,,,,Accounts Receivable,,Paid,,,,,,3.00,,"40,000.00",,"120,000.00",,"98,097,206.64",,Income,,0.00,,,,,,,,,,0.00
,,,"13,001",,Invoice,,10/30/2025,,AS010879,,Fentons Ltd,,"Synology 480GB SATA SSD -SAT5221  S/N : 2490YTR7TQN7M	            2490YTR0Q709V	",,10/30/2025,,,,480GB SATA SSD Synology (Synology 480GB SATA SSD -SAT5210),,Synology 480GB SATA SSD -SAT5210,,Hard Drive,,Sal:RS,,A,,Taxable Sales,,,,Accounts Receivable,,Paid,,,,,,2.00,,"56,700.00",,"113,400.00",,"98,210,606.64",,Income,,0.00,,,,,,,,,,0.00
,,,"13,001",,Invoice,,10/30/2025,,AS010879,,Fentons Ltd,,2U Rail Kit,,10/30/2025,,,,Synology:2 U Sliding Rail Kit,,,,Synology,,Sal:RS,,A,,Taxable Sales,,,,Accounts Receivable,,Paid,,,,,,1.00,,,,,,"98,210,606.64",,Income,,0.00,,,,,,,,,,0.00
,,,"13,002",,Invoice,,10/30/2025,,AS010880,,Fentons Ltd,,Synology C2 Cloud With 10TB Storage - 1 Year,,10/30/2025,,,,Synology:C2 Cloud (Synology C2 Cloud Storage),,Synology C2 Cloud Storage,,Synology,,,,A,,Taxable Sales,,,,Accounts Receivable,,Paid,,,,,,1.00,,"330,000.00",,"330,000.00",,"98,540,606.64",,Income,,0.00,,,,,,,,,,0.00
,,,"13,003",,Invoice,,10/30/2025,,AS010881,,Micro Technology Lanka (Pvt) Ltd,,BDCOM POE S1000-8P2F  8Port 100M Switch  S/N :  0W20011408413,,10/30/2025,,,,BDCOM:S1000-8P2F (BDCOM POE S1000-8P2F  8Port 100M Switch),,BDCOM POE S1000-8P2F  8Port 100M Switch,,BDCOM,,,,AR,,Non-Taxable Sales,,,,Accounts Receivable,,Paid,,,,,,1.00,,"8,200.00",,"8,200.00",,"98,548,806.64",,Income,,0.00,,,,,,,,,,0.00
,,,"13,004",,Invoice,,10/31/2025,,AS010882,,MARS Network (Pvt) Ltd,,Synology Rack Station RS1221RP+ NAS   S/N :  2550RXRYTA3CN,,10/31/2025,,,,Synology:RS1221RP+,,,,Synology,,Sal:RS,,A,,Taxable Sales,,,,Accounts Receivable,,Paid,,,,,,1.00,,"637,000.00",,"637,000.00",,"99,185,806.64",,Income,,0.00,,,,,,,,,,0.00
,,,"13,004",,Invoice,,10/31/2025,,AS010882,,MARS Network (Pvt) Ltd,,"Synology 8TB Plus Hard Drive  S/N :  2530XCR50A1GDF1YL		             2530XCR50A1HNF1YL		        ...",,10/31/2025,,,,HDD:HAT3310-8T (Synology 8TB Plus Hard Drive),,Synology 8TB Plus Hard Drive,,Hard Drive,,Sal:RS,,A,,Taxable Sales,,,,Accounts Receivable,,Paid,,,,,,4.00,,"82,000.00",,"328,000.00",,"99,513,806.64",,Income,,0.00,,,,,,,,,,0.00
,,,"13,004",,Invoice,,10/31/2025,,AS010882,,MARS Network (Pvt) Ltd,,2U Rail Kit,,10/31/2025,,,,Synology:2 U Sliding Rail Kit,,,,Synology,,Sal:RS,,A,,Taxable Sales,,,,Accounts Receivable,,Paid,,,,,,1.00,,,,,,"99,513,806.64",,Income,,0.00,,,,,,,,,,0.00
,,,"13,005",,Invoice,,10/31/2025,,AS010883,,A-Networks (Pvt) Ltd,,"Synology DiskStation DS425+ 4 Bay  S/N :  2580YGRQXGAH1		",,10/31/2025,,,,Synology:DS425+ (Synology DiskStation DS425+ 4 Bay),,Synology DiskStation DS425+ 4 Bay,,Synology,,Sal:RS,,AD,,Taxable Sales,,,,Accounts Receivable,,Paid,,,,,,1.00,,"196,000.00",,"196,000.00",,"99,709,806.64",,Income,,0.00,,,,,,,,,,0.00
,,,"13,005",,Invoice,,10/31/2025,,AS010883,,A-Networks (Pvt) Ltd,,"Synology 8TB Plus Hard Drive  S/N :  2530XCR50A169F1YL		             2530XCR50A16EF1YL		",,10/31/2025,,,,HDD:HAT3310-8T (Synology 8TB Plus Hard Drive),,Synology 8TB Plus Hard Drive,,Hard Drive,,Sal:RS,,AD,,Taxable Sales,,,,Accounts Receivable,,Paid,,,,,,2.00,,"83,000.00",,"166,000.00",,"99,875,806.64",,Income,,0.00,,,,,,,,,,0.00
,,,"13,005",,Invoice,,10/31/2025,,AS010883,,A-Networks (Pvt) Ltd,,Discount,,10/31/2025,,,,Discount,,,,Sales Discount,,Sal:RS,,AD,,Taxable Sales,,,,Accounts Receivable,,Paid,,,,,,,,"-7,000.00",,"-7,000.00",,"99,868,806.64",,Income,,0.00,,,,,,,,,,0.00
,,,"13,006",,Invoice,,10/31/2025,,AS010884,,Base Hp (Pvt) Ltd,,"Synology 6TB Plus Hard Drive  S/N : 2520VYRZVY08MY5		            2520VYRZVX06AYP		            25...",,10/31/2025,,,,HDD:HAT3300-6T (Synology 6TB Plus Hard Drive),,Synology 6TB Plus Hard Drive,,Hard Drive,,Sal:RS,,A,,Taxable Sales,,,,Accounts Receivable,,Paid,,,,,,6.00,,"62,775.00",,"376,650.00",,"100,245,456.64",,Income,,0.00,,,,,,,,,,0.00
,,,"13,007",,Invoice,,10/31/2025,,AS010885,,LK Domain Registry,,"Synology 8TB Plus Hard Drive  S/N : 2530XCR50A16DF1YL		            2530XCR50A13MF1YL		",,10/31/2025,,,,HDD:HAT3310-8T (Synology 8TB Plus Hard Drive),,Synology 8TB Plus Hard Drive,,Hard Drive,,,,AS,,Taxable Sales,,,,Accounts Receivable,,Paid,,,,,,2.00,,"83,000.00",,"166,000.00",,"100,411,456.64",,Income,,0.00,,,,,,,,,,0.00
,,,"13,013",,Invoice,,11/03/2025,,AS010886,,E-Net Integrated Solutions (Pvt) Ltd,,BDCOM S1500-24T Switch  S/N : 0W20012600133           0W20012600134           0W20012600135,,11/03/2025,,,,BDCOM:S1500-24T (BDCOM S1500-24T Switch),,BDCOM S1500-24T Switch,,BDCOM,,Sal:RS,,AR,,Non-Taxable Sales,,,,Accounts Receivable,,Paid,,,,,,3.00,,"23,750.00",,"71,250.00",,"100,482,706.64",,Income,,0.00,,,,,,,,,,0.00
,,,"13,014",,Invoice,,11/03/2025,,AS010887,,DOT INK (PVT) LTD,,Ethernet POE Switch with 4GE TX/SFP combo ports and 24 GE PoE Ports  S/N : G20012057717,,11/03/2025,,,,BDCOM:S2528P (Ethernet POE Switch with 4GE TX/SFP combo ports and 24 GE PoE Ports),,Ethernet POE Switch with 4GE TX/SFP combo ports and 24 GE PoE Ports,,BDCOM,,Sal:RS,,AR,,Taxable Sales,,,,Accounts Receivable,,Paid,,,,,,1.00,,"98,000.00",,"98,000.00",,"100,580,706.64",,Income,,0.00,,,,,,,,,,0.00
,,,"13,014",,Invoice,,11/03/2025,,AS010887,,DOT INK (PVT) LTD,,"BDCOM S2900-24P4X Switch  S/N : 0G20028007163		  ",,11/03/2025,,,,S2900-24P4X (BDCOM S2900-24P4X Switch),,BDCOM S2900-24P4X Switch,,BDCOM,,Sal:RS,,AR,,Taxable Sales,,,,Accounts Receivable,,Paid,,,,,,1.00,,"125,000.00",,"125,000.00",,"100,705,706.64",,Income,,0.00,,,,,,,,,,0.00
,,,"13,166",,Credit Memo,,11/04/2025,,AS00119,,A-Networks (Pvt) Ltd,,"Synology DiskStation DS425+ 4 Bay  S/N :  2580YGRQXGAH1		",,11/04/2025,,,,Synology:DS425+ (Synology DiskStation DS425+ 4 Bay),,Synology DiskStation DS425+ 4 Bay,,Synology,,Sal:RS,,,,Taxable Sales,,,,Accounts Receivable,,Paid,,,,,,-1.00,,"196,000.00",,"-196,000.00",,"100,509,706.64",,Income,,0.00,,,,,,,,,,0.00
,,,"13,166",,Credit Memo,,11/04/2025,,AS00119,,A-Networks (Pvt) Ltd,,"Synology 8TB Plus Hard Drive  S/N :  2530XCR50A169F1YL		             2530XCR50A16EF1YL		",,11/04/2025,,,,HDD:HAT3310-8T (Synology 8TB Plus Hard Drive),,Synology 8TB Plus Hard Drive,,Hard Drive,,Sal:RS,,,,Taxable Sales,,,,Accounts Receivable,,Paid,,,,,,-2.00,,"83,000.00",,"-166,000.00",,"100,343,706.64",,Income,,0.00,,,,,,,,,,0.00
,,,"13,166",,Credit Memo,,11/04/2025,,AS00119,,A-Networks (Pvt) Ltd,,Discount,,11/04/2025,,,,Discount,,,,Sales Discount,,Sal:RS,,,,Taxable Sales,,,,Accounts Receivable,,Paid,,,,,,,,"-7,000.00",,"7,000.00",,"100,350,706.64",,Income,,0.00,,,,,,,,,,0.00
,,,"13,142",,Invoice,,11/04/2025,,AS010888,,A-Networks (Pvt) Ltd,,Synology NAS DS925+ 4 Bay NAS With 8GB RAM  S/N : 2530YHRTHWCKQ,,11/04/2025,,,,Synology:DS925+ (Synology NAS DS925+ 4 Bay NAS),,Synology NAS DS925+ 4 Bay NAS,,Synology,,,,AD,,Taxable Sales,,,,Accounts Receivable,,Paid,,,,,,1.00,,"231,000.00",,"231,000.00",,"100,581,706.64",,Income,,0.00,,,,,,,,,,0.00
,,,"13,142",,Invoice,,11/04/2025,,AS010888,,A-Networks (Pvt) Ltd,,"Synology 8TB Plus Hard Drive  S/N : 2560Z9RX0A0Z1FALL	            2580Z9R12A080FALL	",,11/04/2025,,,,HDD:HAT3320-8T (Synology 8TB Plus Hard Drive),,Synology 8TB Plus Hard Drive,,Hard Drive,,,,AD,,Taxable Sales,,,,Accounts Receivable,,Paid,,,,,,2.00,,"83,000.00",,"166,000.00",,"100,747,706.64",,Income,,0.00,,,,,,,,,,0.00
,,,"13,142",,Invoice,,11/04/2025,,AS010888,,A-Networks (Pvt) Ltd,,Discount,,11/04/2025,,,,Discount,,,,Sales Discount,,,,AD,,Taxable Sales,,,,Accounts Receivable,,Paid,,,,,,,,"-5,000.00",,"-5,000.00",,"100,742,706.64",,Income,,0.00,,,,,,,,,,0.00
,,,"13,174",,Invoice,,11/06/2025,,AS010889,,GTS Technology Solutions (pvt) Ltd,,Synology DS423 4 Bay NAS  S/N : 2590UVR6M632N,,11/06/2025,,,,Synology:DS423 (Synology DS423 4 Bay NAS),,Synology DS423 4 Bay NAS,,Synology,,Sal:RS,,A,,Taxable Sales,,,,Accounts Receivable,,Paid,,,,,,1.00,,"128,000.00",,"128,000.00",,"100,870,706.64",,Income,,0.00,,,,,,,,,,0.00
,,,"13,174",,Invoice,,11/06/2025,,AS010889,,GTS Technology Solutions (pvt) Ltd,,"Synology 6TB Plus Hard Drive  S/N : 2520VYRZVY08N3Q		            2520VYRZVY09A18		            25...",,11/06/2025,,,,HDD:HAT3300-6T (Synology 6TB Plus Hard Drive),,Synology 6TB Plus Hard Drive,,Hard Drive,,Sal:RS,,A,,Taxable Sales,,,,Accounts Receivable,,Paid,,,,,,3.00,,"62,000.00",,"186,000.00",,"101,056,706.64",,Income,,0.00,,,,,,,,,,0.00
,,,"13,175",,Invoice,,11/06/2025,,AS010890,,Network Information Technologies (Pvt) Lt,,"Synology Disktation DS1825+ NAS Unit  S/N : 2540WDRMTC6DC		",,11/06/2025,,,,Synology:DS1825+ (Synology Disktation DS1825+ NAS Unit),,Synology Disktation DS1825+ NAS Unit,,Synology,,Sal:RS,,AS,,Taxable Sales,,,,Accounts Receivable,,Paid,,,,,,1.00,,"365,000.00",,"365,000.00",,"101,421,706.64",,Income,,0.00,,,,,,,,,,0.00
,,,"13,175",,Invoice,,11/06/2025,,AS010890,,Network Information Technologies (Pvt) Lt,,"Synology 16TB Plus HDD  S/N : 2520XERL0A23TF1VL		",,11/06/2025,,,,HDD:HAT3310-16T (Synology 16TB Plus HDD),,Synology 16TB Plus HDD,,Hard Drive,,Sal:RS,,AS,,Taxable Sales,,,,Accounts Receivable,,Paid,,,,,,1.00,,"125,000.00",,"125,000.00",,"101,546,706.64",,Income,,0.00,,,,,,,,,,0.00
,,,"13,182",,Invoice,,11/07/2025,,AS010891,,VS Information Systems (Pvt) Ltd,,Synology Surveillance Device License - Camera License Pack 1 & I/O modules,,11/07/2025,,,,Synology:License Pack 1 (Synology Camera License Pack 1),,Synology Camera License Pack 1,,Synology,,Sal:RS,,A,,Taxable Sales,,,,Accounts Receivable,,Paid,,,,,,2.00,,"14,000.00",,"28,000.00",,"101,574,706.64",,Income,,0.00,,,,,,,,,,0.00
,,,"13,190",,Invoice,,11/07/2025,,AS010892,,KBSL Information Technologies Ltd,,Maintenance  Agreement,,11/07/2025,,,,MA (Maintenance  Agreement),,Maintenance  Agreement,,Support and Maintenance,,Sal:RS,,A,,Taxable Sales,,,,Accounts Receivable,,Paid,,,,,,1.00,,"188,000.00",,"188,000.00",,"101,762,706.64",,Income,,0.00,,,,,,,,,,0.00
,,,"13,338",,Invoice,,11/11/2025,,AS010893,,Barclays Computers (Pvt) Ltd,,BDCOM WAP2100-T512  S/N : 0P32014037328            0P32014036931,,11/11/2025,,,,BDCOM:WAP2100-T512 (BDCOM WAP2100-T512),,BDCOM WAP2100-T512,,BDCOM,,,,AR,,Taxable Sales,,,,Accounts Receivable,,Paid,,,,,,2.00,,"16,950.00",,"33,900.00",,"101,796,606.64",,Income,,0.00,,,,,,,,,,0.00
,,,"13,341",,Invoice,,11/11/2025,,AS010894,,MM Trade Stationers (Pvt) Ltd.,,Synology DiskStation DS425+ 4 Bay  S/N : 2580YGRVEZ3DJ,,11/11/2025,,,,Synology:DS425+ (Synology DiskStation DS425+ 4 Bay),,Synology DiskStation DS425+ 4 Bay,,Synology,,Sal:RS,,AR,,Taxable Sales,,,,Accounts Receivable,,Paid,,,,,,1.00,,"167,500.00",,"167,500.00",,"101,964,106.64",,Income,,0.00,,,,,,,,,,0.00
,,,"13,345",,Invoice,,11/11/2025,,AS010895,,Barclays Computers (Pvt) Ltd,,"S1500-24T2S BDCOM Switch  S/N : 0W20012300819		            0W20012300405		",,04/02/2025,,,,BDCOM:S1500-24T2S (S1500-24T2S BDCOM Switch),,S1500-24T2S BDCOM Switch,,BDCOM,,,,AR,,Taxable Sales,,,,Accounts Receivable,,Paid,,,,,,2.00,,"24,200.00",,"48,400.00",,"102,012,506.64",,Income,,0.00,,,,,,,,,,0.00
,,,"13,349",,Invoice,,11/12/2025,,AS010896,,Techno First (Pvt) Ltd,,Synology 4TB Plus HDD  S/N : 2530VXRZW63ESRF,,11/12/2025,,,,HDD:HAT3300-4T (Synology 4TB Plus HDD),,Synology 4TB Plus HDD,,Hard Drive,,Sal:RS,,A,,Taxable Sales,,,,Accounts Receivable,,Paid,,,,,,1.00,,"42,000.00",,"42,000.00",,"102,054,506.64",,Income,,0.00,,,,,,,,,,0.00
,,,"13,350",,Invoice,,11/12/2025,,AS010897,,Techtron Integrated Solutions (Pvt) Ltd,,"Synology NAS DS925+ 4 Bay NAS with 8GB RAM  S/N : 2530YHRD276GY		",,11/12/2025,,,,Synology:DS925+ (Synology NAS DS925+ 4 Bay NAS),,Synology NAS DS925+ 4 Bay NAS,,Synology,,Sal:RS,,AS,,Taxable Sales,,,,Accounts Receivable,,Paid,,,,,,1.00,,"423,000.00",,"423,000.00",,"102,477,506.64",,Income,,0.00,,,,,,,,,,0.00
,,,"13,350",,Invoice,,11/12/2025,,AS010897,,Techtron Integrated Solutions (Pvt) Ltd,,"Synology 2TB Plus Hard Drive  S/N : 2530XZR00ZWD1FD0B		            2530XZR00ZWD1FBAH		",,11/12/2025,,,,HDD:HAT3300-2T (Synology 2TB Plus Hard Drive),,Synology 2TB Plus Hard Drive,,Hard Drive,,Sal:RS,,AS,,Taxable Sales,,,,Accounts Receivable,,Paid,,,,,,2.00,,,,,,"102,477,506.64",,Income,,0.00,,,,,,,,,,0.00
,,,"13,350",,Invoice,,11/12/2025,,AS010897,,Techtron Integrated Solutions (Pvt) Ltd,,"SNV3400-400G M.2 NVMe SSD  S/N : 2140AMR8WCZQQ		           2140AMR30EJY4		",,11/12/2025,,,,Synology:SNV3400-400G (SNV3400-400G M.2 NVMe SSD),,SNV3400-400G M.2 NVMe SSD,,Synology,,Sal:RS,,AS,,Taxable Sales,,,,Accounts Receivable,,Paid,,,,,,2.00,,,,,,"102,477,506.64",,Income,,0.00,,,,,,,,,,0.00
,,,"13,353",,Invoice,,11/12/2025,,AS010898,,Base Hp (Pvt) Ltd,,"Synology DiskStation DS425+ 4 Bay  S/N : 2580YGRYM7NNK		",,11/12/2025,,,,Synology:DS425+ (Synology DiskStation DS425+ 4 Bay),,Synology DiskStation DS425+ 4 Bay,,Synology,,Sal:RS,,A,,Taxable Sales,,,,Accounts Receivable,,Paid,,,,,,1.00,,"165,000.00",,"165,000.00",,"102,642,506.64",,Income,,0.00,,,,,,,,,,0.00
,,,"13,353",,Invoice,,11/12/2025,,AS010898,,Base Hp (Pvt) Ltd,,"Synology 8TB Plus Hard Drive  S/N : 2570Z9RU2A042FALL		            2570Z9RC2A086FALL		          ...",,11/12/2025,,,,HDD:HAT3320-8T (Synology 8TB Plus Hard Drive),,Synology 8TB Plus Hard Drive,,Hard Drive,,Sal:RS,,A,,Taxable Sales,,,,Accounts Receivable,,Paid,,,,,,4.00,,"82,000.00",,"328,000.00",,"102,970,506.64",,Income,,0.00,,,,,,,,,,0.00
,,,"13,354",,Invoice,,11/13/2025,,AS010899,,Debug Computer Peripherals (Pvt) Ltd,,BDCOM WAP2100-T512  S/N: 0P32014037429,,11/13/2025,,,,BDCOM:WAP2100-T512 (BDCOM WAP2100-T512),,BDCOM WAP2100-T512,,BDCOM,,Sal:RS,,AD,,Taxable Sales,,,,Accounts Receivable,,Paid,,,,,,1.00,,"18,500.00",,"18,500.00",,"102,989,006.64",,Income,,0.00,,,,,,,,,,0.00
,,,"13,355",,Invoice,,11/13/2025,,AS010900,,TechCERT,,Acronis True Image Essentials Subscription 5 Computers - 1 Year subscription ESD,,11/13/2025,,,,Acronis,,,,Acronics,,Sal:RS,,AS,,Taxable Sales,,,,Accounts Receivable,,Paid,,,,,,1.00,,"24,800.00",,"24,800.00",,"103,013,806.64",,Income,,0.00,,,,,,,,,,0.00
,,,"13,356",,Invoice,,11/13/2025,,AS010901,,LK Domain Registry,,Acronis True Image Essentials Subscription 5 Computers - 1 Year subscription ESD,,11/13/2025,,,,Acronis,,,,Acronics,,Sal:RS,,AS,,Taxable Sales,,,,Accounts Receivable,,Paid,,,,,,1.00,,"24,800.00",,"24,800.00",,"103,038,606.64",,Income,,0.00,,,,,,,,,,0.00
,,,"13,357",,Invoice,,11/13/2025,,AS010902,,VS Information Systems (Pvt) Ltd,,"Synology RackStation RS2423RP+ 12Bay With 16GB RAM  S/N :  2510V3RQXBENB		",,11/13/2025,,,,RS2423RP+ (Synology RackStation RS2423RP+ 12Bay),,Synology RackStation RS2423RP+ 12Bay,,Synology,,Sal:RS,,A,,Taxable Sales,,,,Accounts Receivable,,Paid,,,,,,1.00,,"1,125,000.00",,"1,125,000.00",,"104,163,606.64",,Income,,0.00,,,,,,,,,,0.00
,,,"13,357",,Invoice,,11/13/2025,,AS010902,,VS Information Systems (Pvt) Ltd,,"12TB Synology Plus HDD  S/N :  2450XDRM0A0BVF1XL,  2550XDRG0A002F1XL		             2450XDRM0A02F...",,11/13/2025,,,,HDD:HAT3310-12T (12TB Synology Plus HDD),,12TB Synology Plus HDD,,Hard Drive,,Sal:RS,,A,,Taxable Sales,,,,Accounts Receivable,,Paid,,,,,,12.00,,"151,200.00",,"1,814,400.00",,"105,978,006.64",,Income,,0.00,,,,,,,,,,0.00
,,,"13,357",,Invoice,,11/13/2025,,AS010902,,VS Information Systems (Pvt) Ltd,,Synology Dual-Port SFP+ E10G30-F2 Adapter  S/N :  2590VPRETKABX,,11/13/2025,,,,Synology:Dual Port F2 Card,,,,Synology,,Sal:RS,,A,,Taxable Sales,,,,Accounts Receivable,,Paid,,,,,,1.00,,,,,,"105,978,006.64",,Income,,0.00,,,,,,,,,,0.00
,,,"13,357",,Invoice,,11/13/2025,,AS010902,,VS Information Systems (Pvt) Ltd,,"BDCOM Transceiver Multi Mode  S/N : 4023B008306		            4023B008305	",,11/13/2025,,,,BDCOM,,,,BDCOM,,Sal:RS,,A,,Taxable Sales,,,,Accounts Receivable,,Paid,,,,,,2.00,,,,,,"105,978,006.64",,Income,,0.00,,,,,,,,,,0.00
,,,"13,357",,Invoice,,11/13/2025,,AS010902,,VS Information Systems (Pvt) Ltd,,2U Rail Kit,,11/13/2025,,,,Synology:2 U Sliding Rail Kit,,,,Synology,,Sal:RS,,A,,Taxable Sales,,,,Accounts Receivable,,Paid,,,,,,1.00,,,,,,"105,978,006.64",,Income,,0.00,,,,,,,,,,0.00
,,,"13,357",,Invoice,,11/13/2025,,AS010902,,VS Information Systems (Pvt) Ltd,,Discount,,11/13/2025,,,,Discount,,,,Sales Discount,,Sal:RS,,A,,Taxable Sales,,,,Accounts Receivable,,Paid,,,,,,,,"-12,000.00",,"-12,000.00",,"105,966,006.64",,Income,,0.00,,,,,,,,,,0.00
,,,"13,358",,Invoice,,11/13/2025,,AS010903,,Chris and Mayu Photographers,,"Synology 6TB Plus Hard Drive  S/N : 2520VYRZVY08V4S		",,11/13/2025,,,,HDD:HAT3300-6T (Synology 6TB Plus Hard Drive),,Synology 6TB Plus Hard Drive,,Hard Drive,,,,AD,,Non-Taxable Sales,,,,Accounts Receivable,,Paid,,,,,,1.00,,"74,000.00",,"74,000.00",,"106,040,006.64",,Income,,0.00,,,,,,,,,,0.00
,,,"13,359",,Invoice,,11/13/2025,,AS010904,,American College Of Higher Education,,"Draytek Vigor 2915 Security Appliance  S/N : 256005349780		",,11/13/2025,,,,Draytek:Vigor 2915 (Draytek Vigor 2915 Security Appliance),,Draytek Vigor 2915 Security Appliance,,Draytek,,,,AR,,Non-Taxable Sales,,,,Accounts Receivable,,Paid,,,,,,1.00,,"47,200.00",,"47,200.00",,"106,087,206.64",,Income,,0.00,,,,,,,,,,0.00
,,,"13,360",,Invoice,,11/14/2025,,AS010905,,LIZZY-B CANADA (PVT) LTD,,Draytek Vigor 2962,,11/14/2025,,,,Draytek:Vigor 2962 (Draytek Vigor 2962),,Draytek Vigor 2962,,Draytek,,Sal:EC,,AD,,Taxable Sales,,,,Accounts Receivable,,Paid,,,,,,1.00,,"150,000.00",,"150,000.00",,"106,237,206.64",,Income,,0.00,,,,,,,,,,0.00
,,,"13,362",,Invoice,,11/14/2025,,AS010906,,Barclays Computers (Pvt) Ltd,,BDCOM POE S1000-8P2F  8Port 100M Switch  S/N   0W20011407143,,11/14/2025,,,,BDCOM:S1000-8P2F (BDCOM POE S1000-8P2F  8Port 100M Switch),,BDCOM POE S1000-8P2F  8Port 100M Switch,,BDCOM,,Sal:RS,,AR,,Taxable Sales,,,,Accounts Receivable,,Paid,,,,,,1.00,,"7,000.00",,"7,000.00",,"106,244,206.64",,Income,,0.00,,,,,,,,,,0.00
,,,"13,383",,Invoice,,11/17/2025,,AS010907,,ABSOLUTE BUSINESS SOLUTIONS ( PVT) LTD,,Acronis Cloud Backup 25GB Monthly Subscription,,11/17/2025,,,,Acronis,,,,Acronics,,Sal:RS,,SM,,Non-Taxable Sales,,,,Accounts Receivable,,Paid,,,,,,1.00,,"2,000.00",,"2,000.00",,"106,246,206.64",,Income,,0.00,,,,,,,,,,0.00
,,,"13,384",,Invoice,,11/17/2025,,AS010908,,ABSOLUTE BUSINESS SOLUTIONS ( PVT) LTD,,Acronis Cloud Backup 25GB Monthly Subscription,,11/17/2025,,,,Acronis,,,,Acronics,,Sal:RS,,SM,,Non-Taxable Sales,,,,Accounts Receivable,,Paid,,,,,,1.00,,"2,000.00",,"2,000.00",,"106,248,206.64",,Income,,0.00,,,,,,,,,,0.00
,,,"13,385",,Invoice,,11/18/2025,,AS010909,,LANKA MOUNT CASTLE (PVT) LTD,,20GB Storage Capacity with 30 Email Accounts,,11/17/2025,,,,Host Email,,,,Support and Maintenance,,Mnt,,AS,,Taxable Sales,,,,Accounts Receivable,,Paid,,,,,,1.00,,"15,525.00",,"15,525.00",,"106,263,731.64",,Income,,0.00,,,,,,,,,,0.00
,,,"13,386",,Invoice,,11/18/2025,,AS010910,,LANKA COMMODITY BROKERS LTD,,7GB Storage Space  100GB Transfer Bandwidth  1 Nos Fixed IP. (Clean)  SPF/ DKIM Supported  Spam ...,,11/17/2025,,,,Host Email,,,,Support and Maintenance,,Mnt,,AS,,Taxable Sales,,,,Accounts Receivable,,Paid,,,,,,1.00,,"18,931.18",,"18,931.18",,"106,282,662.82",,Income,,0.00,,,,,,,,,,0.00
,,,"13,387",,Invoice,,11/18/2025,,AS010911,,LANKA COMMODITY BROKERS LTD,,Anti Spam Service,,11/17/2025,,,,Services,,,,Support and Maintenance,,Mnt,,AS,,Taxable Sales,,,,Accounts Receivable,,Paid,,,,,,1.00,,"6,899.31",,"6,899.31",,"106,289,562.13",,Income,,0.00,,,,,,,,,,0.00
,,,"13,388",,Invoice,,11/18/2025,,AS010912,,AL - ARAF HOTELS & RESORT (PVT) LTD,,Hosting Charges for 10 email Accounts (10$),,11/17/2025,,,,Hosting (Hosting),,Hosting,,Support and Maintenance,,Sal:EC,,AS,,Taxable Sales,,,,Accounts Receivable,,Paid,,,,,,1.00,,"3,105.00",,"3,105.00",,"106,292,667.13",,Income,,0.00,,,,,,,,,,0.00
,,,"13,389",,Invoice,,11/18/2025,,AS010913,,Wiscom Information Technology (Pvt) Ltd,,Acronis Cloud Backup 250GB Monthly Subscription,,11/17/2025,,,,Acronis,,,,Acronics,,Sal:RS,,SM,,Non-Taxable Sales,,,,Accounts Receivable,,Paid,,,,,,1.00,,"12,500.00",,"12,500.00",,"106,305,167.13",,Income,,0.00,,,,,,,,,,0.00
,,,"13,395",,Invoice,,11/18/2025,,AS010914,,Openlink (PVT) Ltd,,"Synology NAS DS925+ 4 Bay NAS with 8GB RAM  S/N : 2580YHR7AAZW9		",,11/18/2025,,,,Synology:DS925+ (Synology NAS DS925+ 4 Bay NAS),,Synology NAS DS925+ 4 Bay NAS,,Synology,,Sal:RS,,A,,Taxable Sales,,,,Accounts Receivable,,Paid,,,,,,1.00,,"238,000.00",,"238,000.00",,"106,543,167.13",,Income,,0.00,,,,,,,,,,0.00
,,,"13,395",,Invoice,,11/18/2025,,AS010914,,Openlink (PVT) Ltd,,"Synology 6TB Plus Hard Drive  S/N : 2530VYRZVY0AA43		            2520VYRZVX05XT4		            25...",,11/18/2025,,,,HDD:HAT3300-6T (Synology 6TB Plus Hard Drive),,Synology 6TB Plus Hard Drive,,Hard Drive,,Sal:RS,,A,,Taxable Sales,,,,Accounts Receivable,,Paid,,,,,,4.00,,"62,000.00",,"248,000.00",,"106,791,167.13",,Income,,0.00,,,,,,,,,,0.00
,,,"13,396",,Invoice,,11/18/2025,,AS010915,,LEOsys Corporation (Pvt) Ltd.,,Synology NAS DS925+ 4 Bay NAS  S/N :  2530YHRY7GRMT,,11/18/2025,,,,Synology:DS925+ (Synology NAS DS925+ 4 Bay NAS),,Synology NAS DS925+ 4 Bay NAS,,Synology,,Sal:EC,,A,,Taxable Sales,,,,Accounts Receivable,,Paid,,,,,,1.00,,"202,000.00",,"202,000.00",,"106,993,167.13",,Income,,0.00,,,,,,,,,,0.00
,,,"13,396",,Invoice,,11/18/2025,,AS010915,,LEOsys Corporation (Pvt) Ltd.,,"Synology 2TB Plus Hard Drive  S/N :  2530XZR00ZWD1FAN9		             2530XZR00ZWD1FAYD		",,11/18/2025,,,,HDD:HAT3300-2T (Synology 2TB Plus Hard Drive),,Synology 2TB Plus Hard Drive,,Hard Drive,,Sal:EC,,A,,Taxable Sales,,,,Accounts Receivable,,Paid,,,,,,2.00,,"35,000.00",,"70,000.00",,"107,063,167.13",,Income,,0.00,,,,,,,,,,0.00
,,,"13,404",,Invoice,,11/18/2025,,AS010916,,Barclays Computers (Pvt) Ltd,,"BDCOM POE S1000-8P2F  8Port 100M Switch  S/N : 0W20011408412	            0W20011408415	         ...",,11/18/2025,,,,BDCOM:S1000-8P2F (BDCOM POE S1000-8P2F  8Port 100M Switch),,BDCOM POE S1000-8P2F  8Port 100M Switch,,BDCOM,,Sal:RS,,AR,,Taxable Sales,,,,Accounts Receivable,,Paid,,,,,,3.00,,"7,000.00",,"21,000.00",,"107,084,167.13",,Income,,0.00,,,,,,,,,,0.00
,,,"13,407",,Invoice,,11/19/2025,,AS010917,,LK Domain Registry,,Synology 4TB Plus HDD  S/N : 2530VXRZW63EM8V,,11/19/2025,,,,HDD:HAT3300-4T (Synology 4TB Plus HDD),,Synology 4TB Plus HDD,,Hard Drive,,,,AS,,Taxable Sales,,,,Accounts Receivable,,Paid,,,,,,1.00,,"58,000.00",,"58,000.00",,"107,142,167.13",,Income,,0.00,,,,,,,,,,0.00
,,,"13,408",,Invoice,,11/19/2025,,AS010918,,Millennium I.T.E.S.P (Pvt) Ltd,,Maintenance  Agreement    ,,11/19/2025,,,,MA (Maintenance  Agreement),,Maintenance  Agreement,,Support and Maintenance,,Sal:RS,,AD,,Taxable Sales,,,,Accounts Receivable,,Paid,,,,,,1.00,,"205,000.00",,"205,000.00",,"107,347,167.13",,Income,,0.00,,,,,,,,,,0.00
,,,"13,408",,Invoice,,11/19/2025,,AS010918,,Millennium I.T.E.S.P (Pvt) Ltd,,24X7 Enhance Support (Annually),,11/19/2025,,,,Services,,,,Support and Maintenance,,Sal:RS,,AD,,Taxable Sales,,,,Accounts Receivable,,Paid,,,,,,1.00,,"41,000.00",,"41,000.00",,"107,388,167.13",,Income,,0.00,,,,,,,,,,0.00
,,,"13,418",,Invoice,,11/20/2025,,AS010919,,Gadgetbox,,BDCOM WAP2100-T618  S/N :  0P32014104839             0P32014104818,,11/20/2025,,,,BDCOM:WAP2100-T618 (BDCOM WAP2100-T618),,BDCOM WAP2100-T618,,BDCOM,,,,AD,,Non-Taxable Sales,,,,Accounts Receivable,,Paid,,,,,,2.00,,"20,650.00",,"41,300.00",,"107,429,467.13",,Income,,0.00,,,,,,,,,,0.00
,,,"13,419",,Invoice,,11/20/2025,,AS010920,,Green City Global (pvt) Ltd,,BDCOM WAP2100-T618  S/N : 0P32014104836,,11/20/2025,,,,BDCOM:WAP2100-T618 (BDCOM WAP2100-T618),,BDCOM WAP2100-T618,,BDCOM,,,,AR,,Non-Taxable Sales,,,,Accounts Receivable,,Paid,,,,,,1.00,,"26,000.00",,"26,000.00",,"107,455,467.13",,Income,,0.00,,,,,,,,,,0.00
,,,"13,419",,Invoice,,11/20/2025,,AS010920,,Green City Global (pvt) Ltd,,"Synology DS423 4 Bay NAS  S/N : 2590UVRFPK5ZY	",,11/20/2025,,,,Synology:DS423 (Synology DS423 4 Bay NAS),,Synology DS423 4 Bay NAS,,Synology,,,,AR,,Non-Taxable Sales,,,,Accounts Receivable,,Paid,,,,,,1.00,,"153,000.00",,"153,000.00",,"107,608,467.13",,Income,,0.00,,,,,,,,,,0.00
,,,"13,421",,Invoice,,11/21/2025,,AS010921,,Giga Foods (Pvt)  Ltd,,"Draytek Vigor 2915 Security Appliance  S/N : 256005349774	            256005349779	            2...",,11/21/2025,,,,Draytek:Vigor 2915 (Draytek Vigor 2915 Security Appliance),,Draytek Vigor 2915 Security Appliance,,Draytek,,,,AR,,Taxable Sales,,,,Accounts Receivable,,Paid,,,,,,6.00,,"40,000.00",,"240,000.00",,"107,848,467.13",,Income,,0.00,,,,,,,,,,0.00
,,,"13,421",,Invoice,,11/21/2025,,AS010921,,Giga Foods (Pvt)  Ltd,,"BDCOM WAP2100-T512  S/N : 0P32014036934	            0P32014037322	            0P32014037324	    ...",,11/21/2025,,,,BDCOM:WAP2100-T512 (BDCOM WAP2100-T512),,BDCOM WAP2100-T512,,BDCOM,,,,AR,,Taxable Sales,,,,Accounts Receivable,,Paid,,,,,,8.00,,"19,500.00",,"156,000.00",,"108,004,467.13",,Income,,0.00,,,,,,,,,,0.00
,,,"13,421",,Invoice,,11/21/2025,,AS010921,,Giga Foods (Pvt)  Ltd,,Configuration & Installation Charges,,11/21/2025,,,,Implementation & configuration,,,,Support and Maintenance,,,,AR,,Taxable Sales,,,,Accounts Receivable,,Paid,,,,,,6.00,,"20,000.00",,"120,000.00",,"108,124,467.13",,Income,,0.00,,,,,,,,,,0.00
,,,"13,422",,Invoice,,11/21/2025,,AS010922,,DATAVERSE IT SOLUTIONS (PVT)LTD,,"BDCOM S1016 16 Port 100M BaseT 1U Rack Mounted  S/N :  G20006000869		             G20006001516		...",,11/21/2025,,,,BDCOM:S1016 (BDCOM S1016 16 Port 100M BaseT 1U Rack Mounted),,BDCOM S1016 16 Port 100M BaseT 1U Rack Mounted,,BDCOM,,,,AR,,Non-Taxable Sales,,,,Accounts Receivable,,Paid,,,,,,3.00,,"12,000.00",,"36,000.00",,"108,160,467.13",,Income,,0.00,,,,,,,,,,0.00
,,,"13,422",,Invoice,,11/21/2025,,AS010922,,DATAVERSE IT SOLUTIONS (PVT)LTD,,"BDCOM S1024B 24 Port 100M BaseT 1U Rack Mounted  S/N : S13304098	            S13304091	         ...",,11/21/2025,,,,BDCOM:S1024B (BDCOM S1024B 24 Port 100M BaseT 1U Rack Mounted),,BDCOM S1024B 24 Port 100M BaseT 1U Rack Mounted,,BDCOM,,,,AR,,Non-Taxable Sales,,,,Accounts Receivable,,Paid,,,,,,3.00,,"19,000.00",,"57,000.00",,"108,217,467.13",,Income,,0.00,,,,,,,,,,0.00
,,,"13,426",,Invoice,,11/24/2025,,AS010923,,Base Hp (Pvt) Ltd,,"Synology NAS DS1821+ 8 Bay NAS  S/N :  2480SKRJC60R5		",,11/24/2025,,,,Synology:DS1821+ (Synology NAS DS1821+ 8 Bay NAS),,Synology NAS DS1821+ 8 Bay NAS,,Synology,,Sal:RS,,A,,Taxable Sales,,,,Accounts Receivable,,Paid,,,,,,1.00,,"317,000.00",,"317,000.00",,"108,534,467.13",,Income,,0.00,,,,,,,,,,0.00
,,,"13,426",,Invoice,,11/24/2025,,AS010923,,Base Hp (Pvt) Ltd,,"Synology 8TB Plus Hard Drive  S/N :  2580Z9R42A0ANFALL		             2580Z9R42A0CBFALL		        ...",,11/24/2025,,,,HDD:HAT3320-8T (Synology 8TB Plus Hard Drive),,Synology 8TB Plus Hard Drive,,Hard Drive,,Sal:RS,,A,,Taxable Sales,,,,Accounts Receivable,,Paid,,,,,,4.00,,"81,000.00",,"324,000.00",,"108,858,467.13",,Income,,0.00,,,,,,,,,,0.00
,,,"13,431",,Invoice,,11/25/2025,,AS010924,,Ideal Network System,,"Synology Rackstation RS822RP+  S/N : 2580AFRXY93BV		",,11/25/2025,,,,Synology:RS822RP+ (Synology Rackstation RS822RP+),,Synology Rackstation RS822RP+,,Synology,,,,AD,,Non-Taxable Sales,,,,Accounts Receivable,,Unpaid,,,,156,,1.00,,"623,000.00",,"623,000.00",,"109,481,467.13",,Income,,0.00,,,,,,,,,,0.00
,,,"13,431",,Invoice,,11/25/2025,,AS010924,,Ideal Network System,,"Synology 2TB Plus Hard Drive  S/N : 2530XZR00ZWD1FAXH		  2530XZR00ZWD1FARD		",,11/25/2025,,,,HDD:HAT3300-2T (Synology 2TB Plus Hard Drive),,Synology 2TB Plus Hard Drive,,Hard Drive,,,,AD,,Non-Taxable Sales,,,,Accounts Receivable,,Paid,,,,,,2.00,,,,,,"109,481,467.13",,Income,,0.00,,,,,,,,,,0.00
,,,"13,431",,Invoice,,11/25/2025,,AS010924,,Ideal Network System,,RailKit,,11/25/2025,,,,Synology:1 U Fixed Rail Kit,,,,Synology,,,,AD,,Non-Taxable Sales,,,,Accounts Receivable,,Paid,,,,,,1.00,,,,,,"109,481,467.13",,Income,,0.00,,,,,,,,,,0.00
,,,"13,433",,Invoice,,11/26/2025,,AS010925,,AMTEC ELECTRONIC (PVT) LTD,,BDCOM 16Port 100M POE+ 2Port 1G RJ45 + 1 -Port GE SFP port Unmanaged POE Switch  S/N :  0W200117...,,11/26/2025,,,,BDCOM:S1200-16P2G1S (BDCOM 16Port 100M POE+ 2Port 1G RJ45 + 1 -Port GE SFP port Unmanaged POE Sw...,,BDCOM 16Port 100M POE+ 2Port 1G RJ45 + 1 -Port GE SFP port Unmanaged POE Switch,,BDCOM,,,,AR,,Non-Taxable Sales,,,,Accounts Receivable,,Paid,,,,,,2.00,,"23,850.00",,"47,700.00",,"109,529,167.13",,Income,,0.00,,,,,,,,,,0.00
,,,"13,434",,Invoice,,11/26/2025,,AS010926,,Barclays Computers (Pvt) Ltd,,"Synology DS223j  S/N : 2560UKRZ72D0T	            2560UKR09NEVF	",,11/26/2025,,,,Synology:DS223j (Synology DS223j  ),,Synology DS223j  ,,Synology,,Sal:RS,,AR,,Taxable Sales,,,,Accounts Receivable,,Paid,,,,,,2.00,,"64,000.00",,"128,000.00",,"109,657,167.13",,Income,,0.00,,,,,,,,,,0.00
,,,"13,435",,Invoice,,11/26/2025,,AS010927,,Softlogic Information Technologies (Pvt),,"Synology DS423 4 Bay NAS  S/N :  2590UVRQ30QQM	",,11/26/2025,,,,Synology:DS423 (Synology DS423 4 Bay NAS),,Synology DS423 4 Bay NAS,,Synology,,Sal:RS,,A,,Taxable Sales,,,,Accounts Receivable,,Paid,,,,,,1.00,,"128,000.00",,"128,000.00",,"109,785,167.13",,Income,,0.00,,,,,,,,,,0.00
,,,"13,435",,Invoice,,11/26/2025,,AS010927,,Softlogic Information Technologies (Pvt),,"12TB Synology Plus HDD  S/N : 2550XDRG0A026F1XL	            2550XDRG0A02CF1XL	            2550XD...",,11/26/2025,,,,HDD:HAT3310-12T (12TB Synology Plus HDD),,12TB Synology Plus HDD,,Hard Drive,,Sal:RS,,A,,Taxable Sales,,,,Accounts Receivable,,Paid,,,,,,3.00,,"111,000.00",,"333,000.00",,"110,118,167.13",,Income,,0.00,,,,,,,,,,0.00
,,,"13,435",,Invoice,,11/26/2025,,AS010927,,Softlogic Information Technologies (Pvt),,"Synology DS423 4 Bay NAS  S/N : 2590UVRP6K2X9	",,11/26/2025,,,,Synology:DS423 (Synology DS423 4 Bay NAS),,Synology DS423 4 Bay NAS,,Synology,,Sal:RS,,A,,Taxable Sales,,,,Accounts Receivable,,Paid,,,,,,1.00,,"128,000.00",,"128,000.00",,"110,246,167.13",,Income,,0.00,,,,,,,,,,0.00
,,,"13,435",,Invoice,,11/26/2025,,AS010927,,Softlogic Information Technologies (Pvt),,"Synology 16TB Plus HDD  S/N : 2540XERG0A0L6F1VL	            2540XERG0A13PF1VL	            2540XE...",,11/26/2025,,,,HDD:HAT3310-16T (Synology 16TB Plus HDD),,Synology 16TB Plus HDD,,Hard Drive,,Sal:RS,,A,,Taxable Sales,,,,Accounts Receivable,,Paid,,,,,,4.00,,"123,000.00",,"492,000.00",,"110,738,167.13",,Income,,0.00,,,,,,,,,,0.00
,,,"13,436",,Invoice,,11/27/2025,,AS010928,,Barclays Computers (Pvt) Ltd,,"Synology Diskstation DS223  2Bay  S/N :  2530V1RAXPST0		             2351V1RY59TZC		",,11/27/2025,,,,Synology:DS223 (Synology Diskstation DS223  2Bay),,Synology Diskstation DS223  2Bay,,Synology,,Sal:RS,,AS,,Taxable Sales,,,,Accounts Receivable,,Paid,,,,,,2.00,,"93,000.00",,"186,000.00",,"110,924,167.13",,Income,,0.00,,,,,,,,,,0.00
,,,"13,437",,Invoice,,11/27/2025,,AS010929,,Barclays Computers (Pvt) Ltd,,"BDCOM WAP2100-T512  S/N :  0P32014037320		",,11/27/2025,,,,BDCOM:WAP2100-T512 (BDCOM WAP2100-T512),,BDCOM WAP2100-T512,,BDCOM,,Sal:RS,,AR,,Taxable Sales,,,,Accounts Receivable,,Paid,,,,,,1.00,,"16,950.00",,"16,950.00",,"110,941,117.13",,Income,,0.00,,,,,,,,,,0.00
,,,"13,437",,Invoice,,11/27/2025,,AS010929,,Barclays Computers (Pvt) Ltd,,"BDCOM WAP2100-T618  S/N : 0P32014104830	            0P32014104832	",,11/27/2025,,,,BDCOM:WAP2100-T618 (BDCOM WAP2100-T618),,BDCOM WAP2100-T618,,BDCOM,,Sal:RS,,AR,,Taxable Sales,,,,Accounts Receivable,,Paid,,,,,,2.00,,"22,000.00",,"44,000.00",,"110,985,117.13",,Income,,0.00,,,,,,,,,,0.00
,,,"13,439",,Invoice,,11/27/2025,,AS010930,,Barclays Computers (Pvt) Ltd,,"Synology 8TB Plus Hard Drive  S/N :  2580Z9RL2A003FALL		             2570Z9RU2A0FHFALL			",,11/27/2025,,,,HDD:HAT3320-8T (Synology 8TB Plus Hard Drive),,Synology 8TB Plus Hard Drive,,Hard Drive,,,,AS,,Taxable Sales,,,,Accounts Receivable,,Paid,,,,,,2.00,,"98,000.00",,"196,000.00",,"111,181,117.13",,Income,,0.00,,,,,,,,,,0.00
,,,"13,440",,Invoice,,11/27/2025,,AS010931,,Barclays Computers (Pvt) Ltd,,"Synology Diskstation DS223  2Bay  S/N :  2560V1RRG73DQ		",,11/27/2025,,,,Synology:DS223 (Synology Diskstation DS223  2Bay),,Synology Diskstation DS223  2Bay,,Synology,,,,AS,,Taxable Sales,,,,Accounts Receivable,,Paid,,,,,,1.00,,"86,500.00",,"86,500.00",,"111,267,617.13",,Income,,0.00,,,,,,,,,,0.00
,,,"13,441",,Invoice,,11/27/2025,,AS010932,,British Cosmetics (Pvt) Ltd,,Maintenance  Agreement,,11/27/2025,,,,MA (Maintenance  Agreement),,Maintenance  Agreement,,Support and Maintenance,,Mnt,,AD,,Taxable Sales,,,,Accounts Receivable,,Paid,,,,,,1.00,,"100,000.00",,"100,000.00",,"111,367,617.13",,Income,,0.00,,,,,,,,,,0.00
,,,"13,442",,Invoice,,11/28/2025,,AS010933,,First Capital Holdings PLC,,Maintenance  Agreement,,11/28/2025,,,,MA (Maintenance  Agreement),,Maintenance  Agreement,,Support and Maintenance,,Mnt,,AD,,Taxable Sales,,,,Accounts Receivable,,Paid,,,,,,1.00,,"292,000.00",,"292,000.00",,"111,659,617.13",,Income,,0.00,,,,,,,,,,0.00
,,,"13,443",,Invoice,,11/28/2025,,AS010934,,First Capital Holdings PLC,,Maintenance  Agreement,,11/28/2025,,,,MA (Maintenance  Agreement),,Maintenance  Agreement,,Support and Maintenance,,Mnt,,AD,,Taxable Sales,,,,Accounts Receivable,,Paid,,,,,,1.00,,"65,000.00",,"65,000.00",,"111,724,617.13",,Income,,0.00,,,,,,,,,,0.00
,,,"13,444",,Invoice,,11/28/2025,,AS010935,,First Capital Holdings PLC,,Maintenance  Agreement,,11/28/2025,,,,MA (Maintenance  Agreement),,Maintenance  Agreement,,Support and Maintenance,,Mnt,,AD,,Taxable Sales,,,,Accounts Receivable,,Paid,,,,,,1.00,,"172,000.00",,"172,000.00",,"111,896,617.13",,Income,,0.00,,,,,,,,,,0.00
,,,"13,447",,Invoice,,12/01/2025,,AS010936,,Metropolitan Technologies (Pvt) Ltd,,Synology DiskStation DS1525+ 5Bay NAS  S/N : 2580YJRAC77BB,,12/01/2025,,,,Synology:DS1525+ (Synology DiskStation DS1525+ 5Bay NAS),,Synology DiskStation DS1525+ 5Bay NAS,,Synology,,,,AD,,Taxable Sales,,,,Accounts Receivable,,Paid,,,,,,1.00,,"480,000.00",,"480,000.00",,"112,376,617.13",,Income,,0.00,,,,,,,,,,0.00
,,,"13,447",,Invoice,,12/01/2025,,AS010936,,Metropolitan Technologies (Pvt) Ltd,,"12TB Synology Plus HDD  S/N : 2550XDRG0A06ZF1XL		            2550XDRG0A00WF1XL		  ",,12/01/2025,,,,HDD:HAT3310-12T (12TB Synology Plus HDD),,12TB Synology Plus HDD,,Hard Drive,,,,AD,,Taxable Sales,,,,Accounts Receivable,,Paid,,,,,,2.00,,,,,,"112,376,617.13",,Income,,0.00,,,,,,,,,,0.00
,,,"13,447",,Invoice,,12/01/2025,,AS010936,,Metropolitan Technologies (Pvt) Ltd,,Synology DiskStation DS1525+ 5Bay NAS  S/N : 2580YJR1YYSJH,,12/01/2025,,,,Synology:DS1525+ (Synology DiskStation DS1525+ 5Bay NAS),,Synology DiskStation DS1525+ 5Bay NAS,,Synology,,,,AD,,Taxable Sales,,,,Accounts Receivable,,Paid,,,,,,1.00,,"592,000.00",,"592,000.00",,"112,968,617.13",,Income,,0.00,,,,,,,,,,0.00
,,,"13,447",,Invoice,,12/01/2025,,AS010936,,Metropolitan Technologies (Pvt) Ltd,,"12TB Synology Plus HDD  S/N : 2550XDRG0A06VF1XL		            2550XDRG0A023F1XL		            2550...",,12/01/2025,,,,HDD:HAT3310-12T (12TB Synology Plus HDD),,12TB Synology Plus HDD,,Hard Drive,,,,AD,,Taxable Sales,,,,Accounts Receivable,,Paid,,,,,,3.00,,,,,,"112,968,617.13",,Income,,0.00,,,,,,,,,,0.00
,,,"13,448",,Invoice,,12/01/2025,,AS010937,,Base Hp (Pvt) Ltd,,"Synology DiskStation DS425+ 4 Bay With 4GB RAM  S/N :  2580YGRQXGAH1		",,12/01/2025,,,,Synology:DS425+ (Synology DiskStation DS425+ 4 Bay),,Synology DiskStation DS425+ 4 Bay,,Synology,,Sal:RS,,A,,Taxable Sales,,,,Accounts Receivable,,Paid,,,,,,1.00,,"198,000.00",,"198,000.00",,"113,166,617.13",,Income,,0.00,,,,,,,,,,0.00
,,,"13,448",,Invoice,,12/01/2025,,AS010937,,Base Hp (Pvt) Ltd,,"Synology 4TB Plus HDD  S/N :  2540VXRZW63L32T		             2540VXRZW63KVS0		             2540VX...",,12/01/2025,,,,HDD:HAT3300-4T (Synology 4TB Plus HDD),,Synology 4TB Plus HDD,,Hard Drive,,Sal:RS,,A,,Taxable Sales,,,,Accounts Receivable,,Paid,,,,,,4.00,,"42,500.00",,"170,000.00",,"113,336,617.13",,Income,,0.00,,,,,,,,,,0.00
,,,"13,449",,Invoice,,12/01/2025,,AS010938,,Base Hp (Pvt) Ltd,,"Synology DiskStation DS1525+ 5Bay NAS  S/N : 2580YJR86ZDW9		",,12/01/2025,,,,Synology:DS1525+ (Synology DiskStation DS1525+ 5Bay NAS),,Synology DiskStation DS1525+ 5Bay NAS,,Synology,,Sal:RS,,A,,Taxable Sales,,,,Accounts Receivable,,Paid,,,,,,1.00,,"335,000.00",,"335,000.00",,"113,671,617.13",,Income,,0.00,,,,,,,,,,0.00
,,,"13,449",,Invoice,,12/01/2025,,AS010938,,Base Hp (Pvt) Ltd,,"Synology 4TB Plus HDD  S/N :  2540VXRZW63L32R		             2540VXRZW63JP62		             2540VX...",,12/01/2025,,,,HDD:HAT3300-4T (Synology 4TB Plus HDD),,Synology 4TB Plus HDD,,Hard Drive,,Sal:RS,,A,,Taxable Sales,,,,Accounts Receivable,,Paid,,,,,,3.00,,"41,000.00",,"123,000.00",,"113,794,617.13",,Income,,0.00,,,,,,,,,,0.00
,,,"13,449",,Invoice,,12/01/2025,,AS010938,,Base Hp (Pvt) Ltd,,"Synology Single Port 10GbE RJ - 45 E10G22 - T1 - Mini  S/N :  2260TTR83TF1H		",,12/01/2025,,,,Synology:Single Port T1 Card,,,,Synology,,Sal:RS,,A,,Taxable Sales,,,,Accounts Receivable,,Paid,,,,,,1.00,,,,,,"113,794,617.13",,Income,,0.00,,,,,,,,,,0.00
,,,"13,450",,Invoice,,12/01/2025,,AS010939,,Byte Bolster solution,,"Synology 4TB Plus HDD  S/N : 2540VXRZW63JPND	            2540VXRZW63JK4F	            2540VXRZW63...",,12/01/2025,,,,HDD:HAT3300-4T (Synology 4TB Plus HDD),,Synology 4TB Plus HDD,,Hard Drive,,Sal:RS,,AD,,Taxable Sales,,,,Accounts Receivable,,Paid,,,,,,4.00,,"45,000.00",,"180,000.00",,"113,974,617.13",,Income,,0.00,,,,,,,,,,0.00
,,,"13,452",,Invoice,,12/01/2025,,AS010940,,GTS Technology Solutions (pvt) Ltd,,"Synology Diskstation DS223  2Bay  S/N :  2580V1RVY3Q9K	",,12/01/2025,,,,Synology:DS223 (Synology Diskstation DS223  2Bay),,Synology Diskstation DS223  2Bay,,Synology,,,,A,,Taxable Sales,,,,Accounts Receivable,,Paid,,,,,,1.00,,"92,000.00",,"92,000.00",,"114,066,617.13",,Income,,0.00,,,,,,,,,,0.00
,,,"13,452",,Invoice,,12/01/2025,,AS010940,,GTS Technology Solutions (pvt) Ltd,,"Synology 6TB Plus Hard Drive  S/N : 2530VYRZVX06RC1	            2530VYRZVY09SPS	",,12/01/2025,,,,HDD:HAT3300-6T (Synology 6TB Plus Hard Drive),,Synology 6TB Plus Hard Drive,,Hard Drive,,,,A,,Taxable Sales,,,,Accounts Receivable,,Paid,,,,,,2.00,,"62,000.00",,"124,000.00",,"114,190,617.13",,Income,,0.00,,,,,,,,,,0.00
,,,"13,452",,Invoice,,12/01/2025,,AS010940,,GTS Technology Solutions (pvt) Ltd,,Discount,,12/01/2025,,,,Discount,,,,Sales Discount,,,,A,,Taxable Sales,,,,Accounts Receivable,,Paid,,,,,,,,"-6,000.00",,"-6,000.00",,"114,184,617.13",,Income,,0.00,,,,,,,,,,0.00
,,,"13,453",,Invoice,,12/01/2025,,AS010941,,Alphasonic Technologies (Pvt) Ltd,,"Synology Rackstation RS822RP+  S/N : 2530UJRGXQ2J1	  ",,12/01/2025,,,,Synology:RS822RP+ (Synology Rackstation RS822RP+),,Synology Rackstation RS822RP+,,Synology,,,,A,,Taxable Sales,,,,Accounts Receivable,,Paid,,,,,,1.00,,"468,787.50",,"468,787.50",,"114,653,404.63",,Income,,0.00,,,,,,,,,,0.00
,,,"13,453",,Invoice,,12/01/2025,,AS010941,,Alphasonic Technologies (Pvt) Ltd,,1U RailKit,,12/01/2025,,,,Synology:1 U Fixed Rail Kit,,,,Synology,,,,A,,Taxable Sales,,,,Accounts Receivable,,Paid,,,,,,1.00,,,,,,"114,653,404.63",,Income,,0.00,,,,,,,,,,0.00
,,,"13,455",,Invoice,,12/02/2025,,AS010942,,NetCore Solutions,,"Draytek Vigor 3910 Security Appliance..Quad Wan  S/N : 234004849940	",,12/02/2025,,,,Draytek:Vigor 3910 (Draytek Vigor 3910 Security Appliance..Quad Wan),,Draytek Vigor 3910 Security Appliance..Quad Wan,,Draytek,,,,A,,Non-Taxable Sales,,,,Accounts Receivable,,Paid,,,,,,1.00,,"352,230.00",,"352,230.00",,"115,005,634.63",,Income,,0.00,,,,,,,,,,0.00
,,,"13,459",,Invoice,,12/03/2025,,AS010943,,T&D Associates,,"Synology 2TB Plus Hard Drive  S/N : 2530XZR00ZWD1FB8Q		            2530XZR00ZWD1FAN3		          ...",,12/03/2025,,,,HDD:HAT3300-2T (Synology 2TB Plus Hard Drive),,Synology 2TB Plus Hard Drive,,Hard Drive,,,,AD,,Non-Taxable Sales,,,,Accounts Receivable,,Paid,,,,,,4.00,,"42,480.00",,"169,920.00",,"115,175,554.63",,Income,,0.00,,,,,,,,,,0.00
,,,"13,460",,Invoice,,12/03/2025,,AS010944,,T&D Associates,,"Synology DS423 4 Bay NAS  S/N : 2590UVRZSX5TX		",,12/03/2025,,,,Synology:DS423 (Synology DS423 4 Bay NAS),,Synology DS423 4 Bay NAS,,Synology,,,,AD,,Non-Taxable Sales,,,,Accounts Receivable,,Paid,,,,,,1.00,,"152,220.00",,"152,220.00",,"115,327,774.63",,Income,,0.00,,,,,,,,,,0.00
,,,"13,460",,Invoice,,12/03/2025,,AS010944,,T&D Associates,,"Synology 2TB Plus Hard Drive  S/N : 2530XZR00ZWD1FAXG		            2530XZR00ZWD1FANA		",,12/03/2025,,,,HDD:HAT3300-2T (Synology 2TB Plus Hard Drive),,Synology 2TB Plus Hard Drive,,Hard Drive,,,,AD,,Non-Taxable Sales,,,,Accounts Receivable,,Paid,,,,,,2.00,,"42,480.00",,"84,960.00",,"115,412,734.63",,Income,,0.00,,,,,,,,,,0.00
,,,"13,460",,Invoice,,12/03/2025,,AS010944,,T&D Associates,,Discount,,12/03/2025,,,,Discount,,,,Sales Discount,,,,AD,,Non-Taxable Sales,,,,Accounts Receivable,,Paid,,,,,,,,"-5,000.00",,"-5,000.00",,"115,407,734.63",,Income,,0.00,,,,,,,,,,0.00
,,,"13,464",,Invoice,,12/03/2025,,AS010945,,Content Management & Solutions (Pvt) Ltd,,Maintenance  Agreement,,12/03/2025,,,,MA (Maintenance  Agreement),,Maintenance  Agreement,,Support and Maintenance,,Mnt,,AD,,Taxable Sales,,,,Accounts Receivable,,Paid,,,,,,1.00,,"191,000.00",,"191,000.00",,"115,598,734.63",,Income,,0.00,,,,,,,,,,0.00
,,,"13,465",,Invoice,,12/03/2025,,AS010946,,Content Management & Solutions (Pvt) Ltd,,Maintenance  Agreement,,12/03/2025,,,,MA (Maintenance  Agreement),,Maintenance  Agreement,,Support and Maintenance,,Mnt,,AD,,Taxable Sales,,,,Accounts Receivable,,Paid,,,,,,1.00,,"164,000.00",,"164,000.00",,"115,762,734.63",,Income,,0.00,,,,,,,,,,0.00
,,,"13,466",,Invoice,,12/03/2025,,AS010947,,I7 Computers,,Synology Diskstation DS223  2Bay  S/N : 2580V1RZFNH6S,,12/03/2025,,,,Synology:DS223 (Synology Diskstation DS223  2Bay),,Synology Diskstation DS223  2Bay,,Synology,,,,AD,,Non-Taxable Sales,,,,Accounts Receivable,,Paid,,,,,,1.00,,"109,740.00",,"109,740.00",,"115,872,474.63",,Income,,0.00,,,,,,,,,,0.00
,,,"13,468",,Invoice,,12/05/2025,,AS010948,,MAS Fabrics (Pvt) Ltd,,Maintenance  Agreement,,12/05/2025,,,,MA (Maintenance  Agreement),,Maintenance  Agreement,,Support and Maintenance,,Mnt,,A,,Non-Taxable Sales,,,,Accounts Receivable,,Paid,,,,,,1.00,,,,,,"115,872,474.63",,Income,,0.00,,,,,,,,,,0.00
,,,"13,468",,Invoice,,12/05/2025,,AS010948,,MAS Fabrics (Pvt) Ltd,,"Acronis Cyber Protect - Backup Advanced Virtual Host Subscription License ,",,12/05/2025,,,,Acronis,,,,Acronics,,Mnt,,A,,Taxable Sales,,,,Accounts Receivable,,Paid,,,,,,1.00,,"563,157.00",,"563,157.00",,"116,435,631.63",,Income,,0.00,,,,,,,,,,0.00
,,,"13,468",,Invoice,,12/05/2025,,AS010948,,MAS Fabrics (Pvt) Ltd,,"Acronis Cyber Protect - Backup Standard Server Subscription License ,   (1 Year License   Renewal)",,12/05/2025,,,,Acronis,,,,Acronics,,Mnt,,A,,Taxable Sales,,,,Accounts Receivable,,Paid,,,,,,2.00,,"364,736.50",,"729,473.00",,"117,165,104.63",,Income,,0.00,,,,,,,,,,0.00
,,,"13,468",,Invoice,,12/05/2025,,AS010948,,MAS Fabrics (Pvt) Ltd,,Synology RackStation RS2418RP+,,12/05/2025,,,,Synology:RS2418RP+ (Synology RackStation RS2418RP+),,Synology RackStation RS2418RP+,,Synology,,Mnt,,A,,Taxable Sales,,,,Accounts Receivable,,Paid,,,,,,1.00,,"1,018,465.00",,"1,018,465.00",,"118,183,569.63",,Income,,0.00,,,,,,,,,,0.00
,,,"13,472",,Invoice,,12/05/2025,,AS010949,,Micro Technology Lanka (Pvt) Ltd,,BDCOM 16Port 100M POE+ 2Port 1G RJ45 + 1 -Port GE SFP port Unmanaged POE Switch  S/N : 0W2001170...,,12/05/2025,,,,BDCOM:S1200-16P2G1S (BDCOM 16Port 100M POE+ 2Port 1G RJ45 + 1 -Port GE SFP port Unmanaged POE Sw...,,BDCOM 16Port 100M POE+ 2Port 1G RJ45 + 1 -Port GE SFP port Unmanaged POE Switch,,BDCOM,,,,AR,,Non-Taxable Sales,,,,Accounts Receivable,,Paid,,,,,,1.00,,"23,600.00",,"23,600.00",,"118,207,169.63",,Income,,0.00,,,,,,,,,,0.00
,,,"13,473",,Invoice,,12/06/2025,,AS010950,,Grace Lanka Apperals (Pvt) Ltd,,Inspection Charges,,12/06/2025,,,,Services,,,,Support and Maintenance,,Sal:EC,,AS,,Taxable Sales,,,,Accounts Receivable,,Paid,,,,,,1.00,,"15,000.00",,"15,000.00",,"118,222,169.63",,Income,,0.00,,,,,,,,,,0.00
,,,"13,473",,Invoice,,12/06/2025,,AS010950,,Grace Lanka Apperals (Pvt) Ltd,,Draytek Vigor 2927 Security Appliance. Dual Wan  S/N : 244005047146,,12/06/2025,,,,Draytek:Vigor 2927 (Draytek Vigor 2927 Security Appliance. Dual Wan),,Draytek Vigor 2927 Security Appliance. Dual Wan,,Draytek,,Sal:EC,,AS,,Taxable Sales,,,,Accounts Receivable,,Paid,,,,,,1.00,,"73,000.00",,"73,000.00",,"118,295,169.63",,Income,,0.00,,,,,,,,,,0.00
,,,"13,474",,Invoice,,12/06/2025,,AS010951,,Techno Mobile & CCTV,,BDCOM 16Port 100M POE+ 2Port 1G RJ45 + 1 -Port GE SFP port Unmanaged POE Switch  S/N : 0W2001170...,,12/06/2025,,,,BDCOM:S1200-16P2G1S (BDCOM 16Port 100M POE+ 2Port 1G RJ45 + 1 -Port GE SFP port Unmanaged POE Sw...,,BDCOM 16Port 100M POE+ 2Port 1G RJ45 + 1 -Port GE SFP port Unmanaged POE Switch,,BDCOM,,,,AR,,Non-Taxable Sales,,,,Accounts Receivable,,Paid,,,,,,1.00,,"23,600.00",,"23,600.00",,"118,318,769.63",,Income,,0.00,,,,,,,,,,0.00
,,,"13,475",,Credit Memo,,12/08/2025,,AS00120,,E-Net Integrated Solutions (Pvt) Ltd,,BDCOM S1500-24T Switch  S/N : 0W20012600133           0W20012600134  ,,12/08/2025,,,,BDCOM:S1500-24T (BDCOM S1500-24T Switch),,BDCOM S1500-24T Switch,,BDCOM,,Sal:RS,,,,Non-Taxable Sales,,,,Accounts Receivable,,Paid,,,,,,-2.00,,"23,750.00",,"-47,500.00",,"118,271,269.63",,Income,,0.00,,,,,,,,,,0.00
,,,"13,476",,Invoice,,12/08/2025,,AS010952,,E-Net Integrated Solutions (Pvt) Ltd,,"BDCOM S1500-24T Switch  S/N :  0W20012600133		  ",,12/08/2025,,,,BDCOM:S1500-24T (BDCOM S1500-24T Switch),,BDCOM S1500-24T Switch,,BDCOM,,,,AR,,Non-Taxable Sales,,,,Accounts Receivable,,Paid,,,,,,1.00,,"23,750.00",,"23,750.00",,"118,295,019.63",,Income,,0.00,,,,,,,,,,0.00
,,,"13,479",,Invoice,,12/08/2025,,AS010953,,THE COMPUTER CENTER (PVT) LTD,,Synology DS423 4 Bay NAS  S/N : 2590UVRZDMCQV,,12/08/2025,,,,Synology:DS423 (Synology DS423 4 Bay NAS),,Synology DS423 4 Bay NAS,,Synology,,Sal:RS,,AS,,Taxable Sales,,,,Accounts Receivable,,Paid,,,,,,1.00,,"129,000.00",,"129,000.00",,"118,424,019.63",,Income,,0.00,,,,,,,,,,0.00
,,,"13,479",,Invoice,,12/08/2025,,AS010953,,THE COMPUTER CENTER (PVT) LTD,,"Synology 2TB Plus Hard Drive  S/N : 2530XZR00ZWD1FAZZ		            2530XZR00ZWD1FB40		          ...",,12/08/2025,,,,HDD:HAT3300-2T (Synology 2TB Plus Hard Drive),,Synology 2TB Plus Hard Drive,,Hard Drive,,Sal:RS,,AS,,Taxable Sales,,,,Accounts Receivable,,Paid,,,,,,4.00,,"36,000.00",,"144,000.00",,"118,568,019.63",,Income,,0.00,,,,,,,,,,0.00
,,,"13,480",,Invoice,,12/08/2025,,AS010954,,Gadgetbox,,Synology 16TB Plus HDD  S/N : 2540XERG0A0J3F1VL,,12/08/2025,,,,HDD:HAT3310-16T (Synology 16TB Plus HDD),,Synology 16TB Plus HDD,,Hard Drive,,Sal:RS,,AD,,Non-Taxable Sales,,,,Accounts Receivable,,Unpaid,,,,143,,1.00,,"170,746.00",,"170,746.00",,"118,738,765.63",,Income,,0.00,,,,,,,,,,0.00
,,,"13,481",,Invoice,,12/08/2025,,AS010955,,Rapidventure (Pvt) Ltd,,"Draytek Vigor 2915 Security Appliance  S/N :  256005349773		",,12/08/2025,,,,Draytek:Vigor 2915 (Draytek Vigor 2915 Security Appliance),,Draytek Vigor 2915 Security Appliance,,Draytek,,,,AD,,Taxable Sales,,,,Accounts Receivable,,Paid,,,,,,1.00,,"38,500.00",,"38,500.00",,"118,777,265.63",,Income,,0.00,,,,,,,,,,0.00
,,,"13,482",,Invoice,,12/08/2025,,AS010956,,Supervision Technology (Pvt) Ltd,,"Draytek Vigor 2915 Security Appliance  S/N : 256005349777	            256005349775	",,12/08/2025,,,,Draytek:Vigor 2915 (Draytek Vigor 2915 Security Appliance),,Draytek Vigor 2915 Security Appliance,,Draytek,,,,AD,,Taxable Sales,,,,Accounts Receivable,,Paid,,,,,,2.00,,"39,000.00",,"78,000.00",,"118,855,265.63",,Income,,0.00,,,,,,,,,,0.00
,,,"13,483",,Invoice,,12/08/2025,,AS010957,,Tekki (Pvt) Ltd,,Storage Capacity 10TB - (August to December 2025),,12/08/2025,,,,Rental,,,,Other Sales,,Sal:RS,,AS,,Non-Taxable Sales,,,,Accounts Receivable,,Unpaid,,,,143,,50.00,,"2,360.00",,"118,000.00",,"118,973,265.63",,Income,,0.00,,,,,,,,,,0.00
,,,"13,485",,Invoice,,12/09/2025,,AS010958,,Debug Computer Peripherals (Pvt) Ltd,,"Synology Rack Station RS1221RP+ NAS With 16GB RAM   S/N :  2590RXRJJXSFA		",,12/09/2025,,,,Synology:RS1221RP+,,,,Synology,,Sal:RS,,AD,,Taxable Sales,,,,Accounts Receivable,,Paid,,,,,,1.00,,"712,000.00",,"712,000.00",,"119,685,265.63",,Income,,0.00,,,,,,,,,,0.00
,,,"13,485",,Invoice,,12/09/2025,,AS010958,,Debug Computer Peripherals (Pvt) Ltd,,"12TB Synology Plus HDD  S/N :  2550XDRG0A012F1XL		             2550XDRG0A06XF1XL		             2...",,12/09/2025,,,,HDD:HAT3310-12T (12TB Synology Plus HDD),,12TB Synology Plus HDD,,Hard Drive,,Sal:RS,,AD,,Taxable Sales,,,,Accounts Receivable,,Paid,,,,,,3.00,,"112,000.00",,"336,000.00",,"120,021,265.63",,Income,,0.00,,,,,,,,,,0.00
,,,"13,485",,Invoice,,12/09/2025,,AS010958,,Debug Computer Peripherals (Pvt) Ltd,,2U Rail Kit,,12/09/2025,,,,Synology:2 U Sliding Rail Kit,,,,Synology,,Sal:RS,,AD,,Taxable Sales,,,,Accounts Receivable,,Paid,,,,,,1.00,,,,,,"120,021,265.63",,Income,,0.00,,,,,,,,,,0.00
,,,"13,487",,Invoice,,12/09/2025,,AS010959,,AMTEC ELECTRONIC (PVT) LTD,,"BDCOM 8-Port Gigabit RJ45 Unmanaged Switch  S/N : OW20012432618	",,12/09/2025,,,,BDCOM:S1500-8T (BDCOM 8-Port Gigabit RJ45 Unmanaged Switch),,BDCOM 8-Port Gigabit RJ45 Unmanaged Switch,,BDCOM,,Sal:RS,,AR,,Non-Taxable Sales,,,,Accounts Receivable,,Paid,,,,,,1.00,,"6,000.00",,"6,000.00",,"120,027,265.63",,Income,,0.00,,,,,,,,,,0.00
,,,"13,505",,Credit Memo,,12/10/2025,,AS00121,,Apex Business Solutions PVT Ltd.,,BDCOM S1500-24P2S Switch Adapter  ,,12/10/2025,,,,BDCOM:S1500-24P2S (BDCOM S1500-24P2S Switch),,BDCOM S1500-24P2S Switch,,BDCOM,,Sal:RS,,,,Taxable Sales,,,,Accounts Receivable,,Paid,,,,,,-1.00,,"7,000.00",,"-7,000.00",,"120,020,265.63",,Income,,0.00,,,,,,,,,,0.00
,,,"13,503",,Invoice,,12/10/2025,,AS010960,,Rapidventure (Pvt) Ltd,,"Draytek Vigor 2915 Security Appliance  S/N : 256005349761		",,12/10/2025,,,,Draytek:Vigor 2915 (Draytek Vigor 2915 Security Appliance),,Draytek Vigor 2915 Security Appliance,,Draytek,,,,AD,,Taxable Sales,,,,Accounts Receivable,,Paid,,,,,,1.00,,"38,500.00",,"38,500.00",,"120,058,765.63",,Income,,0.00,,,,,,,,,,0.00
,,,"13,507",,Invoice,,12/10/2025,,AS010961,,Network Information Technologies (Pvt) Lt,,Synology RackStation RS422+  S/N :  2530TSRG7FD2N,,12/10/2025,,,,Synology:RS422+ (Synology RackStation RS422+),,Synology RackStation RS422+,,Synology,,,,AS,,Taxable Sales,,,,Accounts Receivable,,Paid,,,,,,1.00,,"413,505.00",,"413,505.00",,"120,472,270.63",,Income,,0.00,,,,,,,,,,0.00
,,,"13,507",,Invoice,,12/10/2025,,AS010961,,Network Information Technologies (Pvt) Lt,,"Synology 6TB Plus Hard Drive  S/N : 2530VYRZVY09TZD		            2530VYRZVX06RDQ		",,12/10/2025,,,,HDD:HAT3300-6T (Synology 6TB Plus Hard Drive),,Synology 6TB Plus Hard Drive,,Hard Drive,,,,AS,,Taxable Sales,,,,Accounts Receivable,,Paid,,,,,,2.00,,,,,,"120,472,270.63",,Income,,0.00,,,,,,,,,,0.00
,,,"13,507",,Invoice,,12/10/2025,,AS010961,,Network Information Technologies (Pvt) Lt,,1U Rail Kit,,12/10/2025,,,,Synology:1 U Fixed Rail Kit,,,,Synology,,,,AS,,Taxable Sales,,,,Accounts Receivable,,Paid,,,,,,1.00,,,,,,"120,472,270.63",,Income,,0.00,,,,,,,,,,0.00
,,,"13,512",,Invoice,,12/12/2025,,AS010962,,M Concepts Holdings (Pvt) Ltd,,Synology 4TB Plus HDD  S/N : 2540VXRZW63JT36,,12/12/2025,,,,HDD:HAT3300-4T (Synology 4TB Plus HDD),,Synology 4TB Plus HDD,,Hard Drive,,Sal:EC,,A,,Non-Taxable Sales,,,,Accounts Receivable,,Paid,,,,,,1.00,,"64,900.00",,"64,900.00",,"120,537,170.63",,Income,,0.00,,,,,,,,,,0.00
,,,"13,513",,Invoice,,12/15/2025,,AS010963,,Allied Techno Services Pvt Ltd,, Synology Power Adaptor  S/N : 251100864,,12/15/2025,,,,Synology:Power Adaptor (Power Adaptor),,Power Adaptor,,Hardware,,,,AD,,Taxable Sales,,,,Accounts Receivable,,Paid,,,,,,1.00,,"35,000.00",,"35,000.00",,"120,572,170.63",,Income,,0.00,,,,,,,,,,0.00
,,,"13,515",,Invoice,,12/16/2025,,AS010964,,Penta Technology Solutions (Pvt) Ltd,,"BDCOM WAP2100-T618  S/N :  0P32014104837		",,12/16/2025,,,,BDCOM:WAP2100-T618 (BDCOM WAP2100-T618),,BDCOM WAP2100-T618,,BDCOM,,,,AD,,Non-Taxable Sales,,,,Accounts Receivable,,Paid,,,,,,1.00,,"26,550.00",,"26,550.00",,"120,598,720.63",,Income,,0.00,,,,,,,,,,0.00
,,,"13,515",,Invoice,,12/16/2025,,AS010964,,Penta Technology Solutions (Pvt) Ltd,,Configuration Charge,,12/16/2025,,,,Implementation & configuration,,,,Support and Maintenance,,,,AD,,Non-Taxable Sales,,,,Accounts Receivable,,Paid,,,,,,1.00,,"10,000.00",,"10,000.00",,"120,608,720.63",,Income,,0.00,,,,,,,,,,0.00
,,,"13,534",,Credit Memo,,12/17/2025,,AS00122,,Penta Technology Solutions (Pvt) Ltd,,"BDCOM WAP2100-T618  S/N :  0P32014104837		",,12/17/2025,,,,BDCOM:WAP2100-T618 (BDCOM WAP2100-T618),,BDCOM WAP2100-T618,,BDCOM,,,,,,Non-Taxable Sales,,,,Accounts Receivable,,Paid,,,,,,-1.00,,"26,550.00",,"-26,550.00",,"120,582,170.63",,Income,,0.00,,,,,,,,,,0.00
,,,"13,534",,Credit Memo,,12/17/2025,,AS00122,,Penta Technology Solutions (Pvt) Ltd,,Configuration Charge,,12/17/2025,,,,Implementation & configuration,,,,Support and Maintenance,,,,,,Non-Taxable Sales,,,,Accounts Receivable,,Paid,,,,,,-1.00,,"10,000.00",,"-10,000.00",,"120,572,170.63",,Income,,0.00,,,,,,,,,,0.00
,,,"13,522",,Invoice,,12/17/2025,,AS010965,,LANKA COMMODITY BROKERS LTD,,7GB Storage Space  100GB Transfer Bandwidth  1 Nos Fixed IP. (Clean)  SPF/ DKIM Supported  Spam ...,,12/17/2025,,,,Host Email,,,,Support and Maintenance,,Mnt,,AS,,Taxable Sales,,,,Accounts Receivable,,Paid,,,,,,1.00,,"19,068.37",,"19,068.37",,"120,591,239.00",,Income,,0.00,,,,,,,,,,0.00
,,,"13,523",,Invoice,,12/17/2025,,AS010966,,LANKA COMMODITY BROKERS LTD,,Anti Spam Service,,12/17/2025,,,,Services,,,,Support and Maintenance,,Mnt,,AS,,Taxable Sales,,,,Accounts Receivable,,Paid,,,,,,1.00,,"6,949.31",,"6,949.31",,"120,598,188.31",,Income,,0.00,,,,,,,,,,0.00
,,,"13,524",,Invoice,,12/17/2025,,AS010967,,UNISYS ENGINEERING,,Synology Disktation DS1825+ NAS Unit  S/N : 25B0WDR3NH1CM,,12/17/2025,,,,Synology:DS1825+ (Synology Disktation DS1825+ NAS Unit),,Synology Disktation DS1825+ NAS Unit,,Synology,,,,AD,,Non-Taxable Sales,,,,Accounts Receivable,,Paid,,,,,,1.00,,"454,300.00",,"454,300.00",,"121,052,488.31",,Income,,0.00,,,,,,,,,,0.00
,,,"13,524",,Invoice,,12/17/2025,,AS010967,,UNISYS ENGINEERING,,"12TB Synology Plus HDD  S/N : 2550XDRB0A00QF1XL	            2550XDRB0A01XF1XL	            2550XD...",,12/17/2025,,,,HDD:HAT3310-12T (12TB Synology Plus HDD),,12TB Synology Plus HDD,,Hard Drive,,,,AD,,Non-Taxable Sales,,,,Accounts Receivable,,Paid,,,,,,4.00,,"151,040.00",,"604,160.00",,"121,656,648.31",,Income,,0.00,,,,,,,,,,0.00
,,,"13,525",,Invoice,,12/17/2025,,AS010968,,LANKA MOUNT CASTLE (PVT) LTD,,20GB Storage Capacity with 30 Email Accounts,,12/17/2025,,,,Host Email,,,,Support and Maintenance,,Mnt,,AS,,Taxable Sales,,,,Accounts Receivable,,Paid,,,,,,1.00,,"15,637.50",,"15,637.50",,"121,672,285.81",,Income,,0.00,,,,,,,,,,0.00
,,,"13,533",,Invoice,,12/17/2025,,AS010969,,AL - ARAF HOTELS & RESORT (PVT) LTD,,Hosting Charges for 10 email Accounts (10$),,12/17/2025,,,,Hosting (Hosting),,Hosting,,Support and Maintenance,,Sal:RS,,AS,,Taxable Sales,,,,Accounts Receivable,,Paid,,,,,,1.00,,"3,127.50",,"3,127.50",,"121,675,413.31",,Income,,0.00,,,,,,,,,,0.00
,,,"13,535",,Invoice,,12/17/2025,,AS010970,,Penta Technology Solutions (Pvt) Ltd,,DrayTek  VigorAP 912C Ceiling -mount AP  S/N : 248005163694,,12/17/2025,,,,Draytek:DrayTek AP 912C (DrayTek  VigorAP 912C Ceiling -mount AP),,DrayTek  VigorAP 912C Ceiling -mount AP,,Draytek,,,,AD,,Non-Taxable Sales,,,,Accounts Receivable,,Paid,,,,,,1.00,,"30,000.00",,"30,000.00",,"121,705,413.31",,Income,,0.00,,,,,,,,,,0.00
,,,"13,535",,Invoice,,12/17/2025,,AS010970,,Penta Technology Solutions (Pvt) Ltd,,Configuration Charges,,12/17/2025,,,,Implementation & configuration,,,,Support and Maintenance,,,,AD,,Non-Taxable Sales,,,,Accounts Receivable,,Paid,,,,,,1.00,,"10,000.00",,"10,000.00",,"121,715,413.31",,Income,,0.00,,,,,,,,,,0.00
,,,"13,554",,Invoice,,12/18/2025,,AS010971,,Studio Lakdam,,14TB Seagate Enterprise Hard Drive  S/N : ZL2G54T0,,12/18/2025,,,,HDD:14TB ENT SATA (14TB Seagate Enterprise Hard Drive),,14TB Seagate Enterprise Hard Drive,,Hard Drive,,Sal:EC,,AD,,Non-Taxable Sales,,,,Accounts Receivable,,Paid,,,,,,1.00,,"161,660.00",,"161,660.00",,"121,877,073.31",,Income,,0.00,,,,,,,,,,0.00
,,,"13,555",,Invoice,,12/18/2025,,AS010972,,Debug Computer Peripherals (Pvt) Ltd,,BDCOM S1500-24T Switch  S/N :  0W20012600138             0W20012600136,,12/18/2025,,,,BDCOM:S1500-24T (BDCOM S1500-24T Switch),,BDCOM S1500-24T Switch,,BDCOM,,,,AD,,Taxable Sales,,,,Accounts Receivable,,Paid,,,,,,2.00,,"20,500.00",,"41,000.00",,"121,918,073.31",,Income,,0.00,,,,,,,,,,0.00
,,,"13,556",,Invoice,,12/18/2025,,AS010973,,Green City Global (pvt) Ltd,,"Synology DiskStation DS225+ 2Bay NAS with 6GB RAM  S/N : 2570ZDRDWNWJT		            		",,12/18/2025,,,,Synology:DS225+ (Synology DiskStation DS225+ 2Bay NAS),,Synology DiskStation DS225+ 2Bay NAS,,Synology,,,,AR,,Non-Taxable Sales,,,,Accounts Receivable,,Paid,,,,,,1.00,,"167,560.00",,"167,560.00",,"122,085,633.31",,Income,,0.00,,,,,,,,,,0.00
,,,"13,557",,Invoice,,12/18/2025,,AS010974,,Data Management Systems (Pvt) Limited,,Maintenance  Agreement,,12/18/2025,,,,MA (Maintenance  Agreement),,Maintenance  Agreement,,Support and Maintenance,,Mnt,,A,,Taxable Sales,,,,Accounts Receivable,,Paid,,,,,,1.00,,"452,000.00",,"452,000.00",,"122,537,633.31",,Income,,0.00,,,,,,,,,,0.00
,,,"13,558",,Invoice,,12/18/2025,,AS010975,,LK Domain Registry,,Maintenance  Agreement,,12/18/2025,,,,MA (Maintenance  Agreement),,Maintenance  Agreement,,Support and Maintenance,,Sal:EC,,AS,,Taxable Sales,,,,Accounts Receivable,,Paid,,,,,,1.00,,"336,000.00",,"336,000.00",,"122,873,633.31",,Income,,0.00,,,,,,,,,,0.00
,,,"13,559",,Invoice,,12/19/2025,,AS010976,,Adapt Information Technologies,,Synology Rackstation RS822RP+  S/N : 2580AFRSRNHZS,,12/19/2025,,,,Synology:RS822RP+ (Synology Rackstation RS822RP+),,Synology Rackstation RS822RP+,,Synology,,Sal:EC,,A,,Taxable Sales,,,,Accounts Receivable,,Paid,,,,,,1.00,,"439,000.00",,"439,000.00",,"123,312,633.31",,Income,,0.00,,,,,,,,,,0.00
,,,"13,559",,Invoice,,12/19/2025,,AS010976,,Adapt Information Technologies,,"Synology 8TB Plus Hard Drive  S/N : 2570Z9RP2A0VPFALL		            2570Z9RP2A0WVFALL		          ...",,12/19/2025,,,,HDD:HAT3320-8T (Synology 8TB Plus Hard Drive),,Synology 8TB Plus Hard Drive,,Hard Drive,,Sal:EC,,A,,Taxable Sales,,,,Accounts Receivable,,Paid,,,,,,4.00,,"90,000.00",,"360,000.00",,"123,672,633.31",,Income,,0.00,,,,,,,,,,0.00
,,,"13,559",,Invoice,,12/19/2025,,AS010976,,Adapt Information Technologies,,1U Rail Kit,,12/19/2025,,,,Synology:1 U Fixed Rail Kit,,,,Synology,,Sal:EC,,A,,Taxable Sales,,,,Accounts Receivable,,Paid,,,,,,1.00,,,,,,"123,672,633.31",,Income,,0.00,,,,,,,,,,0.00
,,,"13,562",,Invoice,,12/19/2025,,AS010977,,LK Domain Registry,,Maintenance  Agreement,,12/19/2025,,,,MA (Maintenance  Agreement),,Maintenance  Agreement,,Support and Maintenance,,Sal:EC,,AS,,Taxable Sales,,,,Accounts Receivable,,Paid,,,,,,1.00,,"214,000.00",,"214,000.00",,"123,886,633.31",,Income,,0.00,,,,,,,,,,0.00
,,,"13,563",,Invoice,,12/19/2025,,AS010978,,Apex Business Solutions PVT Ltd.,,Extended Warranty  Agreement,,12/19/2025,,,,MA (Maintenance  Agreement),,Maintenance  Agreement,,Support and Maintenance,,Mnt,,AD,,Taxable Sales,,,,Accounts Receivable,,Paid,,,,,,1.00,,"544,000.00",,"544,000.00",,"124,430,633.31",,Income,,0.00,,,,,,,,,,0.00
,,,"13,563",,Invoice,,12/19/2025,,AS010978,,Apex Business Solutions PVT Ltd.,,Maintenance  Agreement,,12/19/2025,,,,MA (Maintenance  Agreement),,Maintenance  Agreement,,Support and Maintenance,,Mnt,,AD,,Taxable Sales,,,,Accounts Receivable,,Paid,,,,,,1.00,,"333,000.00",,"333,000.00",,"124,763,633.31",,Income,,0.00,,,,,,,,,,0.00
,,,"13,565",,Invoice,,12/20/2025,,AS010979,,Electro Net,,BDCOM S1024B 24 Port 100M BaseT 1U Rack Mounted  S/N : S13304071,,12/19/2025,,,,BDCOM:S1024B (BDCOM S1024B 24 Port 100M BaseT 1U Rack Mounted),,BDCOM S1024B 24 Port 100M BaseT 1U Rack Mounted,,BDCOM,,,,AD,,Non-Taxable Sales,,,,Accounts Receivable,,Paid,,,,,,1.00,,"19,000.00",,"19,000.00",,"124,782,633.31",,Income,,0.00,,,,,,,,,,0.00
,,,"13,567",,Invoice,,12/20/2025,,AS010980,,Wiscom Information Technology (Pvt) Ltd,,Acronis Cloud Backup 250GB Monthly Subscription,,12/20/2025,,,,Acronis,,,,Acronics,,Sal:RS,,SM,,Non-Taxable Sales,,,,Accounts Receivable,,Paid,,,,,,1.00,,"12,500.00",,"12,500.00",,"124,795,133.31",,Income,,0.00,,,,,,,,,,0.00
,,,"13,568",,Invoice,,12/20/2025,,AS010981,,ABSOLUTE BUSINESS SOLUTIONS ( PVT) LTD,,Acronis Cloud Backup 25GB Monthly Subscription,,12/20/2025,,,,Acronis,,,,Acronics,,Sal:RS,,SM,,Non-Taxable Sales,,,,Accounts Receivable,,Paid,,,,,,1.00,,"2,000.00",,"2,000.00",,"124,797,133.31",,Income,,0.00,,,,,,,,,,0.00
,,,"13,569",,Invoice,,12/20/2025,,AS010982,,ABSOLUTE BUSINESS SOLUTIONS ( PVT) LTD,,Acronis Cloud Backup 25GB Monthly Subscription,,12/20/2025,,,,Acronis,,,,Acronics,,Sal:RS,,SM,,Non-Taxable Sales,,,,Accounts Receivable,,Paid,,,,,,1.00,,"2,000.00",,"2,000.00",,"124,799,133.31",,Income,,0.00,,,,,,,,,,0.00
,,,"13,572",,Invoice,,12/22/2025,,AS010983,,Micro Technology Lanka (Pvt) Ltd,,"BDCOM POE S1000-8P2F  8Port 100M Switch  S/N : 0W20011408418		            0W20011408417		",,12/22/2025,,,,BDCOM:S1000-8P2F (BDCOM POE S1000-8P2F  8Port 100M Switch),,BDCOM POE S1000-8P2F  8Port 100M Switch,,BDCOM,,,,AR,,Non-Taxable Sales,,,,Accounts Receivable,,Paid,,,,,,2.00,,"8,200.00",,"16,400.00",,"124,815,533.31",,Income,,0.00,,,,,,,,,,0.00
,,,"13,572",,Invoice,,12/22/2025,,AS010983,,Micro Technology Lanka (Pvt) Ltd,,"BDCOM 8-Port Gigabit RJ45 Unmanaged Switch  S/N : 0W20012432584		            0W20012432617		    ...",,12/22/2025,,,,BDCOM:S1500-8T (BDCOM 8-Port Gigabit RJ45 Unmanaged Switch),,BDCOM 8-Port Gigabit RJ45 Unmanaged Switch,,BDCOM,,,,AR,,Non-Taxable Sales,,,,Accounts Receivable,,Paid,,,,,,3.00,,"6,000.00",,"18,000.00",,"124,833,533.31",,Income,,0.00,,,,,,,,,,0.00
,,,"13,572",,Invoice,,12/22/2025,,AS010983,,Micro Technology Lanka (Pvt) Ltd,,"BDCOM WAP2100-T618  S/N :  0P32014104837		",,12/22/2025,,,,BDCOM:WAP2100-T618 (BDCOM WAP2100-T618),,BDCOM WAP2100-T618,,BDCOM,,,,AR,,Non-Taxable Sales,,,,Accounts Receivable,,Paid,,,,,,1.00,,"26,750.00",,"26,750.00",,"124,860,283.31",,Income,,0.00,,,,,,,,,,0.00
,,,"13,572",,Invoice,,12/22/2025,,AS010983,,Micro Technology Lanka (Pvt) Ltd,,Keystone RJ45 Normal,,12/22/2025,,,,Accs (Accessories),,Accessories,,Hardware,,,,AR,,Non-Taxable Sales,,,,Accounts Receivable,,Paid,,,,,,15.00,,300.00,,"4,500.00",,"124,864,783.31",,Income,,0.00,,,,,,,,,,0.00
,,,"13,580",,Invoice,,12/23/2025,,AS010984,,Barclays Computers (Pvt) Ltd,,BDCOM POE S1000-8P2F  8Port 100M Switch  S/N : 0W20011408420            0W20011408419           ...,,12/23/2025,,,,BDCOM:S1000-8P2F (BDCOM POE S1000-8P2F  8Port 100M Switch),,BDCOM POE S1000-8P2F  8Port 100M Switch,,BDCOM,,,,AR,,Taxable Sales,,,,Accounts Receivable,,Paid,,,,,,3.00,,"7,000.00",,"21,000.00",,"124,885,783.31",,Income,,0.00,,,,,,,,,,0.00
,,,"13,598",,Invoice,,12/24/2025,,AS010985,,Debug Computer Peripherals (Pvt) Ltd,,DrayTek Vigor Switch P2282x  S/N : 238720601168,,12/24/2025,,,,Draytek:Vigor P2282x (DrayTek Vigor Switch P2282x),,DrayTek Vigor Switch P2282x,,Draytek,,Sal:RS,,AD,,Taxable Sales,,,,Accounts Receivable,,Paid,,,,,,1.00,,"139,000.00",,"139,000.00",,"125,024,783.31",,Income,,0.00,,,,,,,,,,0.00
,,,"13,599",,Invoice,,12/24/2025,,AS010986,,Fentons Ltd,,"Synology Rackstation RS822RP+ with 8GB RAM  S/N :  25A0AFRRFXWTA		",,12/24/2025,,,,Synology:RS822RP+ (Synology Rackstation RS822RP+),,Synology Rackstation RS822RP+,,Synology,,,,A,,Taxable Sales,,,,Accounts Receivable,,Paid,,,,,,1.00,,"503,000.00",,"503,000.00",,"125,527,783.31",,Income,,0.00,,,,,,,,,,0.00
,,,"13,599",,Invoice,,12/24/2025,,AS010986,,Fentons Ltd,,"Synology 6TB Plus Hard Drive  S/N :  2530VYRZVY09T07		             2530VYRZVY0A9PX		            ...",,12/24/2025,,,,HDD:HAT3300-6T (Synology 6TB Plus Hard Drive),,Synology 6TB Plus Hard Drive,,Hard Drive,,,,A,,Taxable Sales,,,,Accounts Receivable,,Paid,,,,,,4.00,,"75,000.00",,"300,000.00",,"125,827,783.31",,Income,,0.00,,,,,,,,,,0.00
,,,"13,599",,Invoice,,12/24/2025,,AS010986,,Fentons Ltd,,1U Rail Kit,,12/24/2025,,,,Synology:1 U Fixed Rail Kit,,,,Synology,,,,A,,Taxable Sales,,,,Accounts Receivable,,Paid,,,,,,1.00,,,,,,"125,827,783.31",,Income,,0.00,,,,,,,,,,0.00
,,,"13,599",,Invoice,,12/24/2025,,AS010986,,Fentons Ltd,,Special Discount,,12/24/2025,,,,Discount,,,,Sales Discount,,,,A,,Taxable Sales,,,,Accounts Receivable,,Paid,,,,,,,,"-30,000.00",,"-30,000.00",,"125,797,783.31",,Income,,0.00,,,,,,,,,,0.00
,,,"13,600",,Invoice,,12/24/2025,,AS010987,,Network Information Technologies (Pvt) Lt,,"Synology DiskStation DS225+ 2Bay NAS  S/N : 2580ZDRG0W7N2		",,12/24/2025,,,,Synology:DS225+ (Synology DiskStation DS225+ 2Bay NAS),,Synology DiskStation DS225+ 2Bay NAS,,Synology,,Sal:RS,,AS,,Taxable Sales,,,,Accounts Receivable,,Paid,,,,,,1.00,,"188,628.75",,"188,628.75",,"125,986,412.06",,Income,,0.00,,,,,,,,,,0.00
,,,"13,600",,Invoice,,12/24/2025,,AS010987,,Network Information Technologies (Pvt) Lt,,"Synology 2TB Plus Hard Drive  S/N : 2530XZR00ZWD1FB2C		            2530XZR00ZWD1FAWN		",,12/24/2025,,,,HDD:HAT3300-2T (Synology 2TB Plus Hard Drive),,Synology 2TB Plus Hard Drive,,Hard Drive,,Sal:RS,,AS,,Taxable Sales,,,,Accounts Receivable,,Paid,,,,,,2.00,,,,,,"125,986,412.06",,Income,,0.00,,,,,,,,,,0.00
,,,"13,601",,Invoice,,12/24/2025,,AS010988,,Barclays Computers (Pvt) Ltd,,"BDCOM WAP2100-T618 with P/A  S/N : 0P32014104842		            0P32014104834		            0P32014...",,12/24/2025,,,,BDCOM:WAP2100-T618 (BDCOM WAP2100-T618),,BDCOM WAP2100-T618,,BDCOM,,,,AR,,Taxable Sales,,,,Accounts Receivable,,Paid,,,,,,5.00,,"22,000.00",,"110,000.00",,"126,096,412.06",,Income,,0.00,,,,,,,,,,0.00
,,,"13,602",,Invoice,,12/26/2025,,AS010989,,MARS Network (Pvt) Ltd,,"Acronis Cyber Protect - Backup Advanced Server Subscription License, 1 Year",,12/24/2025,,,,Acronis,,,,Acronics,,,,A,,Taxable Sales,,,,Accounts Receivable,,Paid,,,,,,1.00,,"198,000.00",,"198,000.00",,"126,294,412.06",,Income,,0.00,,,,,,,,,,0.00
,,,"13,612",,Invoice,,12/29/2025,,AS010990,,Rangiri Srilanka Media Networks,,"4TB Enterprise Toshiba HDD  S/N : 85B9K0F6FJKA		            85A6K0VBFJKA - Fail HDD on (6/1/2026...",,12/29/2025,,,,HDD:4TB Ent Toshiba (4TB Enterprise Toshiba HDD),,4TB Enterprise Toshiba HDD,,Hard Drive,,Sal:RS,,AS,,Taxable Sales,,,,Accounts Receivable,,Paid,,,,,,3.00,,"67,000.00",,"201,000.00",,"126,495,412.06",,Income,,0.00,,,,,,,,,,0.00
,,,"13,615",,Invoice,,12/29/2025,,AS010991,,Sell-X Computers (Pvt) Ltd,,"Synology DiskStation DS425+ 4 Bay  S/N :  2580YGRNGZRX7		",,12/29/2025,,,,Synology:DS425+ (Synology DiskStation DS425+ 4 Bay),,Synology DiskStation DS425+ 4 Bay,,Synology,,,,AD,,Taxable Sales,,,,Accounts Receivable,,Paid,,,,,,1.00,,"167,000.00",,"167,000.00",,"126,662,412.06",,Income,,0.00,,,,,,,,,,0.00
,,,"13,615",,Invoice,,12/29/2025,,AS010991,,Sell-X Computers (Pvt) Ltd,,"Synology 4TB Plus HDD  S/N : 2540VXRZW63L331	            2540VXRZW63L341	  ",,12/29/2025,,,,HDD:HAT3300-4T (Synology 4TB Plus HDD),,Synology 4TB Plus HDD,,Hard Drive,,,,AD,,Taxable Sales,,,,Accounts Receivable,,Paid,,,,,,2.00,,"55,000.00",,"110,000.00",,"126,772,412.06",,Income,,0.00,,,,,,,,,,0.00
,,,"13,616",,Invoice,,12/29/2025,,AS010992,,IT Shop,,"Draytek Vigor 2915 Security Appliance  S/N :  256005349763		             256005349766		",,12/29/2025,,,,Draytek:Vigor 2915 (Draytek Vigor 2915 Security Appliance),,Draytek Vigor 2915 Security Appliance,,Draytek,,,,AD,,Non-Taxable Sales,,,,Accounts Receivable,,Paid,,,,,,2.00,,"45,430.00",,"90,860.00",,"126,863,272.06",,Income,,0.00,,,,,,,,,,0.00
,,,"13,617",,Invoice,,12/29/2025,,AS010993,,Base Hp (Pvt) Ltd,,"Synology Diskstation DS223  2Bay  S/N : 2580V1RPH9H4N		",,12/29/2025,,,,Synology:DS223 (Synology Diskstation DS223  2Bay),,Synology Diskstation DS223  2Bay,,Synology,,,,A,,Taxable Sales,,,,Accounts Receivable,,Paid,,,,,,1.00,,"98,000.00",,"98,000.00",,"126,961,272.06",,Income,,0.00,,,,,,,,,,0.00
,,,"13,617",,Invoice,,12/29/2025,,AS010993,,Base Hp (Pvt) Ltd,,"Synology 2TB Plus Hard Drive  S/N : 2530XZR00ZWD1FAV9		            2530NZR00ZWD1FB4N		",,12/29/2025,,,,HDD:HAT3300-2T (Synology 2TB Plus Hard Drive),,Synology 2TB Plus Hard Drive,,Hard Drive,,,,A,,Taxable Sales,,,,Accounts Receivable,,Paid,,,,,,2.00,,"37,000.00",,"74,000.00",,"127,035,272.06",,Income,,0.00,,,,,,,,,,0.00
,,,"13,618",,Invoice,,12/29/2025,,AS010994,,IT Shop,,"Draytek Vigor 2915 Security Appliance  S/N : 256005349762		            256005349770		           ...",,12/29/2025,,,,Draytek:Vigor 2915 (Draytek Vigor 2915 Security Appliance),,Draytek Vigor 2915 Security Appliance,,Draytek,,,,AD,,Non-Taxable Sales,,,,Accounts Receivable,,Paid,,,,,,3.00,,"45,430.00",,"136,290.00",,"127,171,562.06",,Income,,0.00,,,,,,,,,,0.00
,,,"13,619",,Credit Memo,,12/30/2025,,AS00123,,Green Digital Technologies (Pvt) Ltd,,"BDCOM WAP2100-T512  S/N : 0P32014030138	            0P32014030137	",,12/30/2025,,,,BDCOM:WAP2100-T512 (BDCOM WAP2100-T512),,BDCOM WAP2100-T512,,BDCOM,,Sal:RS,,,,Non-Taxable Sales,,,,Accounts Receivable,,Paid,,,,,,-2.00,,"20,000.00",,"-40,000.00",,"127,131,562.06",,Income,,0.00,,,,,,,,,,0.00
,,,"13,623",,Invoice,,12/31/2025,,AS010995,,Barclays Computers (Pvt) Ltd,,"Synology DS223j  S/N : 25B0UKRAP7JQJ	            25C0UKR58FZKJ	            25C0UKR5ZZZ39	",,12/31/2025,,,,Synology:DS223j (Synology DS223j  ),,Synology DS223j  ,,Synology,,Sal:RS,,AS,,Taxable Sales,,,,Accounts Receivable,,Paid,,,,,,3.00,,"65,400.00",,"196,200.00",,"127,327,762.06",,Income,,0.00,,,,,,,,,,0.00
,,,"13,623",,Invoice,,12/31/2025,,AS010995,,Barclays Computers (Pvt) Ltd,,"Synology Diskstation DS223  2Bay  S/N : 25C0V1R0N0FK2	            25C0V1RQB3F4V	            2580...",,12/31/2025,,,,Synology:DS223 (Synology Diskstation DS223  2Bay),,Synology Diskstation DS223  2Bay,,Synology,,Sal:RS,,AS,,Taxable Sales,,,,Accounts Receivable,,Paid,,,,,,3.00,,"95,400.00",,"286,200.00",,"127,613,962.06",,Income,,0.00,,,,,,,,,,0.00
,,,"13,623",,Invoice,,12/31/2025,,AS010995,,Barclays Computers (Pvt) Ltd,,"Synology DS423 4 Bay NAS  S/N : 25C0UVRTHHHDB	",,12/31/2025,,,,Synology:DS423 (Synology DS423 4 Bay NAS),,Synology DS423 4 Bay NAS,,Synology,,Sal:RS,,AS,,Taxable Sales,,,,Accounts Receivable,,Paid,,,,,,1.00,,"133,347.46",,"133,347.46",,"127,747,309.52",,Income,,0.00,,,,,,,,,,0.00
,,,"13,624",,Invoice,,01/02/2026,,AS010996,,CEAT Kelani International Tyres (Pvt)Ltd,,"Synology 4TB Plus HDD  S/N : 2540VXRZW63L34J		",,01/02/2026,,,,HDD:HAT3300-4T (Synology 4TB Plus HDD),,Synology 4TB Plus HDD,,Hard Drive,,,,AD,,Taxable Sales,,,,Accounts Receivable,,Unpaid,,,,118,,1.00,,"48,000.00",,"48,000.00",,"127,795,309.52",,Income,,0.00,,,,,,,,,,0.00
,,,"13,633",,Invoice,,01/05/2026,,AS010997,,Adapt Information Technologies,,"Synology RackStation RS422+  S/N :  2530TSRMEE1H9		",,01/05/2026,,,,Synology:RS422+ (Synology RackStation RS422+),,Synology RackStation RS422+,,Synology,,,,A,,Taxable Sales,,,,Accounts Receivable,,Paid,,,,,,1.00,,"292,000.00",,"292,000.00",,"128,087,309.52",,Income,,0.00,,,,,,,,,,0.00
,,,"13,633",,Invoice,,01/05/2026,,AS010997,,Adapt Information Technologies,,"Synology 8TB Plus Hard Drive  S/N :  2570Z9RV2A046FALL 		             2570Z9RP2A0WJFALL		       ...",,01/05/2026,,,,HDD:HAT3320-8T (Synology 8TB Plus Hard Drive),,Synology 8TB Plus Hard Drive,,Hard Drive,,,,A,,Taxable Sales,,,,Accounts Receivable,,Paid,,,,,,4.00,,"82,000.00",,"328,000.00",,"128,415,309.52",,Income,,0.00,,,,,,,,,,0.00
,,,"13,633",,Invoice,,01/05/2026,,AS010997,,Adapt Information Technologies,,1U Rail Kit,,01/05/2026,,,,Synology:1 U Fixed Rail Kit,,,,Synology,,,,A,,Taxable Sales,,,,Accounts Receivable,,Paid,,,,,,1.00,,,,,,"128,415,309.52",,Income,,0.00,,,,,,,,,,0.00
,,,"13,634",,Invoice,,01/05/2026,,AS010998,,Fazaal Bath Studio,,PC OS & Office Package Installation and  HDD Data Migration,,01/05/2026,,,,Services,,,,Support and Maintenance,,Sal:EC,,AS,,Non-Taxable Sales,,,,Accounts Receivable,,Paid,,,,,,1.00,,"8,850.00",,"8,850.00",,"128,424,159.52",,Income,,0.00,,,,,,,,,,0.00
,,,"13,638",,Invoice,,01/06/2026,,AS010999,,Unity Systems Solutions,,Synology Diskstation DS223  2Bay  S/N : 25C0V1RJ5G35J,,01/06/2026,,,,Synology:DS223 (Synology Diskstation DS223  2Bay),,Synology Diskstation DS223  2Bay,,Synology,,Sal:RS,,AD,,Taxable Sales,,,,Accounts Receivable,,Paid,,,,,,1.00,,"95,000.00",,"95,000.00",,"128,519,159.52",,Income,,0.00,,,,,,,,,,0.00
,,,"13,639",,Invoice,,01/06/2026,,AS011000,,POWER HOUSE (PVT) LTD,,12TB Synology Plus Hard Drive  S/N : 2340W1RZRT0TENH,,01/06/2026,,,,HDD:HAT3300-12T (12TB Synology Plus Hard Drive),,12TB Synology Plus Hard Drive,,Hard Drive,,Sal:RS,,A,,Taxable Sales,,,,Accounts Receivable,,Paid,,,,,,1.00,,"131,000.00",,"131,000.00",,"128,650,159.52",,Income,,0.00,,,,,,,,,,0.00
,,,"13,706",,Invoice,,01/07/2026,,AS011001,,Barclays Computers (Pvt) Ltd,,"BDCOM 8-Port Gigabit RJ45 Unmanaged Switch  S/N : 0W20012432596		            0W20012432590		    ...",,01/07/2026,,,,BDCOM:S1500-8T (BDCOM 8-Port Gigabit RJ45 Unmanaged Switch),,BDCOM 8-Port Gigabit RJ45 Unmanaged Switch,,BDCOM,,,,AR,,Taxable Sales,,,,Accounts Receivable,,Paid,,,,,,10.00,,"5,000.00",,"50,000.00",,"128,700,159.52",,Income,,0.00,,,,,,,,,,0.00
,,,"13,707",,Invoice,,01/07/2026,,AS011002,,Ascension Technologies (Pvt) Ltd,,"Synology DS423 4 Bay NAS  S/N : 25C0UVRZ2AWGE	",,01/07/2026,,,,Synology:DS423 (Synology DS423 4 Bay NAS),,Synology DS423 4 Bay NAS,,Synology,,Sal:EC,,AD,,Taxable Sales,,,,Accounts Receivable,,Paid,,,,,,1.00,,"129,000.00",,"129,000.00",,"128,829,159.52",,Income,,0.00,,,,,,,,,,0.00
,,,"13,707",,Invoice,,01/07/2026,,AS011002,,Ascension Technologies (Pvt) Ltd,,"Synology 8TB Plus Hard Drive  S/N : 2580Z9RW2A01RFALL	            2570Z9RP2A00LFALL	",,01/07/2026,,,,HDD:HAT3320-8T (Synology 8TB Plus Hard Drive),,Synology 8TB Plus Hard Drive,,Hard Drive,,Sal:EC,,AD,,Taxable Sales,,,,Accounts Receivable,,Paid,,,,,,2.00,,"98,000.00",,"196,000.00",,"129,025,159.52",,Income,,0.00,,,,,,,,,,0.00
,,,"13,752",,Invoice,,01/09/2026,,AS011003,,Allied Techno Services Pvt Ltd,,"Synology Rackstation RS822RP+ with 16GB RAM  S/N : 25A0AFRCTWW6V		",,01/09/2026,,,,Synology:RS822RP+ (Synology Rackstation RS822RP+),,Synology Rackstation RS822RP+,,Synology,,Sal:RS,,AD,,Taxable Sales,,,,Accounts Receivable,,Paid,,,,,,1.00,,"553,000.00",,"553,000.00",,"129,578,159.52",,Income,,0.00,,,,,,,,,,0.00
,,,"13,752",,Invoice,,01/09/2026,,AS011003,,Allied Techno Services Pvt Ltd,,"Synology 4TB Plus HDD  S/N : 2540VXRZW63L32N		            2540VXRZW63JK67		            2540VXRZW...",,01/09/2026,,,,HDD:HAT3300-4T (Synology 4TB Plus HDD),,Synology 4TB Plus HDD,,Hard Drive,,Sal:RS,,AD,,Taxable Sales,,,,Accounts Receivable,,Paid,,,,,,4.00,,"57,000.00",,"228,000.00",,"129,806,159.52",,Income,,0.00,,,,,,,,,,0.00
,,,"13,752",,Invoice,,01/09/2026,,AS011003,,Allied Techno Services Pvt Ltd,,1U Rail Kit,,01/09/2026,,,,Synology:1 U Fixed Rail Kit,,,,Synology,,Sal:RS,,AD,,Taxable Sales,,,,Accounts Receivable,,Paid,,,,,,1.00,,,,,,"129,806,159.52",,Income,,0.00,,,,,,,,,,0.00
,,,"13,753",,Invoice,,01/09/2026,,AS011004,,Debug Computer Peripherals (Pvt) Ltd,,"Synology NAS DS925+ 4 Bay NAS with 8GB RAM  S/N : 2580YHRF1K6WK		",,01/09/2026,,,,Synology:DS925+ (Synology NAS DS925+ 4 Bay NAS),,Synology NAS DS925+ 4 Bay NAS,,Synology,,Sal:RS,,AD,,Taxable Sales,,,,Accounts Receivable,,Paid,,,,,,1.00,,"268,000.00",,"268,000.00",,"130,074,159.52",,Income,,0.00,,,,,,,,,,0.00
,,,"13,753",,Invoice,,01/09/2026,,AS011004,,Debug Computer Peripherals (Pvt) Ltd,,"12TB Synology Plus HDD  S/N :  2540XDRQ0A2SPF1XL		            2550XDRB0A022F1XL		            255...",,01/09/2026,,,,HDD:HAT3310-12T (12TB Synology Plus HDD),,12TB Synology Plus HDD,,Hard Drive,,Sal:RS,,AD,,Taxable Sales,,,,Accounts Receivable,,Paid,,,,,,4.00,,"127,000.00",,"508,000.00",,"130,582,159.52",,Income,,0.00,,,,,,,,,,0.00
,,,"13,754",,Invoice,,01/09/2026,,AS011005,,Barclays Computers (Pvt) Ltd,,"BDCOM POE S1000-8P2F  8Port 100M Switch  S/N :  0W20011407145		             0W20011408519		",,01/09/2026,,,,BDCOM:S1000-8P2F (BDCOM POE S1000-8P2F  8Port 100M Switch),,BDCOM POE S1000-8P2F  8Port 100M Switch,,BDCOM,,Sal:RS,,AR,,Taxable Sales,,,,Accounts Receivable,,Paid,,,,,,2.00,,"7,000.00",,"14,000.00",,"130,596,159.52",,Income,,0.00,,,,,,,,,,0.00
,,,"13,757",,Invoice,,01/09/2026,,AS011006,,Mr. Nirosh (Rayfor),,"BDCOM WAP2100-T618 with P/A  S/N :0P32014104843		           0P32014104841		",,01/24/2026,,,,BDCOM:WAP2100-T618 (BDCOM WAP2100-T618),,BDCOM WAP2100-T618,,BDCOM,,Sal:RS,,AR,,Non-Taxable Sales,,,,Accounts Receivable,,Unpaid,,,,96,,2.00,,"26,500.00",,"53,000.00",,"130,649,159.52",,Income,,0.00,,,,,,,,,,0.00
,,,"13,758",,Invoice,,01/09/2026,,AS011007,,Mr. Nipun Dissanayake,,BDCOM WAP2100-T512 with P/A  S/N : 0P32014030138            0P32014030137,,01/09/2026,,,,BDCOM:WAP2100-T512 (BDCOM WAP2100-T512),,BDCOM WAP2100-T512,,BDCOM,,Sal:RS,,AR,,Non-Taxable Sales,,,,Accounts Receivable,,Paid,,,,,,2.00,,"20,532.00",,"41,064.00",,"130,690,223.52",,Income,,0.00,,,,,,,,,,0.00
,,,"13,829",,Invoice,,01/12/2026,,AS011008,,E Con Network (Pvt) Ltd,,"Synology 16TB Plus HDD  S/N : 2540XERG0A0HBF1VL		            2540XERG0A0JXF1VL		            2540...",,12/31/2025,,,,HDD:HAT3310-16T (Synology 16TB Plus HDD),,Synology 16TB Plus HDD,,Hard Drive,,,,AR,,Taxable Sales,,,,Accounts Receivable,,Paid,,,,,,3.00,,"169,000.00",,"507,000.00",,"131,197,223.52",,Income,,0.00,,,,,,,,,,0.00
,,,"13,840",,Invoice,,01/12/2026,,AS011009,,Rapidventure (Pvt) Ltd,,"BDCOM GSFP-SX-D M/M Transceiver  S/N : 1108B003307	            1108B003308	",,01/12/2026,,,,BDCOM:GSFP-SX-D,,,,BDCOM,,Sal:RS,,AD,,Taxable Sales,,,,Accounts Receivable,,Paid,,,,,,2.00,,"4,000.00",,"8,000.00",,"131,205,223.52",,Income,,0.00,,,,,,,,,,0.00
,,,"13,842",,Invoice,,01/13/2026,,AS011010,,X Press Solutions (Mr. Irfan),,Desktop PC (intel core i5),,01/13/2026,,,,PC,,,,Hardware,,Sal:EC,,AS,,Taxable Sales,,,,Accounts Receivable,,Unpaid,,,,107,,1.00,,"180,000.00",,"180,000.00",,"131,385,223.52",,Income,,0.00,,,,,,,,,,0.00
,,,"13,843",,Invoice,,01/13/2026,,AS011011,,MTV Channel (Pvt) Ltd,,Synology SA3400 NAS Rentable Charges (2 Months),,01/13/2026,,,,Rental,,,,Other Sales,,Sal:EC,,AS,,Taxable Sales,,,,Accounts Receivable,,Paid,,,,,,2.00,,"275,000.00",,"550,000.00",,"131,935,223.52",,Income,,0.00,,,,,,,,,,0.00
,,,"13,844",,Invoice,,01/13/2026,,AS011012,,MTV Channel (Pvt) Ltd,,Synology SA3400 NAS Rentable Charges (2 Months),,01/13/2026,,,,Rental,,,,Other Sales,,Sal:EC,,AS,,Taxable Sales,,,,Accounts Receivable,,Paid,,,,,,2.00,,"275,000.00",,"550,000.00",,"132,485,223.52",,Income,,0.00,,,,,,,,,,0.00
,,,"13,845",,Invoice,,01/14/2026,,AS011013,,Sevenx Lanka (Pvt) Ltd,,"BDCOM S1508E 8Port Mountable Switch  S/N : 0W20002004741		            0W20002004727		",,01/14/2026,,,,BDCOM:S1508E,,,,BDCOM,,,,AD,,Taxable Sales,,,,Accounts Receivable,,Paid,,,,,,2.00,,"5,500.00",,"11,000.00",,"132,496,223.52",,Income,,0.00,,,,,,,,,,0.00
,,,"13,848",,Invoice,,01/14/2026,,AS011014,,TechCERT,,Acronis True Image Essentials Subscription 3 Computers - 1 year Subscription ESD,,01/14/2026,,,,Acronis,,,,Acronics,,Sal:EC,,AS,,Taxable Sales,,,,Accounts Receivable,,Paid,,,,,,1.00,,"20,480.00",,"20,480.00",,"132,516,703.52",,Income,,0.00,,,,,,,,,,0.00
,,,"13,848",,Invoice,,01/14/2026,,AS011014,,TechCERT,,Acronis True Image Essentials Subscription 5 Computers - 1 year Subscription ESD,,01/14/2026,,,,Acronis,,,,Acronics,,Sal:EC,,AS,,Taxable Sales,,,,Accounts Receivable,,Paid,,,,,,2.00,,"25,600.00",,"51,200.00",,"132,567,903.52",,Income,,0.00,,,,,,,,,,0.00
,,,"13,849",,Invoice,,01/16/2026,,AS011015,,Barclays Computers (Pvt) Ltd,,"Synology DS423 4 Bay NAS  S/N :  25C0UVR9FR33X		             25C0UVRQW8JAV		  ",,01/16/2026,,,,Synology:DS423 (Synology DS423 4 Bay NAS),,Synology DS423 4 Bay NAS,,Synology,,,,AS,,Taxable Sales,,,,Accounts Receivable,,Paid,,,,,,2.00,,"133,347.50",,"266,695.00",,"132,834,598.52",,Income,,0.00,,,,,,,,,,0.00
,,,"13,862",,Invoice,,01/21/2026,,AS011016,,E-Net Integrated Solutions (Pvt) Ltd,,BDCOM S1500-24T Switch  S/N : 0W20012600134            0W20012600428,,01/21/2026,,,,BDCOM:S1500-24T (BDCOM S1500-24T Switch),,BDCOM S1500-24T Switch,,BDCOM,,Sal:EC,,AR,,Non-Taxable Sales,,,,Accounts Receivable,,Paid,,,,,,2.00,,"23,750.00",,"47,500.00",,"132,882,098.52",,Income,,0.00,,,,,,,,,,0.00
,,,"13,863",,Invoice,,01/21/2026,,AS011017,,T&D Associates,,8GB Crucial RAM for Module for DS916+,,01/21/2026,,,,RAM,,,,Hardware,,Sal:EC,,AD,,Non-Taxable Sales,,,,Accounts Receivable,,Paid,,,,,,1.00,,"47,200.00",,"47,200.00",,"132,929,298.52",,Income,,0.00,,,,,,,,,,0.00
,,,"13,869",,Invoice,,01/21/2026,,AS011018,,LANKA COMMODITY BROKERS LTD,,Anti Spam Service,,01/21/2026,,,,Services,,,,Support and Maintenance,,Mnt,,AS,,Taxable Sales,,,,Accounts Receivable,,Paid,,,,,,1.00,,"6,949.31",,"6,949.31",,"132,936,247.83",,Income,,0.00,,,,,,,,,,0.00
,,,"13,870",,Invoice,,01/21/2026,,AS011019,,LANKA COMMODITY BROKERS LTD,,7GB Storage Space  100GB Transfer Bandwidth  1 Nos Fixed IP. (Clean)  SPF/ DKIM Supported  Spam ...,,01/21/2026,,,,Host Email,,,,Support and Maintenance,,Mnt,,AS,,Taxable Sales,,,,Accounts Receivable,,Paid,,,,,,1.00,,"19,068.37",,"19,068.37",,"132,955,316.20",,Income,,0.00,,,,,,,,,,0.00
,,,"13,871",,Invoice,,01/21/2026,,AS011020,,LANKA MOUNT CASTLE (PVT) LTD,,20GB Storage Capacity with 30 Email Accounts,,01/21/2026,,,,Host Email,,,,Support and Maintenance,,Mnt,,AS,,Taxable Sales,,,,Accounts Receivable,,Unpaid,,,,99,,1.00,,"15,637.50",,"15,637.50",,"132,970,953.70",,Income,,0.00,,,,,,,,,,0.00
,,,"13,872",,Invoice,,01/21/2026,,AS011021,,AL - ARAF HOTELS & RESORT (PVT) LTD,,Hosting Charges for 10 email Accounts (10$),,01/21/2026,,,,Hosting (Hosting),,Hosting,,Support and Maintenance,,Sal:RS,,AS,,Taxable Sales,,,,Accounts Receivable,,Paid,,,,,,1.00,,"3,127.50",,"3,127.50",,"132,974,081.20",,Income,,0.00,,,,,,,,,,0.00
,,,"13,873",,Invoice,,01/21/2026,,AS011022,,ABSOLUTE BUSINESS SOLUTIONS ( PVT) LTD,,Acronis Cloud Backup 25GB Monthly Subscription,,01/21/2026,,,,Acronis,,,,Acronics,,Sal:RS,,SM,,Non-Taxable Sales,,,,Accounts Receivable,,Paid,,,,,,1.00,,"2,000.00",,"2,000.00",,"132,976,081.20",,Income,,0.00,,,,,,,,,,0.00
,,,"13,874",,Invoice,,01/21/2026,,AS011023,,ABSOLUTE BUSINESS SOLUTIONS ( PVT) LTD,,Acronis Cloud Backup 25GB Monthly Subscription,,01/21/2026,,,,Acronis,,,,Acronics,,Sal:RS,,SM,,Non-Taxable Sales,,,,Accounts Receivable,,Paid,,,,,,1.00,,"2,000.00",,"2,000.00",,"132,978,081.20",,Income,,0.00,,,,,,,,,,0.00
,,,"13,875",,Invoice,,01/21/2026,,AS011024,,Wiscom Information Technology (Pvt) Ltd,,Acronis Cloud Backup 250GB Monthly Subscription,,01/21/2026,,,,Acronis,,,,Acronics,,Sal:RS,,SM,,Non-Taxable Sales,,,,Accounts Receivable,,Paid,,,,,,1.00,,"12,500.00",,"12,500.00",,"132,990,581.20",,Income,,0.00,,,,,,,,,,0.00
,,,"13,876",,Invoice,,01/22/2026,,AS011025,,Office Network (Pvt) Ltd,,"Synology Rack Station RS1221RP+ 8bay With 16GB RAM  S/N :    25A0RXR97P5SD		",,01/22/2026,,,,Synology:RS1221RP+,,,,Synology,,,,A,,Taxable Sales,,,,Accounts Receivable,,Paid,,,,,,1.00,,"1,772,887.50",,"1,772,887.50",,"134,763,468.70",,Income,,0.00,,,,,,,,,,0.00
,,,"13,876",,Invoice,,01/22/2026,,AS011025,,Office Network (Pvt) Ltd,,"Synology 16TB Plus HDD  S/N :  2540XERG0A0N2F1VL		             2540XERG0A13NF1VL		             2...",,01/22/2026,,,,HDD:HAT3310-16T (Synology 16TB Plus HDD),,Synology 16TB Plus HDD,,Hard Drive,,,,A,,Taxable Sales,,,,Accounts Receivable,,Paid,,,,,,6.00,,,,,,"134,763,468.70",,Income,,0.00,,,,,,,,,,0.00
,,,"13,876",,Invoice,,01/22/2026,,AS011025,,Office Network (Pvt) Ltd,,2U Rail Kit,,01/22/2026,,,,Synology:2 U Sliding Rail Kit,,,,Synology,,,,A,,Taxable Sales,,,,Accounts Receivable,,Paid,,,,,,1.00,,,,,,"134,763,468.70",,Income,,0.00,,,,,,,,,,0.00
,,,"13,880",,Invoice,,01/22/2026,,AS011026,,Tekki (Pvt) Ltd,,Storage Capacity 10TB - (January 2026),,01/22/2026,,,,Rental,,,,Other Sales,,Sal:RS,,AS,,Non-Taxable Sales,,,,Accounts Receivable,,Unpaid,,,,98,,10.00,,"2,360.00",,"23,600.00",,"134,787,068.70",,Income,,0.00,,,,,,,,,,0.00
,,,"13,882",,Invoice,,01/22/2026,,AS011027,,M.A Sirimal Die Cutter Makers,,Synology NAS Troubleshooting Charge,,01/22/2026,,,,Services,,,,Support and Maintenance,,Sal:EC,,AD,,Non-Taxable Sales,,,,Accounts Receivable,,Paid,,,,,,1.00,,"7,500.00",,"7,500.00",,"134,794,568.70",,Income,,0.00,,,,,,,,,,0.00
,,,"13,883",,Invoice,,01/22/2026,,AS011028,,Rangiri Srilanka Media Networks,,"4TB Enterprise Toshiba HDD  S/N : 8527K0FUFJKA		",,01/22/2026,,,,HDD:4TB Ent Toshiba (4TB Enterprise Toshiba HDD),,4TB Enterprise Toshiba HDD,,Hard Drive,,,,AS,,Taxable Sales,,,,Accounts Receivable,,Paid,,,,,,1.00,,"67,000.00",,"67,000.00",,"134,861,568.70",,Income,,0.00,,,,,,,,,,0.00
,,,"13,885",,Invoice,,01/22/2026,,AS011029,,Millennium I.T.E.S.P (Pvt) Ltd,,Maintenance  Agreement    ,,01/22/2026,,,,MA (Maintenance  Agreement),,Maintenance  Agreement,,Support and Maintenance,,Sal:RS,,AD,,Taxable Sales,,,,Accounts Receivable,,Paid,,,,,,1.00,,"185,000.00",,"185,000.00",,"135,046,568.70",,Income,,0.00,,,,,,,,,,0.00
,,,"13,885",,Invoice,,01/22/2026,,AS011029,,Millennium I.T.E.S.P (Pvt) Ltd,, Unit -02 Synology NAS DX517  S/N 2120PLN007900,,01/22/2026,,,,MA (Maintenance  Agreement),,Maintenance  Agreement,,Support and Maintenance,,Sal:RS,,AD,,Taxable Sales,,,,Accounts Receivable,,Paid,,,,,,1.00,,"119,000.00",,"119,000.00",,"135,165,568.70",,Income,,0.00,,,,,,,,,,0.00
,,,"13,885",,Invoice,,01/22/2026,,AS011029,,Millennium I.T.E.S.P (Pvt) Ltd,,24X7 Enhance Support (Annually),,01/22/2026,,,,Services,,,,Support and Maintenance,,Sal:RS,,AD,,Taxable Sales,,,,Accounts Receivable,,Paid,,,,,,1.00,,"61,000.00",,"61,000.00",,"135,226,568.70",,Income,,0.00,,,,,,,,,,0.00
,,,"13,885",,Invoice,,01/22/2026,,AS011029,,Millennium I.T.E.S.P (Pvt) Ltd,,Discount,,01/22/2026,,,,Discount,,,,Sales Discount,,Sal:RS,,AD,,Taxable Sales,,,,Accounts Receivable,,Paid,,,,,,,,"-11,000.00",,"-11,000.00",,"135,215,568.70",,Income,,0.00,,,,,,,,,,0.00
,,,"13,885",,Invoice,,01/22/2026,,AS011029,,Millennium I.T.E.S.P (Pvt) Ltd,,Unit -03 Synology NAS DX517   S/N  2260PLN481500,,01/22/2026,,,,MA (Maintenance  Agreement),,Maintenance  Agreement,,Support and Maintenance,,Sal:RS,,AD,,Taxable Sales,,,,Accounts Receivable,,Paid,,,,,,1.00,,"88,000.00",,"88,000.00",,"135,303,568.70",,Income,,0.00,,,,,,,,,,0.00
,,,"13,885",,Invoice,,01/22/2026,,AS011029,,Millennium I.T.E.S.P (Pvt) Ltd,,24X7 Enhance Support (Annually),,01/22/2026,,,,Services,,,,Support and Maintenance,,Sal:RS,,AD,,Taxable Sales,,,,Accounts Receivable,,Paid,,,,,,1.00,,"17,600.00",,"17,600.00",,"135,321,168.70",,Income,,0.00,,,,,,,,,,0.00
,,,"13,887",,Invoice,,01/23/2026,,AS011030,,MM Trade Stationers (Pvt) Ltd.,,"Synology DiskStation DS1525+ 5Bay NAS  S/N : 2580YJRTWWNGY	",,01/22/2026,,,,Synology:DS1525+ (Synology DiskStation DS1525+ 5Bay NAS),,Synology DiskStation DS1525+ 5Bay NAS,,Synology,,Sal:RS,,AR,,Taxable Sales,,,,Accounts Receivable,,Paid,,,,,,1.00,,"260,000.00",,"260,000.00",,"135,581,168.70",,Income,,0.00,,,,,,,,,,0.00
,,,"13,994",,Invoice,,01/28/2026,,AS011031,,CNMS Holdings (Pvt) Ltd,,Draytek Vigor 2927 Security Appliance. Dual Wan  S/N : 244005047152,,01/27/2026,,,,Draytek:Vigor 2927 (Draytek Vigor 2927 Security Appliance. Dual Wan),,Draytek Vigor 2927 Security Appliance. Dual Wan,,Draytek,,,,AD,,Taxable Sales,,,,Accounts Receivable,,Paid,,,,,,1.00,,"64,000.00",,"64,000.00",,"135,645,168.70",,Income,,0.00,,,,,,,,,,0.00
,,,"13,994",,Invoice,,01/28/2026,,AS011031,,CNMS Holdings (Pvt) Ltd,,Configuration Charge,,01/27/2026,,,,Implementation & configuration,,,,Support and Maintenance,,,,AD,,Taxable Sales,,,,Accounts Receivable,,Paid,,,,,,1.00,,"15,000.00",,"15,000.00",,"135,660,168.70",,Income,,0.00,,,,,,,,,,0.00
,,,"13,998",,Invoice,,01/28/2026,,AS011032,,Barclays Computers (Pvt) Ltd,,"BDCOM S1500-16T Switch  S/N :  0W20012502492		             0W20012502486		",,01/28/2026,,,,BDCOM:S1500-16T (BDCOM S1500-16T Switch),,BDCOM S1500-16T Switch,,BDCOM,,Sal:RS,,AR,,Taxable Sales,,,,Accounts Receivable,,Paid,,,,,,2.00,,"16,450.00",,"32,900.00",,"135,693,068.70",,Income,,0.00,,,,,,,,,,0.00
,,,"13,998",,Invoice,,01/28/2026,,AS011032,,Barclays Computers (Pvt) Ltd,,"BDCOM S1500-16P2S POE Switch  S/N : 0W20012100776	",,01/28/2026,,,,BDCOM:S1500-16P2S (BDCOM S1500-16P2S POE Switch),,BDCOM S1500-16P2S POE Switch,,BDCOM,,Sal:RS,,AR,,Taxable Sales,,,,Accounts Receivable,,Paid,,,,,,1.00,,"38,135.00",,"38,135.00",,"135,731,203.70",,Income,,0.00,,,,,,,,,,0.00
,,,"14,008",,Invoice,,01/28/2026,,AS011033,,Barclays Computers (Pvt) Ltd,,BDCOM WAP2100-T618 with P/A  S/N : 0P32014104844            0P32014104845,,01/28/2026,,,,BDCOM:WAP2100-T618 (BDCOM WAP2100-T618),,BDCOM WAP2100-T618,,BDCOM,,Sal:RS,,AR,,Taxable Sales,,,,Accounts Receivable,,Paid,,,,,,2.00,,"22,000.00",,"44,000.00",,"135,775,203.70",,Income,,0.00,,,,,,,,,,0.00
,,,"14,011",,Invoice,,01/29/2026,,AS011034,,MARS Network (Pvt) Ltd,,Synology Diskstation DS223  2Bay  S/N : 25C0V1RQCNFR4,,01/29/2026,,,,Synology:DS223 (Synology Diskstation DS223  2Bay),,Synology Diskstation DS223  2Bay,,Synology,,,,A,,Taxable Sales,,,,Accounts Receivable,,Paid,,,,,,1.00,,"91,000.00",,"91,000.00",,"135,866,203.70",,Income,,0.00,,,,,,,,,,0.00
,,,"14,011",,Invoice,,01/29/2026,,AS011034,,MARS Network (Pvt) Ltd,,"Synology 4TB Plus HDD  S/N : 2540VXRZW63JPLP		            2540VXRZW63HL66		",,01/29/2026,,,,HDD:HAT3300-4T (Synology 4TB Plus HDD),,Synology 4TB Plus HDD,,Hard Drive,,,,A,,Taxable Sales,,,,Accounts Receivable,,Paid,,,,,,2.00,,"54,000.00",,"108,000.00",,"135,974,203.70",,Income,,0.00,,,,,,,,,,0.00
,,,"14,012",,Invoice,,01/29/2026,,AS011035,,DMS Electronics (Pvt) Ltd Division 02,,"Synology Rackstation RS822RP+  S/N : 25B0AFRKQNGCY		",,01/29/2026,,,,Synology:RS822RP+ (Synology Rackstation RS822RP+),,Synology Rackstation RS822RP+,,Synology,,,,A,,Taxable Sales,,,,Accounts Receivable,,Paid,,,,,,1.00,,"635,000.00",,"635,000.00",,"136,609,203.70",,Income,,0.00,,,,,,,,,,0.00
,,,"14,012",,Invoice,,01/29/2026,,AS011035,,DMS Electronics (Pvt) Ltd Division 02,,"Synology 4TB Plus HDD  S/N :   2540VXRZW63JK4J		              2540VXRZW63L31L		              254...",,01/29/2026,,,,HDD:HAT3300-4T (Synology 4TB Plus HDD),,Synology 4TB Plus HDD,,Hard Drive,,,,A,,Taxable Sales,,,,Accounts Receivable,,Paid,,,,,,3.00,,,,,,"136,609,203.70",,Income,,0.00,,,,,,,,,,0.00
,,,"14,012",,Invoice,,01/29/2026,,AS011035,,DMS Electronics (Pvt) Ltd Division 02,,1U Rail Kit,,01/29/2026,,,,Synology:1 U Fixed Rail Kit,,,,Synology,,,,A,,Taxable Sales,,,,Accounts Receivable,,Paid,,,,,,1.00,,,,,,"136,609,203.70",,Income,,0.00,,,,,,,,,,0.00
,,,"14,013",,Invoice,,01/29/2026,,AS011036,,Network Information Technologies (Pvt) Lt,,Maintenance  Agreement,,01/29/2026,,,,MA (Maintenance  Agreement),,Maintenance  Agreement,,Support and Maintenance,,Sal:RS,,AS,,Taxable Sales,,,,Accounts Receivable,,Paid,,,,,,1.00,,"94,000.00",,"94,000.00",,"136,703,203.70",,Income,,0.00,,,,,,,,,,0.00
,,,"14,014",,Invoice,,01/29/2026,,AS011037,,Softlogic Information Technologies (Pvt),,"Synology Rack Station SA3410 12 Bay  S/N :   2610X6RJF25T5		",,01/29/2026,,,,SA3410 (Synology Rack Station SA3410 12 Bay),,Synology Rack Station SA3410 12 Bay,,Synology,,,,A,,Taxable Sales,,,,Accounts Receivable,,Paid,,,,,,1.00,,"2,396,587.50",,"2,396,587.50",,"139,099,791.20",,Income,,0.00,,,,,,,,,,0.00
,,,"14,014",,Invoice,,01/29/2026,,AS011037,,Softlogic Information Technologies (Pvt),,"Synology 12TB Enterprise Hard Drive  S/N :  2410SSRL0A11NFDYH		             2410SSRL0A19JFDYH		 ...",,01/29/2026,,,,HDD:HAT5300-12T (Synology 12TB Enterprise Hard Drive),,Synology 12TB Enterprise Hard Drive,,Hard Drive,,,,A,,Taxable Sales,,,,Accounts Receivable,,Paid,,,,,,8.00,,"194,400.00",,"1,555,200.00",,"140,654,991.20",,Income,,0.00,,,,,,,,,,0.00
,,,"14,014",,Invoice,,01/29/2026,,AS011037,,Softlogic Information Technologies (Pvt),,"Synology 960GB SATA SSD - SAT-5221 960G  S/N :  25A0YURFQWR88		             25A0YUREGJVR4		",,01/29/2026,,,,960G SATA SSD Synology (Synology 960GB SATA SSD - SAT-5221 960G),,Synology 960GB SATA SSD - SAT-5221 960G,,Hard Drive,,,,A,,Taxable Sales,,,,Accounts Receivable,,Paid,,,,,,2.00,,"105,300.00",,"210,600.00",,"140,865,591.20",,Income,,0.00,,,,,,,,,,0.00
,,,"14,014",,Invoice,,01/29/2026,,AS011037,,Softlogic Information Technologies (Pvt),,"Synology E10G30-F2 Adapter   S/N :  25C0VPRN41J0H		",,01/29/2026,,,,Synology:Dual Port F2 Card,,,,Synology,,,,A,,Taxable Sales,,,,Accounts Receivable,,Paid,,,,,,1.00,,,,,,"140,865,591.20",,Income,,0.00,,,,,,,,,,0.00
,,,"14,014",,Invoice,,01/29/2026,,AS011037,,Softlogic Information Technologies (Pvt),,"BDCOM SFP + Multi mode 10G 300M Transceiver  S/N :  4023B008301		             4023B008372		     ...",,01/29/2026,,,,SFP+ M/M 10G (BDCOM SFP + Multi mode 10G 300M Transceiver),,BDCOM SFP + Multi mode 10G 300M Transceiver,,BDCOM,,,,A,,Taxable Sales,,,,Accounts Receivable,,Paid,,,,,,4.00,,"16,000.00",,"64,000.00",,"140,929,591.20",,Income,,0.00,,,,,,,,,,0.00
,,,"14,014",,Invoice,,01/29/2026,,AS011037,,Softlogic Information Technologies (Pvt),,Accessories CAT 6 5M Patch Code,,01/29/2026,,,,Accs (Accessories),,Accessories,,Hardware,,,,A,,Taxable Sales,,,,Accounts Receivable,,Paid,,,,,,4.00,,"6,500.00",,"26,000.00",,"140,955,591.20",,Income,,0.00,,,,,,,,,,0.00
,,,"14,014",,Invoice,,01/29/2026,,AS011037,,Softlogic Information Technologies (Pvt),,Accessories  OM3 Multi- Mode Fiber Optic Cable,,01/29/2026,,,,Accs (Accessories),,Accessories,,Hardware,,,,A,,Taxable Sales,,,,Accounts Receivable,,Paid,,,,,,2.00,,"7,200.00",,"14,400.00",,"140,969,991.20",,Income,,0.00,,,,,,,,,,0.00
,,,"14,014",,Invoice,,01/29/2026,,AS011037,,Softlogic Information Technologies (Pvt),,2U Rail Kit,,01/29/2026,,,,Synology:2 U Sliding Rail Kit,,,,Synology,,,,A,,Taxable Sales,,,,Accounts Receivable,,Paid,,,,,,1.00,,,,,,"140,969,991.20",,Income,,0.00,,,,,,,,,,0.00
,,,"14,015",,Invoice,,01/30/2026,,AS011038,,Information Technologies & Enterprise Sol,,"Synology DiskStation DS425+ 4 Bay  S/N : 2580YGRWKN9T2		",,01/30/2026,,,,Synology:DS425+ (Synology DiskStation DS425+ 4 Bay),,Synology DiskStation DS425+ 4 Bay,,Synology,,Sal:RS,,A,,Non-Taxable Sales,,,,Accounts Receivable,,Paid,,,,,,1.00,,"347,672.25",,"347,672.25",,"141,317,663.45",,Income,,0.00,,,,,,,,,,0.00
,,,"14,015",,Invoice,,01/30/2026,,AS011038,,Information Technologies & Enterprise Sol,,"Synology 2TB Plus Hard Drive  S/N : 2530XZR00ZWD1FB8P		            2530XZR00ZWD1FB4T		          ...",,01/30/2026,,,,HDD:HAT3300-2T (Synology 2TB Plus Hard Drive),,Synology 2TB Plus Hard Drive,,Hard Drive,,Sal:RS,,A,,Non-Taxable Sales,,,,Accounts Receivable,,Paid,,,,,,4.00,,"41,816.25",,"167,265.00",,"141,484,928.45",,Income,,0.00,,,,,,,,,,0.00
,,,"14,015",,Invoice,,01/30/2026,,AS011038,,Information Technologies & Enterprise Sol,,Synology SNV3410-400GB  NVMe SSD M.2  S/N : 2550U2RC5YHQF            2550U2RVSZDPA,,01/30/2026,,,,HDD:400GB Syno SSD (400GB Synology SSD M.2),,400GB Synology SSD M.2,,Hard Drive,,Sal:RS,,A,,Non-Taxable Sales,,,,Accounts Receivable,,Paid,,,,,,2.00,,,,,,"141,484,928.45",,Income,,0.00,,,,,,,,,,0.00
,,,"14,020",,Invoice,,01/30/2026,,AS011039,,Studio Focus,,Synology Original Power Adapter  S/N : 251100193,,01/30/2026,,,,Accs (Accessories),,Accessories,,Hardware,,,,AD,,Non-Taxable Sales,,,,Accounts Receivable,,Paid,,,,,,1.00,,"35,000.00",,"35,000.00",,"141,519,928.45",,Income,,0.00,,,,,,,,,,0.00
,,,"14,022",,Invoice,,01/31/2026,,AS011040,,Mahendra Fernando,,Cooling Fan for Synology DS216j,,01/31/2026,,,,Accs (Accessories),,Accessories,,Hardware,,,,AS,,Non-Taxable Sales,,,,Accounts Receivable,,Paid,,,,,,1.00,,"8,850.00",,"8,850.00",,"141,528,778.45",,Income,,0.00,,,,,,,,,,0.00
,,,"14,024",,Invoice,,01/31/2026,,AS011041,,Fentons Ltd,,Acronis True Image Premium Subscription 1 Computer + 1TB Acronis Cloud Storage - 1 Year subscrip...,,01/30/2026,,,,Acronis:Acronis Cyber Protect Home Offi (Acronis Cyber Protect Home Office),,Acronis Cyber Protect Home Office,,Acronics,,Sal:EC,,A,,Taxable Sales,,,,Accounts Receivable,,Paid,,,,,,1.00,,"33,000.00",,"33,000.00",,"141,561,778.45",,Income,,0.00,,,,,,,,,,0.00
,,,"14,026",,Invoice,,02/02/2026,,AS011042,,DATAVERSE IT SOLUTIONS (PVT)LTD,,BDCOM S1500-24P2S Switch  S/N : 0W20012201695,,02/02/2026,,,,BDCOM:S1500-24P2S (BDCOM S1500-24P2S Switch),,BDCOM S1500-24P2S Switch,,BDCOM,,,,AR,,Non-Taxable Sales,,,,Accounts Receivable,,Paid,,,,,,1.00,,"67,850.00",,"67,850.00",,"141,629,628.45",,Income,,0.00,,,,,,,,,,0.00
,,,"14,030",,Credit Memo,,02/03/2026,,AS00124,,CNMS Holdings (Pvt) Ltd,,Draytek Vigor 2927 Security Appliance. Dual Wan  S/N : 244005047152,,02/03/2026,,,,Draytek:Vigor 2927 (Draytek Vigor 2927 Security Appliance. Dual Wan),,Draytek Vigor 2927 Security Appliance. Dual Wan,,Draytek,,,,,,Taxable Sales,,,,Accounts Receivable,,Paid,,,,,,-1.00,,"64,000.00",,"-64,000.00",,"141,565,628.45",,Income,,0.00,,,,,,,,,,0.00
,,,"14,030",,Credit Memo,,02/03/2026,,AS00124,,CNMS Holdings (Pvt) Ltd,,Configuration Charge,,02/03/2026,,,,Implementation & configuration,,,,Support and Maintenance,,,,,,Taxable Sales,,,,Accounts Receivable,,Paid,,,,,,-1.00,,"15,000.00",,"-15,000.00",,"141,550,628.45",,Income,,0.00,,,,,,,,,,0.00
,,,"14,031",,Invoice,,02/03/2026,,AS011043,,Pretec Systems,,"BDCOM WAP2100-WG300 Wireless Router  S/N : 32011M03180	",,02/03/2026,,,,BDCOM:WAP2100-WG300 (BDCOM WAP2100-WG300 Wireless Router),,BDCOM WAP2100-WG300 Wireless Router,,BDCOM,,Sal:EC,,AR,,Non-Taxable Sales,,,,Accounts Receivable,,Paid,,,,,,1.00,,"6,000.00",,"6,000.00",,"141,556,628.45",,Income,,0.00,,,,,,,,,,0.00
,,,"14,032",,Invoice,,02/03/2026,,AS011044,,Barclays Computers (Pvt) Ltd,,"BDCOM WAP2100-T618 with P/A  S/N : 0P32014104848 		            0P32014104846		",,02/03/2026,,,,BDCOM:WAP2100-T618 (BDCOM WAP2100-T618),,BDCOM WAP2100-T618,,BDCOM,,Sal:RS,,AR,,Taxable Sales,,,,Accounts Receivable,,Paid,,,,,,2.00,,"22,000.00",,"44,000.00",,"141,600,628.45",,Income,,0.00,,,,,,,,,,0.00
,,,"14,059",,Credit Memo,,02/05/2026,,AS00125,,T&D Associates,,8GB Crucial RAM for Module for DS916+,,02/05/2026,,,,RAM,,,,Hardware,,Sal:EC,,,,Non-Taxable Sales,,,,Accounts Receivable,,Paid,,,,,,-1.00,,"47,200.00",,"-47,200.00",,"141,553,428.45",,Income,,0.00,,,,,,,,,,0.00
,,,"14,075",,Invoice,,02/05/2026,,AS011045,,MTV Channel (Pvt) Ltd,,2TB Samsung 870 Evo SATA SSDs  S/N : S8C4NS0YC00383            S8C4NS0YC00384,,02/05/2026,,,,HDD:2TB SSD EVo (2TB Samsung 870 Evo SATA SSDs),,2TB Samsung 870 Evo SATA SSDs,,Hard Drive,,,,AS,,Taxable Sales,,,,Accounts Receivable,,Paid,,,,,,2.00,,"102,000.00",,"204,000.00",,"141,757,428.45",,Income,,0.00,,,,,,,,,,0.00
,,,"14,087",,Invoice,,02/06/2026,,AS011046,,Barclays Computers (Pvt) Ltd,,"BDCOM POE S1000-8P2F  8Port 100M Switch  S/N : 0W20011408404		            0W20011408402		       ...",,02/06/2026,,,,BDCOM:S1000-8P2F (BDCOM POE S1000-8P2F  8Port 100M Switch),,BDCOM POE S1000-8P2F  8Port 100M Switch,,BDCOM,,Sal:RS,,AR,,Taxable Sales,,,,Accounts Receivable,,Paid,,,,,,3.00,,"7,000.00",,"21,000.00",,"141,778,428.45",,Income,,0.00,,,,,,,,,,0.00
,,,"14,087",,Invoice,,02/06/2026,,AS011046,,Barclays Computers (Pvt) Ltd,,BDCOM WAP2100-T512 with A/P  S/N : 0P32014037418            0P32014037326,,02/06/2026,,,,BDCOM:WAP2100-T512 (BDCOM WAP2100-T512),,BDCOM WAP2100-T512,,BDCOM,,Sal:RS,,AR,,Taxable Sales,,,,Accounts Receivable,,Paid,,,,,,2.00,,"16,950.00",,"33,900.00",,"141,812,328.45",,Income,,0.00,,,,,,,,,,0.00
,,,"14,096",,Invoice,,02/06/2026,,AS011047,,J Teem Solutions,,"BDCOM 1GE SFP Single-mode Tranceiver  S/N : 1207B025600	             1207B025592	             12...",,02/06/2026,,,,BDCOM:GSFP-LX-10-D (BDCOM 1GE SFP Single-mode),,BDCOM 1GE SFP Single-mode,,BDCOM,,Sal:RS,,AR,,Non-Taxable Sales,,,,Accounts Receivable,,Paid,,,,,,4.00,,"4,700.00",,"18,800.00",,"141,831,128.45",,Income,,0.00,,,,,,,,,,0.00
,,,"14,107",,Invoice,,02/09/2026,,AS011048,,Techtron Integrated Solutions (Pvt) Ltd,,4TB Enterprise Toshiba HDD  S/N : 8566K0S9FJKA,,02/09/2026,,,,HDD:4TB Ent Toshiba (4TB Enterprise Toshiba HDD),,4TB Enterprise Toshiba HDD,,Hard Drive,,Sal:RS,,AS,,Taxable Sales,,,,Accounts Receivable,,Paid,,,,,,1.00,,"67,000.00",,"67,000.00",,"141,898,128.45",,Income,,0.00,,,,,,,,,,0.00
,,,"14,108",,Invoice,,02/10/2026,,AS011049,,A-Networks (Pvt) Ltd,,"Synology Disktation DS1825+ NAS Unit  S/N :  2540WDRDZ09WM		",,02/10/2026,,,,Synology:DS1825+ (Synology Disktation DS1825+ NAS Unit),,Synology Disktation DS1825+ NAS Unit,,Synology,,Sal:RS,,AD,,Taxable Sales,,,,Accounts Receivable,,Paid,,,,,,1.00,,"379,000.00",,"379,000.00",,"142,277,128.45",,Income,,0.00,,,,,,,,,,0.00
,,,"14,108",,Invoice,,02/10/2026,,AS011049,,A-Networks (Pvt) Ltd,,"12TB Synology Plus HDD  S/N :  2550XDR60A022F1XL		             2550XDR60A012F1XL		             2...",,02/10/2026,,,,HDD:HAT3310-12T (12TB Synology Plus HDD),,12TB Synology Plus HDD,,Hard Drive,,Sal:RS,,AD,,Taxable Sales,,,,Accounts Receivable,,Paid,,,,,,6.00,,"132,000.00",,"792,000.00",,"143,069,128.45",,Income,,0.00,,,,,,,,,,0.00
,,,"14,108",,Invoice,,02/10/2026,,AS011049,,A-Networks (Pvt) Ltd,,Special Discount,,02/10/2026,,,,Discount,,,,Sales Discount,,Sal:RS,,AD,,Taxable Sales,,,,Accounts Receivable,,Paid,,,,,,,,"-15,000.00",,"-15,000.00",,"143,054,128.45",,Income,,0.00,,,,,,,,,,0.00
,,,"14,109",,Invoice,,02/10/2026,,AS011050,,NSK Media Systems (Pvt) Ltd,,BDCOM 8-Port Gigabit RJ45 Unmanaged Switch  S/N : 0W20012432558,,02/10/2026,,,,BDCOM:S1500-8T (BDCOM 8-Port Gigabit RJ45 Unmanaged Switch),,BDCOM 8-Port Gigabit RJ45 Unmanaged Switch,,BDCOM,,Sal:RS,,AR,,Non-Taxable Sales,,,,Accounts Receivable,,Paid,,,,,,1.00,,"6,000.00",,"6,000.00",,"143,060,128.45",,Income,,0.00,,,,,,,,,,0.00
,,,"14,110",,Invoice,,02/10/2026,,AS011051,,Mr. Nipun Dissanayake,,"BDCOM WAP2100-T512  S/N : 0P32014037321	",,02/10/2026,,,,BDCOM:WAP2100-T512 (BDCOM WAP2100-T512),,BDCOM WAP2100-T512,,BDCOM,,,,AR,,Non-Taxable Sales,,,,Accounts Receivable,,Paid,,,,,,1.00,,"21,000.00",,"21,000.00",,"143,081,128.45",,Income,,0.00,,,,,,,,,,0.00
,,,"14,112",,Invoice,,02/11/2026,,AS011052,,VS Information Systems (Pvt) Ltd,,Synology Rackstation RS822RP+  S/N :  25A0AFR1DEP7J,,02/11/2026,,,,Synology:RS822RP+ (Synology Rackstation RS822RP+),,Synology Rackstation RS822RP+,,Synology,,Sal:RS,,A,,Taxable Sales,,,,Accounts Receivable,,Paid,,,,,,1.00,,"468,787.50",,"468,787.50",,"143,549,915.95",,Income,,0.00,,,,,,,,,,0.00
,,,"14,112",,Invoice,,02/11/2026,,AS011052,,VS Information Systems (Pvt) Ltd,,"Synology 4TB Plus HDD  S/N :  2590VXRZW63W0V9		             2590VXRZW63WQZV		             2530VX...",,02/11/2026,,,,HDD:HAT3300-4T (Synology 4TB Plus HDD),,Synology 4TB Plus HDD,,Hard Drive,,Sal:RS,,A,,Taxable Sales,,,,Accounts Receivable,,Paid,,,,,,3.00,,"54,675.00",,"164,025.00",,"143,713,940.95",,Income,,0.00,,,,,,,,,,0.00
,,,"14,112",,Invoice,,02/11/2026,,AS011052,,VS Information Systems (Pvt) Ltd,,1U Rail Kit,,02/11/2026,,,,Synology:1 U Fixed Rail Kit,,,,Synology,,Sal:RS,,A,,Taxable Sales,,,,Accounts Receivable,,Paid,,,,,,1.00,,,,,,"143,713,940.95",,Income,,0.00,,,,,,,,,,0.00
,,,"14,112",,Invoice,,02/11/2026,,AS011052,,VS Information Systems (Pvt) Ltd,,C13-14 Power cable,,02/11/2026,,,,C13-14 Power cable (C13-14 Power cable),,C13-14 Power cable,,Other Sales,,Sal:RS,,A,,Taxable Sales,,,,Accounts Receivable,,Paid,,,,,,2.00,,,,,,"143,713,940.95",,Income,,0.00,,,,,,,,,,0.00
,,,"14,120",,Invoice,,02/11/2026,,AS011053,,Techtron Integrated Solutions (Pvt) Ltd,,"4TB Enterprise Toshiba HDD  S/N : 8522K0QUFJKA -Fail HDD on 12/2/2026		            8522K0QSFJKA		",,02/11/2026,,,,HDD:4TB Ent Toshiba (4TB Enterprise Toshiba HDD),,4TB Enterprise Toshiba HDD,,Hard Drive,,Sal:RS,,AS,,Taxable Sales,,,,Accounts Receivable,,Paid,,,,,,2.00,,"67,000.00",,"134,000.00",,"143,847,940.95",,Income,,0.00,,,,,,,,,,0.00
,,,"14,144",,Invoice,,02/12/2026,,AS011054,,Studio Dreambox,,"Synology 8TB Plus Hard Drive  S/N : 2570Z9RP2A016FALL	",,02/12/2026,,,,HDD:HAT3320-8T (Synology 8TB Plus Hard Drive),,Synology 8TB Plus Hard Drive,,Hard Drive,,,,AD,,Non-Taxable Sales,,,,Accounts Receivable,,Paid,,,,,,1.00,,"119,000.00",,"119,000.00",,"143,966,940.95",,Income,,0.00,,,,,,,,,,0.00
,,,"14,150",,Invoice,,02/13/2026,,AS011055,,Barclays Computers (Pvt) Ltd,,"BDCOM WAP2100-T618 with AP  S/N :  0P32014104847		             0P32014104849		",,02/13/2026,,,,BDCOM:WAP2100-T618 (BDCOM WAP2100-T618),,BDCOM WAP2100-T618,,BDCOM,,Sal:RS,,AR,,Taxable Sales,,,,Accounts Receivable,,Paid,,,,,,2.00,,"22,000.00",,"44,000.00",,"144,010,940.95",,Income,,0.00,,,,,,,,,,0.00
,,,"14,151",,Invoice,,02/13/2026,,AS011056,,AMTEC ELECTRONIC (PVT) LTD,,BDCOM 16Port 100M POE+ 2Port 1G RJ45 + 1 -Port GE SFP port Unmanaged POE Switch  S/N : 0W2001170...,,02/13/2026,,,,BDCOM:S1200-16P2G1S (BDCOM 16Port 100M POE+ 2Port 1G RJ45 + 1 -Port GE SFP port Unmanaged POE Sw...,,BDCOM 16Port 100M POE+ 2Port 1G RJ45 + 1 -Port GE SFP port Unmanaged POE Switch,,BDCOM,,Sal:RS,,AR,,Non-Taxable Sales,,,,Accounts Receivable,,Paid,,,,,,2.00,,"23,600.00",,"47,200.00",,"144,058,140.95",,Income,,0.00,,,,,,,,,,0.00
,,,"14,152",,Invoice,,02/16/2026,,AS011057,,LANKA COMMODITY BROKERS LTD,,Anti Spam Service,,02/16/2026,,,,Services,,,,Support and Maintenance,,Mnt,,AS,,Taxable Sales,,,,Accounts Receivable,,Paid,,,,,,1.00,,"6,938.20",,"6,938.20",,"144,065,079.15",,Income,,0.00,,,,,,,,,,0.00
,,,"14,153",,Invoice,,02/16/2026,,AS011058,,LANKA COMMODITY BROKERS LTD,,7GB Storage Space  100GB Transfer Bandwidth  1 Nos Fixed IP. (Clean)  SPF/ DKIM Supported  Spam ...,,02/16/2026,,,,Host Email,,,,Support and Maintenance,,Mnt,,AS,,Taxable Sales,,,,Accounts Receivable,,Paid,,,,,,1.00,,"19,037.88",,"19,037.88",,"144,084,117.03",,Income,,0.00,,,,,,,,,,0.00
,,,"14,154",,Invoice,,02/16/2026,,AS011059,,LANKA MOUNT CASTLE (PVT) LTD,,20GB Storage Capacity with 30 Email Accounts,,02/16/2026,,,,Host Email,,,,Support and Maintenance,,Mnt,,AS,,Taxable Sales,,,,Accounts Receivable,,Unpaid,,,,73,,1.00,,"15,612.50",,"15,612.50",,"144,099,729.53",,Income,,0.00,,,,,,,,,,0.00
,,,"14,155",,Invoice,,02/16/2026,,AS011060,,AL - ARAF HOTELS & RESORT (PVT) LTD,,Hosting Charges for 10 email Accounts (10$),,02/16/2026,,,,Hosting (Hosting),,Hosting,,Support and Maintenance,,Sal:RS,,AS,,Taxable Sales,,,,Accounts Receivable,,Paid,,,,,,1.00,,"3,122.50",,"3,122.50",,"144,102,852.03",,Income,,0.00,,,,,,,,,,0.00
,,,"14,156",,Invoice,,02/16/2026,,AS011061,,Wiscom Information Technology (Pvt) Ltd,,Acronis Cloud Backup 250GB Monthly Subscription,,02/16/2026,,,,Acronis,,,,Acronics,,Sal:RS,,SM,,Non-Taxable Sales,,,,Accounts Receivable,,Paid,,,,,,1.00,,"12,500.00",,"12,500.00",,"144,115,352.03",,Income,,0.00,,,,,,,,,,0.00
,,,"14,157",,Invoice,,02/16/2026,,AS011062,,ABSOLUTE BUSINESS SOLUTIONS ( PVT) LTD,,Acronis Cloud Backup 25GB Monthly Subscription,,02/16/2026,,,,Acronis,,,,Acronics,,Sal:RS,,SM,,Non-Taxable Sales,,,,Accounts Receivable,,Paid,,,,,,1.00,,"2,000.00",,"2,000.00",,"144,117,352.03",,Income,,0.00,,,,,,,,,,0.00
,,,"14,158",,Invoice,,02/16/2026,,AS011063,,ABSOLUTE BUSINESS SOLUTIONS ( PVT) LTD,,Acronis Cloud Backup 25GB Monthly Subscription,,02/16/2026,,,,Acronis,,,,Acronics,,Sal:RS,,SM,,Non-Taxable Sales,,,,Accounts Receivable,,Paid,,,,,,1.00,,"2,000.00",,"2,000.00",,"144,119,352.03",,Income,,0.00,,,,,,,,,,0.00
,,,"14,159",,Invoice,,02/16/2026,,AS011064,,CNMS Holdings (Pvt) Ltd,,Dray Tek Vigor 2912n Cyren Keys Web Filtering License Renewal for 1 Year,,02/16/2026,,,,Accs (Accessories),,Accessories,,Hardware,,Sal:EC,,AD,,Taxable Sales,,,,Accounts Receivable,,Paid,,,,,,1.00,,"20,000.00",,"20,000.00",,"144,139,352.03",,Income,,0.00,,,,,,,,,,0.00
,,,"14,161",,Invoice,,02/16/2026,,AS011065,,Green Digital Technologies (Pvt) Ltd,,"BDCOM WAP2100-T512  S/N : 0P32014037376	            0P32014037419	            0P32014037378	",,02/16/2026,,,,BDCOM:WAP2100-T512 (BDCOM WAP2100-T512),,BDCOM WAP2100-T512,,BDCOM,,,,AR,,Non-Taxable Sales,,,,Accounts Receivable,,Paid,,,,,,3.00,,"20,000.00",,"60,000.00",,"144,199,352.03",,Income,,0.00,,,,,,,,,,0.00
,,,"14,162",,Invoice,,02/16/2026,,AS011066,,Green Digital Technologies (Pvt) Ltd,,"BDCOM WAP2100-T512  S/N : 0P32014037375	            0P32014037377	            0P32014037379	",,02/16/2026,,,,BDCOM:WAP2100-T512 (BDCOM WAP2100-T512),,BDCOM WAP2100-T512,,BDCOM,,,,AR,,Non-Taxable Sales,,,,Accounts Receivable,,Paid,,,,,,3.00,,"20,000.00",,"60,000.00",,"144,259,352.03",,Income,,0.00,,,,,,,,,,0.00
,,,"14,163",,Invoice,,02/17/2026,,AS011067,,Metropolitan Technologies (Pvt) Ltd,,"Synology DiskStation DS425+ 4 Bay  With 6GB RAM  S/N :  2580YGRP2QN0C		",,02/17/2026,,,,Synology:DS425+ (Synology DiskStation DS425+ 4 Bay),,Synology DiskStation DS425+ 4 Bay,,Synology,,,,AD,,Taxable Sales,,,,Accounts Receivable,,Paid,,,,,,1.00,,"196,000.00",,"196,000.00",,"144,455,352.03",,Income,,0.00,,,,,,,,,,0.00
,,,"14,163",,Invoice,,02/17/2026,,AS011067,,Metropolitan Technologies (Pvt) Ltd,,"16TB Synology Enterprise Hard Drive  S/N :   2310T8RF0A0J0FE2H		              2310T8RF0A0JDFE2H		",,02/17/2026,,,,HDD:16TB Synology Ent (16TB Synology Enterprise Hard Drive),,16TB Synology Enterprise Hard Drive,,Hard Drive,,,,AD,,Taxable Sales,,,,Accounts Receivable,,Paid,,,,,,2.00,,"236,000.00",,"472,000.00",,"144,927,352.03",,Income,,0.00,,,,,,,,,,0.00
,,,"14,163",,Invoice,,02/17/2026,,AS011067,,Metropolitan Technologies (Pvt) Ltd,,Discount,,02/17/2026,,,,Discount,,,,Sales Discount,,,,AD,,Taxable Sales,,,,Accounts Receivable,,Paid,,,,,,,,"-5,000.00",,"-5,000.00",,"144,922,352.03",,Income,,0.00,,,,,,,,,,0.00
,,,"14,168",,Invoice,,02/18/2026,,AS011068,,Prime Pulse Solutions (Pvt) Ltd,,"BDCOM S1500-16P2S POE Switch  S/N :  0W20012100772		",,02/18/2026,,,,BDCOM:S1500-16P2S (BDCOM S1500-16P2S POE Switch),,BDCOM S1500-16P2S POE Switch,,BDCOM,,,,AD,,Taxable Sales,,,,Accounts Receivable,,Paid,,,,,,1.00,,"40,000.00",,"40,000.00",,"144,962,352.03",,Income,,0.00,,,,,,,,,,0.00
,,,"14,168",,Invoice,,02/18/2026,,AS011068,,Prime Pulse Solutions (Pvt) Ltd,,"BDCOM S1500-8P2G Switch  S/N :  0W20011600261		",,02/18/2026,,,,BDCOM:S1500-8P2G (BDCOM S1500-8P2G Switch),,BDCOM S1500-8P2G Switch,,BDCOM,,,,AD,,Taxable Sales,,,,Accounts Receivable,,Paid,,,,,,1.00,,"14,000.00",,"14,000.00",,"144,976,352.03",,Income,,0.00,,,,,,,,,,0.00
,,,"14,172",,Invoice,,02/18/2026,,AS011069,,Liyakta Office Systems (Pvt) Ltd,,"Synology DiskStation DS425+ 4 Bay  S/N : 2580YGRSF7CG4		",,02/18/2026,,,,Synology:DS425+ (Synology DiskStation DS425+ 4 Bay),,Synology DiskStation DS425+ 4 Bay,,Synology,,,,AD,,Taxable Sales,,,,Accounts Receivable,,Paid,,,,,,1.00,,"173,000.00",,"173,000.00",,"145,149,352.03",,Income,,0.00,,,,,,,,,,0.00
,,,"14,172",,Invoice,,02/18/2026,,AS011069,,Liyakta Office Systems (Pvt) Ltd,,"Synology 4TB Plus HDD  S/N : 2590VXRZW63W63J		            2590VXRZW63VZRM		            2590VXRZW...",,02/18/2026,,,,HDD:HAT3300-4T (Synology 4TB Plus HDD),,Synology 4TB Plus HDD,,Hard Drive,,,,AD,,Taxable Sales,,,,Accounts Receivable,,Paid,,,,,,4.00,,"57,000.00",,"228,000.00",,"145,377,352.03",,Income,,0.00,,,,,,,,,,0.00
,,,"14,172",,Invoice,,02/18/2026,,AS011069,,Liyakta Office Systems (Pvt) Ltd,,Discount,,02/18/2026,,,,Discount,,,,Sales Discount,,,,AD,,Taxable Sales,,,,Accounts Receivable,,Paid,,,,,,,,"-18,000.00",,"-18,000.00",,"145,359,352.03",,Income,,0.00,,,,,,,,,,0.00
,,,"14,173",,Invoice,,02/18/2026,,AS011070,,Prime Pulse Solutions (Pvt) Ltd,,"Synology DS1821+ Cooling Fan (120*120*25_4)  S/N : 4711174728428		",,02/18/2026,,,,Accs (Accessories),,Accessories,,Hardware,,Sal:RS,,AD,,Taxable Sales,,,,Accounts Receivable,,Paid,,,,,,1.00,,"8,000.00",,"8,000.00",,"145,367,352.03",,Income,,0.00,,,,,,,,,,0.00
,,,"14,205",,Invoice,,02/19/2026,,AS011071,,AMTEC ELECTRONIC (PVT) LTD,,"BDCOM POE S1000-8P2F  8Port 100M Switch  S/N :  0W20011408408		             0W20011408409		     ...",,02/19/2026,,,,BDCOM:S1000-8P2F (BDCOM POE S1000-8P2F  8Port 100M Switch),,BDCOM POE S1000-8P2F  8Port 100M Switch,,BDCOM,,,,AR,,Non-Taxable Sales,,,,Accounts Receivable,,Paid,,,,,,3.00,,"8,200.00",,"24,600.00",,"145,391,952.03",,Income,,0.00,,,,,,,,,,0.00
,,,"14,251",,Invoice,,02/20/2026,,AS011072,,DATAVERSE IT SOLUTIONS (PVT)LTD,,BDCOM WAP2100-T618 With Power  Adapter   S/N :  0P32014104835,,02/20/2026,,,,BDCOM:WAP2100-T618 (BDCOM WAP2100-T618),,BDCOM WAP2100-T618,,BDCOM,,,,AR,,Non-Taxable Sales,,,,Accounts Receivable,,Paid,,,,,,1.00,,"26,500.00",,"26,500.00",,"145,418,452.03",,Income,,0.00,,,,,,,,,,0.00
,,,"14,259",,Invoice,,02/20/2026,,AS011073,,VS Information Systems (Pvt) Ltd,,"Synology 16TB Plus HDD  S/N :  2540XERG0A16EF1VL		             2540XERG0A16JF1VL		             2...",,02/20/2026,,,,HDD:HAT3310-16T (Synology 16TB Plus HDD),,Synology 16TB Plus HDD,,Hard Drive,,,,A,,Taxable Sales,,,,Accounts Receivable,,Paid,,,,,,5.00,,"150,200.00",,"751,000.00",,"146,169,452.03",,Income,,0.00,,,,,,,,,,0.00
,,,"14,260",,Invoice,,02/21/2026,,AS011074,,I M Solutions,,S1500-24P2S-370 BDCOM Switch  S/N : 0W20012000896,,02/21/2026,,,,BDCOM:S1500-24P2S-370 (S1500-24P2S-370 BDCOM Switch),,S1500-24P2S-370 BDCOM Switch,,BDCOM,,,,AD,,Taxable Sales,,,,Accounts Receivable,,Paid,,,,,,1.00,,"62,000.00",,"62,000.00",,"146,231,452.03",,Income,,0.00,,,,,,,,,,0.00
,,,"14,260",,Invoice,,02/21/2026,,AS011074,,I M Solutions,,S1500-24T2S BDCOM Switch  S/N : 0W20012300892,,02/21/2026,,,,BDCOM:S1500-24T2S (S1500-24T2S BDCOM Switch),,S1500-24T2S BDCOM Switch,,BDCOM,,,,AD,,Taxable Sales,,,,Accounts Receivable,,Paid,,,,,,1.00,,"24,980.00",,"24,980.00",,"146,256,432.03",,Income,,0.00,,,,,,,,,,0.00
,,,"14,263",,Invoice,,02/23/2026,,AS011075,,E Con Network (Pvt) Ltd,,"Synology 4TB Plus HDD  S/N : 2590VXRZW63WS8K		            2590VXRZW63WVTZ		",,02/23/2026,,,,HDD:HAT3300-4T (Synology 4TB Plus HDD),,Synology 4TB Plus HDD,,Hard Drive,,,,AR,,Taxable Sales,,,,Accounts Receivable,,Paid,,,,,,2.00,,"57,300.00",,"114,600.00",,"146,371,032.03",,Income,,0.00,,,,,,,,,,0.00
,,,"14,270",,Invoice,,02/26/2026,,AS011076,,Liyakta Office Systems (Pvt) Ltd,,Synology DiskStation DS225+ 2Bay NAS  S/N : 2580ZDRC4AYTH,,02/26/2026,,,,Synology:DS225+ (Synology DiskStation DS225+ 2Bay NAS),,Synology DiskStation DS225+ 2Bay NAS,,Synology,,,,AD,,Taxable Sales,,,,Accounts Receivable,,Paid,,,,,,1.00,,"116,000.00",,"116,000.00",,"146,487,032.03",,Income,,0.00,,,,,,,,,,0.00
,,,"14,287",,Invoice,,02/27/2026,,AS011077,,Base Hp (Pvt) Ltd,,"6 TB Seagate Ironwolf NAS Hard Drive  S/N : WSC1MTQ2		",,02/27/2026,,,,HDD:6 TB NAS (6 TB Seagate Ironwolf NAS Hard Drive),,6 TB Seagate Ironwolf NAS Hard Drive,,Hard Drive,,,,A,,Taxable Sales,,,,Accounts Receivable,,Paid,,,,,,1.00,,"87,000.00",,"87,000.00",,"146,574,032.03",,Income,,0.00,,,,,,,,,,0.00
,,,"14,288",,Invoice,,02/27/2026,,AS011078,,Information Technologies & Enterprise Sol,,Synology RX1217 RP  12 Bay Expansion  S/N :  2570O4N060700,,02/27/2026,,,,Synology:RX1217RP (Synology RX1217 RP  12 Bay Expansion),,Synology RX1217 RP  12 Bay Expansion,,Synology,,Sal:RS,,A,,Non-Taxable Sales,,,,Accounts Receivable,,Paid,,,,,,1.00,,"881,725.50",,"881,725.50",,"147,455,757.53",,Income,,0.00,,,,,,,,,,0.00
,,,"14,288",,Invoice,,02/27/2026,,AS011078,,Information Technologies & Enterprise Sol,,"Synology 20TB Enterprise Hard Drive  S/N :  2550WZRM0A179F54L		             2550WZRM0A0PJF54L		 ...",,02/27/2026,,,,HDD:HAT5310-20T (Synology 20TB Enterprise Hard Drive),,Synology 20TB Enterprise Hard Drive,,Hard Drive,,Sal:RS,,A,,Non-Taxable Sales,,,,Accounts Receivable,,Paid,,,,,,4.00,,"339,010.32",,"1,356,041.28",,"148,811,798.81",,Income,,0.00,,,,,,,,,,0.00
,,,"14,288",,Invoice,,02/27/2026,,AS011078,,Information Technologies & Enterprise Sol,,2U Rail Kit,,02/27/2026,,,,Synology:2 U Sliding Rail Kit,,,,Synology,,Sal:RS,,A,,Non-Taxable Sales,,,,Accounts Receivable,,Paid,,,,,,1.00,,,,,,"148,811,798.81",,Income,,0.00,,,,,,,,,,0.00
,,,"14,293",,Invoice,,02/28/2026,,AS011079,,Network Information Technologies (Pvt) Lt,,Data Recovery Charges,,02/28/2026,,,,Services,,,,Support and Maintenance,,Sal:RS,,AS,,Taxable Sales,,,,Accounts Receivable,,Paid,,,,,,1.00,,"200,000.00",,"200,000.00",,"149,011,798.81",,Income,,0.00,,,,,,,,,,0.00
,,,"14,296",,Credit Memo,,03/03/2026,,AS00126,,Green Digital Technologies (Pvt) Ltd,,"BDCOM WAP2100-T512  S/N : 0P32014037376	            0P32014037419	            0P32014037378	",,03/03/2026,,,,BDCOM:WAP2100-T512 (BDCOM WAP2100-T512),,BDCOM WAP2100-T512,,BDCOM,,,,,,Non-Taxable Sales,,,,Accounts Receivable,,Paid,,,,,,-3.00,,"20,000.00",,"-60,000.00",,"148,951,798.81",,Income,,0.00,,,,,,,,,,0.00
,,,"14,297",,Credit Memo,,03/03/2026,,AS00127,,Green Digital Technologies (Pvt) Ltd,,"BDCOM WAP2100-T512  S/N : 0P32014037375	            0P32014037377	            0P32014037379	",,03/03/2026,,,,BDCOM:WAP2100-T512 (BDCOM WAP2100-T512),,BDCOM WAP2100-T512,,BDCOM,,,,,,Non-Taxable Sales,,,,Accounts Receivable,,Paid,,,,,,-3.00,,"20,000.00",,"-60,000.00",,"148,891,798.81",,Income,,0.00,,,,,,,,,,0.00
,,,"14,294",,Invoice,,03/03/2026,,AS011080,,Barclays Computers (Pvt) Ltd,,"BDCOM S1500-16T Switch  S/N : 0W20012502497	",,03/03/2026,,,,BDCOM:S1500-16T (BDCOM S1500-16T Switch),,BDCOM S1500-16T Switch,,BDCOM,,,,AR,,Taxable Sales,,,,Accounts Receivable,,Paid,,,,,,1.00,,"16,450.00",,"16,450.00",,"148,908,248.81",,Income,,0.00,,,,,,,,,,0.00
,,,"14,294",,Invoice,,03/03/2026,,AS011080,,Barclays Computers (Pvt) Ltd,,"S1500-24T2S BDCOM Switch  S/N : 0W20012300872	",,03/03/2026,,,,BDCOM:S1500-24T2S (S1500-24T2S BDCOM Switch),,S1500-24T2S BDCOM Switch,,BDCOM,,,,AR,,Taxable Sales,,,,Accounts Receivable,,Paid,,,,,,1.00,,"24,200.00",,"24,200.00",,"148,932,448.81",,Income,,0.00,,,,,,,,,,0.00
,,,"14,295",,Invoice,,03/03/2026,,AS011081,,Barclays Computers (Pvt) Ltd,,"Synology DiskStation DS225+ 2Bay NAS  S/N : 2580ZDRY1KFQ5	            2580ZDRBGSBN6	",,03/03/2026,,,,Synology:DS225+ (Synology DiskStation DS225+ 2Bay NAS),,Synology DiskStation DS225+ 2Bay NAS,,Synology,,,,AS,,Taxable Sales,,,,Accounts Receivable,,Paid,,,,,,2.00,,"116,000.00",,"232,000.00",,"149,164,448.81",,Income,,0.00,,,,,,,,,,0.00
,,,"14,298",,Invoice,,03/03/2026,,AS011082,,NOLIMIT,,"S1500-24T2S BDCOM Switch  S/N : 0W20012300820	            0W20012300818	",,03/03/2026,,,,BDCOM:S1500-24T2S (S1500-24T2S BDCOM Switch),,S1500-24T2S BDCOM Switch,,BDCOM,,,,AR,,Taxable Sales,,,,Accounts Receivable,,Unpaid,,,,58,,2.00,,"27,500.00",,"55,000.00",,"149,219,448.81",,Income,,0.00,,,,,,,,,,0.00
,,,"14,385",,Credit Memo,,03/05/2026,,AS00128,,I M Solutions,,S1500-24P2S-370 BDCOM Switch  S/N : 0W20012000896,,03/05/2026,,,,BDCOM:S1500-24P2S-370 (S1500-24P2S-370 BDCOM Switch),,S1500-24P2S-370 BDCOM Switch,,BDCOM,,,,,,Taxable Sales,,,,Accounts Receivable,,Paid,,,,,,-1.00,,"62,000.00",,"-62,000.00",,"149,157,448.81",,Income,,0.00,,,,,,,,,,0.00
,,,"14,385",,Credit Memo,,03/05/2026,,AS00128,,I M Solutions,,S1500-24T2S BDCOM Switch  S/N : 0W20012300892,,03/05/2026,,,,BDCOM:S1500-24T2S (S1500-24T2S BDCOM Switch),,S1500-24T2S BDCOM Switch,,BDCOM,,,,,,Taxable Sales,,,,Accounts Receivable,,Paid,,,,,,-1.00,,"24,980.00",,"-24,980.00",,"149,132,468.81",,Income,,0.00,,,,,,,,,,0.00
,,,"14,379",,Invoice,,03/05/2026,,AS011083,,Prime Pulse Solutions (Pvt) Ltd,,BDCOM 8-Port Gigabit RJ45 Unmanaged Switch  S/N : OW20012432554,,03/05/2026,,,,BDCOM:S1500-8T (BDCOM 8-Port Gigabit RJ45 Unmanaged Switch),,BDCOM 8-Port Gigabit RJ45 Unmanaged Switch,,BDCOM,,,,AD,,Taxable Sales,,,,Accounts Receivable,,Paid,,,,,,1.00,,"5,000.00",,"5,000.00",,"149,137,468.81",,Income,,0.00,,,,,,,,,,0.00
,,,"14,381",,Invoice,,03/06/2026,,AS011084,,Penguin Shipping Enterprises (Pvt) Ltd.,,"Synology 8TB Plus Hard Drive  S/N : 2570Z9RP2A0R5FALL		            2570Z9RP2A02JFALL		",,03/06/2026,,,,HDD:HAT3320-8T (Synology 8TB Plus Hard Drive),,Synology 8TB Plus Hard Drive,,Hard Drive,,,,AD,,Non-Taxable Sales,,,,Accounts Receivable,,Paid,,,,,,2.00,,"119,180.00",,"238,360.00",,"149,375,828.81",,Income,,0.00,,,,,,,,,,0.00
,,,"14,382",,Invoice,,03/06/2026,,AS011085,,Chama Computers (Pvt) Ltd,,"BDCOM S1500-16T Switch  S/N : 0W20012502491		",,03/06/2026,,,,BDCOM:S1500-16T (BDCOM S1500-16T Switch),,BDCOM S1500-16T Switch,,BDCOM,,,,AD,,Taxable Sales,,,,Accounts Receivable,,Paid,,,,,,1.00,,"16,500.00",,"16,500.00",,"149,392,328.81",,Income,,0.00,,,,,,,,,,0.00
,,,"14,383",,Invoice,,03/07/2026,,AS011086,,Techno Mobile & CCTV,,BDCOM 16Port 100M POE+ 2Port 1G RJ45 + 1 -Port GE SFP port Unmanaged POE Switch  S/N : 0W2001170...,,03/07/2026,,,,BDCOM:S1200-16P2G1S (BDCOM 16Port 100M POE+ 2Port 1G RJ45 + 1 -Port GE SFP port Unmanaged POE Sw...,,BDCOM 16Port 100M POE+ 2Port 1G RJ45 + 1 -Port GE SFP port Unmanaged POE Switch,,BDCOM,,,,AR,,Non-Taxable Sales,,,,Accounts Receivable,,Unpaid,,,,54,,1.00,,"23,600.00",,"23,600.00",,"149,415,928.81",,Income,,0.00,,,,,,,,,,0.00
,,,"14,386",,Invoice,,03/09/2026,,AS011087,,MARS Network (Pvt) Ltd,,"Synology NAS DS925+ 4 Bay NAS  S/N :  2580YHRNPGCT1		",,03/09/2026,,,,Synology:DS925+ (Synology NAS DS925+ 4 Bay NAS),,Synology NAS DS925+ 4 Bay NAS,,Synology,,,,A,,Taxable Sales,,,,Accounts Receivable,,Paid,,,,,,1.00,,"204,000.00",,"204,000.00",,"149,619,928.81",,Income,,0.00,,,,,,,,,,0.00
,,,"14,386",,Invoice,,03/09/2026,,AS011087,,MARS Network (Pvt) Ltd,,"Synology 8TB Plus Hard Drive  S/N : 2580Z9RC2A1KBFALL		            2580Z9RW2A01SFALL		          ...",,03/09/2026,,,,HDD:HAT3320-8T (Synology 8TB Plus Hard Drive),,Synology 8TB Plus Hard Drive,,Hard Drive,,,,A,,Taxable Sales,,,,Accounts Receivable,,Paid,,,,,,5.00,,"96,300.00",,"481,500.00",,"150,101,428.81",,Income,,0.00,,,,,,,,,,0.00
,,,"14,387",,Invoice,,03/09/2026,,AS011088,,KBSL Information Technologies Ltd,,"Synology RackStation RS2825RP+ 16 Bay NAS With 32GB RAM  S/N :  2520XXR7NB1MB		",,03/09/2026,,,,Synology:RS2825RP+ (Synology RackStation RS2825RP+ 16 Bay NAS),,Synology RackStation RS2825RP+ 16 Bay NAS,,Synology,,,,A,,Taxable Sales,,,,Accounts Receivable,,Unpaid,,,,52,,1.00,,"1,768,837.50",,"1,768,837.50",,"151,870,266.31",,Income,,0.00,,,,,,,,,,0.00
,,,"14,387",,Invoice,,03/09/2026,,AS011088,,KBSL Information Technologies Ltd,,"Synology 16TB Plus HDD  S/N :  2540XERG0A15HF1VL		             2540XERG0A13GF1VL		             2...",,03/09/2026,,,,HDD:HAT3310-16T (Synology 16TB Plus HDD),,Synology 16TB Plus HDD,,Hard Drive,,,,A,,Taxable Sales,,,,Accounts Receivable,,Unpaid,,,,52,,7.00,,"162,405.00",,"1,136,835.00",,"153,007,101.31",,Income,,0.00,,,,,,,,,,0.00
,,,"14,387",,Invoice,,03/09/2026,,AS011088,,KBSL Information Technologies Ltd,,2 U Rail Kit,,03/09/2026,,,,Synology:2 U Sliding Rail Kit,,,,Synology,,,,A,,Taxable Sales,,,,Accounts Receivable,,Paid,,,,,,1.00,,,,,,"153,007,101.31",,Income,,0.00,,,,,,,,,,0.00
,,,"14,388",,Invoice,,03/09/2026,,AS011089,,MARS Network (Pvt) Ltd,,"Synology Diskstation DS223  2Bay  S/N : 25C0V1R5KBT97		",,03/09/2026,,,,Synology:DS223 (Synology Diskstation DS223  2Bay),,Synology Diskstation DS223  2Bay,,Synology,,,,A,,Taxable Sales,,,,Accounts Receivable,,Paid,,,,,,1.00,,"93,150.00",,"93,150.00",,"153,100,251.31",,Income,,0.00,,,,,,,,,,0.00
,,,"14,390",,Invoice,,03/10/2026,,AS011090,,Intek IT Solutions,,BDCOM S1500-24T Switch  S/N : 0W20012603812            0W20012603811,,03/10/2026,,,,BDCOM:S1500-24T (BDCOM S1500-24T Switch),,BDCOM S1500-24T Switch,,BDCOM,,,,AD,,Non-Taxable Sales,,,,Accounts Receivable,,Unpaid,,,,51,,2.00,,"24,190.00",,"48,380.00",,"153,148,631.31",,Income,,0.00,,,,,,,,,,0.00
,,,"14,393",,Invoice,,03/11/2026,,AS011091,,Tech Crop Solutions (Pvt) Ltd,,"Synology Disktation DS1825+ NAS Unit  S/N :  2540WDRVWP6NF		",,03/11/2026,,,,Synology:DS1825+ (Synology Disktation DS1825+ NAS Unit),,Synology Disktation DS1825+ NAS Unit,,Synology,,,,AD,,Taxable Sales,,,,Accounts Receivable,,Paid,,,,,,1.00,,"379,000.00",,"379,000.00",,"153,527,631.31",,Income,,0.00,,,,,,,,,,0.00
,,,"14,393",,Invoice,,03/11/2026,,AS011091,,Tech Crop Solutions (Pvt) Ltd,,"2 TB Seagate Ironwolf NAS Hard Drive  S/N :  ZWD14995		             WWD4WS86		             WWD4W...",,03/11/2026,,,,HDD:2 TB NAS (2 TB Seagate Ironwolf NAS Hard Drive),,2 TB Seagate Ironwolf NAS Hard Drive,,Hard Drive,,,,AD,,Taxable Sales,,,,Accounts Receivable,,Paid,,,,,,3.00,,"36,000.00",,"108,000.00",,"153,635,631.31",,Income,,0.00,,,,,,,,,,0.00
,,,"14,394",,Invoice,,03/11/2026,,AS011092,,Smart Moves & Repairs,,"Synology DiskStation DS425+ 4 Bay  S/N :  2580YGRTE3HXM		",,03/11/2026,,,,Synology:DS425+ (Synology DiskStation DS425+ 4 Bay),,Synology DiskStation DS425+ 4 Bay,,Synology,,,,AD,,Non-Taxable Sales,,,,Accounts Receivable,,Paid,,,,,,1.00,,"197,060.00",,"197,060.00",,"153,832,691.31",,Income,,0.00,,,,,,,,,,0.00
,,,"14,394",,Invoice,,03/11/2026,,AS011092,,Smart Moves & Repairs,,"2 TB Seagate Ironwolf NAS Hard Drive  S/N :  ZWD149K3		             ZWD148AJ				",,03/11/2026,,,,HDD:2 TB NAS (2 TB Seagate Ironwolf NAS Hard Drive),,2 TB Seagate Ironwolf NAS Hard Drive,,Hard Drive,,,,AD,,Non-Taxable Sales,,,,Accounts Receivable,,Paid,,,,,,2.00,,"42,480.00",,"84,960.00",,"153,917,651.31",,Income,,0.00,,,,,,,,,,0.00
,,,"14,394",,Invoice,,03/11/2026,,AS011092,,Smart Moves & Repairs,,"Draytek Vigor 2927 Security Appliance. Dual Wan  S/N :  244005047153		",,03/11/2026,,,,Draytek:Vigor 2927 (Draytek Vigor 2927 Security Appliance. Dual Wan),,Draytek Vigor 2927 Security Appliance. Dual Wan,,Draytek,,,,AD,,Non-Taxable Sales,,,,Accounts Receivable,,Paid,,,,,,1.00,,"75,520.00",,"75,520.00",,"153,993,171.31",,Income,,0.00,,,,,,,,,,0.00
,,,"14,396",,Invoice,,03/11/2026,,AS011093,,Adapt Information Technologies,,"Synology DiskStation DS425+ 4 Bay  S/N : 2580YGRZ4SFPK	",,03/11/2026,,,,Synology:DS425+ (Synology DiskStation DS425+ 4 Bay),,Synology DiskStation DS425+ 4 Bay,,Synology,,Sal:RS,,A,,Taxable Sales,,,,Accounts Receivable,,Unpaid,,,,50,,1.00,,"171,000.00",,"171,000.00",,"154,164,171.31",,Income,,0.00,,,,,,,,,,0.00
,,,"14,396",,Invoice,,03/11/2026,,AS011093,,Adapt Information Technologies,,"2 TB Seagate Ironwolf NAS Hard Drive  S/N : WWD4WRZ7		            WWD4WSKZ		",,03/11/2026,,,,HDD:2 TB NAS (2 TB Seagate Ironwolf NAS Hard Drive),,2 TB Seagate Ironwolf NAS Hard Drive,,Hard Drive,,Sal:RS,,A,,Taxable Sales,,,,Accounts Receivable,,Unpaid,,,,50,,2.00,,"36,000.00",,"72,000.00",,"154,236,171.31",,Income,,0.00,,,,,,,,,,0.00
,,,"14,410",,Invoice,,03/13/2026,,AS011094,,LANKA MOUNT CASTLE (PVT) LTD,,20GB Storage Capacity with 30 Email Accounts,,03/13/2026,,,,Host Email,,,,Support and Maintenance,,Mnt,,AS,,Taxable Sales,,,,Accounts Receivable,,Paid,,,,,,1.00,,"15,712.50",,"15,712.50",,"154,251,883.81",,Income,,0.00,,,,,,,,,,0.00
,,,"14,414",,Invoice,,03/13/2026,,AS011095,,AMTEC ELECTRONIC (PVT) LTD,,"BDCOM S1500-8P2G Switch  S/N :  0W20011617905	             0W20011617896	             0W20011617...",,03/13/2026,,,,BDCOM:S1500-8P2G (BDCOM S1500-8P2G Switch),,BDCOM S1500-8P2G Switch,,BDCOM,,,,AR,,Non-Taxable Sales,,,,Accounts Receivable,,Unpaid,,,,48,,3.00,,"15,900.00",,"47,700.00",,"154,299,583.81",,Income,,0.00,,,,,,,,,,0.00
,,,"14,415",,Invoice,,03/13/2026,,AS011096,,Debug Computer Peripherals (Pvt) Ltd,,"BDCOM S1500-16T Switch  S/N : 0W20012502511	",,03/13/2026,,,,BDCOM:S1500-16T (BDCOM S1500-16T Switch),,BDCOM S1500-16T Switch,,BDCOM,,Sal:RS,,AD,,Taxable Sales,,,,Accounts Receivable,,Unpaid,,,,48,,1.00,,"18,000.00",,"18,000.00",,"154,317,583.81",,Income,,0.00,,,,,,,,,,0.00
,,,"14,433",,Invoice,,03/14/2026,,AS011097,,Green City Global (pvt) Ltd,,"BDCOM SFP+SX 10G M/M Tranceiver  S/N : 4023B008377,4023B008378           4023B008379,4023B008380...",,02/10/2026,,,,BDCOM:SFP+ SX,,,,BDCOM,,,,AR,,Non-Taxable Sales,,,,Accounts Receivable,,Paid,,,,,,24.00,,"9,200.00",,"220,800.00",,"154,538,383.81",,Income,,0.00,,,,,,,,,,0.00
,,,"14,438",,Invoice,,03/16/2026,,AS011098,,Softlogic Information Technologies (Pvt),,"Synology DiskStation DS1525+ 5Bay NAS  S/N :  2580YJR1NZN7X		",,03/16/2026,,,,Synology:DS1525+ (Synology DiskStation DS1525+ 5Bay NAS),,Synology DiskStation DS1525+ 5Bay NAS,,Synology,,,,A,,Taxable Sales,,,,Accounts Receivable,,Unpaid,,,,45,,1.00,,"265,275.00",,"265,275.00",,"154,803,658.81",,Income,,0.00,,,,,,,,,,0.00
,,,"14,438",,Invoice,,03/16/2026,,AS011098,,Softlogic Information Technologies (Pvt),,"12TB Synology Plus HDD  S/N :  2550XDR60A014F1XL		             2550XDRB0A020F1XL		",,03/16/2026,,,,HDD:HAT3310-12T (12TB Synology Plus HDD),,12TB Synology Plus HDD,,Hard Drive,,,,A,,Taxable Sales,,,,Accounts Receivable,,Unpaid,,,,45,,2.00,,"128,587.50",,"257,175.00",,"155,060,833.81",,Income,,0.00,,,,,,,,,,0.00
,,,"14,439",,Invoice,,03/16/2026,,AS011099,,Studio Dreambox,,Synology Disktation DS1825+ NAS Unit  S/N : 25B0WDRV3QZNW,,03/16/2026,,,,Synology:DS1825+ (Synology Disktation DS1825+ NAS Unit),,Synology Disktation DS1825+ NAS Unit,,Synology,,,,AD,,Non-Taxable Sales,,,,Accounts Receivable,,Unpaid,,,,45,,1.00,,"447,000.00",,"447,000.00",,"155,507,833.81",,Income,,0.00,,,,,,,,,,0.00
,,,"14,440",,Invoice,,03/17/2026,,AS011100,,Supervision Technology (Pvt) Ltd,,"Draytek Vigor 2915 Security Appliance  S/N : 256005349767		            256005349765		           ...",,03/17/2026,,,,Draytek:Vigor 2915 (Draytek Vigor 2915 Security Appliance),,Draytek Vigor 2915 Security Appliance,,Draytek,,,,AD,,Taxable Sales,,,,Accounts Receivable,,Paid,,,,,,4.00,,"39,000.00",,"156,000.00",,"155,663,833.81",,Income,,0.00,,,,,,,,,,0.00
,,,"14,441",,Invoice,,03/18/2026,,AS011101,,J Teem Solutions,,"BDCOM S1200-8P2G Switch  S/N : 0W20011508654	            0W20011508656	            0W20011508660...",,03/18/2026,,,,BDCOM:S1200-8P2G (BDCOM S1200-8P2G Switch),,BDCOM S1200-8P2G Switch,,BDCOM,,,,AR,,Non-Taxable Sales,,,,Accounts Receivable,,Unpaid,,,,43,,5.00,,"11,000.00",,"55,000.00",,"155,718,833.81",,Income,,0.00,,,,,,,,,,0.00
,,,"14,441",,Invoice,,03/18/2026,,AS011101,,J Teem Solutions,,BDCOM 16Port 100M POE+ 2Port 1G RJ45 + 1 -Port GE SFP port Unmanaged POE Switch  S/N : 0W2001170...,,03/18/2026,,,,BDCOM:S1200-16P2G1S (BDCOM 16Port 100M POE+ 2Port 1G RJ45 + 1 -Port GE SFP port Unmanaged POE Sw...,,BDCOM 16Port 100M POE+ 2Port 1G RJ45 + 1 -Port GE SFP port Unmanaged POE Switch,,BDCOM,,,,AR,,Non-Taxable Sales,,,,Accounts Receivable,,Unpaid,,,,43,,1.00,,"23,800.00",,"23,800.00",,"155,742,633.81",,Income,,0.00,,,,,,,,,,0.00
,,,"14,441",,Invoice,,03/18/2026,,AS011101,,J Teem Solutions,,"BDCOM S1500-8P2G Switch  S/N : 0W20013503825	            0W20013503826	            0W20013503820...",,03/18/2026,,,,BDCOM:S1500-8P2G (BDCOM S1500-8P2G Switch),,BDCOM S1500-8P2G Switch,,BDCOM,,,,AR,,Non-Taxable Sales,,,,Accounts Receivable,,Unpaid,,,,43,,5.00,,"16,500.00",,"82,500.00",,"155,825,133.81",,Income,,0.00,,,,,,,,,,0.00
,,,"14,441",,Invoice,,03/18/2026,,AS011101,,J Teem Solutions,,"BDCOM S1500-4P2G Switch  S/N : 0W20011617919	            0W20011617917	            0W20011617920...",,03/18/2026,,,,BDCOM S1500-4P2G (BDCOM S1500-4P2G Switch),,BDCOM S1500-4P2G Switch,,BDCOM,,,,AR,,Non-Taxable Sales,,,,Accounts Receivable,,Unpaid,,,,43,,5.00,,"11,000.00",,"55,000.00",,"155,880,133.81",,Income,,0.00,,,,,,,,,,0.00
,,,"14,442",,Invoice,,03/19/2026,,AS011102,,Openlink (PVT) Ltd,,"12TB Synology Plus HDD  S/N :  2550XDRB0A023F1XL		             2550XDRB0A028F1XL		             2...",,03/19/2026,,,,HDD:HAT3310-12T (12TB Synology Plus HDD),,12TB Synology Plus HDD,,Hard Drive,,,,A,,Taxable Sales,,,,Accounts Receivable,,Paid,,,,,,4.00,,"151,000.00",,"604,000.00",,"156,484,133.81",,Income,,0.00,,,,,,,,,,0.00
,,,"14,444",,Invoice,,03/19/2026,,AS011103,,Adapt Information Technologies,,"Synology DS423 4 Bay NAS  S/N : 25C0UVRFPBW09	",,03/19/2026,,,,Synology:DS423 (Synology DS423 4 Bay NAS),,Synology DS423 4 Bay NAS,,Synology,,,,A,,Taxable Sales,,,,Accounts Receivable,,Unpaid,,,,42,,1.00,,"132,000.00",,"132,000.00",,"156,616,133.81",,Income,,0.00,,,,,,,,,,0.00
,,,"14,444",,Invoice,,03/19/2026,,AS011103,,Adapt Information Technologies,,"Synology 6TB Plus Hard Drive  S/N : 2530VYRZVX06R1V	            2530VYRZVY09S22	            2530...",,03/19/2026,,,,HDD:HAT3300-6T (Synology 6TB Plus Hard Drive),,Synology 6TB Plus Hard Drive,,Hard Drive,,,,A,,Taxable Sales,,,,Accounts Receivable,,Unpaid,,,,42,,4.00,,"90,000.00",,"360,000.00",,"156,976,133.81",,Income,,0.00,,,,,,,,,,0.00
,,,"14,468",,Invoice,,03/19/2026,,AS011104,,Information Technologies & Enterprise Sol,,"Synology 20TB Enterprise Hard Drive  S/N : 2550WZRM0A0PBF54L		            2550WZRM0A16MF54L		",,03/19/2026,,,,HDD:HAT5310-20T (Synology 20TB Enterprise Hard Drive),,Synology 20TB Enterprise Hard Drive,,Hard Drive,,,,A,,Non-Taxable Sales,,,,Accounts Receivable,,Paid,,,,,,2.00,,"363,440.00",,"726,880.00",,"157,703,013.81",,Income,,0.00,,,,,,,,,,0.00
,,,"14,470",,Invoice,,03/19/2026,,AS011105,,Mr Amila Nuwan,,"BDCOM 8-Port Gigabit RJ45 Unmanaged Switch  S/N : 0W20012432579		",,03/19/2026,,,,BDCOM:S1500-8T (BDCOM 8-Port Gigabit RJ45 Unmanaged Switch),,BDCOM 8-Port Gigabit RJ45 Unmanaged Switch,,BDCOM,,,,AR,,Non-Taxable Sales,,,,Accounts Receivable,,Paid,,,,,,1.00,,"6,200.00",,"6,200.00",,"157,709,213.81",,Income,,0.00,,,,,,,,,,0.00
,,,"14,471",,Invoice,,03/20/2026,,AS011106,,Prime Pulse Solutions (Pvt) Ltd,,"Synology Rackstation RS822RP+ With 18GB RAM  S/N :  2610AFR9MTYZM		",,03/20/2026,,,,Synology:RS822RP+ (Synology Rackstation RS822RP+),,Synology Rackstation RS822RP+,,Synology,,,,AD,,Taxable Sales,,,,Accounts Receivable,,Paid,,,,,,1.00,,"621,000.00",,"621,000.00",,"158,330,213.81",,Income,,0.00,,,,,,,,,,0.00
,,,"14,471",,Invoice,,03/20/2026,,AS011106,,Prime Pulse Solutions (Pvt) Ltd,,"Synology 8TB Plus Hard Drive  S/N :  2570Z9RP2A0NBFALL		             2570Z9RP2A0Q0FALL		        ...",,03/20/2026,,,,HDD:HAT3320-8T (Synology 8TB Plus Hard Drive),,Synology 8TB Plus Hard Drive,,Hard Drive,,,,AD,,Taxable Sales,,,,Accounts Receivable,,Paid,,,,,,4.00,,"103,000.00",,"412,000.00",,"158,742,213.81",,Income,,0.00,,,,,,,,,,0.00
,,,"14,471",,Invoice,,03/20/2026,,AS011106,,Prime Pulse Solutions (Pvt) Ltd,,1U Rail Kit,,03/20/2026,,,,Synology:1 U Fixed Rail Kit,,,,Synology,,,,AD,,Taxable Sales,,,,Accounts Receivable,,Paid,,,,,,1.00,,,,,,"158,742,213.81",,Income,,0.00,,,,,,,,,,0.00
,,,"14,471",,Invoice,,03/20/2026,,AS011106,,Prime Pulse Solutions (Pvt) Ltd,,Synalyze Software       Activation_Key = RFAX-KZQ4-O2YM      Device Key = AEFC3145BFCB1D1263DDE9...,,03/20/2026,,,,Synalyzer Software (Synalyzer Software),,Synalyzer Software,,Software,,,,AD,,Taxable Sales,,,,Accounts Receivable,,Paid,,,,,,1.00,,,,,,"158,742,213.81",,Income,,0.00,,,,,,,,,,0.00
,,,"14,474",,Invoice,,03/20/2026,,AS011107,,LANKA COMMODITY BROKERS LTD,,7GB Storage Space  100GB Transfer Bandwidth  1 Nos Fixed IP. (Clean)  SPF/ DKIM Supported  Spam ...,,03/20/2026,,,,Host Email,,,,Support and Maintenance,,Mnt,,AS,,Taxable Sales,,,,Accounts Receivable,,Paid,,,,,,1.00,,"19,190.31",,"19,190.31",,"158,761,404.12",,Income,,0.00,,,,,,,,,,0.00
,,,"14,475",,Invoice,,03/20/2026,,AS011108,,LANKA COMMODITY BROKERS LTD,,Anti Spam Service,,03/20/2026,,,,Services,,,,Support and Maintenance,,Mnt,,AS,,Taxable Sales,,,,Accounts Receivable,,Paid,,,,,,1.00,,"6,993.75",,"6,993.75",,"158,768,397.87",,Income,,0.00,,,,,,,,,,0.00
,,,"14,476",,Invoice,,03/20/2026,,AS011109,,AL - ARAF HOTELS & RESORT (PVT) LTD,,Hosting Charges for 10 email Accounts (10$),,03/20/2026,,,,Hosting (Hosting),,Hosting,,Support and Maintenance,,Sal:RS,,AS,,Taxable Sales,,,,Accounts Receivable,,Unpaid,,,,41,,1.00,,"3,147.50",,"3,147.50",,"158,771,545.37",,Income,,0.00,,,,,,,,,,0.00
,,,"14,477",,Invoice,,03/20/2026,,AS011110,,Wiscom Information Technology (Pvt) Ltd,,Acronis Cloud Backup 250GB Monthly Subscription,,03/20/2026,,,,Acronis,,,,Acronics,,Sal:RS,,SM,,Non-Taxable Sales,,,,Accounts Receivable,,Paid,,,,,,1.00,,"12,500.00",,"12,500.00",,"158,784,045.37",,Income,,0.00,,,,,,,,,,0.00
,,,"14,478",,Invoice,,03/20/2026,,AS011111,,ABSOLUTE BUSINESS SOLUTIONS ( PVT) LTD,,Acronis Cloud Backup 25GB Monthly Subscription,,03/20/2026,,,,Acronis,,,,Acronics,,Sal:RS,,SM,,Non-Taxable Sales,,,,Accounts Receivable,,Unpaid,,,,41,,1.00,,"2,000.00",,"2,000.00",,"158,786,045.37",,Income,,0.00,,,,,,,,,,0.00
,,,"14,479",,Invoice,,03/20/2026,,AS011112,,ABSOLUTE BUSINESS SOLUTIONS ( PVT) LTD,,Acronis Cloud Backup 25GB Monthly Subscription,,03/20/2026,,,,Acronis,,,,Acronics,,Sal:RS,,SM,,Non-Taxable Sales,,,,Accounts Receivable,,Unpaid,,,,41,,1.00,,"2,000.00",,"2,000.00",,"158,788,045.37",,Income,,0.00,,,,,,,,,,0.00
,,,"14,484",,Invoice,,03/23/2026,,AS011113,,VS Information Systems (Pvt) Ltd,,Synology DiskStation DS425+ 4 Bay  S/N : 2580YGRRQF41E,,03/23/2026,,,,Synology:DS425+ (Synology DiskStation DS425+ 4 Bay),,Synology DiskStation DS425+ 4 Bay,,Synology,,Sal:RS,,A,,Taxable Sales,,,,Accounts Receivable,,Unpaid,,,,38,,1.00,,"192,375.00",,"192,375.00",,"158,980,420.37",,Income,,0.00,,,,,,,,,,0.00
,,,"14,484",,Invoice,,03/23/2026,,AS011113,,VS Information Systems (Pvt) Ltd,,"2TB SSD225S Transcend  S/N : J357550390		            J357550371		",,03/23/2026,,,,HDD:2TB SSD 225S (2TB SSD225S Transcend),,2TB SSD225S Transcend,,Hard Drive,,Sal:RS,,A,,Taxable Sales,,,,Accounts Receivable,,Unpaid,,,,38,,2.00,,"293,625.00",,"587,250.00",,"159,567,670.37",,Income,,0.00,,,,,,,,,,0.00
,,,"14,485",,Invoice,,03/23/2026,,AS011114,,AlloT Technologies (Pvt) Ltd,,"BDCOM S1500-16P2S POE Switch  S/N : 0W20012100750		            0W20012100751		",,03/23/2026,,,,BDCOM:S1500-16P2S (BDCOM S1500-16P2S POE Switch),,BDCOM S1500-16P2S POE Switch,,BDCOM,,Sal:RS,,AD,,Taxable Sales,,,,Accounts Receivable,,Paid,,,,,,2.00,,"39,500.00",,"79,000.00",,"159,646,670.37",,Income,,0.00,,,,,,,,,,0.00
,,,"14,485",,Invoice,,03/23/2026,,AS011114,,AlloT Technologies (Pvt) Ltd,,"BDCOM S1500-8P2G Switch  S/N : 0W20011617925		            0W20011617916		",,03/23/2026,,,,BDCOM:S1500-8P2G (BDCOM S1500-8P2G Switch),,BDCOM S1500-8P2G Switch,,BDCOM,,Sal:RS,,AD,,Taxable Sales,,,,Accounts Receivable,,Paid,,,,,,2.00,,"12,000.00",,"24,000.00",,"159,670,670.37",,Income,,0.00,,,,,,,,,,0.00
,,,"14,486",,Invoice,,03/23/2026,,AS011115,,Fazaal Ceramics,,MS Office Installation Charges,,03/23/2026,,,,Services,,,,Support and Maintenance,,Sal:EC,,AS,,Non-Taxable Sales,,,,Accounts Receivable,,Paid,,,,,,2.00,,"5,900.00",,"11,800.00",,"159,682,470.37",,Income,,0.00,,,,,,,,,,0.00
,,,"14,487",,Invoice,,03/24/2026,,AS011116,,Anexta Business Solutions (Pvt) Ltd,,"BDCOM 8-Port Gigabit RJ45 Unmanaged Switch  S/N : OW20012432547		",,03/24/2026,,,,BDCOM:S1500-8T (BDCOM 8-Port Gigabit RJ45 Unmanaged Switch),,BDCOM 8-Port Gigabit RJ45 Unmanaged Switch,,BDCOM,,Sal:RS,,AD,,Taxable Sales,,,,Accounts Receivable,,Unpaid,,,,37,,1.00,,"5,500.00",,"5,500.00",,"159,687,970.37",,Income,,0.00,,,,,,,,,,0.00
,,,"14,499",,Invoice,,03/24/2026,,AS011117,,Telasis Solutions (Pvt) Ltd,,"Synology Rack Station RS822+ With 16GB RAM  S/N : 2620AERX5A0RX	",,03/24/2026,,,,RS822+ (Synology Rack Station RS822+),,Synology Rack Station RS822+,,Synology,,Sal:RS,,A,,Taxable Sales,,,,Accounts Receivable,,Paid,,,,,,1.00,,"442,000.00",,"442,000.00",,"160,129,970.37",,Income,,0.00,,,,,,,,,,0.00
,,,"14,499",,Invoice,,03/24/2026,,AS011117,,Telasis Solutions (Pvt) Ltd,,"Synology 8TB Plus Hard Drive  S/N : 2570Z9RP2A020FALL	            2570Z9RP2A0PJFALL	            ...",,03/24/2026,,,,HDD:HAT3320-8T (Synology 8TB Plus Hard Drive),,Synology 8TB Plus Hard Drive,,Hard Drive,,Sal:RS,,A,,Taxable Sales,,,,Accounts Receivable,,Paid,,,,,,3.00,,"97,000.00",,"291,000.00",,"160,420,970.37",,Income,,0.00,,,,,,,,,,0.00
,,,"14,499",,Invoice,,03/24/2026,,AS011117,,Telasis Solutions (Pvt) Ltd,,1U Rail Kit,,03/24/2026,,,,Synology:1 U Fixed Rail Kit,,,,Synology,,Sal:RS,,A,,Taxable Sales,,,,Accounts Receivable,,Paid,,,,,,1.00,,,,,,"160,420,970.37",,Income,,0.00,,,,,,,,,,0.00
,,,"14,503",,Invoice,,03/25/2026,,AS011118,,Barclays Computers (Pvt) Ltd,,"Synology DS423 4 Bay NAS  S/N : 25C0UVRESDXX7	            25C0UVR8AP6ZT	",,03/25/2026,,,,Synology:DS423 (Synology DS423 4 Bay NAS),,Synology DS423 4 Bay NAS,,Synology,,,,AS,,Taxable Sales,,,,Accounts Receivable,,Unpaid,,,,36,,2.00,,"133,300.00",,"266,600.00",,"160,687,570.37",,Income,,0.00,,,,,,,,,,0.00
,,,"14,504",,Invoice,,03/25/2026,,AS011119,,Barclays Computers (Pvt) Ltd,,"BDCOM WAP2100-T512  S/N : 0P32014037375	",,03/25/2026,,,,BDCOM:WAP2100-T512 (BDCOM WAP2100-T512),,BDCOM WAP2100-T512,,BDCOM,,,,AR,,Taxable Sales,,,,Accounts Receivable,,Unpaid,,,,36,,1.00,,"16,950.00",,"16,950.00",,"160,704,520.37",,Income,,0.00,,,,,,,,,,0.00
,,,"14,504",,Invoice,,03/25/2026,,AS011119,,Barclays Computers (Pvt) Ltd,,"BDCOM S1500-24T Switch  S/N : 0W20012603813	            0W20012603810	",,03/25/2026,,,,BDCOM:S1500-24T (BDCOM S1500-24T Switch),,BDCOM S1500-24T Switch,,BDCOM,,,,AR,,Taxable Sales,,,,Accounts Receivable,,Unpaid,,,,36,,2.00,,"20,000.00",,"40,000.00",,"160,744,520.37",,Income,,0.00,,,,,,,,,,0.00
,,,"14,504",,Invoice,,03/25/2026,,AS011119,,Barclays Computers (Pvt) Ltd,,"BDCOM S1000-4P2F Switch  S/N : 0W20011312993	            0W20011312987	            0W20011312990	",,03/25/2026,,,,S1000-4P2F (BDCOM S1000-4P2F Switch),,BDCOM S1000-4P2F Switch,,BDCOM,,,,AR,,Taxable Sales,,,,Accounts Receivable,,Unpaid,,,,36,,3.00,,"5,300.00",,"15,900.00",,"160,760,420.37",,Income,,0.00,,,,,,,,,,0.00
,,,"14,504",,Invoice,,03/25/2026,,AS011119,,Barclays Computers (Pvt) Ltd,,"BDCOM S1500-8P2G Switch  S/N : 0W20011617915	            0W20011617914	",,03/25/2026,,,,BDCOM:S1500-8P2G (BDCOM S1500-8P2G Switch),,BDCOM S1500-8P2G Switch,,BDCOM,,,,AR,,Taxable Sales,,,,Accounts Receivable,,Unpaid,,,,36,,2.00,,"13,200.00",,"26,400.00",,"160,786,820.37",,Income,,0.00,,,,,,,,,,0.00
,,,"14,504",,Invoice,,03/25/2026,,AS011119,,Barclays Computers (Pvt) Ltd,,"BDCOM 8-Port Gigabit RJ45 Unmanaged Switch   S/N : 0W20012432582, 0W20012432549	             0W2...",,03/25/2026,,,,BDCOM:S1500-8T (BDCOM 8-Port Gigabit RJ45 Unmanaged Switch),,BDCOM 8-Port Gigabit RJ45 Unmanaged Switch,,BDCOM,,,,AR,,Taxable Sales,,,,Accounts Receivable,,Unpaid,,,,36,,10.00,,"5,000.00",,"50,000.00",,"160,836,820.37",,Income,,0.00,,,,,,,,,,0.00
,,,"14,504",,Invoice,,03/25/2026,,AS011119,,Barclays Computers (Pvt) Ltd,,"BDCOM POE S1000-8P2F  8Port 100M Switch  S/N : 0W20011408410	            0W20011407146	         ...",,03/25/2026,,,,BDCOM:S1000-8P2F (BDCOM POE S1000-8P2F  8Port 100M Switch),,BDCOM POE S1000-8P2F  8Port 100M Switch,,BDCOM,,,,AR,,Taxable Sales,,,,Accounts Receivable,,Unpaid,,,,36,,3.00,,"7,000.00",,"21,000.00",,"160,857,820.37",,Income,,0.00,,,,,,,,,,0.00
,,,"14,504",,Invoice,,03/25/2026,,AS011119,,Barclays Computers (Pvt) Ltd,,"BDCOM S1200-8P2G Switch  S/N : 0W20011508653	            0W20011508657	",,03/25/2026,,,,BDCOM:S1200-8P2G (BDCOM S1200-8P2G Switch),,BDCOM S1200-8P2G Switch,,BDCOM,,,,AR,,Taxable Sales,,,,Accounts Receivable,,Unpaid,,,,36,,2.00,,"9,200.00",,"18,400.00",,"160,876,220.37",,Income,,0.00,,,,,,,,,,0.00
,,,"14,504",,Invoice,,03/25/2026,,AS011119,,Barclays Computers (Pvt) Ltd,,"BDCOM S1500-5T Switch  S/N : 0W20013206537	            0W20013206547	            0W20013206548	 ...",,03/25/2026,,,,BDCOM S1500-5T (BDCOM S1500-5T Switch),,BDCOM S1500-5T Switch,,BDCOM,,,,AR,,Taxable Sales,,,,Accounts Receivable,,Unpaid,,,,36,,4.00,,"3,700.00",,"14,800.00",,"160,891,020.37",,Income,,0.00,,,,,,,,,,0.00
,,,"14,504",,Invoice,,03/25/2026,,AS011119,,Barclays Computers (Pvt) Ltd,,"BDCOM S1500-4P2G Switch  S/N : 0W20013503821	            0W20013503838	",,03/25/2026,,,,BDCOM S1500-4P2G (BDCOM S1500-4P2G Switch),,BDCOM S1500-4P2G Switch,,BDCOM,,,,AR,,Taxable Sales,,,,Accounts Receivable,,Unpaid,,,,36,,2.00,,"9,400.00",,"18,800.00",,"160,909,820.37",,Income,,0.00,,,,,,,,,,0.00
,,,"14,505",,Invoice,,03/25/2026,,AS011120,,Berlin Engineering (PVT) LTD,,"BDCOM WAP2100-T512  S/N : 0P32014037379	",,03/25/2026,,,,BDCOM:WAP2100-T512 (BDCOM WAP2100-T512),,BDCOM WAP2100-T512,,BDCOM,,,,AR,,Non-Taxable Sales,,,,Accounts Receivable,,Paid,,,,,,1.00,,"21,000.00",,"21,000.00",,"160,930,820.37",,Income,,0.00,,,,,,,,,,0.00
,,,"14,505",,Invoice,,03/25/2026,,AS011120,,Berlin Engineering (PVT) LTD,,"BDCOM S1500-8P2G Switch  S/N : 0W20011617887	",,03/25/2026,,,,BDCOM:S1500-8P2G (BDCOM S1500-8P2G Switch),,BDCOM S1500-8P2G Switch,,BDCOM,,,,AR,,Non-Taxable Sales,,,,Accounts Receivable,,Paid,,,,,,1.00,,"17,500.00",,"17,500.00",,"160,948,320.37",,Income,,0.00,,,,,,,,,,0.00
,,,"14,506",,Invoice,,03/25/2026,,AS011121,,E-Net Integrated Solutions (Pvt) Ltd,,"BDCOM S1500-4P2G Switch  S/N : 0W20013503824	",,03/25/2026,,,,BDCOM S1500-4P2G (BDCOM S1500-4P2G Switch),,BDCOM S1500-4P2G Switch,,BDCOM,,,,AR,,Non-Taxable Sales,,,,Accounts Receivable,,Paid,,,,,,1.00,,"11,000.00",,"11,000.00",,"160,959,320.37",,Income,,0.00,,,,,,,,,,0.00
,,,"14,510",,Invoice,,03/26/2026,,AS011122,,Tekki (Pvt) Ltd,,Storage Capacity 10TB - (February -March 2026),,03/25/2026,,,,Rental,,,,Other Sales,,Sal:RS,,AS,,Non-Taxable Sales,,,,Accounts Receivable,,Unpaid,,,,36,,20.00,,"2,360.00",,"47,200.00",,"161,006,520.37",,Income,,0.00,,,,,,,,,,0.00
,,,"14,557",,Invoice,,03/27/2026,,AS011123,,Call Lanka Telecom (Pvt) Ltd,,"Synology DS423 4 Bay NAS  S/N : 25C0UVRTTZFXV		",,03/27/2026,,,,Synology:DS423 (Synology DS423 4 Bay NAS),,Synology DS423 4 Bay NAS,,Synology,,Sal:RS,,AS,,Taxable Sales,,,,Accounts Receivable,,Paid,,,,,,1.00,,"267,440.00",,"267,440.00",,"161,273,960.37",,Income,,0.00,,,,,,,,,,0.00
,,,"14,557",,Invoice,,03/27/2026,,AS011123,,Call Lanka Telecom (Pvt) Ltd,,"Synology 4TB Plus HDD  S/N : 2590VXRZW63VZBJ		            2590VXRZW63WRAE		",,03/27/2026,,,,HDD:HAT3300-4T (Synology 4TB Plus HDD),,Synology 4TB Plus HDD,,Hard Drive,,Sal:RS,,AS,,Taxable Sales,,,,Accounts Receivable,,Paid,,,,,,2.00,,,,,,"161,273,960.37",,Income,,0.00,,,,,,,,,,0.00
,,,"14,559",,Invoice,,03/27/2026,,AS011124,,Adapt Information Technologies,,"Acronis Cyber Protect Advanced Server Subscription License, 1 Year Renewal",,03/27/2026,,,,Acronis,,,,Acronics,,Sal:RS,,A,,Taxable Sales,,,,Accounts Receivable,,Unpaid,,,,34,,1.00,,"213,000.00",,"213,000.00",,"161,486,960.37",,Income,,0.00,,,,,,,,,,0.00
,,,"14,561",,Invoice,,03/30/2026,,AS011125,,Data Management Systems (Pvt) Limited,,"Synology NAS DS925+ 4 Bay NAS With 8GB RAM  S/N :  2580YHR0F7CFM		",,03/30/2026,,,,Synology:DS925+ (Synology NAS DS925+ 4 Bay NAS),,Synology NAS DS925+ 4 Bay NAS,,Synology,,,,A,,Taxable Sales,,,,Accounts Receivable,,Unpaid,,,,31,,1.00,,"275,000.00",,"275,000.00",,"161,761,960.37",,Income,,0.00,,,,,,,,,,0.00
,,,"14,561",,Invoice,,03/30/2026,,AS011125,,Data Management Systems (Pvt) Limited,,"Synology 6TB Plus Hard Drive  S/N :  2530VYRZVY0AA2B		             2530VYRZVX06H0A		            ...",,03/30/2026,,,,HDD:HAT3300-6T (Synology 6TB Plus Hard Drive),,Synology 6TB Plus Hard Drive,,Hard Drive,,,,A,,Taxable Sales,,,,Accounts Receivable,,Unpaid,,,,31,,4.00,,"75,000.00",,"300,000.00",,"162,061,960.37",,Income,,0.00,,,,,,,,,,0.00
,,,"14,562",,Invoice,,03/30/2026,,AS011126,,Southern Technologies,,"BDCOM S1200-8P2G Switch  S/N :  OW20011508651		             OW20011508658		             OW200115...",,03/30/2026,,,,BDCOM:S1200-8P2G (BDCOM S1200-8P2G Switch),,BDCOM S1200-8P2G Switch,,BDCOM,,,,AR,,Non-Taxable Sales,,,,Accounts Receivable,,Paid,,,,,,5.00,,"10,600.00",,"53,000.00",,"162,114,960.37",,Income,,0.00,,,,,,,,,,0.00
,,,"14,563",,Invoice,,03/30/2026,,AS011127,,BlueChip Technical Services(Pvt)Ltd,,"Synology RS2416RP+ NAS Unit Rentable Charge - (1 Months)  S/N : 1661NCN535300		",,03/30/2026,,,,Rental,,,,Other Sales,,Sal:EC,,A,,Taxable Sales,,,,Accounts Receivable,,Unpaid,,,,31,,1.00,,"70,000.00",,"70,000.00",,"162,184,960.37",,Income,,0.00,,,,,,,,,,0.00
,,,"14,564",,Invoice,,03/30/2026,,AS011128,,MM Trade Stationers (Pvt) Ltd.,,"Synology 16TB Plus HDD  S/N : 2540XERH0A00JF1VL	            2540XERH0A010F1VL	",,03/30/2026,,,,HDD:HAT3310-16T (Synology 16TB Plus HDD),,Synology 16TB Plus HDD,,Hard Drive,,Sal:RS,,AR,,Taxable Sales,,,,Accounts Receivable,,Paid,,,,,,2.00,,"226,500.00",,"453,000.00",,"162,637,960.37",,Income,,0.00,,,,,,,,,,0.00
,,,"14,566",,Invoice,,03/30/2026,,AS011129,,E Technology System (Pvt) Ltd,,"Synology DiskStation DS425+ 4 Bay  S/N : 2620YGRCVS47A		",,03/30/2026,,,,Synology:DS425+ (Synology DiskStation DS425+ 4 Bay),,Synology DiskStation DS425+ 4 Bay,,Synology,,,,AD,,Taxable Sales,,,,Accounts Receivable,,Paid,,,,,,1.00,,"173,000.00",,"173,000.00",,"162,810,960.37",,Income,,0.00,,,,,,,,,,0.00
,,,"14,567",,Invoice,,03/30/2026,,AS011130,,Dilru Production (Pvt) Ltd,,"BDCOM S1500-24T Switch  S/N : 0W20012603809		",,03/30/2026,,,,BDCOM:S1500-24T (BDCOM S1500-24T Switch),,BDCOM S1500-24T Switch,,BDCOM,,,,AD,,Non-Taxable Sales,,,,Accounts Receivable,,Paid,,,,,,1.00,,"26,550.00",,"26,550.00",,"162,837,510.37",,Income,,0.00,,,,,,,,,,0.00
,,,"14,568",,Invoice,,03/30/2026,,AS011131,,Hexar Evolution (Pvt) Ltd,,"Synology NAS DS925+ 4 Bay NAS  S/N : 25B0YHR0T0C07		",,03/30/2026,,,,Synology:DS925+ (Synology NAS DS925+ 4 Bay NAS),,Synology NAS DS925+ 4 Bay NAS,,Synology,,,,AD,,Taxable Sales,,,,Accounts Receivable,,Paid,,,,,,1.00,,"211,000.00",,"211,000.00",,"163,048,510.37",,Income,,0.00,,,,,,,,,,0.00
,,,"14,568",,Invoice,,03/30/2026,,AS011131,,Hexar Evolution (Pvt) Ltd,,"Synology 8TB Plus Hard Drive  S/N : 2570Z9RP2A02WFALL		            2560Z9RA0A0TWFALL		",,03/30/2026,,,,HDD:HAT3320-8T (Synology 8TB Plus Hard Drive),,Synology 8TB Plus Hard Drive,,Hard Drive,,,,AD,,Taxable Sales,,,,Accounts Receivable,,Paid,,,,,,2.00,,"115,000.00",,"230,000.00",,"163,278,510.37",,Income,,0.00,,,,,,,,,,0.00
,,,"14,568",,Invoice,,03/30/2026,,AS011131,,Hexar Evolution (Pvt) Ltd,,Synalyzer Software,,03/30/2026,,,,Synalyzer Software (Synalyzer Software),,Synalyzer Software,,Software,,,,AD,,Taxable Sales,,,,Accounts Receivable,,Paid,,,,,,1.00,,,,,,"163,278,510.37",,Income,,0.00,,,,,,,,,,0.00
,,,"14,571",,Invoice,,03/30/2026,,AS011132,,Call Lanka Telecom (Pvt) Ltd,,"BDCOM WAP2100-T512  S/N :   0P32014037376		              0P32014037378		              0P32014037...",,03/30/2026,,,,BDCOM:WAP2100-T512 (BDCOM WAP2100-T512),,BDCOM WAP2100-T512,,BDCOM,,,,AS,,Taxable Sales,,,,Accounts Receivable,,Unpaid,,,,31,,3.00,,"17,650.00",,"52,950.00",,"163,331,460.37",,Income,,0.00,,,,,,,,,,0.00
,,,"14,571",,Invoice,,03/30/2026,,AS011132,,Call Lanka Telecom (Pvt) Ltd,,"BDCOM S1500-8P2G Switch  S/N : 0W20011617913	            0W20011617894	             0W20011617910	",,03/30/2026,,,,BDCOM:S1500-8P2G (BDCOM S1500-8P2G Switch),,BDCOM S1500-8P2G Switch,,BDCOM,,,,AS,,Taxable Sales,,,,Accounts Receivable,,Unpaid,,,,31,,3.00,,"13,650.00",,"40,950.00",,"163,372,410.37",,Income,,0.00,,,,,,,,,,0.00
,,,"14,572",,Invoice,,03/30/2026,,AS011133,,Berlin Engineering (PVT) LTD,,"S1500-24P2S-370 BDCOM Switch  S/N : 0W20012000775	",,03/30/2026,,,,BDCOM:S1500-24P2S-370 (S1500-24P2S-370 BDCOM Switch),,S1500-24P2S-370 BDCOM Switch,,BDCOM,,,,AR,,Non-Taxable Sales,,,,Accounts Receivable,,Paid,,,,,,1.00,,"72,500.00",,"72,500.00",,"163,444,910.37",,Income,,0.00,,,,,,,,,,0.00
,,,"14,575",,Invoice,,03/31/2026,,AS011134,,Enico Chemical Industries Pvt Ltd,,"Acronis Advanced Antivirus Endpoint Detection & Response (EDR) - Single User  S/N : 10079		",,03/31/2026,,,,Acronis Antivirus (Acronis Advanced Antivirus Enpoint Detection & Response (EDR)),,Acronis Advanced Antivirus Enpoint Detection & Response (EDR),,Acronics,,,,AD,,Taxable Sales,,,,Accounts Receivable,,Paid,,,,,,1.00,,"3,600.00",,"3,600.00",,"163,448,510.37",,Income,,0.00,,,,,,,,,,0.00
Apr '25 - Mar 26,,,,,,,,,,,,,,,,,,,,,,,,,,,,,,,,,,,,,,,,,,,,,"163,448,510.37",,"163,448,510.37",,,,0.00,,,,,,,,,,
Apr 26,,,,,,,,,,,,,,,,,,,,,,,,,,,,,,,,,,,,,,,,,,,,,,,,,,,,,,,,,,,,,
,,,"14,578",,Invoice,,04/02/2026,,AS011135,,Intek IT Solutions,,BDCOM WAP2100-T618  S/N : OP32014102656,,04/02/2026,,,,BDCOM:WAP2100-T618 (BDCOM WAP2100-T618),,BDCOM WAP2100-T618,,BDCOM,,,,AD,,Non-Taxable Sales,,,,Accounts Receivable,,Unpaid,,,,28,,1.00,,"26,550.00",,"26,550.00",,"26,550.00",,Income,,0.00,,,,,,,,,,0.00
,,,"14,578",,Invoice,,04/02/2026,,AS011135,,Intek IT Solutions,,BDCOM WAP2100-T512  S/N : OP32014037419,,04/02/2026,,,,BDCOM:WAP2100-T512 (BDCOM WAP2100-T512),,BDCOM WAP2100-T512,,BDCOM,,,,AD,,Non-Taxable Sales,,,,Accounts Receivable,,Unpaid,,,,28,,1.00,,"26,550.00",,"26,550.00",,"53,100.00",,Income,,0.00,,,,,,,,,,0.00
,,,"14,580",,Invoice,,04/02/2026,,AS011136,,Barclays Computers (Pvt) Ltd,,"S1500-24T2S BDCOM Switch  S/N : 0W20012300892		            0W20012300891		",,04/02/2026,,,,BDCOM:S1500-24T2S (S1500-24T2S BDCOM Switch),,S1500-24T2S BDCOM Switch,,BDCOM,,Sal:RS,,AR,,Taxable Sales,,,,Accounts Receivable,,Unpaid,,,,28,,2.00,,"24,200.00",,"48,400.00",,"101,500.00",,Income,,0.00,,,,,,,,,,0.00
,,,"14,580",,Invoice,,04/02/2026,,AS011136,,Barclays Computers (Pvt) Ltd,,"BDCOM WAP2100-T512 with P/A  S/N : 0P32014037310		            0P32014037311		",,04/02/2026,,,,BDCOM:WAP2100-T512 (BDCOM WAP2100-T512),,BDCOM WAP2100-T512,,BDCOM,,Sal:RS,,AR,,Taxable Sales,,,,Accounts Receivable,,Unpaid,,,,28,,2.00,,"16,950.00",,"33,900.00",,"135,400.00",,Income,,0.00,,,,,,,,,,0.00
,,,"14,584",,Invoice,,04/03/2026,,AS011137,,Mr Michael Janz,,Synology DS 1815+ – 8-Bay / 2GB RAM / Intel QuadCore 2.4GHz / 4x Gigabit LAN  S/N : 15A1MHN103801,,04/03/2026,,,,Synology,,,,Synology,,Sal:EC,,AR,,Non-Taxable Sales,,,,Accounts Receivable,,Paid,,,,,,1.00,,"100,000.00",,"100,000.00",,"235,400.00",,Income,,0.00,,,,,,,,,,0.00
,,,"14,587",,Invoice,,04/03/2026,,AS011138,,M & U Foresight (Pvt) Ltd,,"Synology Diskstation DS223  2Bay  S/N : 2610V1RFPBHNG	",,04/03/2026,,,,Synology:DS223 (Synology Diskstation DS223  2Bay),,Synology Diskstation DS223  2Bay,,Synology,,,,AS,,Non-Taxable Sales,,,,Accounts Receivable,,Paid,,,,,,1.00,,"125,080.00",,"125,080.00",,"360,480.00",,Income,,0.00,,,,,,,,,,0.00
,,,"14,587",,Invoice,,04/03/2026,,AS011138,,M & U Foresight (Pvt) Ltd,,"2 TB Seagate Ironwolf NAS Hard Drive  S/N : WWD4WSKW	            WWD4WSNL	",,04/03/2026,,,,HDD:2 TB NAS (2 TB Seagate Ironwolf NAS Hard Drive),,2 TB Seagate Ironwolf NAS Hard Drive,,Hard Drive,,,,AS,,Non-Taxable Sales,,,,Accounts Receivable,,Paid,,,,,,2.00,,"60,180.00",,"120,360.00",,"480,840.00",,Income,,0.00,,,,,,,,,,0.00
,,,"14,587",,Invoice,,04/03/2026,,AS011138,,M & U Foresight (Pvt) Ltd,,Prolink 3000 KBA Line Interactive UPS,,04/03/2026,,,,Accs (Accessories),,Accessories,,Hardware,,,,AS,,Non-Taxable Sales,,,,Accounts Receivable,,Paid,,,,,,1.00,,"70,682.00",,"70,682.00",,"551,522.00",,Income,,0.00,,,,,,,,,,0.00
,,,"14,587",,Invoice,,04/03/2026,,AS011138,,M & U Foresight (Pvt) Ltd,,Cabling Charges,,04/03/2026,,,,Accs (Accessories),,Accessories,,Hardware,,,,AS,,Non-Taxable Sales,,,,Accounts Receivable,,Paid,,,,,,1.00,,"11,800.00",,"11,800.00",,"563,322.00",,Income,,0.00,,,,,,,,,,0.00
,,,"14,587",,Invoice,,04/03/2026,,AS011138,,M & U Foresight (Pvt) Ltd,,Synalyzer Software  Activation Key - 20ZI-20UI-E28T  Device Key - C701D2A1ECBD460937D27CD4545778...,,04/03/2026,,,,Synalyzer Software (Synalyzer Software),,Synalyzer Software,,Software,,,,AS,,Non-Taxable Sales,,,,Accounts Receivable,,Paid,,,,,,1.00,,,,,,"563,322.00",,Income,,0.00,,,,,,,,,,0.00
,,,"14,590",,Invoice,,04/06/2026,,AS011139,,GTS Technology Solutions (pvt) Ltd,,"Synology 16TB Plus HDD  S/N :  25A0XERP2A34SF1VL		             2540XERH0A00WF1VL		             2...",,04/06/2026,,,,HDD:HAT3310-16T (Synology 16TB Plus HDD),,Synology 16TB Plus HDD,,Hard Drive,,,,A,,Taxable Sales,,,,Accounts Receivable,,Paid,,,,,,4.00,,"227,000.00",,"908,000.00",,"1,471,322.00",,Income,,0.00,,,,,,,,,,0.00
,,,"14,594",,Invoice,,04/07/2026,,AS011140,,Allied Techno Services Pvt Ltd,,"Synology Diskstation DS223  2Bay  S/N : 25C0V1RBB5MNS		",,04/07/2026,,,,Synology:DS223 (Synology Diskstation DS223  2Bay),,Synology Diskstation DS223  2Bay,,Synology,,,,AD,,Taxable Sales,,,,Accounts Receivable,,Unpaid,,,,23,,1.00,,"95,000.00",,"95,000.00",,"1,566,322.00",,Income,,0.00,,,,,,,,,,0.00
,,,"14,601",,Invoice,,04/08/2026,,AS011141,,Open Systems Integrators (Pvt) Ltd,,"Synology RackStation RS2423RP+ 12Bay  S/N :  2510V3RYNYG2H		",,04/08/2026,,,,RS2423RP+ (Synology RackStation RS2423RP+ 12Bay),,Synology RackStation RS2423RP+ 12Bay,,Synology,,,,A,,Taxable Sales,,,,Accounts Receivable,,Paid,,,,,,1.00,,"1,180,000.00",,"1,180,000.00",,"2,746,322.00",,Income,,0.00,,,,,,,,,,0.00
,,,"14,601",,Invoice,,04/08/2026,,AS011141,,Open Systems Integrators (Pvt) Ltd,,"Synology 6TB Plus Hard Drive  S/N :  2530VYRZVY09SQ5		             2530VYRZVX06R2Y		            ...",,04/08/2026,,,,HDD:HAT3300-6T (Synology 6TB Plus Hard Drive),,Synology 6TB Plus Hard Drive,,Hard Drive,,,,A,,Taxable Sales,,,,Accounts Receivable,,Paid,,,,,,9.00,,"90,000.00",,"810,000.00",,"3,556,322.00",,Income,,0.00,,,,,,,,,,0.00
,,,"14,601",,Invoice,,04/08/2026,,AS011141,,Open Systems Integrators (Pvt) Ltd,,2U Rail Kit,,04/08/2026,,,,Synology:2 U Sliding Rail Kit,,,,Synology,,,,A,,Taxable Sales,,,,Accounts Receivable,,Paid,,,,,,1.00,,,,,,"3,556,322.00",,Income,,0.00,,,,,,,,,,0.00
,,,"14,602",,Invoice,,04/08/2026,,AS011142,,Open Systems Integrators (Pvt) Ltd,,"Synology Rackstation RS822RP+  S/N :  2540UJRH0JKMK		",,04/08/2026,,,,Synology:RS822RP+ (Synology Rackstation RS822RP+),,Synology Rackstation RS822RP+,,Synology,,,,A,,Taxable Sales,,,,Accounts Receivable,,Paid,,,,,,1.00,,"515,000.00",,"515,000.00",,"4,071,322.00",,Income,,0.00,,,,,,,,,,0.00
,,,"14,602",,Invoice,,04/08/2026,,AS011142,,Open Systems Integrators (Pvt) Ltd,,"Synology 6TB Plus Hard Drive  S/N :  2560VYRZVX089LX		             2560VYRZVX089RW		            ...",,04/08/2026,,,,HDD:HAT3300-6T (Synology 6TB Plus Hard Drive),,Synology 6TB Plus Hard Drive,,Hard Drive,,,,A,,Taxable Sales,,,,Accounts Receivable,,Paid,,,,,,4.00,,"90,000.00",,"360,000.00",,"4,431,322.00",,Income,,0.00,,,,,,,,,,0.00
,,,"14,602",,Invoice,,04/08/2026,,AS011142,,Open Systems Integrators (Pvt) Ltd,,1U Rail Kit,,04/08/2026,,,,Synology:1 U Fixed Rail Kit,,,,Synology,,,,A,,Taxable Sales,,,,Accounts Receivable,,Paid,,,,,,1.00,,,,,,"4,431,322.00",,Income,,0.00,,,,,,,,,,0.00
,,,"14,606",,Invoice,,04/09/2026,,AS011143,,Barclays Computers (Pvt) Ltd,,"BDCOM S1500-24P2S Switch  S/N :  0W20012201697		",,04/09/2026,,,,BDCOM:S1500-24P2S (BDCOM S1500-24P2S Switch),,BDCOM S1500-24P2S Switch,,BDCOM,,,,AR,,Taxable Sales,,,,Accounts Receivable,,Unpaid,,,,21,,1.00,,"42,970.00",,"42,970.00",,"4,474,292.00",,Income,,0.00,,,,,,,,,,0.00
,,,"14,607",,Invoice,,04/09/2026,,AS011144,,Softlogic Information Technologies (Pvt),,"Synology Disktation DS1825+ NAS Unit With 16GB RAM  S/N :  2590WDRTJTJJR		",,04/09/2026,,,,Synology:DS1825+ (Synology Disktation DS1825+ NAS Unit),,Synology Disktation DS1825+ NAS Unit,,Synology,,,,A,,Taxable Sales,,,,Accounts Receivable,,Unpaid,,,,21,,1.00,,"738,000.00",,"738,000.00",,"5,212,292.00",,Income,,0.00,,,,,,,,,,0.00
,,,"14,607",,Invoice,,04/09/2026,,AS011144,,Softlogic Information Technologies (Pvt),,"Synology 8TB Plus Hard Drive  S/N :   2560Z9RA0A0PMFALL		              2560Z9RA0A0RYFALL		      ...",,04/09/2026,,,,HDD:HAT3320-8T (Synology 8TB Plus Hard Drive),,Synology 8TB Plus Hard Drive,,Hard Drive,,,,A,,Taxable Sales,,,,Accounts Receivable,,Unpaid,,,,21,,6.00,,"96,300.00",,"577,800.00",,"5,790,092.00",,Income,,0.00,,,,,,,,,,0.00
,,,"14,607",,Invoice,,04/09/2026,,AS011144,,Softlogic Information Technologies (Pvt),,"400GB Synology SSD M.2  S/N :  2560U2R5M3R1E		             2560U2R5XBTC6		",,04/09/2026,,,,HDD:400GB Syno SSD (400GB Synology SSD M.2),,400GB Synology SSD M.2,,Hard Drive,,,,A,,Taxable Sales,,,,Accounts Receivable,,Paid,,,,,,2.00,,,,,,"5,790,092.00",,Income,,0.00,,,,,,,,,,0.00
,,,"14,607",,Invoice,,04/09/2026,,AS011144,,Softlogic Information Technologies (Pvt),,"Synology Disktation DS1825+ NAS Unit With16GB RAM  S/N :  2610WDR87N8B9		",,04/09/2026,,,,Synology:DS1825+ (Synology Disktation DS1825+ NAS Unit),,Synology Disktation DS1825+ NAS Unit,,Synology,,,,A,,Taxable Sales,,,,Accounts Receivable,,Unpaid,,,,21,,1.00,,"738,000.00",,"738,000.00",,"6,528,092.00",,Income,,0.00,,,,,,,,,,0.00
,,,"14,607",,Invoice,,04/09/2026,,AS011144,,Softlogic Information Technologies (Pvt),,"Synology 8TB Plus Hard Drive  S/N :  2560Z9RA0A0RMFALL		             2560Z9RA0A0U2FALL		        ...",,04/09/2026,,,,HDD:HAT3320-8T (Synology 8TB Plus Hard Drive),,Synology 8TB Plus Hard Drive,,Hard Drive,,,,A,,Taxable Sales,,,,Accounts Receivable,,Unpaid,,,,21,,6.00,,"96,300.00",,"577,800.00",,"7,105,892.00",,Income,,0.00,,,,,,,,,,0.00
,,,"14,607",,Invoice,,04/09/2026,,AS011144,,Softlogic Information Technologies (Pvt),,"400GB Synology SSD M.2  S/N :  2560U2RQFMPEK		             2560U2RDDT8K1		",,04/09/2026,,,,HDD:400GB Syno SSD (400GB Synology SSD M.2),,400GB Synology SSD M.2,,Hard Drive,,,,A,,Taxable Sales,,,,Accounts Receivable,,Paid,,,,,,2.00,,,,,,"7,105,892.00",,Income,,0.00,,,,,,,,,,0.00
,,,"14,609",,Invoice,,04/09/2026,,AS011145,,AlloT Technologies (Pvt) Ltd,,"S1500-24P2S-370 BDCOM Switch  S/N : 0W20012000774            0W20012000772				",,04/09/2026,,,,BDCOM:S1500-24P2S-370 (S1500-24P2S-370 BDCOM Switch),,S1500-24P2S-370 BDCOM Switch,,BDCOM,,Sal:RS,,AD,,Taxable Sales,,,,Accounts Receivable,,Paid,,,,,,2.00,,"44,000.00",,"88,000.00",,"7,193,892.00",,Income,,0.00,,,,,,,,,,0.00
,,,"14,612",,Invoice,,04/10/2026,,AS011146,,Pretec Systems,,"BDCOM S1500-5T Switch  S/N :  0W20013206546, 0W20013206540		             0W20013206543, 0W200132...",,04/10/2026,,,,BDCOM S1500-5T (BDCOM S1500-5T Switch),,BDCOM S1500-5T Switch,,BDCOM,,,,AR,,Non-Taxable Sales,,,,Accounts Receivable,,Paid,,,,,,12.00,,"4,500.00",,"54,000.00",,"7,247,892.00",,Income,,0.00,,,,,,,,,,0.00
,,,"14,612",,Invoice,,04/10/2026,,AS011146,,Pretec Systems,,"GSFP-SX-D Multi Mode Transceiver  S/N : 1108B003341,1108B003342	            1108B003343, 1108B00...",,04/10/2026,,,,BDCOM:GSFP-SX-D,,,,BDCOM,,,,AR,,Non-Taxable Sales,,,,Accounts Receivable,,Paid,,,,,,20.00,,"4,600.00",,"92,000.00",,"7,339,892.00",,Income,,0.00,,,,,,,,,,0.00
,,,"14,616",,Credit Memo,,04/16/2026,,AS00129,,Pretec Systems,,BDCOM WAP2100-WG300 Wireless Router,,04/16/2026,,,,BDCOM:WAP2100-WG300 (BDCOM WAP2100-WG300 Wireless Router),,BDCOM WAP2100-WG300 Wireless Router,,BDCOM,,,,,,Non-Taxable Sales,,,,Accounts Receivable,,Paid,,,,,,-1.00,,"6,000.00",,"-6,000.00",,"7,333,892.00",,Income,,0.00,,,,,,,,,,0.00
,,,"14,670",,Invoice,,04/21/2026,,AS011147,,ICC Inernational Construction Consortium,,"BDCOM S1500-8P2G Switch  S/N : 0W20011617885		",,04/21/2026,,,,BDCOM:S1500-8P2G (BDCOM S1500-8P2G Switch),,BDCOM S1500-8P2G Switch,,BDCOM,,,,AD,,Taxable Sales,,,,Accounts Receivable,,Unpaid,,,,9,,1.00,,"13,500.00",,"13,500.00",,"7,347,392.00",,Income,,0.00,,,,,,,,,,0.00
,,,"14,671",,Invoice,,04/21/2026,,AS011148,,Legalinc Srilanka,,PC Inspection & NAS Configuration Charges,,04/21/2026,,,,Services,,,,Support and Maintenance,,Sal:EC,,AS,,Non-Taxable Sales,,,,Accounts Receivable,,Paid,,,,,,1.00,,"14,160.00",,"14,160.00",,"7,361,552.00",,Income,,0.00,,,,,,,,,,0.00
,,,"14,672",,Invoice,,04/21/2026,,AS011149,,Sampath I T Solutions Limited,,NAS Parts Replacement Charges - Replacement of Synology RS3617RPxs - Control Switch,,04/21/2026,,,,Services,,,,Support and Maintenance,,,,A,,Taxable Sales,,,,Accounts Receivable,,Unpaid,,,,9,,1.00,,"81,000.00",,"81,000.00",,"7,442,552.00",,Income,,0.00,,,,,,,,,,0.00
,,,"14,674",,Invoice,,04/21/2026,,AS011150,,LANKA MOUNT CASTLE (PVT) LTD,,20GB Storage Capacity with 30 Email Accounts,,04/21/2026,,,,Host Email,,,,Support and Maintenance,,Mnt,,AS,,Taxable Sales,,,,Accounts Receivable,,Unpaid,,,,9,,1.00,,"16,000.00",,"16,000.00",,"7,458,552.00",,Income,,0.00,,,,,,,,,,0.00
,,,"14,675",,Invoice,,04/21/2026,,AS011151,,LANKA COMMODITY BROKERS LTD,,7GB Storage Space  100GB Transfer Bandwidth  1 Nos Fixed IP. (Clean)  SPF/ DKIM Supported  Spam ...,,04/21/2026,,,,Host Email,,,,Support and Maintenance,,Mnt,,AS,,Taxable Sales,,,,Accounts Receivable,,Unpaid,,,,9,,1.00,,"19,510.40",,"19,510.40",,"7,478,062.40",,Income,,0.00,,,,,,,,,,0.00
,,,"14,676",,Invoice,,04/21/2026,,AS011152,,LANKA COMMODITY BROKERS LTD,,Anti Spam Service,,04/21/2026,,,,Services,,,,Support and Maintenance,,Mnt,,AS,,Taxable Sales,,,,Accounts Receivable,,Unpaid,,,,9,,1.00,,"7,110.40",,"7,110.40",,"7,485,172.80",,Income,,0.00,,,,,,,,,,0.00
,,,"14,677",,Invoice,,04/21/2026,,AS011153,,AL - ARAF HOTELS & RESORT (PVT) LTD,,Hosting Charges for 10 email Accounts (10$),,04/21/2026,,,,Hosting (Hosting),,Hosting,,Support and Maintenance,,Sal:RS,,AS,,Taxable Sales,,,,Accounts Receivable,,Unpaid,,,,9,,1.00,,"3,200.00",,"3,200.00",,"7,488,372.80",,Income,,0.00,,,,,,,,,,0.00
,,,"14,678",,Invoice,,04/21/2026,,AS011154,,ABSOLUTE BUSINESS SOLUTIONS ( PVT) LTD,,Acronis Cloud Backup 25GB Monthly Subscription,,04/21/2026,,,,Acronis,,,,Acronics,,Sal:RS,,SM,,Non-Taxable Sales,,,,Accounts Receivable,,Unpaid,,,,9,,1.00,,"2,000.00",,"2,000.00",,"7,490,372.80",,Income,,0.00,,,,,,,,,,0.00
,,,"14,679",,Invoice,,04/21/2026,,AS011155,,Wiscom Information Technology (Pvt) Ltd,,Acronis Cloud Backup 250GB Monthly Subscription,,04/21/2026,,,,Acronis,,,,Acronics,,Sal:RS,,SM,,Non-Taxable Sales,,,,Accounts Receivable,,Unpaid,,,,9,,1.00,,"12,500.00",,"12,500.00",,"7,502,872.80",,Income,,0.00,,,,,,,,,,0.00
,,,"14,680",,Invoice,,04/21/2026,,AS011156,,ABSOLUTE BUSINESS SOLUTIONS ( PVT) LTD,,Acronis Cloud Backup 25GB Monthly Subscription,,04/21/2026,,,,Acronis,,,,Acronics,,Sal:RS,,SM,,Non-Taxable Sales,,,,Accounts Receivable,,Unpaid,,,,9,,1.00,,"2,000.00",,"2,000.00",,"7,504,872.80",,Income,,0.00,,,,,,,,,,0.00
,,,"14,715",,Invoice,,04/22/2026,,AS011157,,Network Information Technologies (Pvt) Lt,,"Synology Rackstation RS822RP+  S/N : 2610AFRMF43Y0		",,04/22/2026,,,,Synology:RS822RP+ (Synology Rackstation RS822RP+),,Synology Rackstation RS822RP+,,Synology,,,,AS,,Taxable Sales,,,,Accounts Receivable,,Unpaid,,,,8,,1.00,,"521,000.00",,"521,000.00",,"8,025,872.80",,Income,,0.00,,,,,,,,,,0.00
,,,"14,715",,Invoice,,04/22/2026,,AS011157,,Network Information Technologies (Pvt) Lt,,"Synology 16TB Plus HDD  S/N : 25A0XERP2A33YF1VL		            25A0XERP2A33UF1VL		            25A0...",,04/22/2026,,,,HDD:HAT3310-16T (Synology 16TB Plus HDD),,Synology 16TB Plus HDD,,Hard Drive,,,,AS,,Taxable Sales,,,,Accounts Receivable,,Unpaid,,,,8,,3.00,,"183,000.00",,"549,000.00",,"8,574,872.80",,Income,,0.00,,,,,,,,,,0.00
,,,"14,715",,Invoice,,04/22/2026,,AS011157,,Network Information Technologies (Pvt) Lt,,1U Rail Kit,,04/22/2026,,,,Synology:1 U Fixed Rail Kit,,,,Synology,,,,AS,,Taxable Sales,,,,Accounts Receivable,,Paid,,,,,,1.00,,,,,,"8,574,872.80",,Income,,0.00,,,,,,,,,,0.00
,,,"14,715",,Invoice,,04/22/2026,,AS011157,,Network Information Technologies (Pvt) Lt,,Synalyzer Software  Activation key : HHTH-ASZJ-WYJE  Device key : 23D9921770436218247A89CAA4AB82A7,,04/22/2026,,,,Synalyzer Software (Synalyzer Software),,Synalyzer Software,,Software,,,,AS,,Taxable Sales,,,,Accounts Receivable,,Paid,,,,,,1.00,,0.00,,0.00,,"8,574,872.80",,Income,,0.00,,,,,,,,,,0.00
,,,"14,716",,Invoice,,04/22/2026,,AS011158,,Rapidventure (Pvt) Ltd,,Draytek Vigor 2915 License Key (1 Year) - Renewal,,04/22/2026,,,,Draytek,,,,Draytek,,Sal:RS,,AD,,Taxable Sales,,,,Accounts Receivable,,Unpaid,,,,8,,1.00,,"25,000.00",,"25,000.00",,"8,599,872.80",,Income,,0.00,,,,,,,,,,0.00
,,,"14,734",,Invoice,,04/23/2026,,AS011159,,Studio Lakdam,,"14TB Seagate Enterprise Hard Drive  S/N :  ZL2AY54Q		",,04/23/2026,,,,HDD:14TB ENT SATA (14TB Seagate Enterprise Hard Drive),,14TB Seagate Enterprise Hard Drive,,Hard Drive,,,,AD,,Non-Taxable Sales,,,,Accounts Receivable,,Unpaid,,,,7,,1.00,,"170,000.00",,"170,000.00",,"8,769,872.80",,Income,,0.00,,,,,,,,,,0.00
,,,"14,740",,Invoice,,04/23/2026,,AS011160,,AlloT Technologies (Pvt) Ltd,,"BDCOM S1500-16P2G2S Switch  S/N : 0W20013701549	",,04/23/2026,,,,BDCOM S1500-16P2G2S (BDCOM S1500-16P2G2S Switch),,BDCOM S1500-16P2G2S Switch,,BDCOM,,,,AD,,Taxable Sales,,,,Accounts Receivable,,Paid,,,,,,1.00,,"35,000.00",,"35,000.00",,"8,804,872.80",,Income,,0.00,,,,,,,,,,0.00
,,,"14,762",,Invoice,,04/24/2026,,AS011161,,Techtron Integrated Solutions (Pvt) Ltd,,Power Adapter (Compatible)  S/N : 017271,,04/24/2026,,,,Accs (Accessories),,Accessories,,Hardware,,Sal:RS,,AS,,Taxable Sales,,,,Accounts Receivable,,Unpaid,,,,6,,1.00,,"16,949.15",,"16,949.15",,"8,821,821.95",,Income,,0.00,,,,,,,,,,0.00
,,,"14,765",,Invoice,,04/27/2026,,AS011162,,POWER HOUSE (PVT) LTD,,"12 TB Seagate Ironwolf NAS Hard Drive  S/N : ZLW29YLE		",,04/27/2026,,,,HDD:12 TB NAS (12 TB Seagate Ironwolf NAS Hard Drive),,12 TB Seagate Ironwolf NAS Hard Drive,,Hard Drive,,,,A,,Taxable Sales,,,,Accounts Receivable,,Unpaid,,,,3,,1.00,,"155,000.00",,"155,000.00",,"8,976,821.95",,Income,,0.00,,,,,,,,,,0.00
,,,"14,766",,Invoice,,04/27/2026,,AS011163,,Green Digital Technologies (Pvt) Ltd,,BDCOM S1500-8P2G Switch  S/N : 0W20011617912,,04/27/2026,,,,BDCOM:S1500-8P2G (BDCOM S1500-8P2G Switch),,BDCOM S1500-8P2G Switch,,BDCOM,,,,AR,,Non-Taxable Sales,,,,Accounts Receivable,,Unpaid,,,,3,,1.00,,"16,200.00",,"16,200.00",,"8,993,021.95",,Income,,0.00,,,,,,,,,,0.00
,,,"14,767",,Invoice,,04/27/2026,,AS011164,,MTV Channel (Pvt) Ltd,,Synology SA3400 NAS Rentable Charges (1 Months),,04/27/2026,,,,Rental,,,,Other Sales,,Sal:EC,,AS,,Taxable Sales,,,,Accounts Receivable,,Unpaid,,,,3,,1.00,,"275,000.00",,"275,000.00",,"9,268,021.95",,Income,,0.00,,,,,,,,,,0.00
,,,"14,776",,Invoice,,04/28/2026,,AS011165,,MAS Fabrics (Pvt) Ltd,,"Acronis Cyber Protect  Advanced Virtual Host Subscription License , 2 Years - Renewal",,04/21/2026,,,,Acronis,,,,Acronics,,Sal:RS,,A,,Taxable Sales,,,,Accounts Receivable,,Unpaid,,,,9,,1.00,,"998,000.00",,"998,000.00",,"10,266,021.95",,Income,,0.00,,,,,,,,,,0.00
,,,"14,776",,Invoice,,04/28/2026,,AS011165,,MAS Fabrics (Pvt) Ltd,,"Acronis Cyber Protect  Advanced Server Subscription License , 2 Years - Renewal",,04/21/2026,,,,Acronis,,,,Acronics,,Sal:RS,,A,,Taxable Sales,,,,Accounts Receivable,,Unpaid,,,,9,,2.00,,"644,500.00",,"1,289,000.00",,"11,555,021.95",,Income,,0.00,,,,,,,,,,0.00
,,,"14,776",,Invoice,,04/28/2026,,AS011165,,MAS Fabrics (Pvt) Ltd,,Configuration,,04/21/2026,,,,Services,,,,Support and Maintenance,,Sal:RS,,A,,Taxable Sales,,,,Accounts Receivable,,Unpaid,,,,9,,1.00,,"60,000.00",,"60,000.00",,"11,615,021.95",,Income,,0.00,,,,,,,,,,0.00
,,,"14,789",,Invoice,,04/29/2026,,AS011166,,Galle Face Hotel 1994 (Pvt) Ltd,,Maintenance  Agreement,,04/29/2026,,,,MA (Maintenance  Agreement),,Maintenance  Agreement,,Support and Maintenance,,Sal:EC,,AD,,Taxable Sales,,,,Accounts Receivable,,Unpaid,,,,1,,1.00,,"124,000.00",,"124,000.00",,"11,739,021.95",,Income,,0.00,,,,,,,,,,0.00
,,,"14,790",,Invoice,,04/29/2026,,AS011167,,MACSON MESH,,"BDCOM S1500-8P2G Switch  S/N : 0W20011617893		",,04/29/2026,,,,BDCOM:S1500-8P2G (BDCOM S1500-8P2G Switch),,BDCOM S1500-8P2G Switch,,BDCOM,,,,AS,,Taxable Sales,,,,Accounts Receivable,,Unpaid,,,,1,,1.00,,"16,000.00",,"16,000.00",,"11,755,021.95",,Income,,0.00,,,,,,,,,,0.00
,,,"14,790",,Invoice,,04/29/2026,,AS011167,,MACSON MESH,,"BDCOM WAP2100-T512  S/N : 0P32014037329		            0P32014037425		            0P32014037318		 ...",,04/29/2026,,,,BDCOM:WAP2100-T512 (BDCOM WAP2100-T512),,BDCOM WAP2100-T512,,BDCOM,,,,AS,,Taxable Sales,,,,Accounts Receivable,,Unpaid,,,,1,,4.00,,"20,500.00",,"82,000.00",,"11,837,021.95",,Income,,0.00,,,,,,,,,,0.00
,,,"14,790",,Invoice,,04/29/2026,,AS011167,,MACSON MESH,,Labour Charge,,04/29/2026,,,,Labour Charges,,,,Support and Maintenance,,,,AS,,Taxable Sales,,,,Accounts Receivable,,Unpaid,,,,1,,1.00,,"30,000.00",,"30,000.00",,"11,867,021.95",,Income,,0.00,,,,,,,,,,0.00
,,,"14,791",,Invoice,,04/29/2026,,AS011168,,MACSON MESH,,Cat 6 1m Patch Code,,04/29/2026,,,,1m Patch Code,,,,Other Sales,,,,AS,,Taxable Sales,,,,Accounts Receivable,,Unpaid,,,,1,,4.00,,590.00,,"2,360.00",,"11,869,381.95",,Income,,0.00,,,,,,,,,,0.00
,,,"14,791",,Invoice,,04/29/2026,,AS011168,,MACSON MESH,, Cat 6 2m Patch Code,,04/29/2026,,,,2m Patch Code (2m Patch Code),,2m Patch Code,,Hardware,,,,AS,,Taxable Sales,,,,Accounts Receivable,,Unpaid,,,,1,,4.00,,950.00,,"3,800.00",,"11,873,181.95",,Income,,0.00,,,,,,,,,,0.00
,,,"14,792",,Invoice,,04/29/2026,,AS011169,,Southern Technologies,,"BDCOM S1200-8P2G Switch  S/N : 0W20011508671		            0W20011508672		            0W200115086...",,04/29/2026,,,,BDCOM:S1200-8P2G (BDCOM S1200-8P2G Switch),,BDCOM S1200-8P2G Switch,,BDCOM,,Sal:RS,,AR,,Non-Taxable Sales,,,,Accounts Receivable,,Paid,,,,,,5.00,,"10,600.00",,"53,000.00",,"11,926,181.95",,Income,,0.00,,,,,,,,,,0.00
,,,"14,794",,Invoice,,04/29/2026,,AS011170,,ABC Computers,,"BDCOM S1500-24T Switch  S/N : 0W20012603803	            0W20012603802	            0W20012603800	...",,04/29/2026,,,,BDCOM:S1500-24T (BDCOM S1500-24T Switch),,BDCOM S1500-24T Switch,,BDCOM,,,,AD,,Taxable Sales,,,,Accounts Receivable,,Unpaid,,,,1,,5.00,,"22,000.00",,"110,000.00",,"12,036,181.95",,Income,,0.00,,,,,,,,,,0.00
,,,"14,798",,Invoice,,04/29/2026,,AS011171,,Micro Access Importers & Distributers,,Synology DiskStation DS425+ 4 Bay  S/N : 2620YGRBYXVAQ,,04/29/2026,,,,Synology:DS425+ (Synology DiskStation DS425+ 4 Bay),,Synology DiskStation DS425+ 4 Bay,,Synology,,Sal:RS,,AR,,Taxable Sales,,,,Accounts Receivable,,Unpaid,,,,1,,1.00,,"173,000.00",,"173,000.00",,"12,209,181.95",,Income,,0.00,,,,,,,,,,0.00
,,,"14,798",,Invoice,,04/29/2026,,AS011171,,Micro Access Importers & Distributers,,"Synology 4TB Plus HDD  S/N : 2590VXRZW63VZJS	            2590VXRZW63V8DG	",,04/29/2026,,,,HDD:HAT3300-4T (Synology 4TB Plus HDD),,Synology 4TB Plus HDD,,Hard Drive,,Sal:RS,,AR,,Taxable Sales,,,,Accounts Receivable,,Unpaid,,,,1,,2.00,,"82,000.00",,"164,000.00",,"12,373,181.95",,Income,,0.00,,,,,,,,,,0.00
,,,"14,798",,Invoice,,04/29/2026,,AS011171,,Micro Access Importers & Distributers,,Synology C2 Cloud 1TB Storage - 1 Year Subscription,,04/29/2026,,,,Synology:C2 Cloud (Synology C2 Cloud Storage),,Synology C2 Cloud Storage,,Synology,,Sal:RS,,AR,,Taxable Sales,,,,Accounts Receivable,,Unpaid,,,,1,,1.00,,"33,000.00",,"33,000.00",,"12,406,181.95",,Income,,0.00,,,,,,,,,,0.00
,,,"14,798",,Invoice,,04/29/2026,,AS011171,,Micro Access Importers & Distributers,,Configuration charges,,04/29/2026,,,,Services,,,,Support and Maintenance,,Sal:RS,,AR,,Taxable Sales,,,,Accounts Receivable,,Unpaid,,,,1,,1.00,,"30,000.00",,"30,000.00",,"12,436,181.95",,Income,,0.00,,,,,,,,,,0.00
,,,"14,799",,Invoice,,04/30/2026,,AS011172,,Penguin Shipping Enterprises (Pvt) Ltd.,,"Synology Disktation DS1825+ NAS Unit  S/N : 2640WDRFVB6PA		",,04/30/2026,,,,Synology:DS1825+ (Synology Disktation DS1825+ NAS Unit),,Synology Disktation DS1825+ NAS Unit,,Synology,,,,AD,,Non-Taxable Sales,,,,Accounts Receivable,,Paid,,,,,,1.00,,"447,220.00",,"447,220.00",,"12,883,401.95",,Income,,0.00,,,,,,,,,,0.00
,,,"14,800",,Invoice,,04/30/2026,,AS011173,,The Buddhist Media Network,,"Synology RX1217 RP  12 Bay Expansion  S/N : 2630O4N146900		",,04/30/2026,,,,Synology:RX1217RP (Synology RX1217 RP  12 Bay Expansion),,Synology RX1217 RP  12 Bay Expansion,,Synology,,,,AD,,Taxable Sales,,,,Accounts Receivable,,Unpaid,,,,,,1.00,,"830,000.00",,"830,000.00",,"13,713,401.95",,Income,,0.00,,,,,,,,,,0.00
,,,"14,800",,Invoice,,04/30/2026,,AS011173,,The Buddhist Media Network,,"Synology 20TB Enterprise Hard Drive  S/N : 2550WZRM0A0QAF54L		            2550WZRM0A0QHF54L		   ...",,04/30/2026,,,,HDD:HAT5310-20T (Synology 20TB Enterprise Hard Drive),,Synology 20TB Enterprise Hard Drive,,Hard Drive,,,,AD,,Taxable Sales,,,,Accounts Receivable,,Unpaid,,,,,,6.00,,"358,500.00",,"2,151,000.00",,"15,864,401.95",,Income,,0.00,,,,,,,,,,0.00
,,,"14,800",,Invoice,,04/30/2026,,AS011173,,The Buddhist Media Network,,2U Rail Kit,,04/30/2026,,,,Synology:2 U Sliding Rail Kit,,,,Synology,,,,AD,,Taxable Sales,,,,Accounts Receivable,,Paid,,,,,,1.00,,,,,,"15,864,401.95",,Income,,0.00,,,,,,,,,,0.00
,,,"14,800",,Invoice,,04/30/2026,,AS011173,,The Buddhist Media Network,,Synalyze Software  Activation key : KVZT-OBKY-MRAJ  Divice key : 7BFC8A8997ED8F6239BABF474D7776C7,,04/30/2026,,,,Synalyze Software,,,,Software,,,,AD,,Taxable Sales,,,,Accounts Receivable,,Paid,,,,,,1.00,,,,,,"15,864,401.95",,Income,,0.00,,,,,,,,,,0.00
,,,"14,801",,Invoice,,04/30/2026,,AS011174,,Barclays Computers (Pvt) Ltd,,"Synology DS423 4 Bay NAS  S/N :  2630UVRZCFC34		             2630UVRNC17F8		             2630UVR...",,04/30/2026,,,,Synology:DS423 (Synology DS423 4 Bay NAS),,Synology DS423 4 Bay NAS,,Synology,,,,AS,,Taxable Sales,,,,Accounts Receivable,,Unpaid,,,,,,3.00,,"133,300.00",,"399,900.00",,"16,264,301.95",,Income,,0.00,,,,,,,,,,0.00
,,,"14,803",,Invoice,,04/30/2026,,AS011175,,Barclays Computers (Pvt) Ltd,,"BDCOM S1500-16T Switch  S/N : 0W20012502510	           0W20012502499	",,04/30/2026,,,,BDCOM:S1500-16T (BDCOM S1500-16T Switch),,BDCOM S1500-16T Switch,,BDCOM,,Sal:RS,,AR,,Taxable Sales,,,,Accounts Receivable,,Unpaid,,,,,,2.00,,"16,310.00",,"32,620.00",,"16,296,921.95",,Income,,0.00,,,,,,,,,,0.00
,,,"14,803",,Invoice,,04/30/2026,,AS011175,,Barclays Computers (Pvt) Ltd,,"BDCOM S1500-5T Switch  S/N : 0W20013206532	            0W20013206536	            0W20013206531	",,04/30/2026,,,,BDCOM S1500-5T (BDCOM S1500-5T Switch),,BDCOM S1500-5T Switch,,BDCOM,,Sal:RS,,AR,,Taxable Sales,,,,Accounts Receivable,,Unpaid,,,,,,3.00,,"3,750.00",,"11,250.00",,"16,308,171.95",,Income,,0.00,,,,,,,,,,0.00
,,,"14,803",,Invoice,,04/30/2026,,AS011175,,Barclays Computers (Pvt) Ltd,,"BDCOM S1000-4P2F Switch  S/N : 0W20011312989	           0W20011312988	",,04/30/2026,,,,S1000-4P2F (BDCOM S1000-4P2F Switch),,BDCOM S1000-4P2F Switch,,BDCOM,,Sal:RS,,AR,,Taxable Sales,,,,Accounts Receivable,,Unpaid,,,,,,2.00,,"5,296.60",,"10,593.20",,"16,318,765.15",,Income,,0.00,,,,,,,,,,0.00
,,,"14,805",,Invoice,,04/30/2026,,AS011176,,MM Trade Stationers (Pvt) Ltd.,,"Synology DiskStation DS425+ 4 Bay  S/N : 2640YGR1TZT1Q		",,04/30/2026,,,,Synology:DS425+ (Synology DiskStation DS425+ 4 Bay),,Synology DiskStation DS425+ 4 Bay,,Synology,,,,AR,,Taxable Sales,,,,Accounts Receivable,,Unpaid,,,,,,1.00,,"173,000.00",,"173,000.00",,"16,491,765.15",,Income,,0.00,,,,,,,,,,0.00
Apr 26,,,,,,,,,,,,,,,,,,,,,,,,,,,,,,,,,,,,,,,,,,,,,"16,491,765.15",,"16,491,765.15",,,,0.00,,,,,,,,,,
TOTAL,,,,,,,,,,,,,,,,,,,,,,,,,,,,,,,,,,,,,,,,,,,,,"325,322,282.23",,"325,322,282.23",,,,0.00,,,,,,,,,,
,,,,,,,,,,,,,,,,,,,,,,,,,,,,,,,,,,,,,,,,,,,,,,,,,,,,,,,,,,,,,
