,,,,Type,,Date,,Num,,Item,,Item Description,,Account,,Class,,Rep,,Paid,,Pay Meth,,Aging,,Qty,,Amount,,Balance,,Avg Days to Pay,,Paid Date,,Pay Period,,Amount Paid
,579 Holdings,,,,,,,,,,,,,,,,,,,,,,,,,,,,,0.00,,,,,,,,
,Total 579 Holdings,,,,,,,,,,,,,,,,,,,,,,,,,,,,,0.00,,0.00,,,,,,
,a-Design Studio,,,,,,,,,,,,,,,,,,,,,,,,,,,,,0.00,,,,,,,,
,Total a-Design Studio,,,,,,,,,,,,,,,,,,,,,,,,,,,,,0.00,,0.00,,,,,,
,A-Networks (Pvt) Ltd,,,,,,,,,,,,,,,,,,,,,,,,,,,,,0.00,,,,,,,,
,,,,Invoice,,12/17/2024,,AS010398,,,,,,Accounts Receivable,,Sal:RS,,AD,,Paid,,,,,,,,"348,100.00",,"348,100.00",,0.00,,,,,,0.00
,,,,Payment,,01/22/2025,,000481,,,,,,Accounts Receivable,,,,,,Paid,,Check,,,,,,"-348,100.00",,0.00,,0.00,,,,,,0.00
,,,,Invoice,,07/07/2025,,AS010692,,,,,,Accounts Receivable,,Sal:RS,,AD,,Paid,,,,,,,,"152,220.00",,"152,220.00",,0.00,,,,,,0.00
,,,,Payment,,09/01/2025,,000776,,,,,,Accounts Receivable,,,,,,Paid,,Check,,,,,,"-152,220.00",,0.00,,0.00,,,,,,0.00
,,,,Invoice,,10/27/2025,,AS010870,,,,,,Accounts Receivable,,,,AD,,Paid,,,,,,,,"50,740.00",,"50,740.00",,0.00,,,,,,0.00
,,,,Invoice,,10/31/2025,,AS010883,,,,,,Accounts Receivable,,Sal:RS,,AD,,Paid,,,,,,,,"418,900.00",,"469,640.00",,0.00,,,,,,0.00
,,,,Invoice,,11/04/2025,,AS010888,,,,,,Accounts Receivable,,,,AD,,Paid,,,,,,,,"462,560.00",,"932,200.00",,0.00,,,,,,0.00
,,,,Credit Memo,,11/04/2025,,AS00119,,,,,,Accounts Receivable,,Sal:RS,,,,Paid,,,,,,,,"-418,900.00",,"513,300.00",,0.00,,,,,,0.00
,,,,Payment,,12/17/2025,,000916,,,,,,Accounts Receivable,,,,,,Paid,,Check,,,,,,"-513,300.00",,0.00,,0.00,,,,,,0.00
,,,,Invoice,,02/10/2026,,AS011049,,,,,,Accounts Receivable,,Sal:RS,,AD,,Paid,,,,,,,,"1,364,080.00",,"1,364,080.00",,0.00,,,,,,0.00
,,,,Payment,,04/06/2026,,001067,,,,,,Accounts Receivable,,,,,,Paid,,Check,,,,,,"-1,364,080.00",,0.00,,0.00,,,,,,0.00
,Total A-Networks (Pvt) Ltd,,,,,,,,,,,,,,,,,,,,,,,,,,,0.00,,0.00,,0.00,,,,,,
,A & R Manufacturing,,,,,,,,,,,,,,,,,,,,,,,,,,,,,0.00,,,,,,,,
,,,,Invoice,,12/13/2024,,AS010393,,,,,,Accounts Receivable,,Sal:RS,,AD,,Paid,,,,,,,,"24,000.00",,"24,000.00",,0.00,,,,,,0.00
,,,,Payment,,12/13/2024,,Cash,,,,,,Accounts Receivable,,,,,,Paid,,Cash,,,,,,"-24,000.00",,0.00,,0.00,,,,,,0.00
,Total A & R Manufacturing,,,,,,,,,,,,,,,,,,,,,,,,,,,0.00,,0.00,,0.00,,,,,,
,A S General Trading Company,,,,,,,,,,,,,,,,,,,,,,,,,,,,,0.00,,,,,,,,
,,,,Invoice,,05/22/2024,,AS010145,,,,,,Accounts Receivable,,Sal:RS,,AS,,Paid,,,,,,,,"9,475.00",,"9,475.00",,0.00,,,,,,0.00
,,,,Payment,,05/22/2024,,Cash,,,,,,Accounts Receivable,,,,,,Paid,,Cash,,,,,,"-9,475.00",,0.00,,0.00,,,,,,0.00
,,,,Invoice,,05/29/2024,,AS010148,,,,,,Accounts Receivable,,Sal:EC,,AR,,Paid,,,,,,,,"15,500.00",,"15,500.00",,0.00,,,,,,0.00
,,,,Invoice,,06/26/2024,,AS010192,,,,,,Accounts Receivable,,Sal:RS,,AR,,Paid,,,,,,,,"67,500.00",,"83,000.00",,0.00,,,,,,0.00
,,,,Payment,,06/26/2024,,Cash,,,,,,Accounts Receivable,,,,,,Paid,,Cash,,,,,,"-15,500.00",,"67,500.00",,0.00,,,,,,0.00
,,,,Payment,,07/12/2024,,Bank Deposit,,,,,,Accounts Receivable,,,,,,Paid,,Bank Deposit,,,,,,"-19,352.00",,"48,148.00",,0.00,,,,,,0.00
,,,,Payment,,09/10/2024,,Cash,,,,,,Accounts Receivable,,,,,,Paid,,Cash,,,,,,"-12,980.00",,"35,168.00",,0.00,,,,,,0.00
,,,,Payment,,10/28/2024,,000029,,,,,,Accounts Receivable,,,,,,Paid,,Check,,,,,,"-15,500.00",,"19,668.00",,0.00,,,,,,0.00
,,,,Payment,,07/17/2025,,000113,,,,,,Accounts Receivable,,,,,,Unpaid,,Check,,,,,,"-21,456.00",,"-1,788.00",,0.00,,,,,,0.00
,Total A S General Trading Company,,,,,,,,,,,,,,,,,,,,,,,,,,,"-1,788.00",,"-1,788.00",,0.00,,,,,,
,A.D.ATTYGALLE AUTO MOBILE,,,,,,,,,,,,,,,,,,,,,,,,,,,,,0.00,,,,,,,,
,Total A.D.ATTYGALLE AUTO MOBILE,,,,,,,,,,,,,,,,,,,,,,,,,,,,,0.00,,0.00,,,,,,
,ABC Computers,,,,,,,,,,,,,,,,,,,,,,,,,,,,,0.00,,,,,,,,
,,,,Invoice,,04/24/2024,,AS010113,,,,,,Accounts Receivable,,Sal:RS,,AD,,Paid,,,,,,,,"375,240.00",,"375,240.00",,0.00,,,,,,0.00
,,,,Invoice,,04/24/2024,,AS010114,,,,,,Accounts Receivable,,Sal:RS,,AD,,Paid,,,,,,,,"375,240.00",,"750,480.00",,0.00,,,,,,0.00
,,,,Payment,,05/03/2024,,951583,,,,,,Accounts Receivable,,,,,,Paid,,Check,,,,,,"-750,480.00",,0.00,,0.00,,,,,,0.00
,,,,Invoice,,05/09/2024,,AS010127,,,,,,Accounts Receivable,,Sal:RS,,AD,,Paid,,,,,,,,"447,220.00",,"447,220.00",,0.00,,,,,,0.00
,,,,Payment,,05/21/2024,,951620,,,,,,Accounts Receivable,,,,,,Paid,,Check,,,,,,"-447,220.00",,0.00,,0.00,,,,,,0.00
,,,,Invoice,,08/12/2024,,AS010248,,,,,,Accounts Receivable,,Sal:RS,,AD,,Paid,,,,,,,,"423,620.00",,"423,620.00",,0.00,,,,,,0.00
,,,,Payment,,09/05/2024,,960400,,,,,,Accounts Receivable,,,,,,Paid,,Check,,,,,,"-423,620.00",,0.00,,0.00,,,,,,0.00
,,,,Invoice,,05/19/2025,,AS010605,,,,,,Accounts Receivable,,Sal:RS,,AD,,Paid,,,,,,,,"146,320.00",,"146,320.00",,0.00,,,,,,0.00
,,,,Payment,,07/07/2025,,520278,,,,,,Accounts Receivable,,,,,,Paid,,Check,,,,,,"-146,320.00",,0.00,,0.00,,,,,,0.00
,,,,Invoice,,09/12/2025,,AS010801,,,,,,Accounts Receivable,,Sal:RS,,AD,,Paid,,,,,,,,"1,249,620.00",,"1,249,620.00",,0.00,,,,,,0.00
,,,,Payment,,10/14/2025,,544882,,,,,,Accounts Receivable,,,,,,Paid,,Check,,,,,,"-1,249,620.00",,0.00,,0.00,,,,,,0.00
,,,,Invoice,,04/29/2026,,AS011170,,,,,,Accounts Receivable,,,,AD,,Unpaid,,,,1,,,,"129,800.00",,"129,800.00",,0.00,,,,,,0.00
,Total ABC Computers,,,,,,,,,,,,,,,,,,,,,,,,,,,"129,800.00",,"129,800.00",,0.00,,,,,,
,Abercrombie & Kent (Pvt) Ltd,,,,,,,,,,,,,,,,,,,,,,,,,,,,,0.00,,,,,,,,
,Total Abercrombie & Kent (Pvt) Ltd,,,,,,,,,,,,,,,,,,,,,,,,,,,,,0.00,,0.00,,,,,,
,Abeygunawardene Associates (Pvt) Ltd,,,,,,,,,,,,,,,,,,,,,,,,,,,,,0.00,,,,,,,,
,,,,Invoice,,05/02/2024,,AS010117,,,,,,Accounts Receivable,,Sal:EC,,AD,,Paid,,,,,,,,"58,000.00",,"58,000.00",,0.00,,,,,,0.00
,,,,Payment,,05/03/2024,,052630,,,,,,Accounts Receivable,,,,,,Paid,,Check,,,,,,"-58,000.00",,0.00,,0.00,,,,,,0.00
,Total Abeygunawardene Associates (Pvt) Ltd,,,,,,,,,,,,,,,,,,,,,,,,,,,0.00,,0.00,,0.00,,,,,,
,ABSOLUTE BUSINESS SOLUTIONS ( PVT) LTD,,,,,,,,,,,,,,,,,,,,,,,,,,,,,0.00,,,,,,,,
,,,,Invoice,,02/26/2025,,AS010504,,,,,,Accounts Receivable,,Sal:RS,,SM,,Paid,,,,,,,,"2,000.00",,"2,000.00",,0.00,,,,,,0.00
,,,,Payment,,02/26/2025,,Online TRF,,,,,,Accounts Receivable,,,,,,Paid,,Bank Deposit,,,,,,"-2,000.00",,0.00,,0.00,,,,,,0.00
,,,,Invoice,,03/21/2025,,AS010533,,,,,,Accounts Receivable,,Sal:RS,,SM,,Paid,,,,,,,,"2,000.00",,"2,000.00",,0.00,,,,,,0.00
,,,,Invoice,,03/24/2025,,AS010539,,,,,,Accounts Receivable,,Sal:RS,,SM,,Paid,,,,,,,,"2,000.00",,"4,000.00",,0.00,,,,,,0.00
,,,,Payment,,03/24/2025,,Online TRF,,,,,,Accounts Receivable,,,,,,Paid,,Bank Deposit,,,,,,"-2,000.00",,"2,000.00",,0.00,,,,,,0.00
,,,,Invoice,,04/21/2025,,AS010571,,,,,,Accounts Receivable,,Sal:RS,,SM,,Paid,,,,,,,,"2,000.00",,"4,000.00",,0.00,,,,,,0.00
,,,,Invoice,,04/21/2025,,AS010572,,,,,,Accounts Receivable,,Sal:RS,,SM,,Paid,,,,,,,,"2,000.00",,"6,000.00",,0.00,,,,,,0.00
,,,,Payment,,04/22/2025,,Online TRF,,,,,,Accounts Receivable,,,,,,Paid,,Bank Deposit,,,,,,"-4,000.00",,"2,000.00",,0.00,,,,,,0.00
,,,,Invoice,,05/20/2025,,AS010606,,,,,,Accounts Receivable,,Sal:RS,,SM,,Paid,,,,,,,,"2,000.00",,"4,000.00",,0.00,,,,,,0.00
,,,,Invoice,,05/20/2025,,AS010607,,,,,,Accounts Receivable,,Sal:RS,,SM,,Paid,,,,,,,,"2,000.00",,"6,000.00",,0.00,,,,,,0.00
,,,,Payment,,05/21/2025,,Online TRF,,,,,,Accounts Receivable,,,,,,Paid,,Bank Deposit,,,,,,"-4,000.00",,"2,000.00",,0.00,,,,,,0.00
,,,,Invoice,,06/23/2025,,AS010666,,,,,,Accounts Receivable,,Sal:RS,,SM,,Paid,,,,,,,,"2,000.00",,"4,000.00",,0.00,,,,,,0.00
,,,,Invoice,,06/23/2025,,AS010667,,,,,,Accounts Receivable,,Sal:RS,,SM,,Paid,,,,,,,,"2,000.00",,"6,000.00",,0.00,,,,,,0.00
,,,,Payment,,07/02/2025,,Online TRF,,,,,,Accounts Receivable,,,,,,Paid,,Bank Deposit,,,,,,"-4,000.00",,"2,000.00",,0.00,,,,,,0.00
,,,,Invoice,,07/24/2025,,AS010727,,,,,,Accounts Receivable,,Sal:RS,,SM,,Paid,,,,,,,,"2,000.00",,"4,000.00",,0.00,,,,,,0.00
,,,,Invoice,,07/24/2025,,AS010728,,,,,,Accounts Receivable,,Sal:RS,,SM,,Paid,,,,,,,,"2,000.00",,"6,000.00",,0.00,,,,,,0.00
,,,,Payment,,08/05/2025,,Online TRF,,,,,,Accounts Receivable,,,,,,Paid,,Bank Deposit,,,,,,"-4,000.00",,"2,000.00",,0.00,,,,,,0.00
,,,,Invoice,,08/18/2025,,AS010758,,,,,,Accounts Receivable,,Sal:RS,,SM,,Paid,,,,,,,,"2,000.00",,"4,000.00",,0.00,,,,,,0.00
,,,,Invoice,,08/18/2025,,AS010759,,,,,,Accounts Receivable,,Sal:RS,,SM,,Paid,,,,,,,,"2,000.00",,"6,000.00",,0.00,,,,,,0.00
,,,,Payment,,09/01/2025,,Online TRF,,,,,,Accounts Receivable,,,,,,Paid,,Bank Deposit,,,,,,"-4,000.00",,"2,000.00",,0.00,,,,,,0.00
,,,,Invoice,,09/23/2025,,AS010814,,,,,,Accounts Receivable,,Sal:RS,,SM,,Paid,,,,,,,,"2,000.00",,"4,000.00",,0.00,,,,,,0.00
,,,,Invoice,,09/23/2025,,AS010815,,,,,,Accounts Receivable,,Sal:RS,,SM,,Paid,,,,,,,,"2,000.00",,"6,000.00",,0.00,,,,,,0.00
,,,,Payment,,09/29/2025,,Online TRF,,,,,,Accounts Receivable,,,,,,Paid,,Bank Deposit,,,,,,"-4,000.00",,"2,000.00",,0.00,,,,,,0.00
,,,,Invoice,,10/21/2025,,AS010856,,,,,,Accounts Receivable,,Sal:RS,,SM,,Paid,,,,,,,,"2,000.00",,"4,000.00",,0.00,,,,,,0.00
,,,,Invoice,,10/21/2025,,AS010857,,,,,,Accounts Receivable,,Sal:RS,,SM,,Paid,,,,,,,,"2,000.00",,"6,000.00",,0.00,,,,,,0.00
,,,,Payment,,10/27/2025,,Online TRF,,,,,,Accounts Receivable,,,,,,Paid,,Check,,,,,,"-4,000.00",,"2,000.00",,0.00,,,,,,0.00
,,,,Invoice,,11/17/2025,,AS010907,,,,,,Accounts Receivable,,Sal:RS,,SM,,Paid,,,,,,,,"2,000.00",,"4,000.00",,0.00,,,,,,0.00
,,,,Invoice,,11/17/2025,,AS010908,,,,,,Accounts Receivable,,Sal:RS,,SM,,Paid,,,,,,,,"2,000.00",,"6,000.00",,0.00,,,,,,0.00
,,,,Invoice,,12/20/2025,,AS010981,,,,,,Accounts Receivable,,Sal:RS,,SM,,Paid,,,,,,,,"2,000.00",,"8,000.00",,0.00,,,,,,0.00
,,,,Invoice,,12/20/2025,,AS010982,,,,,,Accounts Receivable,,Sal:RS,,SM,,Paid,,,,,,,,"2,000.00",,"10,000.00",,0.00,,,,,,0.00
,,,,Payment,,12/31/2025,,Online TRF,,,,,,Accounts Receivable,,,,,,Paid,,Bank Deposit,,,,,,"-8,000.00",,"2,000.00",,0.00,,,,,,0.00
,,,,Invoice,,01/21/2026,,AS011022,,,,,,Accounts Receivable,,Sal:RS,,SM,,Paid,,,,,,,,"2,000.00",,"4,000.00",,0.00,,,,,,0.00
,,,,Invoice,,01/21/2026,,AS011023,,,,,,Accounts Receivable,,Sal:RS,,SM,,Paid,,,,,,,,"2,000.00",,"6,000.00",,0.00,,,,,,0.00
,,,,Invoice,,02/16/2026,,AS011062,,,,,,Accounts Receivable,,Sal:RS,,SM,,Paid,,,,,,,,"2,000.00",,"8,000.00",,0.00,,,,,,0.00
,,,,Invoice,,02/16/2026,,AS011063,,,,,,Accounts Receivable,,Sal:RS,,SM,,Paid,,,,,,,,"2,000.00",,"10,000.00",,0.00,,,,,,0.00
,,,,Payment,,02/17/2026,,Online TRF,,,,,,Accounts Receivable,,,,,,Paid,,Bank Deposit,,,,,,"-10,000.00",,0.00,,0.00,,,,,,0.00
,,,,Invoice,,03/20/2026,,AS011111,,,,,,Accounts Receivable,,Sal:RS,,SM,,Unpaid,,,,41,,,,"2,000.00",,"2,000.00",,0.00,,,,,,0.00
,,,,Invoice,,03/20/2026,,AS011112,,,,,,Accounts Receivable,,Sal:RS,,SM,,Unpaid,,,,41,,,,"2,000.00",,"4,000.00",,0.00,,,,,,0.00
,,,,Invoice,,04/21/2026,,AS011154,,,,,,Accounts Receivable,,Sal:RS,,SM,,Unpaid,,,,9,,,,"2,000.00",,"6,000.00",,0.00,,,,,,0.00
,,,,Invoice,,04/21/2026,,AS011156,,,,,,Accounts Receivable,,Sal:RS,,SM,,Unpaid,,,,9,,,,"2,000.00",,"8,000.00",,0.00,,,,,,0.00
,Total ABSOLUTE BUSINESS SOLUTIONS ( PVT) LTD,,,,,,,,,,,,,,,,,,,,,,,,,,,"8,000.00",,"8,000.00",,0.00,,,,,,
,Access Projects (Pvt)Ltd,,,,,,,,,,,,,,,,,,,,,,,,,,,,,0.00,,,,,,,,
,Total Access Projects (Pvt)Ltd,,,,,,,,,,,,,,,,,,,,,,,,,,,,,0.00,,0.00,,,,,,
,Accura-Tech Accurate Technologies,,,,,,,,,,,,,,,,,,,,,,,,,,,,,0.00,,,,,,,,
,,,,Invoice,,10/27/2025,,AS010865,,,,,,Accounts Receivable,,Sal:RS,,AD,,Paid,,,,,,,,"5,900.00",,"5,900.00",,0.00,,,,,,0.00
,,,,Payment,,12/09/2025,,Online TRF,,,,,,Accounts Receivable,,,,,,Paid,,Bank Deposit,,,,,,"-5,900.00",,0.00,,0.00,,,,,,0.00
,Total Accura-Tech Accurate Technologies,,,,,,,,,,,,,,,,,,,,,,,,,,,0.00,,0.00,,0.00,,,,,,
,ACSYS NETWORKS PRIVATE LIMITED,,,,,,,,,,,,,,,,,,,,,,,,,,,,,0.00,,,,,,,,
,Total ACSYS NETWORKS PRIVATE LIMITED,,,,,,,,,,,,,,,,,,,,,,,,,,,,,0.00,,0.00,,,,,,
,Adapt Information Technologies,,,,,,,,,,,,,,,,,,,,,,,,,,,,,"190,400.00",,,,,,,,
,,,,Payment,,02/08/2024,,870960,,,,,,Accounts Receivable,,,,,,Paid,,Check,,,,,,"-190,400.00",,0.00,,0.00,,,,,,0.00
,,,,Invoice,,02/28/2024,,AS010059,,,,,,Accounts Receivable,,Sal:RS,,A,,Paid,,,,,,,,"29,500.00",,"29,500.00",,0.00,,,,,,0.00
,,,,Credit Memo,,03/22/2024,,AS010104,,,,,,Accounts Receivable,,Sal:RS,,,,Paid,,,,,,,,"-29,500.00",,0.00,,0.00,,,,,,0.00
,,,,Invoice,,03/26/2024,,AS010091,,,,,,Accounts Receivable,,Sal:RS,,A,,Paid,,,,,,,,"466,808.00",,"466,808.00",,0.00,,,,,,0.00
,,,,Invoice,,05/09/2024,,AS010129,,,,,,Accounts Receivable,,Sal:RS,,A,,Paid,,,,,,,,"1,362,310.00",,"1,829,118.00",,0.00,,,,,,0.00
,,,,Payment,,05/13/2024,,Online TRF,,,,,,Accounts Receivable,,,,,,Paid,,Bank Deposit,,,,,,"-466,808.00",,"1,362,310.00",,0.00,,,,,,0.00
,,,,Payment,,06/14/2024,,Online TRF,,,,,,Accounts Receivable,,,,,,Paid,,Bank Deposit,,,,,,"-1,362,310.00",,0.00,,0.00,,,,,,0.00
,,,,Invoice,,06/24/2024,,AS010186,,,,,,Accounts Receivable,,Sal:RS,,A,,Paid,,,,,,,,"212,400.00",,"212,400.00",,0.00,,,,,,0.00
,,,,Invoice,,07/09/2024,,AS010206,,,,,,Accounts Receivable,,Sal:RS,,A,,Paid,,,,,,,,"433,060.00",,"645,460.00",,0.00,,,,,,0.00
,,,,Payment,,08/07/2024,,Online TRF,,,,,,Accounts Receivable,,,,,,Paid,,Bank Deposit,,,,,,"-212,400.00",,"433,060.00",,0.00,,,,,,0.00
,,,,Payment,,08/14/2024,,Online TRF,,,,,,Accounts Receivable,,,,,,Paid,,Bank Deposit,,,,,,"-433,060.00",,0.00,,0.00,,,,,,0.00
,,,,Invoice,,11/11/2024,,AS010346,,,,,,Accounts Receivable,,Sal:RS,,A,,Paid,,,,,,,,"646,640.00",,"646,640.00",,0.00,,,,,,0.00
,,,,Invoice,,11/18/2024,,AS010354,,,,,,Accounts Receivable,,Sal:RS,,AD,,Paid,,,,,,,,"933,380.00",,"1,580,020.00",,0.00,,,,,,0.00
,,,,Payment,,12/20/2024,,Online TRF,,,,,,Accounts Receivable,,,,,,Paid,,Bank Deposit,,,,,,"-646,640.00",,"933,380.00",,0.00,,,,,,0.00
,,,,Payment,,12/24/2024,,Online TRF,,,,,,Accounts Receivable,,,,,,Paid,,Bank Deposit,,,,,,"-933,380.00",,0.00,,0.00,,,,,,0.00
,,,,Invoice,,01/17/2025,,AS010435,,,,,,Accounts Receivable,,Sal:RS,,A,,Paid,,,,,,,,"416,540.00",,"416,540.00",,0.00,,,,,,0.00
,,,,Payment,,02/21/2025,,Online TRF,,,,,,Accounts Receivable,,,,,,Paid,,Bank Deposit,,,,,,"-416,540.00",,0.00,,0.00,,,,,,0.00
,,,,Invoice,,03/11/2025,,AS010523,,,,,,Accounts Receivable,,Sal:RS,,A,,Paid,,,,,,,,"174,640.00",,"174,640.00",,0.00,,,,,,0.00
,,,,Payment,,04/24/2025,,online TRF,,,,,,Accounts Receivable,,,,,,Paid,,Bank Deposit,,,,,,"-174,640.00",,0.00,,0.00,,,,,,0.00
,,,,Invoice,,04/29/2025,,AS010587,,,,,,Accounts Receivable,,Sal:RS,,A,,Paid,,,,,,,,"406,215.00",,"406,215.00",,0.00,,,,,,0.00
,,,,Invoice,,05/07/2025,,AS010594,,,,,,Accounts Receivable,,Sal:RS,,A,,Paid,,,,,,,,"183,513.60",,"589,728.60",,0.00,,,,,,0.00
,,,,Payment,,06/16/2025,,Online TRF,,,,,,Accounts Receivable,,,,,,Paid,,Bank Deposit,,,,,,"-406,215.00",,"183,513.60",,0.00,,,,,,0.00
,,,,Invoice,,06/30/2025,,AS010677,,,,,,Accounts Receivable,,Sal:RS,,A,,Paid,,,,,,,,"1,155,323.25",,"1,338,836.85",,0.00,,,,,,0.00
,,,,Payment,,07/07/2025,,Online TRF,,,,,,Accounts Receivable,,,,,,Paid,,Bank Deposit,,,,,,"-183,513.60",,"1,155,323.25",,0.00,,,,,,0.00
,,,,Invoice,,07/17/2025,,AS010712,,,,,,Accounts Receivable,,Sal:RS,,A,,Paid,,,,,,,,"769,419.00",,"1,924,742.25",,0.00,,,,,,0.00
,,,,Payment,,08/05/2025,,Online TRF,,,,,,Accounts Receivable,,,,,,Paid,,Bank Deposit,,,,,,"-1,155,323.25",,"769,419.00",,0.00,,,,,,0.00
,,,,Payment,,08/21/2025,,Online TRF,,,,,,Accounts Receivable,,,,,,Paid,,Bank Deposit,,,,,,"-769,419.00",,0.00,,0.00,,,,,,0.00
,,,,Invoice,,09/04/2025,,AS010790,,,,,,Accounts Receivable,,Sal:RS,,A,,Paid,,,,,,,,"304,661.25",,"304,661.25",,0.00,,,,,,0.00
,,,,Invoice,,09/15/2025,,AS010805,,,,,,Accounts Receivable,,Sal:RS,,A,,Paid,,,,,,,,"3,634,429.50",,"3,939,090.75",,0.00,,,,,,0.00
,,,,Invoice,,09/25/2025,,AS010826,,,,,,Accounts Receivable,,Sal:RS,,A,,Paid,,,,,,,,"946,242.00",,"4,885,332.75",,0.00,,,,,,0.00
,,,,Payment,,10/20/2025,,Online TRF,,,,,,Accounts Receivable,,,,,,Paid,,Bank Deposit,,,,,,"-3,939,090.75",,"946,242.00",,0.00,,,,,,0.00
,,,,Payment,,10/29/2025,,Online TRF,,,,,,Accounts Receivable,,,,,,Paid,,Bank Deposit,,,,,,"-946,242.00",,0.00,,0.00,,,,,,0.00
,,,,Invoice,,12/19/2025,,AS010976,,,,,,Accounts Receivable,,Sal:EC,,A,,Paid,,,,,,,,"954,605.25",,"954,605.25",,0.00,,,,,,0.00
,,,,Invoice,,01/05/2026,,AS010997,,,,,,Accounts Receivable,,,,A,,Paid,,,,,,,,"740,745.00",,"1,695,350.25",,0.00,,,,,,0.00
,,,,Payment,,02/13/2026,,Online TRF,,,,,,Accounts Receivable,,,,,,Paid,,Bank Deposit,,,,,,"-954,605.25",,"740,745.00",,0.00,,,,,,0.00
,,,,Payment,,03/11/2026,,Online TRF,,,,,,Accounts Receivable,,,,,,Paid,,Bank Deposit,,,,,,"-740,745.00",,0.00,,0.00,,,,,,0.00
,,,,Invoice,,03/11/2026,,AS011093,,,,,,Accounts Receivable,,Sal:RS,,A,,Unpaid,,,,50,,,,"290,324.25",,"290,324.25",,0.00,,,,,,0.00
,,,,Invoice,,03/19/2026,,AS011103,,,,,,Accounts Receivable,,,,A,,Unpaid,,,,42,,,,"587,817.00",,"878,141.25",,0.00,,,,,,0.00
,,,,Invoice,,03/27/2026,,AS011124,,,,,,Accounts Receivable,,Sal:RS,,A,,Unpaid,,,,34,,,,"251,340.00",,"1,129,481.25",,0.00,,,,,,0.00
,Total Adapt Information Technologies,,,,,,,,,,,,,,,,,,,,,,,,,,,"939,081.25",,"1,129,481.25",,0.00,,,,,,
,"Addis Ventures (Pvt) Limited,",,,,,,,,,,,,,,,,,,,,,,,,,,,,,0.00,,,,,,,,
,"Total Addis Ventures (Pvt) Limited,",,,,,,,,,,,,,,,,,,,,,,,,,,,,,0.00,,0.00,,,,,,
,ADL Digi House,,,,,,,,,,,,,,,,,,,,,,,,,,,,,0.00,,,,,,,,
,,,,Invoice,,01/22/2025,,AS010447,,,,,,Accounts Receivable,,Sal:EC,,AR,,Paid,,,,,,,,"46,500.00",,"46,500.00",,0.00,,,,,,0.00
,,,,Payment,,01/22/2025,,Cash,,,,,,Accounts Receivable,,,,,,Paid,,Cash,,,,,,"-46,500.00",,0.00,,0.00,,,,,,0.00
,Total ADL Digi House,,,,,,,,,,,,,,,,,,,,,,,,,,,0.00,,0.00,,0.00,,,,,,
,Advance Network Technologies (Pvt)Ltd,,,,,,,,,,,,,,,,,,,,,,,,,,,,,0.00,,,,,,,,
,Total Advance Network Technologies (Pvt)Ltd,,,,,,,,,,,,,,,,,,,,,,,,,,,,,0.00,,0.00,,,,,,
,Adventa Holdings (Pvt) Ltd,,,,,,,,,,,,,,,,,,,,,,,,,,,,,0.00,,,,,,,,
,,,,Invoice,,08/27/2025,,AS010776,,,,,,Accounts Receivable,,Sal:RS,,A,,Paid,,,,,,,,"769,419.00",,"769,419.00",,0.00,,,,,,0.00
,,,,Payment,,09/01/2025,,926786,,,,,,Accounts Receivable,,,,,,Paid,,Check,,,,,,"-769,419.00",,0.00,,0.00,,,,,,0.00
,Total Adventa Holdings (Pvt) Ltd,,,,,,,,,,,,,,,,,,,,,,,,,,,0.00,,0.00,,0.00,,,,,,
,AIT Business Solution (Pvt) Ltd,,,,,,,,,,,,,,,,,,,,,,,,,,,,,0.00,,,,,,,,
,,,,Invoice,,01/09/2025,,AS010424,,,,,,Accounts Receivable,,Sal:RS,,A,,Unpaid,,,,476,,,,"369,179.00",,"369,179.00",,0.00,,,,,,0.00
,,,,Payment,,03/27/2025,,Online TRF,,,,,,Accounts Receivable,,,,,,Paid,,Bank Deposit,,,,,,"-155,000.00",,"214,179.00",,0.00,,,,,,0.00
,,,,Payment,,05/14/2025,,Online TRF,,,,,,Accounts Receivable,,,,,,Paid,,Bank Deposit,,,,,,"-50,000.00",,"164,179.00",,0.00,,,,,,0.00
,,,,Payment,,07/30/2025,,online TRF,,,,,,Accounts Receivable,,,,,,Paid,,Bank Deposit,,,,,,"-25,000.00",,"139,179.00",,0.00,,,,,,0.00
,Total AIT Business Solution (Pvt) Ltd,,,,,,,,,,,,,,,,,,,,,,,,,,,"139,179.00",,"139,179.00",,0.00,,,,,,
,Aitken Spence Printing & Packaging(Pvt)Lt,,,,,,,,,,,,,,,,,,,,,,,,,,,,,0.00,,,,,,,,
,Total Aitken Spence Printing & Packaging(Pvt)Lt,,,,,,,,,,,,,,,,,,,,,,,,,,,,,0.00,,0.00,,,,,,
,Akoit Solutions,,,,,,,,,,,,,,,,,,,,,,,,,,,,,0.00,,,,,,,,
,Total Akoit Solutions,,,,,,,,,,,,,,,,,,,,,,,,,,,,,0.00,,0.00,,,,,,
,AL - ARAF HOTELS & RESORT (PVT) LTD,,,,,,,,,,,,,,,,,,,,,,,,,,,,,"13,180.00",,,,,,,,
,,,,Payment,,01/17/2024,,Online TRF,,,,,,Accounts Receivable,,,,,,Paid,,Bank Deposit,,,,,,"-13,180.00",,0.00,,0.00,,,,,,0.00
,,,,Invoice,,01/18/2024,,AS010027,,,,,,Accounts Receivable,,Sal:EC,,AS,,Paid,,,,,,,,"3,835.00",,"3,835.00",,0.00,,,,,,0.00
,,,,Invoice,,02/21/2024,,AS010051,,,,,,Accounts Receivable,,Sal:EC,,AS,,Paid,,,,,,,,"3,725.85",,"7,560.85",,0.00,,,,,,0.00
,,,,Invoice,,03/18/2024,,AS010080,,,,,,Accounts Receivable,,Sal:EC,,AS,,Paid,,,,,,,,"3,634.40",,"11,195.25",,0.00,,,,,,0.00
,,,,Invoice,,04/22/2024,,AS010112,,,,,,Accounts Receivable,,Sal:EC,,AS,,Paid,,,,,,,,"3,599.00",,"14,794.25",,0.00,,,,,,0.00
,,,,Payment,,05/13/2024,,Online TRF,,,,,,Accounts Receivable,,,,,,Paid,,Bank Deposit,,,,,,"-14,794.25",,0.00,,0.00,,,,,,0.00
,,,,Invoice,,05/16/2024,,AS010138,,,,,,Accounts Receivable,,Sal:EC,,AS,,Paid,,,,,,,,"3,604.90",,"3,604.90",,0.00,,,,,,0.00
,,,,Invoice,,06/19/2024,,AS010185,,,,,,Accounts Receivable,,Sal:EC,,AS,,Paid,,,,,,,,"3,634.40",,"7,239.30",,0.00,,,,,,0.00
,,,,Invoice,,07/22/2024,,AS010217,,,,,,Accounts Receivable,,Sal:EC,,AS,,Paid,,,,,,,,"3,628.50",,"10,867.80",,0.00,,,,,,0.00
,,,,Invoice,,08/01/2024,,AS010234,,,,,,Accounts Receivable,,Sal:RS,,AS,,Paid,,,,,,,,"3,599.00",,"14,466.80",,0.00,,,,,,0.00
,,,,Invoice,,09/05/2024,,AS010271,,,,,,Accounts Receivable,,Sal:EC,,AS,,Paid,,,,,,,,"3,551.80",,"18,018.60",,0.00,,,,,,0.00
,,,,Payment,,09/13/2024,,Online TRF,,,,,,Accounts Receivable,,,,,,Paid,,Bank Deposit,,,,,,"-14,466.80",,"3,551.80",,0.00,,,,,,0.00
,,,,Invoice,,11/12/2024,,AS010349,,,,,,Accounts Receivable,,Sal:EC,,AS,,Paid,,,,,,,,"7,009.20",,"10,561.00",,0.00,,,,,,0.00
,,,,Invoice,,12/11/2024,,AS010390,,,,,,Accounts Receivable,,Sal:EC,,AS,,Paid,,,,,,,,"3,504.60",,"14,065.60",,0.00,,,,,,0.00
,,,,Payment,,12/30/2024,,Online TRF,,,,,,Accounts Receivable,,,,,,Paid,,Bank Deposit,,,,,,"-14,065.60",,0.00,,0.00,,,,,,0.00
,,,,Invoice,,01/20/2025,,AS010442,,,,,,Accounts Receivable,,Sal:EC,,AS,,Paid,,,,,,,,"3,545.90",,"3,545.90",,0.00,,,,,,0.00
,,,,Invoice,,02/26/2025,,AS010507,,,,,,Accounts Receivable,,Sal:EC,,AS,,Paid,,,,,,,,"3,528.20",,"7,074.10",,0.00,,,,,,0.00
,,,,Invoice,,03/21/2025,,AS010535,,,,,,Accounts Receivable,,Sal:EC,,AS,,Paid,,,,,,,,"3,540.00",,"10,614.10",,0.00,,,,,,0.00
,,,,Invoice,,04/24/2025,,AS010579,,,,,,Accounts Receivable,,Sal:EC,,AS,,Paid,,,,,,,,"3,575.40",,"14,189.50",,0.00,,,,,,0.00
,,,,Invoice,,05/20/2025,,AS010611,,,,,,Accounts Receivable,,Sal:EC,,AS,,Paid,,,,,,,,"3,575.40",,"17,764.90",,0.00,,,,,,0.00
,,,,Payment,,05/22/2025,,Online TRF,,,,,,Accounts Receivable,,,,,,Paid,,Check,,,,,,"-7,074.10",,"10,690.80",,0.00,,,,,,0.00
,,,,Payment,,05/30/2025,,Online TRF,,,,,,Accounts Receivable,,,,,,Paid,,Bank Deposit,,,,,,"-10,690.80",,0.00,,0.00,,,,,,0.00
,,,,Invoice,,06/16/2025,,AS010649,,,,,,Accounts Receivable,,Sal:EC,,AS,,Paid,,,,,,,,"3,575.40",,"3,575.40",,0.00,,,,,,0.00
,,,,Invoice,,07/19/2025,,AS010716,,,,,,Accounts Receivable,,Sal:EC,,AS,,Paid,,,,,,,,"3,593.10",,"7,168.50",,0.00,,,,,,0.00
,,,,Invoice,,08/04/2025,,AS010740,,,,,,Accounts Receivable,,Sal:EC,,AS,,Paid,,,,,,,,"3,593.10",,"10,761.60",,0.00,,,,,,0.00
,,,,Payment,,09/08/2025,,Online TRF,,,,,,Accounts Receivable,,,,,,Paid,,Bank Deposit,,,,,,"-10,761.00",,0.60,,0.00,,,,,,0.00
,,,,Invoice,,09/23/2025,,AS010820,,,,,,Accounts Receivable,,Sal:EC,,AS,,Paid,,,,,,,,"3,604.90",,"3,605.50",,0.00,,,,,,0.00
,,,,Invoice,,10/17/2025,,AS010853,,,,,,Accounts Receivable,,Sal:EC,,AS,,Paid,,,,,,,,"3,613.75",,"7,219.25",,0.00,,,,,,0.00
,,,,Invoice,,11/18/2025,,AS010912,,,,,,Accounts Receivable,,Sal:EC,,AS,,Paid,,,,,,,,"3,663.90",,"10,883.15",,0.00,,,,,,0.00
,,,,Invoice,,12/17/2025,,AS010969,,,,,,Accounts Receivable,,Sal:RS,,AS,,Paid,,,,,,,,"3,690.45",,"14,573.60",,0.00,,,,,,0.00
,,,,Invoice,,01/21/2026,,AS011021,,,,,,Accounts Receivable,,Sal:RS,,AS,,Paid,,,,,,,,"3,690.45",,"18,264.05",,0.00,,,,,,0.00
,,,,Invoice,,02/16/2026,,AS011060,,,,,,Accounts Receivable,,Sal:RS,,AS,,Paid,,,,,,,,"3,684.55",,"21,948.60",,0.00,,,,,,0.00
,,,,Invoice,,03/20/2026,,AS011109,,,,,,Accounts Receivable,,Sal:RS,,AS,,Unpaid,,,,41,,,,"3,714.05",,"25,662.65",,0.00,,,,,,0.00
,,,,Invoice,,04/21/2026,,AS011153,,,,,,Accounts Receivable,,Sal:RS,,AS,,Unpaid,,,,9,,,,"3,776.00",,"29,438.65",,0.00,,,,,,0.00
,,,,Payment,,04/23/2026,,Online TRF,,,,,,Accounts Receivable,,,,,,Paid,,Bank Deposit,,,,,,"-21,977.50",,"7,461.15",,0.00,,,,,,0.00
,Total AL - ARAF HOTELS & RESORT (PVT) LTD,,,,,,,,,,,,,,,,,,,,,,,,,,,"-5,718.85",,"7,461.15",,0.00,,,,,,
,Allied Techno Services Pvt Ltd,,,,,,,,,,,,,,,,,,,,,,,,,,,,,0.00,,,,,,,,
,,,,Invoice,,12/15/2025,,AS010963,,,,,,Accounts Receivable,,,,AD,,Paid,,,,,,,,"41,300.00",,"41,300.00",,0.00,,,,,,0.00
,,,,Payment,,12/15/2025,,,,,,,,Accounts Receivable,,,,,,Paid,,Cash,,,,,,"-41,300.00",,0.00,,0.00,,,,,,0.00
,,,,Invoice,,01/09/2026,,AS011003,,,,,,Accounts Receivable,,Sal:RS,,AD,,Paid,,,,,,,,"921,580.00",,"921,580.00",,0.00,,,,,,0.00
,,,,Payment,,01/12/2026,,490976,,,,,,Accounts Receivable,,,,,,Paid,,Check,,,,,,"-921,580.00",,0.00,,0.00,,,,,,0.00
,,,,Invoice,,04/07/2026,,AS011140,,,,,,Accounts Receivable,,,,AD,,Unpaid,,,,23,,,,"112,100.00",,"112,100.00",,0.00,,,,,,0.00
,Total Allied Techno Services Pvt Ltd,,,,,,,,,,,,,,,,,,,,,,,,,,,"112,100.00",,"112,100.00",,0.00,,,,,,
,AlloT Technologies (Pvt) Ltd,,,,,,,,,,,,,,,,,,,,,,,,,,,,,0.00,,,,,,,,
,,,,Invoice,,03/23/2026,,AS011114,,,,,,Accounts Receivable,,Sal:RS,,AD,,Paid,,,,,,,,"121,540.00",,"121,540.00",,0.00,,,,,,0.00
,,,,Payment,,03/24/2026,,549195,,,,,,Accounts Receivable,,,,,,Paid,,Check,,,,,,"-121,540.00",,0.00,,0.00,,,,,,0.00
,,,,Invoice,,04/09/2026,,AS011145,,,,,,Accounts Receivable,,Sal:RS,,AD,,Paid,,,,,,,,"103,840.00",,"103,840.00",,0.00,,,,,,0.00
,,,,Payment,,04/21/2026,,549199,,,,,,Accounts Receivable,,,,,,Paid,,Check,,,,,,"-103,840.00",,0.00,,0.00,,,,,,0.00
,,,,Invoice,,04/23/2026,,AS011160,,,,,,Accounts Receivable,,,,AD,,Paid,,,,,,,,"41,300.00",,"41,300.00",,0.00,,,,,,0.00
,,,,Payment,,04/23/2026,,549202,,,,,,Accounts Receivable,,,,,,Paid,,Visa,,,,,,"-41,200.00",,100.00,,0.00,,,,,,0.00
,,,,Discount,,04/23/2026,,549202,,,,,,Accounts Receivable,,,,,,Paid,,Visa,,,,,,-100.00,,0.00,,0.00,,,,,,0.00
,Total AlloT Technologies (Pvt) Ltd,,,,,,,,,,,,,,,,,,,,,,,,,,,0.00,,0.00,,0.00,,,,,,
,Alphasonic Technologies (Pvt) Ltd,,,,,,,,,,,,,,,,,,,,,,,,,,,,,"324,000.00",,,,,,,,
,,,,Payment,,01/18/2024,,026925,,,,,,Accounts Receivable,,,,,,Paid,,Check,,,,,,"-324,000.00",,0.00,,0.00,,,,,,0.00
,,,,Invoice,,05/22/2024,,AS010143,,,,,,Accounts Receivable,,Sal:RS,,A,,Paid,,,,,,,,"102,660.00",,"102,660.00",,0.00,,,,,,0.00
,,,,Payment,,06/14/2024,,027055,,,,,,Accounts Receivable,,,,,,Paid,,Check,,,,,,"-102,660.00",,0.00,,0.00,,,,,,0.00
,,,,Invoice,,06/18/2024,,AS010180,,,,,,Accounts Receivable,,Sal:RS,,A,,Paid,,,,,,,,"102,660.00",,"102,660.00",,0.00,,,,,,0.00
,,,,Payment,,07/12/2024,,027072,,,,,,Accounts Receivable,,,,,,Paid,,Check,,,,,,"-102,660.00",,0.00,,0.00,,,,,,0.00
,,,,Invoice,,08/07/2024,,AS010242,,,,,,Accounts Receivable,,Sal:RS,,A,,Paid,,,,,,,,"163,430.00",,"163,430.00",,0.00,,,,,,0.00
,,,,Payment,,08/08/2024,,027097,,,,,,Accounts Receivable,,,,,,Paid,,Check,,,,,,"-163,430.00",,0.00,,0.00,,,,,,0.00
,,,,Invoice,,09/09/2024,,AS010272,,,,,,Accounts Receivable,,Sal:RS,,A,,Paid,,,,,,,,"1,887,234.29",,"1,887,234.29",,0.00,,,,,,0.00
,,,,Invoice,,09/25/2024,,AS010289,,,,,,Accounts Receivable,,Sal:RS,,A,,Paid,,,,,,,,"153,400.00",,"2,040,634.29",,0.00,,,,,,0.00
,,,,Payment,,10/15/2024,,027142,,,,,,Accounts Receivable,,,,,,Paid,,Check,,,,,,"-2,040,634.00",,0.29,,0.00,,,,,,0.00
,,,,Payment,,10/15/2024,,,,,,,,Accounts Receivable,,,,,,Paid,,Check,,,,,,-0.29,,0.00,,0.00,,,,,,0.00
,,,,Invoice,,10/23/2024,,AS010323,,,,,,Accounts Receivable,,Sal:RS,,A,,Paid,,,,,,,,"51,330.00",,"51,330.00",,0.00,,,,,,0.00
,,,,Invoice,,11/19/2024,,AS010358,,,,,,Accounts Receivable,,Sal:RS,,A,,Paid,,,,,,,,"110,920.00",,"162,250.00",,0.00,,,,,,0.00
,,,,Payment,,11/21/2024,,027164,,,,,,Accounts Receivable,,,,,,Paid,,Check,,,,,,"-162,250.00",,0.00,,0.00,,,,,,0.00
,,,,Invoice,,11/26/2024,,AS010366,,,,,,Accounts Receivable,,Sal:RS,,A,,Paid,,,,,,,,"427,160.00",,"427,160.00",,0.00,,,,,,0.00
,,,,Payment,,01/02/2025,,027213,,,,,,Accounts Receivable,,,,,,Paid,,Check,,,,,,"-427,160.00",,0.00,,0.00,,,,,,0.00
,,,,Invoice,,03/17/2025,,AS010527,,,,,,Accounts Receivable,,Sal:RS,,A,,Paid,,,,,,,,"1,452,580.00",,"1,452,580.00",,0.00,,,,,,0.00
,,,,Payment,,03/25/2025,,027336,,,,,,Accounts Receivable,,,,,,Paid,,Check,,,,,,"-1,452,580.00",,0.00,,0.00,,,,,,0.00
,,,,Invoice,,07/01/2025,,AS010679,,,,,,Accounts Receivable,,Sal:RS,,A,,Paid,,,,,,,,"255,676.50",,"255,676.50",,0.00,,,,,,0.00
,,,,Invoice,,07/08/2025,,AS010696,,,,,,Accounts Receivable,,Sal:RS,,A,,Paid,,,,,,,,"200,718.00",,"456,394.50",,0.00,,,,,,0.00
,,,,Invoice,,07/16/2025,,AS010708,,,,,,Accounts Receivable,,Sal:RS,,A,,Paid,,,,,,,,"373,956.75",,"830,351.25",,0.00,,,,,,0.00
,,,,Invoice,,07/18/2025,,AS010714,,,,,,Accounts Receivable,,Sal:RS,,A,,Paid,,,,,,,,"150,538.50",,"980,889.75",,0.00,,,,,,0.00
,,,,Payment,,07/21/2025,,027512,,,,,,Accounts Receivable,,,,,,Paid,,Check,,,,,,"-255,676.50",,"725,213.25",,0.00,,,,,,0.00
,,,,Payment,,07/21/2025,,027511,,,,,,Accounts Receivable,,,,,,Paid,,Check,,,,,,"-200,718.00",,"524,495.25",,0.00,,,,,,0.00
,,,,Payment,,08/15/2025,,027524,,,,,,Accounts Receivable,,,,,,Paid,,Check,,,,,,"-373,956.75",,"150,538.50",,0.00,,,,,,0.00
,,,,Payment,,08/15/2025,,027532,,,,,,Accounts Receivable,,,,,,Paid,,Check,,,,,,"-150,538.50",,0.00,,0.00,,,,,,0.00
,,,,Invoice,,12/01/2025,,AS010941,,,,,,Accounts Receivable,,,,A,,Paid,,,,,,,,"553,169.25",,"553,169.25",,0.00,,,,,,0.00
,,,,Payment,,12/31/2025,,027702,,,,,,Accounts Receivable,,,,,,Paid,,Check,,,,,,"-553,169.25",,0.00,,0.00,,,,,,0.00
,Total Alphasonic Technologies (Pvt) Ltd,,,,,,,,,,,,,,,,,,,,,,,,,,,"-324,000.00",,0.00,,0.00,,,,,,
,American College Of Higher Education,,,,,,,,,,,,,,,,,,,,,,,,,,,,,0.00,,,,,,,,
,,,,Invoice,,11/13/2025,,AS010904,,,,,,Accounts Receivable,,,,AR,,Paid,,,,,,,,"47,200.00",,"47,200.00",,0.00,,,,,,0.00
,,,,Payment,,11/13/2025,,Online TRF,,,,,,Accounts Receivable,,,,,,Paid,,Bank Deposit,,,,,,"-47,200.00",,0.00,,0.00,,,,,,0.00
,Total American College Of Higher Education,,,,,,,,,,,,,,,,,,,,,,,,,,,0.00,,0.00,,0.00,,,,,,
,American Premium Water Systems (Pvt)Ltd,,,,,,,,,,,,,,,,,,,,,,,,,,,,,0.00,,,,,,,,
,,,,Invoice,,09/11/2024,,AS010274,,,,,,Accounts Receivable,,Sal:EC,,A,,Paid,,,,,,,,"23,600.00",,"23,600.00",,0.00,,,,,,0.00
,,,,Invoice,,09/11/2024,,AS010275,,,,,,Accounts Receivable,,Sal:EC,,A,,Paid,,,,,,,,"92,040.00",,"115,640.00",,0.00,,,,,,0.00
,,,,Payment,,10/22/2024,,954460,,,,,,Accounts Receivable,,,,,,Paid,,Check,,,,,,"-23,600.00",,"92,040.00",,0.00,,,,,,0.00
,,,,Payment,,10/22/2024,,954459,,,,,,Accounts Receivable,,,,,,Paid,,Check,,,,,,"-92,040.00",,0.00,,0.00,,,,,,0.00
,Total American Premium Water Systems (Pvt)Ltd,,,,,,,,,,,,,,,,,,,,,,,,,,,0.00,,0.00,,0.00,,,,,,
,AMTEC ELECTRONIC (PVT) LTD,,,,,,,,,,,,,,,,,,,,,,,,,,,,,0.00,,,,,,,,
,,,,Invoice,,06/04/2024,,AS010160,,,,,,Accounts Receivable,,Sal:RS,,AR,,Paid,,,,,,,,"11,700.00",,"11,700.00",,0.00,,,,,,0.00
,,,,Payment,,06/04/2024,,Cash,,,,,,Accounts Receivable,,,,,,Paid,,Cash,,,,,,"-11,700.00",,0.00,,0.00,,,,,,0.00
,,,,Invoice,,06/29/2024,,AS010196,,,,,,Accounts Receivable,,Sal:RS,,AR,,Paid,,,,,,,,"49,300.00",,"49,300.00",,0.00,,,,,,0.00
,,,,Invoice,,08/06/2024,,AS010241,,,,,,Accounts Receivable,,Sal:RS,,AR,,Paid,,,,,,,,"32,000.00",,"81,300.00",,0.00,,,,,,0.00
,,,,Payment,,08/06/2024,,091361,,,,,,Accounts Receivable,,,,,,Paid,,Check,,,,,,"-32,000.00",,"49,300.00",,0.00,,,,,,0.00
,,,,Payment,,12/18/2024,,091430,,,,,,Accounts Receivable,,,,,,Paid,,Check,,,,,,"-49,300.00",,0.00,,0.00,,,,,,0.00
,,,,Invoice,,10/14/2025,,AS010846,,,,,,Accounts Receivable,,,,AR,,Paid,,,,,,,,"23,800.00",,"23,800.00",,0.00,,,,,,0.00
,,,,Invoice,,10/24/2025,,AS010862,,,,,,Accounts Receivable,,,,AR,,Paid,,,,,,,,"8,200.00",,"32,000.00",,0.00,,,,,,0.00
,,,,Payment,,10/24/2025,,Online TRF,,,,,,Accounts Receivable,,,,,,Paid,,Bank Deposit,,,,,,"-23,800.00",,"8,200.00",,0.00,,,,,,0.00
,,,,Payment,,11/19/2025,,Cash,,,,,,Accounts Receivable,,,,,,Paid,,Cash,,,,,,"-8,200.00",,0.00,,0.00,,,,,,0.00
,,,,Invoice,,11/26/2025,,AS010925,,,,,,Accounts Receivable,,,,AR,,Paid,,,,,,,,"47,700.00",,"47,700.00",,0.00,,,,,,0.00
,,,,Invoice,,12/09/2025,,AS010959,,,,,,Accounts Receivable,,Sal:RS,,AR,,Paid,,,,,,,,"6,000.00",,"53,700.00",,0.00,,,,,,0.00
,,,,Payment,,02/11/2026,,Online TRF,,,,,,Accounts Receivable,,,,,,Paid,,Cash,,,,,,"-53,700.00",,0.00,,0.00,,,,,,0.00
,,,,Invoice,,02/13/2026,,AS011056,,,,,,Accounts Receivable,,Sal:RS,,AR,,Paid,,,,,,,,"47,200.00",,"47,200.00",,0.00,,,,,,0.00
,,,,Invoice,,02/19/2026,,AS011071,,,,,,Accounts Receivable,,,,AR,,Paid,,,,,,,,"24,600.00",,"71,800.00",,0.00,,,,,,0.00
,,,,Invoice,,03/13/2026,,AS011095,,,,,,Accounts Receivable,,,,AR,,Unpaid,,,,48,,,,"47,700.00",,"119,500.00",,0.00,,,,,,0.00
,,,,Payment,,03/26/2026,,Online TRF,,,,,,Accounts Receivable,,,,,,Paid,,Bank Deposit,,,,,,"-71,800.00",,"47,700.00",,0.00,,,,,,0.00
,Total AMTEC ELECTRONIC (PVT) LTD,,,,,,,,,,,,,,,,,,,,,,,,,,,"47,700.00",,"47,700.00",,0.00,,,,,,
,And Beyond,,,,,,,,,,,,,,,,,,,,,,,,,,,,,0.00,,,,,,,,
,,,,Invoice,,01/08/2025,,AS010422,,,,,,Accounts Receivable,,Sal:RS,,AD,,Paid,,,,,,,,"4,720.00",,"4,720.00",,0.00,,,,,,0.00
,,,,Payment,,01/09/2025,,Cash,,,,,,Accounts Receivable,,,,,,Paid,,Check,,,,,,"-4,720.00",,0.00,,0.00,,,,,,0.00
,Total And Beyond,,,,,,,,,,,,,,,,,,,,,,,,,,,0.00,,0.00,,0.00,,,,,,
,Anexta Business Solutions (Pvt) Ltd,,,,,,,,,,,,,,,,,,,,,,,,,,,,,0.00,,,,,,,,
,,,,Invoice,,07/03/2024,,AS010201,,,,,,Accounts Receivable,,Sal:EC,,AD,,Paid,,,,,,,,"18,998.00",,"18,998.00",,0.00,,,,,,0.00
,,,,Invoice,,07/22/2024,,AS010219,,,,,,Accounts Receivable,,Sal:RS,,AD,,Paid,,,,,,,,"6,490.00",,"25,488.00",,0.00,,,,,,0.00
,,,,Payment,,08/09/2024,,924900,,,,,,Accounts Receivable,,,,,,Paid,,Check,,,,,,"-18,998.00",,"6,490.00",,0.00,,,,,,0.00
,,,,Payment,,08/30/2024,,935409,,,,,,Accounts Receivable,,,,,,Paid,,Check,,,,,,"-6,490.00",,0.00,,0.00,,,,,,0.00
,,,,Invoice,,03/24/2026,,AS011116,,,,,,Accounts Receivable,,Sal:RS,,AD,,Unpaid,,,,37,,,,"6,490.00",,"6,490.00",,0.00,,,,,,0.00
,Total Anexta Business Solutions (Pvt) Ltd,,,,,,,,,,,,,,,,,,,,,,,,,,,"6,490.00",,"6,490.00",,0.00,,,,,,
,ANVERALLY & SONS (PVT) LTD,,,,,,,,,,,,,,,,,,,,,,,,,,,,,0.00,,,,,,,,
,,,,Invoice,,05/24/2025,,AS010620,,,,,,Accounts Receivable,,,,A,,Paid,,,,,,,,"11,800.00",,"11,800.00",,0.00,,,,,,0.00
,,,,Payment,,07/07/2025,,Bank Deposit,,,,,,Accounts Receivable,,,,,,Paid,,Bank Deposit,,,,,,"-11,800.00",,0.00,,0.00,,,,,,0.00
,Total ANVERALLY & SONS (PVT) LTD,,,,,,,,,,,,,,,,,,,,,,,,,,,0.00,,0.00,,0.00,,,,,,
,Apex Business Solutions PVT Ltd.,,,,,,,,,,,,,,,,,,,,,,,,,,,,,"1,142,000.00",,,,,,,,
,,,,Payment,,01/11/2024,,Online TRF,,,,,,Accounts Receivable,,,,,,Paid,,Bank Deposit,,,,,,"-276,000.00",,"866,000.00",,0.00,,,,,,0.00
,,,,Invoice,,01/23/2024,,AS010030,,,,,,Accounts Receivable,,Sal:RS,,AD,,Paid,,,,,,,,"483,800.00",,"1,349,800.00",,0.00,,,,,,0.00
,,,,Payment,,01/23/2024,,Online TRF,,,,,,Accounts Receivable,,,,,,Paid,,Bank Deposit,,,,,,"-312,000.00",,"1,037,800.00",,0.00,,,,,,0.00
,,,,Invoice,,01/29/2024,,AS010033,,,,,,Accounts Receivable,,Sal:RS,,AD,,Paid,,,,,,,,"17,228.00",,"1,055,028.00",,0.00,,,,,,0.00
,,,,Payment,,02/02/2024,,Online TRF,,,,,,Accounts Receivable,,,,,,Paid,,Bank Deposit,,,,,,"-138,000.00",,"917,028.00",,0.00,,,,,,0.00
,,,,Invoice,,02/05/2024,,AS010040,,,,,,Accounts Receivable,,Sal:RS,,AD,,Paid,,,,,,,,"804,760.00",,"1,721,788.00",,0.00,,,,,,0.00
,,,,Payment,,02/08/2024,,000194,,,,,,Accounts Receivable,,,,,,Paid,,Check,,,,,,"-416,000.00",,"1,305,788.00",,0.00,,,,,,0.00
,,,,Invoice,,02/14/2024,,AS010049,,,,,,Accounts Receivable,,Sal:RS,,AD,,Paid,,,,,,,,"28,320.00",,"1,334,108.00",,0.00,,,,,,0.00
,,,,Invoice,,02/26/2024,,AS010057,,,,,,Accounts Receivable,,Sal:RS,,AD,,Paid,,,,,,,,"272,580.00",,"1,606,688.00",,0.00,,,,,,0.00
,,,,Payment,,03/07/2024,,Online TRF,,,,,,Accounts Receivable,,,,,,Paid,,Bank Deposit,,,,,,"-483,800.00",,"1,122,888.00",,0.00,,,,,,0.00
,,,,Invoice,,03/20/2024,,AS010084,,,,,,Accounts Receivable,,Sal:RS,,AD,,Paid,,,,,,,,"169,920.00",,"1,292,808.00",,0.00,,,,,,0.00
,,,,Payment,,03/25/2024,,Online TRF,,,,,,Accounts Receivable,,,,,,Paid,,Bank Deposit,,,,,,"-200,000.00",,"1,092,808.00",,0.00,,,,,,0.00
,,,,Invoice,,03/26/2024,,AS010090,,,,,,Accounts Receivable,,Sal:RS,,AD,,Paid,,,,,,,,"48,380.00",,"1,141,188.00",,0.00,,,,,,0.00
,,,,Payment,,04/01/2024,,000200,,,,,,Accounts Receivable,,,,,,Paid,,Check,,,,,,"-604,760.00",,"536,428.00",,0.00,,,,,,0.00
,,,,Payment,,05/03/2024,,000209,,,,,,Accounts Receivable,,,,,,Paid,,Check,,,,,,"-536,428.00",,0.00,,0.00,,,,,,0.00
,,,,Invoice,,05/06/2024,,AS010123,,,,,,Accounts Receivable,,Sal:RS,,AD,,Paid,,,,,,,,"212,400.00",,"212,400.00",,0.00,,,,,,0.00
,,,,Invoice,,05/07/2024,,AS010124,,,,,,Accounts Receivable,,Sal:RS,,SA,,Paid,,,,,,,,"918,040.00",,"1,130,440.00",,0.00,,,,,,0.00
,,,,Payment,,05/08/2024,,000213,,,,,,Accounts Receivable,,,,,,Paid,,Check,,,,,,"-918,040.00",,"212,400.00",,0.00,,,,,,0.00
,,,,Invoice,,05/15/2024,,AS010133,,,,,,Accounts Receivable,,Sal:RS,,AD,,Paid,,,,,,,,"6,500.01",,"218,900.01",,0.00,,,,,,0.00
,,,,Invoice,,06/06/2024,,AS010166,,,,,,Accounts Receivable,,Sal:RS,,AD,,Paid,,,,,,,,"37,878.00",,"256,778.01",,0.00,,,,,,0.00
,,,,Invoice,,06/06/2024,,AS010167,,,,,,Accounts Receivable,,Sal:RS,,AD,,Paid,,,,,,,,"200,718.00",,"457,496.01",,0.00,,,,,,0.00
,,,,Invoice,,06/26/2024,,AS010193,,,,,,Accounts Receivable,,Sal:RS,,AR,,Paid,,,,,,,,"18,290.00",,"475,786.01",,0.00,,,,,,0.00
,,,,Payment,,06/28/2024,,Online TRF,,,,,,Accounts Receivable,,,,,,Paid,,Bank Deposit,,,,,,"-218,900.00",,"256,886.01",,0.00,,,,,,0.00
,,,,Payment,,07/02/2024,,,,,,,,Accounts Receivable,,,,,,Paid,,Check,,,,,,-0.01,,"256,886.00",,0.00,,,,,,0.00
,,,,Invoice,,07/10/2024,,AS010209,,,,,,Accounts Receivable,,Sal:EC,,AD,,Paid,,,,,,,,"339,840.00",,"596,726.00",,0.00,,,,,,0.00
,,,,Payment,,07/24/2024,,Online TRF,,,,,,Accounts Receivable,,,,,,Paid,,Check,,,,,,"-256,886.00",,"339,840.00",,0.00,,,,,,0.00
,,,,Invoice,,08/12/2024,,AS010247,,,,,,Accounts Receivable,,Sal:RS,,AD,,Paid,,,,,,,,"159,300.00",,"499,140.00",,0.00,,,,,,0.00
,,,,Payment,,08/21/2024,,Online TRF,,,,,,Accounts Receivable,,,,,,Paid,,Bank Deposit,,,,,,"-339,840.00",,"159,300.00",,0.00,,,,,,0.00
,,,,Invoice,,09/11/2024,,AS010276,,,,,,Accounts Receivable,,Sal:RS,,AD,,Paid,,,,,,,,"2,002,460.00",,"2,161,760.00",,0.00,,,,,,0.00
,,,,Invoice,,09/18/2024,,AS010283,,,,,,Accounts Receivable,,Sal:RS,,AD,,Paid,,,,,,,,"5,222,680.00",,"7,384,440.00",,0.00,,,,,,0.00
,,,,Invoice,,09/27/2024,,AS010294,,,,,,Accounts Receivable,,Sal:RS,,AD,,Paid,,,,,,,,"248,000.00",,"7,632,440.00",,0.00,,,,,,0.00
,,,,Invoice,,10/25/2024,,AS010328,,,,,,Accounts Receivable,,Sal:RS,,AD,,Paid,,,,,,,,"76,700.00",,"7,709,140.00",,0.00,,,,,,0.00
,,,,Payment,,10/29/2024,,Online TRF,,,,,,Accounts Receivable,,,,,,Paid,,Bank Deposit,,,,,,"-159,300.00",,"7,549,840.00",,0.00,,,,,,0.00
,,,,Invoice,,11/01/2024,,AS010333,,,,,,Accounts Receivable,,Sal:RS,,AD,,Paid,,,,,,,,"79,060.00",,"7,628,900.00",,0.00,,,,,,0.00
,,,,Invoice,,11/04/2024,,AS010334,,,,,,Accounts Receivable,,Sal:RS,,AD,,Paid,,,,,,,,"79,060.00",,"7,707,960.00",,0.00,,,,,,0.00
,,,,Invoice,,11/05/2024,,AS010340,,,,,,Accounts Receivable,,Sal:RS,,AD,,Paid,,,,,,,,"300,900.00",,"8,008,860.00",,0.00,,,,,,0.00
,,,,Payment,,11/08/2024,,060582,,,,,,Accounts Receivable,,,,,,Paid,,Check,,,,,,"-2,002,460.00",,"6,006,400.00",,0.00,,,,,,0.00
,,,,Payment,,11/08/2024,,060583,,,,,,Accounts Receivable,,,,,,Paid,,Check,,,,,,"-5,222,680.00",,"783,720.00",,0.00,,,,,,0.00
,,,,Payment,,11/27/2024,,Online TRF,,,,,,Accounts Receivable,,,,,,Paid,,Check,,,,,,"-248,000.00",,"535,720.00",,0.00,,,,,,0.00
,,,,Invoice,,12/04/2024,,AS010375,,,,,,Accounts Receivable,,Sal:RS,,AD,,Paid,,,,,,,,"114,460.00",,"650,180.00",,0.00,,,,,,0.00
,,,,Invoice,,12/10/2024,,AS010389,,,,,,Accounts Receivable,,Sal:RS,,AD,,Paid,,,,,,,,"50,150.00",,"700,330.00",,0.00,,,,,,0.00
,,,,Payment,,12/13/2024,,Online TRF,,,,,,Accounts Receivable,,,,,,Paid,,Bank Deposit,,,,,,"-155,760.00",,"544,570.00",,0.00,,,,,,0.00
,,,,Invoice,,01/08/2025,,AS010423,,,,,,Accounts Receivable,,Sal:RS,,AD,,Paid,,,,,,,,"322,140.00",,"866,710.00",,0.00,,,,,,0.00
,,,,Payment,,01/17/2025,,Online  TRF,,,,,,Accounts Receivable,,,,,,Paid,,Bank Deposit,,,,,,"-300,900.00",,"565,810.00",,0.00,,,,,,0.00
,,,,Payment,,01/30/2025,,Online TRF,,,,,,Accounts Receivable,,,,,,Paid,,Bank Deposit,,,,,,"-129,210.00",,"436,600.00",,0.00,,,,,,0.00
,,,,Payment,,02/11/2025,,Online TRF,,,,,,Accounts Receivable,,,,,,Paid,,Bank Deposit,,,,,,"-114,460.00",,"322,140.00",,0.00,,,,,,0.00
,,,,Invoice,,02/17/2025,,AS010487,,,,,,Accounts Receivable,,Sal:RS,,AD,,Paid,,,,,,,,"637,200.00",,"959,340.00",,0.00,,,,,,0.00
,,,,Invoice,,02/27/2025,,AS010511,,,,,,Accounts Receivable,,Sal:RS,,AD,,Paid,,,,,,,,"205,320.00",,"1,164,660.00",,0.00,,,,,,0.00
,,,,Invoice,,03/03/2025,,AS010514,,,,,,Accounts Receivable,,Sal:RS,,AD,,Paid,,,,,,,,"42,480.00",,"1,207,140.00",,0.00,,,,,,0.00
,,,,Payment,,03/05/2025,,Online TRF,,,,,,Accounts Receivable,,,,,,Paid,,Bank Deposit,,,,,,"-322,140.00",,"885,000.00",,0.00,,,,,,0.00
,,,,Invoice,,03/14/2025,,AS010526,,,,,,Accounts Receivable,,Sal:RS,,AD,,Paid,,,,,,,,"151,040.00",,"1,036,040.00",,0.00,,,,,,0.00
,,,,Invoice,,03/18/2025,,AS010530,,,,,,Accounts Receivable,,Sal:RS,,AD,,Paid,,,,,,,,"383,500.00",,"1,419,540.00",,0.00,,,,,,0.00
,,,,Invoice,,03/28/2025,,AS010548,,,,,,Accounts Receivable,,Sal:RS,,AD,,Paid,,,,,,,,"42,480.00",,"1,462,020.00",,0.00,,,,,,0.00
,,,,Payment,,04/08/2025,,Online TRF,,,,,,Accounts Receivable,,,,,,Paid,,Check,,,,,,"-637,200.00",,"824,820.00",,0.00,,,,,,0.00
,,,,Payment,,04/25/2025,,Online TRF,,,,,,Accounts Receivable,,,,,,Paid,,Bank Deposit,,,,,,"-247,800.00",,"577,020.00",,0.00,,,,,,0.00
,,,,Invoice,,05/16/2025,,AS010602,,,,,,Accounts Receivable,,Sal:RS,,AD,,Paid,,,,,,,,"138,060.00",,"715,080.00",,0.00,,,,,,0.00
,,,,Payment,,05/22/2025,,Online TRF,,,,,,Accounts Receivable,,,,,,Paid,,Bank Deposit,,,,,,"-193,520.00",,"521,560.00",,0.00,,,,,,0.00
,,,,Invoice,,05/30/2025,,AS010627,,,,,,Accounts Receivable,,Sal:RS,,AD,,Paid,,,,,,,,"869,660.00",,"1,391,220.00",,0.00,,,,,,0.00
,,,,Invoice,,06/06/2025,,AS010639,,,,,,Accounts Receivable,,Sal:RS,,AD,,Paid,,,,,,,,"75,520.00",,"1,466,740.00",,0.00,,,,,,0.00
,,,,Invoice,,06/19/2025,,AS010659,,,,,,Accounts Receivable,,Sal:RS,,AD,,Paid,,,,,,,,"67,260.00",,"1,534,000.00",,0.00,,,,,,0.00
,,,,Invoice,,06/27/2025,,AS010676,,,,,,Accounts Receivable,,Sal:RS,,AD,,Paid,,,,,,,,"179,360.00",,"1,713,360.00",,0.00,,,,,,0.00
,,,,Payment,,07/02/2025,,Online TRF,,,,,,Accounts Receivable,,,,,,Paid,,Bank Deposit,,,,,,"-521,560.00",,"1,191,800.00",,0.00,,,,,,0.00
,,,,Payment,,07/17/2025,,Online TRF,,,,,,Accounts Receivable,,,,,,Paid,,Check,,,,,,"-869,660.00",,"322,140.00",,0.00,,,,,,0.00
,,,,Payment,,07/22/2025,,Online TRF,,,,,,Accounts Receivable,,,,,,Paid,,Bank Deposit,,,,,,"-67,260.00",,"254,880.00",,0.00,,,,,,0.00
,,,,Invoice,,08/05/2025,,AS010743,,,,,,Accounts Receivable,,Sal:RS,,AD,,Paid,,,,,,,,"67,260.00",,"322,140.00",,0.00,,,,,,0.00
,,,,Invoice,,08/12/2025,,AS010750,,,,,,Accounts Receivable,,Sal:RS,,AD,,Paid,,,,,,,,"697,380.00",,"1,019,520.00",,0.00,,,,,,0.00
,,,,Payment,,08/20/2025,,online TRF,,,,,,Accounts Receivable,,,,,,Paid,,Bank Deposit,,,,,,"-179,360.00",,"840,160.00",,0.00,,,,,,0.00
,,,,Invoice,,09/13/2025,,AS010804,,,,,,Accounts Receivable,,Sal:RS,,AD,,Paid,,,,,,,,"585,280.00",,"1,425,440.00",,0.00,,,,,,0.00
,,,,Invoice,,10/15/2025,,AS010850,,,,,,Accounts Receivable,,Sal:RS,,AD,,Paid,,,,,,,,"173,460.00",,"1,598,900.00",,0.00,,,,,,0.00
,,,,Invoice,,10/23/2025,,AS010860,,,,,,Accounts Receivable,,Sal:RS,,AD,,Paid,,,,,,,,"1,073,800.00",,"2,672,700.00",,0.00,,,,,,0.00
,,,,Payment,,10/23/2025,,Online TRF,,,,,,Accounts Receivable,,,,,,Paid,,Bank Deposit,,,,,,"-67,260.00",,"2,605,440.00",,0.00,,,,,,0.00
,,,,Invoice,,10/24/2025,,AS010863,,,,,,Accounts Receivable,,,,AD,,Paid,,,,,,,,"808,300.00",,"3,413,740.00",,0.00,,,,,,0.00
,,,,Invoice,,10/28/2025,,AS010871,,,,,,Accounts Receivable,,,,AD,,Paid,,,,,,,,"440,140.00",,"3,853,880.00",,0.00,,,,,,0.00
,,,,Payment,,11/12/2025,,Online TRF,,,,,,Accounts Receivable,,,,,,Paid,,Bank Deposit,,,,,,"-697,380.00",,"3,156,500.00",,0.00,,,,,,0.00
,,,,Payment,,11/20/2025,,Online TRF,,,,,,Accounts Receivable,,,,,,Paid,,Bank Deposit,,,,,,"-585,280.00",,"2,571,220.00",,0.00,,,,,,0.00
,,,,Payment,,11/27/2025,,Online TRF,,,,,,Accounts Receivable,,,,,,Paid,,Bank Deposit,,,,,,"-173,460.00",,"2,397,760.00",,0.00,,,,,,0.00
,,,,Credit Memo,,12/10/2025,,AS00121,,,,,,Accounts Receivable,,Sal:RS,,,,Paid,,,,,,,,"-8,260.00",,"2,389,500.00",,0.00,,,,,,0.00
,,,,Payment,,12/16/2025,,Online TRF,,,,,,Accounts Receivable,,,,,,Paid,,Bank Deposit,,,,,,"-1,073,800.00",,"1,315,700.00",,0.00,,,,,,0.00
,,,,Invoice,,12/19/2025,,AS010978,,,,,,Accounts Receivable,,Mnt,,AD,,Paid,,,,,,,,"1,034,860.00",,"2,350,560.00",,0.00,,,,,,0.00
,,,,Payment,,12/19/2025,,Online TRF,,,,,,Accounts Receivable,,,,,,Paid,,Bank Deposit,,,,,,"-67,260.00",,"2,283,300.00",,0.00,,,,,,0.00
,,,,Payment,,01/08/2026,,Online TRF,,,,,,Accounts Receivable,,,,,,Paid,,Bank Deposit,,,,,,"-1,248,440.00",,"1,034,860.00",,0.00,,,,,,0.00
,,,,Payment,,02/06/2026,,Online TRF,,,,,,Accounts Receivable,,,,,,Paid,,Bank Deposit,,,,,,"-517,430.00",,"517,430.00",,0.00,,,,,,0.00
,,,,Payment,,02/12/2026,,Online TRF,,,,,,Accounts Receivable,,,,,,Paid,,Bank Deposit,,,,,,"-517,430.00",,0.00,,0.00,,,,,,0.00
,Total Apex Business Solutions PVT Ltd.,,,,,,,,,,,,,,,,,,,,,,,,,,,"-1,142,000.00",,0.00,,0.00,,,,,,
,ARC ONE (Pvt) Ltd,,,,,,,,,,,,,,,,,,,,,,,,,,,,,0.00,,,,,,,,
,,,,Invoice,,04/01/2025,,AS010555,,,,,,Accounts Receivable,,Sal:RS,,AD,,Paid,,,,,,,,"184,080.00",,"184,080.00",,0.00,,,,,,0.00
,,,,Payment,,05/22/2025,,Online TRF,,,,,,Accounts Receivable,,,,,,Paid,,Bank Deposit,,,,,,"-184,080.00",,0.00,,0.00,,,,,,0.00
,,,,Invoice,,09/24/2025,,AS010823,,,,,,Accounts Receivable,,Sal:RS,,AD,,Paid,,,,,,,,"614,780.00",,"614,780.00",,0.00,,,,,,0.00
,,,,Payment,,10/23/2025,,Online TRF,,,,,,Accounts Receivable,,,,,,Paid,,Bank Deposit,,,,,,"-614,780.00",,0.00,,0.00,,,,,,0.00
,Total ARC ONE (Pvt) Ltd,,,,,,,,,,,,,,,,,,,,,,,,,,,0.00,,0.00,,0.00,,,,,,
,Archnix (Pvt) Ltd,,,,,,,,,,,,,,,,,,,,,,,,,,,,,0.00,,,,,,,,
,Total Archnix (Pvt) Ltd,,,,,,,,,,,,,,,,,,,,,,,,,,,,,0.00,,0.00,,,,,,
,Armanack Holding (Pvt) Ltd,,,,,,,,,,,,,,,,,,,,,,,,,,,,,0.00,,,,,,,,
,,,,Invoice,,01/17/2024,,AS010025,,,,,,Accounts Receivable,,Sal:EC,,AS,,Paid,,,,,,,,"128,620.00",,"128,620.00",,0.00,,,,,,0.00
,,,,Payment,,03/04/2024,,Online TRF,,,,,,Accounts Receivable,,,,,,Paid,,Bank Deposit,,,,,,"-128,620.00",,0.00,,0.00,,,,,,0.00
,Total Armanack Holding (Pvt) Ltd,,,,,,,,,,,,,,,,,,,,,,,,,,,0.00,,0.00,,0.00,,,,,,
,AS-tron Solutions (Pvt) Ltd,,,,,,,,,,,,,,,,,,,,,,,,,,,,,0.00,,,,,,,,
,,,,Invoice,,09/03/2024,,AS010268,,,,,,Accounts Receivable,,Sal:RS,,AD,,Paid,,,,,,,,"25,960.00",,"25,960.00",,0.00,,,,,,0.00
,,,,Payment,,10/09/2024,,794433,,,,,,Accounts Receivable,,,,,,Paid,,Check,,,,,,"-25,960.00",,0.00,,0.00,,,,,,0.00
,Total AS-tron Solutions (Pvt) Ltd,,,,,,,,,,,,,,,,,,,,,,,,,,,0.00,,0.00,,0.00,,,,,,
,Ascension Technologies (Pvt) Ltd,,,,,,,,,,,,,,,,,,,,,,,,,,,,,0.00,,,,,,,,
,,,,Invoice,,05/02/2024,,AS010119,,,,,,Accounts Receivable,,Sal:RS,,AD,,Paid,,,,,,,,"279,660.00",,"279,660.00",,0.00,,,,,,0.00
,,,,Payment,,05/02/2024,,000363,,,,,,Accounts Receivable,,,,,,Paid,,Check,,,,,,"-279,660.00",,0.00,,0.00,,,,,,0.00
,,,,Invoice,,01/07/2026,,AS011002,,,,,,Accounts Receivable,,Sal:EC,,AD,,Paid,,,,,,,,"383,500.00",,"383,500.00",,0.00,,,,,,0.00
,,,,Payment,,01/08/2026,,699925,,,,,,Accounts Receivable,,,,,,Paid,,Check,,,,,,"-383,500.00",,0.00,,0.00,,,,,,0.00
,Total Ascension Technologies (Pvt) Ltd,,,,,,,,,,,,,,,,,,,,,,,,,,,0.00,,0.00,,0.00,,,,,,
,Asia Pacific Technology Systems (Pvt) Ltd,,,,,,,,,,,,,,,,,,,,,,,,,,,,,0.00,,,,,,,,
,,,,Invoice,,05/31/2024,,AS010154,,,,,,Accounts Receivable,,Sal:RS,,AD,,Paid,,,,,,,,"49,560.00",,"49,560.00",,0.00,,,,,,0.00
,,,,Payment,,07/18/2024,,771137,,,,,,Accounts Receivable,,,,,,Paid,,Check,,,,,,"-49,560.00",,0.00,,0.00,,,,,,0.00
,,,,Invoice,,02/10/2025,,AS010476,,,,,,Accounts Receivable,,Sal:RS,,AD,,Paid,,,,,,,,"1,039,580.00",,"1,039,580.00",,0.00,,,,,,0.00
,,,,Payment,,03/26/2025,,284605,,,,,,Accounts Receivable,,,,,,Paid,,Check,,,,,,"-1,039,580.00",,0.00,,0.00,,,,,,0.00
,Total Asia Pacific Technology Systems (Pvt) Ltd,,,,,,,,,,,,,,,,,,,,,,,,,,,0.00,,0.00,,0.00,,,,,,
,Asiacom Engineering Services (Pvt) Ltd.,,,,,,,,,,,,,,,,,,,,,,,,,,,,,0.00,,,,,,,,
,,,,Invoice,,03/13/2024,,AS010077,,,,,,Accounts Receivable,,,,AD,,Unpaid,,,,778,,,,"5,900.00",,"5,900.00",,0.00,,,,,,0.00
,Total Asiacom Engineering Services (Pvt) Ltd.,,,,,,,,,,,,,,,,,,,,,,,,,,,"5,900.00",,"5,900.00",,0.00,,,,,,
,Asiri Hospital Matara (Pvt) Ltd,,,,,,,,,,,,,,,,,,,,,,,,,,,,,0.00,,,,,,,,
,,,,Invoice,,10/20/2025,,AS010855,,,,,,Accounts Receivable,,Sal:EC,,A,,Paid,,,,,,,,"17,700.00",,"17,700.00",,0.00,,,,,,0.00
,,,,Payment,,12/01/2025,,Deposited,,,,,,Accounts Receivable,,,,,,Paid,,Bank Deposit,,,,,,"-17,700.00",,0.00,,0.00,,,,,,0.00
,Total Asiri Hospital Matara (Pvt) Ltd,,,,,,,,,,,,,,,,,,,,,,,,,,,0.00,,0.00,,0.00,,,,,,
,Asiri Surgical Hospital,,,,,,,,,,,,,,,,,,,,,,,,,,,,,0.00,,,,,,,,
,,,,Invoice,,05/29/2025,,AS010625,,,,,,Accounts Receivable,,Sal:RS,,AS,,Paid,,,,,,,,"93,220.00",,"93,220.00",,0.00,,,,,,0.00
,,,,Payment,,08/11/2025,,811198,,,,,,Accounts Receivable,,,,,,Paid,,Check,,,,,,"-93,220.00",,0.00,,0.00,,,,,,0.00
,Total Asiri Surgical Hospital,,,,,,,,,,,,,,,,,,,,,,,,,,,0.00,,0.00,,0.00,,,,,,
,Assidua Technologies,,,,,,,,,,,,,,,,,,,,,,,,,,,,,"520,000.00",,,,,,,,
,,,,Payment,,01/17/2024,,892736,,,,,,Accounts Receivable,,,,,,Paid,,Check,,,,,,"-130,000.00",,"390,000.00",,0.00,,,,,,0.00
,,,,Payment,,01/17/2024,,892737,,,,,,Accounts Receivable,,,,,,Paid,,Check,,,,,,"-130,000.00",,"260,000.00",,0.00,,,,,,0.00
,,,,Payment,,01/17/2024,,892738,,,,,,Accounts Receivable,,,,,,Paid,,Check,,,,,,"-130,000.00",,"130,000.00",,0.00,,,,,,0.00
,,,,Payment,,01/17/2024,,892739,,,,,,Accounts Receivable,,,,,,Paid,,Check,,,,,,"-130,000.00",,0.00,,0.00,,,,,,0.00
,Total Assidua Technologies,,,,,,,,,,,,,,,,,,,,,,,,,,,"-520,000.00",,0.00,,0.00,,,,,,
,Associated Electrical Corporation Limited,,,,,,,,,,,,,,,,,,,,,,,,,,,,,0.00,,,,,,,,
,,,,Invoice,,05/29/2024,,AS010147,,,,,,Accounts Receivable,,Sal:RS,,AD,,Paid,,,,,,,,"152,857.20",,"152,857.20",,0.00,,,,,,0.00
,,,,Payment,,06/26/2024,,157146,,,,,,Accounts Receivable,,,,,,Paid,,Check,,,,,,"-152,857.20",,0.00,,0.00,,,,,,0.00
,Total Associated Electrical Corporation Limited,,,,,,,,,,,,,,,,,,,,,,,,,,,0.00,,0.00,,0.00,,,,,,
,Avian,,,,,,,,,,,,,,,,,,,,,,,,,,,,,"344,000.00",,,,,,,,
,,,,Credit Memo,,02/22/2024,,AS010058,,,,,,Accounts Receivable,,Sal:RS,,,,Paid,,,,,,,,"-329,000.00",,"15,000.00",,0.00,,,,,,0.00
,Total Avian,,,,,,,,,,,,,,,,,,,,,,,,,,,"-329,000.00",,"15,000.00",,0.00,,,,,,
,Avikans Pvt Ltd,,,,,,,,,,,,,,,,,,,,,,,,,,,,,0.00,,,,,,,,
,,,,Invoice,,07/24/2024,,AS010226,,,,,,Accounts Receivable,,Sal:EC,,AD,,Paid,,,,,,,,"11,800.00",,"11,800.00",,0.00,,,,,,0.00
,,,,Payment,,07/24/2024,,Online TRF,,,,,,Accounts Receivable,,,,,,Paid,,Bank Deposit,,,,,,"-11,800.00",,0.00,,0.00,,,,,,0.00
,Total Avikans Pvt Ltd,,,,,,,,,,,,,,,,,,,,,,,,,,,0.00,,0.00,,0.00,,,,,,
,Barclays Computers (Pvt) Ltd,,,,,,,,,,,,,,,,,,,,,,,,,,,,,"638,380.00",,,,,,,,
,,,,Invoice,,01/17/2024,,AS010026,,,,,,Accounts Receivable,,Sal:RS,,AS,,Paid,,,,,,,,"194,700.00",,"833,080.00",,0.00,,,,,,0.00
,,,,Invoice,,01/22/2024,,AS010029,,,,,,Accounts Receivable,,Sal:EC,,AS,,Paid,,,,,,,,"284,380.00",,"1,117,460.00",,0.00,,,,,,0.00
,,,,Payment,,01/22/2024,,Set Off,,,,,,Accounts Receivable,,,,,,Paid,,SETOFF,,,,,,"-422,540.00",,"694,920.00",,0.00,,,,,,0.00
,,,,Payment,,02/07/2024,,834434,,,,,,Accounts Receivable,,,,,,Paid,,Check,,,,,,"-215,840.00",,"479,080.00",,0.00,,,,,,0.00
,,,,Payment,,03/01/2024,,,,,,,,Accounts Receivable,,,,,,Paid,,Check,,,,,,"-194,700.00",,"284,380.00",,0.00,,,,,,0.00
,,,,Payment,,03/01/2024,,,,,,,,Accounts Receivable,,,,,,Paid,,Check,,,,,,"-284,380.00",,0.00,,0.00,,,,,,0.00
,,,,Invoice,,03/21/2024,,AS010085,,,,,,Accounts Receivable,,Sal:RS,,AS,,Paid,,,,,,,,"468,106.00",,"468,106.00",,0.00,,,,,,0.00
,,,,Invoice,,03/21/2024,,AS010086,,,,,,Accounts Receivable,,Sal:RS,,AS,,Paid,,,,,,,,"116,053.00",,"584,159.00",,0.00,,,,,,0.00
,,,,Invoice,,04/22/2024,,AS010110,,,,,,Accounts Receivable,,Sal:RS,,AR,,Paid,,,,,,,,"31,565.00",,"615,724.00",,0.00,,,,,,0.00
,,,,Payment,,05/09/2024,,666280,,,,,,Accounts Receivable,,,,,,Paid,,Check,,,,,,"-584,159.00",,"31,565.00",,0.00,,,,,,0.00
,,,,Invoice,,05/31/2024,,AS010152,,,,,,Accounts Receivable,,Sal:RS,,AR,,Paid,,,,,,,,"438,370.00",,"469,935.00",,0.00,,,,,,0.00
,,,,Invoice,,06/06/2024,,AS010168,,,,,,Accounts Receivable,,Sal:RS,,AR,,Paid,,,,,,,,"211,220.00",,"681,155.00",,0.00,,,,,,0.00
,,,,Invoice,,06/13/2024,,AS010176,,,,,,Accounts Receivable,,Sal:RS,,AR,,Paid,,,,,,,,"211,220.00",,"892,375.00",,0.00,,,,,,0.00
,,,,Invoice,,06/24/2024,,AS010187,,,,,,Accounts Receivable,,Sal:RS,,AR,,Paid,,,,,,,,"137,470.00",,"1,029,845.00",,0.00,,,,,,0.00
,,,,Payment,,07/04/2024,,834670,,,,,,Accounts Receivable,,,,,,Paid,,Check,,,,,,"-31,565.00",,"998,280.00",,0.00,,,,,,0.00
,,,,Invoice,,07/05/2024,,AS010203,,,,,,Accounts Receivable,,Sal:RS,,AR,,Paid,,,,,,,,"633,660.00",,"1,631,940.00",,0.00,,,,,,0.00
,,,,Invoice,,07/13/2024,,AS010211,,,,,,Accounts Receivable,,Sal:RS,,AR,,Paid,,,,,,,,"129,800.00",,"1,761,740.00",,0.00,,,,,,0.00
,,,,Invoice,,07/17/2024,,AS010214,,,,,,Accounts Receivable,,Sal:RS,,AR,,Paid,,,,,,,,"844,880.00",,"2,606,620.00",,0.00,,,,,,0.00
,,,,Payment,,07/22/2024,,834601,,,,,,Accounts Receivable,,,,,,Paid,,Check,,,,,,"-438,370.00",,"2,168,250.00",,0.00,,,,,,0.00
,,,,Payment,,07/22/2024,,834602,,,,,,Accounts Receivable,,,,,,Paid,,Check,,,,,,"-211,220.00",,"1,957,030.00",,0.00,,,,,,0.00
,,,,Payment,,07/22/2024,,834603,,,,,,Accounts Receivable,,,,,,Paid,,Check,,,,,,"-211,220.00",,"1,745,810.00",,0.00,,,,,,0.00
,,,,Invoice,,07/23/2024,,AS010220,,,,,,Accounts Receivable,,Sal:RS,,AR,,Paid,,,,,,,,"7,788.00",,"1,753,598.00",,0.00,,,,,,0.00
,,,,Invoice,,07/24/2024,,AS010224,,,,,,Accounts Receivable,,Sal:RS,,AR,,Paid,,,,,,,,"70,092.00",,"1,823,690.00",,0.00,,,,,,0.00
,,,,Invoice,,08/02/2024,,AS010236,,,,,,Accounts Receivable,,Sal:RS,,AS,,Paid,,,,,,,,"422,550.00",,"2,246,240.00",,0.00,,,,,,0.00
,,,,Payment,,08/14/2024,,688162,,,,,,Accounts Receivable,,,,,,Paid,,Check,,,,,,"-765,430.00",,"1,480,810.00",,0.00,,,,,,0.00
,,,,Payment,,08/15/2024,,,,,,,,Accounts Receivable,,,,,,Paid,,Bank Deposit,,,,,,"-5,700.00",,"1,475,110.00",,0.00,,,,,,0.00
,,,,Payment,,08/28/2024,,688182,,,,,,Accounts Receivable,,,,,,Paid,,Check,,,,,,"-1,052,560.00",,"422,550.00",,0.00,,,,,,0.00
,,,,Invoice,,09/27/2024,,AS010296,,,,,,Accounts Receivable,,Sal:RS,,AS,,Paid,,,,,,,,"318,364.00",,"740,914.00",,0.00,,,,,,0.00
,,,,Payment,,10/01/2024,,,,,,,,Accounts Receivable,,,,,,Paid,,Check,,,,,,"-422,550.00",,"318,364.00",,0.00,,,,,,0.00
,,,,Invoice,,10/21/2024,,AS010319,,,,,,Accounts Receivable,,Sal:RS,,AS,,Paid,,,,,,,,"126,767.40",,"445,131.40",,0.00,,,,,,0.00
,,,,Invoice,,10/23/2024,,AS010324,,,,,,Accounts Receivable,,Sal:RS,,AS,,Paid,,,,,,,,"84,960.00",,"530,091.40",,0.00,,,,,,0.00
,,,,Invoice,,11/08/2024,,AS010345,,,,,,Accounts Receivable,,Sal:RS,,AS,,Paid,,,,,,,,"518,401.00",,"1,048,492.40",,0.00,,,,,,0.00
,,,,Payment,,11/08/2024,,834835,,,,,,Accounts Receivable,,,,,,Paid,,Check,,,,,,"-318,364.00",,"730,128.40",,0.00,,,,,,0.00
,,,,Invoice,,11/18/2024,,AS010356,,,,,,Accounts Receivable,,Sal:RS,,AR,,Paid,,,,,,,,"200,600.00",,"930,728.40",,0.00,,,,,,0.00
,,,,Invoice,,11/20/2024,,AS010360,,,,,,Accounts Receivable,,Sal:RS,,AR,,Paid,,,,,,,,"31,860.00",,"962,588.40",,0.00,,,,,,0.00
,,,,Invoice,,11/20/2024,,AS010361,,,,,,Accounts Receivable,,Sal:RS,,AR,,Paid,,,,,,,,"77,408.00",,"1,039,996.40",,0.00,,,,,,0.00
,,,,Payment,,12/05/2024,,Online TRF,,,,,,Accounts Receivable,,,,,,Paid,,Bank Deposit,,,,,,"-211,727.40",,"828,269.00",,0.00,,,,,,0.00
,,,,Invoice,,12/20/2024,,AS010402,,,,,,Accounts Receivable,,Sal:RS,,AS,,Paid,,,,,,,,"532,743.00",,"1,361,012.00",,0.00,,,,,,0.00
,,,,Invoice,,12/20/2024,,AS010403,,,,,,Accounts Receivable,,Sal:RS,,AR,,Paid,,,,,,,,"189,980.00",,"1,550,992.00",,0.00,,,,,,0.00
,,,,Payment,,12/20/2024,,601042,,,,,,Accounts Receivable,,,,,,Paid,,Check,,,,,,"-518,401.00",,"1,032,591.00",,0.00,,,,,,0.00
,,,,Payment,,12/31/2024,,Online TRF,,,,,,Accounts Receivable,,,,,,Paid,,Bank Deposit,,,,,,"-309,868.00",,"722,723.00",,0.00,,,,,,0.00
,,,,Invoice,,01/10/2025,,AS010427,,,,,,Accounts Receivable,,Sal:RS,,AR,,Paid,,,,,,,,"152,810.00",,"875,533.00",,0.00,,,,,,0.00
,,,,Invoice,,01/21/2025,,AS010445,,,,,,Accounts Receivable,,Sal:RS,,AS,,Paid,,,,,,,,"279,334.00",,"1,154,867.00",,0.00,,,,,,0.00
,,,,Invoice,,01/24/2025,,AS010454,,,,,,Accounts Receivable,,Sal:RS,,AR,,Paid,,,,,,,,"123,900.00",,"1,278,767.00",,0.00,,,,,,0.00
,,,,Invoice,,01/29/2025,,AS010461,,,,,,Accounts Receivable,,Sal:RS,,AS,,Paid,,,,,,,,"161,176.00",,"1,439,943.00",,0.00,,,,,,0.00
,,,,Payment,,01/29/2025,,834904,,,,,,Accounts Receivable,,,,,,Paid,,Check,,,,,,"-532,743.00",,"907,200.00",,0.00,,,,,,0.00
,,,,Invoice,,02/03/2025,,AS010470,,,,,,Accounts Receivable,,Sal:RS,,AR,,Paid,,,,,,,,"96,760.00",,"1,003,960.00",,0.00,,,,,,0.00
,,,,Invoice,,02/13/2025,,AS010480,,,,,,Accounts Receivable,,Sal:RS,,AR,,Paid,,,,,,,,"31,500.01",,"1,035,460.01",,0.00,,,,,,0.00
,,,,Invoice,,02/14/2025,,AS010481,,,,,,Accounts Receivable,,Sal:RS,,AR,,Paid,,,,,,,,"147,500.00",,"1,182,960.01",,0.00,,,,,,0.00
,,,,Invoice,,02/14/2025,,AS010483,,,,,,Accounts Receivable,,Sal:RS,,AD,,Paid,,,,,,,,"685,875.00",,"1,868,835.01",,0.00,,,,,,0.00
,,,,Credit Memo,,02/15/2025,,AS00109,,,,,,Accounts Receivable,,Sal:RS,,,,Paid,,,,,,,,"-96,760.00",,"1,772,075.01",,0.00,,,,,,0.00
,,,,Invoice,,02/25/2025,,AS010500,,,,,,Accounts Receivable,,Sal:RS,,AR,,Paid,,,,,,,,"222,784.00",,"1,994,859.01",,0.00,,,,,,0.00
,,,,Invoice,,02/26/2025,,AS010502,,,,,,Accounts Receivable,,Sal:RS,,AS,,Paid,,,,,,,,"161,176.00",,"2,156,035.01",,0.00,,,,,,0.00
,,,,Payment,,03/10/2025,,716760,,,,,,Accounts Receivable,,,,,,Paid,,Check,,,,,,"-754,390.00",,"1,401,645.01",,0.00,,,,,,0.00
,,,,Invoice,,03/25/2025,,AS010541,,,,,,Accounts Receivable,,Sal:RS,,AS,,Paid,,,,,,,,"294,267.00",,"1,695,912.01",,0.00,,,,,,0.00
,,,,Invoice,,03/25/2025,,AS010542,,,,,,Accounts Receivable,,Sal:RS,,AR,,Paid,,,,,,,,"364,903.20",,"2,060,815.21",,0.00,,,,,,0.00
,,,,Invoice,,04/01/2025,,AS010552,,,,,,Accounts Receivable,,Sal:RS,,AS,,Paid,,,,,,,,"322,352.00",,"2,383,167.21",,0.00,,,,,,0.00
,,,,Invoice,,04/01/2025,,AS010553,,,,,,Accounts Receivable,,Sal:EC,,AR,,Paid,,,,,,,,"49,796.00",,"2,432,963.21",,0.00,,,,,,0.00
,,,,Payment,,04/07/2025,,Online TRF,,,,,,Accounts Receivable,,,,,,Paid,,Bank Deposit,,,,,,"-1,248,835.01",,"1,184,128.20",,0.00,,,,,,0.00
,,,,Invoice,,05/08/2025,,AS010595,,,,,,Accounts Receivable,,Sal:RS,,AR,,Paid,,,,,,,,"24,426.00",,"1,208,554.20",,0.00,,,,,,0.00
,,,,Invoice,,05/09/2025,,AS010597,,,,,,Accounts Receivable,,Sal:RS,,AS,,Paid,,,,,,,,"264,320.00",,"1,472,874.20",,0.00,,,,,,0.00
,,,,Invoice,,05/15/2025,,AS010601,,,,,,Accounts Receivable,,Sal:RS,,AR,,Paid,,,,,,,,"137,116.00",,"1,609,990.20",,0.00,,,,,,0.00
,,,,Payment,,05/15/2025,,Online TRF,,,,,,Accounts Receivable,,,,,,Paid,,Check,,,,,,"-1,031,318.20",,"578,672.00",,0.00,,,,,,0.00
,,,,Payment,,05/20/2025,,Online TRF,,,,,,Accounts Receivable,,,,,,Paid,,Bank Deposit,,,,,,"-152,810.00",,"425,862.00",,0.00,,,,,,0.00
,,,,Invoice,,06/06/2025,,AS010637,,,,,,Accounts Receivable,,Sal:RS,,AR,,Paid,,,,,,,,"46,728.00",,"472,590.00",,0.00,,,,,,0.00
,,,,Invoice,,06/13/2025,,AS010646,,,,,,Accounts Receivable,,Sal:RS,,AS,,Paid,,,,,,,,"226,560.00",,"699,150.00",,0.00,,,,,,0.00
,,,,Invoice,,06/13/2025,,AS010647,,,,,,Accounts Receivable,,Sal:RS,,AR,,Paid,,,,,,,,"15,930.00",,"715,080.00",,0.00,,,,,,0.00
,,,,Invoice,,06/19/2025,,AS010660,,,,,,Accounts Receivable,,Sal:RS,,AR,,Paid,,,,,,,,"24,426.00",,"739,506.00",,0.00,,,,,,0.00
,,,,Invoice,,06/19/2025,,AS010663,,,,,,Accounts Receivable,,Sal:RS,,AS,,Paid,,,,,,,,"556,960.00",,"1,296,466.00",,0.00,,,,,,0.00
,,,,Payment,,07/02/2025,,716821,,,,,,Accounts Receivable,,,,,,Paid,,Check,,,,,,"-425,862.00",,"870,604.00",,0.00,,,,,,0.00
,,,,Invoice,,07/03/2025,,AS010685,,,,,,Accounts Receivable,,Sal:RS,,AR,,Paid,,,,,,,,"211,311.92",,"1,081,915.92",,0.00,,,,,,0.00
,,,,Invoice,,07/03/2025,,AS010686,,,,,,Accounts Receivable,,Sal:RS,,AS,,Paid,,,,,,,,"75,520.00",,"1,157,435.92",,0.00,,,,,,0.00
,,,,Invoice,,07/05/2025,,AS010690,,,,,,Accounts Receivable,,Sal:RS,,AS,,Paid,,,,,,,,"75,520.00",,"1,232,955.92",,0.00,,,,,,0.00
,,,,Invoice,,07/05/2025,,AS010691,,,,,,Accounts Receivable,,Sal:RS,,AS,,Paid,,,,,,,,"226,560.00",,"1,459,515.92",,0.00,,,,,,0.00
,,,,Invoice,,07/07/2025,,AS010694,,,,,,Accounts Receivable,,Sal:RS,,AS,,Paid,,,,,,,,"306,800.00",,"1,766,315.92",,0.00,,,,,,0.00
,,,,Payment,,07/24/2025,,632696,,,,,,Accounts Receivable,,,,,,Paid,,Bank Deposit,,,,,,"-870,604.00",,"895,711.92",,0.00,,,,,,0.00
,,,,Invoice,,08/02/2025,,AS010739,,,,,,Accounts Receivable,,Sal:RS,,AR,,Paid,,,,,,,,"44,999.93",,"940,711.85",,0.00,,,,,,0.00
,,,,Payment,,08/12/2025,,834955,,,,,,Accounts Receivable,,,,,,Paid,,Check,,,,,,"-286,831.92",,"653,879.93",,0.00,,,,,,0.00
,,,,Payment,,08/21/2025,,720676,,,,,,Accounts Receivable,,,,,,Paid,,Check,,,,,,"-608,880.00",,"44,999.93",,0.00,,,,,,0.00
,,,,Invoice,,08/23/2025,,AS010773,,,,,,Accounts Receivable,,Sal:RS,,AS,,Paid,,,,,,,,"306,800.00",,"351,799.93",,0.00,,,,,,0.00
,,,,Invoice,,08/23/2025,,AS010774,,,,,,Accounts Receivable,,Sal:RS,,AR,,Paid,,,,,,,,"94,483.99",,"446,283.92",,0.00,,,,,,0.00
,,,,Invoice,,09/02/2025,,AS010785,,,,,,Accounts Receivable,,Sal:RS,,AR,,Paid,,,,,,,,"159,300.00",,"605,583.92",,0.00,,,,,,0.00
,,,,Invoice,,09/03/2025,,AS010788,,,,,,Accounts Receivable,,Sal:RS,,AR,,Paid,,,,,,,,"57,702.00",,"663,285.92",,0.00,,,,,,0.00
,,,,Invoice,,09/24/2025,,AS010824,,,,,,Accounts Receivable,,Sal:RS,,AS,,Paid,,,,,,,,"515,660.00",,"1,178,945.92",,0.00,,,,,,0.00
,,,,Invoice,,10/04/2025,,AS010835,,,,,,Accounts Receivable,,Sal:RS,,AS,,Paid,,,,,,,,"153,400.00",,"1,332,345.92",,0.00,,,,,,0.00
,,,,Payment,,10/08/2025,,Online TRF,,,,,,Accounts Receivable,,,,,,Paid,,Bank Deposit,,,,,,"-663,285.93",,"669,059.99",,0.00,,,,,,0.00
,,,,Invoice,,10/28/2025,,AS010872,,,,,,Accounts Receivable,,Sal:RS,,AS,,Paid,,,,,,,,"457,840.00",,"1,126,899.99",,0.00,,,,,,0.00
,,,,Invoice,,10/28/2025,,AS010873,,,,,,Accounts Receivable,,Sal:RS,,AR,,Paid,,,,,,,,"242,094.70",,"1,368,994.69",,0.00,,,,,,0.00
,,,,Payment,,11/07/2025,,Online TRF,,,,,,Accounts Receivable,,,,,,Paid,,Bank Deposit,,,,,,"-515,660.00",,"853,334.69",,0.00,,,,,,0.00
,,,,Invoice,,11/11/2025,,AS010893,,,,,,Accounts Receivable,,,,AR,,Paid,,,,,,,,"40,002.00",,"893,336.69",,0.00,,,,,,0.00
,,,,Invoice,,11/11/2025,,AS010895,,,,,,Accounts Receivable,,,,AR,,Paid,,,,,,,,"57,112.00",,"950,448.69",,0.00,,,,,,0.00
,,,,Invoice,,11/14/2025,,AS010906,,,,,,Accounts Receivable,,Sal:RS,,AR,,Paid,,,,,,,,"8,260.00",,"958,708.69",,0.00,,,,,,0.00
,,,,Invoice,,11/18/2025,,AS010916,,,,,,Accounts Receivable,,Sal:RS,,AR,,Paid,,,,,,,,"24,780.00",,"983,488.69",,0.00,,,,,,0.00
,,,,Invoice,,11/26/2025,,AS010926,,,,,,Accounts Receivable,,Sal:RS,,AR,,Paid,,,,,,,,"151,040.00",,"1,134,528.69",,0.00,,,,,,0.00
,,,,Invoice,,11/27/2025,,AS010928,,,,,,Accounts Receivable,,Sal:RS,,AS,,Paid,,,,,,,,"219,480.00",,"1,354,008.69",,0.00,,,,,,0.00
,,,,Invoice,,11/27/2025,,AS010929,,,,,,Accounts Receivable,,Sal:RS,,AR,,Paid,,,,,,,,"71,921.00",,"1,425,929.69",,0.00,,,,,,0.00
,,,,Invoice,,11/27/2025,,AS010930,,,,,,Accounts Receivable,,,,AS,,Paid,,,,,,,,"231,280.00",,"1,657,209.69",,0.00,,,,,,0.00
,,,,Invoice,,11/27/2025,,AS010931,,,,,,Accounts Receivable,,,,AS,,Paid,,,,,,,,"102,070.00",,"1,759,279.69",,0.00,,,,,,0.00
,,,,Payment,,12/16/2025,,Online TRF,,,,,,Accounts Receivable,,,,,,Paid,,Bank Deposit,,,,,,"-853,334.70",,"905,944.99",,0.00,,,,,,0.00
,,,,Invoice,,12/23/2025,,AS010984,,,,,,Accounts Receivable,,,,AR,,Paid,,,,,,,,"24,780.00",,"930,724.99",,0.00,,,,,,0.00
,,,,Invoice,,12/24/2025,,AS010988,,,,,,Accounts Receivable,,,,AR,,Paid,,,,,,,,"129,800.00",,"1,060,524.99",,0.00,,,,,,0.00
,,,,Invoice,,12/31/2025,,AS010995,,,,,,Accounts Receivable,,Sal:RS,,AS,,Paid,,,,,,,,"726,582.00",,"1,787,106.99",,0.00,,,,,,0.00
,,,,Invoice,,01/07/2026,,AS011001,,,,,,Accounts Receivable,,,,AR,,Paid,,,,,,,,"59,000.00",,"1,846,106.99",,0.00,,,,,,0.00
,,,,Payment,,01/09/2026,,Online TRF,,,,,,Accounts Receivable,,,,,,Paid,,Bank Deposit,,,,,,"-905,944.99",,"940,162.00",,0.00,,,,,,0.00
,,,,Invoice,,01/09/2026,,AS011005,,,,,,Accounts Receivable,,Sal:RS,,AR,,Paid,,,,,,,,"16,520.00",,"956,682.00",,0.00,,,,,,0.00
,,,,Invoice,,01/16/2026,,AS011015,,,,,,Accounts Receivable,,,,AS,,Paid,,,,,,,,"314,700.10",,"1,271,382.10",,0.00,,,,,,0.00
,,,,Invoice,,01/28/2026,,AS011032,,,,,,Accounts Receivable,,Sal:RS,,AR,,Paid,,,,,,,,"83,821.30",,"1,355,203.40",,0.00,,,,,,0.00
,,,,Invoice,,01/28/2026,,AS011033,,,,,,Accounts Receivable,,Sal:RS,,AR,,Paid,,,,,,,,"51,920.00",,"1,407,123.40",,0.00,,,,,,0.00
,,,,Invoice,,02/03/2026,,AS011044,,,,,,Accounts Receivable,,Sal:RS,,AR,,Paid,,,,,,,,"51,920.00",,"1,459,043.40",,0.00,,,,,,0.00
,,,,Invoice,,02/06/2026,,AS011046,,,,,,Accounts Receivable,,Sal:RS,,AR,,Paid,,,,,,,,"64,782.00",,"1,523,825.40",,0.00,,,,,,0.00
,,,,Payment,,02/11/2026,,Online TRF,,,,,,Accounts Receivable,,,,,,Paid,,Bank Deposit,,,,,,"-956,682.00",,"567,143.40",,0.00,,,,,,0.00
,,,,Invoice,,02/13/2026,,AS011055,,,,,,Accounts Receivable,,Sal:RS,,AR,,Paid,,,,,,,,"51,920.00",,"619,063.40",,0.00,,,,,,0.00
,,,,Invoice,,03/03/2026,,AS011080,,,,,,Accounts Receivable,,,,AR,,Paid,,,,,,,,"47,967.00",,"667,030.40",,0.00,,,,,,0.00
,,,,Invoice,,03/03/2026,,AS011081,,,,,,Accounts Receivable,,,,AS,,Paid,,,,,,,,"273,760.00",,"940,790.40",,0.00,,,,,,0.00
,,,,Payment,,03/04/2026,,Online TRF,,,,,,Accounts Receivable,,,,,,Paid,,Bank Deposit,,,,,,"-450,441.40",,"490,349.00",,0.00,,,,,,0.00
,,,,Invoice,,03/25/2026,,AS011118,,,,,,Accounts Receivable,,,,AS,,Unpaid,,,,36,,,,"314,588.00",,"804,937.00",,0.00,,,,,,0.00
,,,,Invoice,,03/25/2026,,AS011119,,,,,,Accounts Receivable,,,,AR,,Unpaid,,,,36,,,,"262,255.00",,"1,067,192.00",,0.00,,,,,,0.00
,,,,Invoice,,04/02/2026,,AS011136,,,,,,Accounts Receivable,,Sal:RS,,AR,,Unpaid,,,,28,,,,"97,114.00",,"1,164,306.00",,0.00,,,,,,0.00
,,,,Invoice,,04/09/2026,,AS011143,,,,,,Accounts Receivable,,,,AR,,Unpaid,,,,21,,,,"50,704.60",,"1,215,010.60",,0.00,,,,,,0.00
,,,,Payment,,04/23/2026,,835100,,,,,,Accounts Receivable,,,,,,Paid,,Check,,,,,,"-490,349.00",,"724,661.60",,0.00,,,,,,0.00
,,,,Invoice,,04/30/2026,,AS011174,,,,,,Accounts Receivable,,,,AS,,Unpaid,,,,,,,,"471,882.00",,"1,196,543.60",,0.00,,,,,,0.00
,,,,Invoice,,04/30/2026,,AS011175,,,,,,Accounts Receivable,,Sal:RS,,AR,,Unpaid,,,,,,,,"64,266.58",,"1,260,810.18",,0.00,,,,,,0.00
,Total Barclays Computers (Pvt) Ltd,,,,,,,,,,,,,,,,,,,,,,,,,,,"622,430.18",,"1,260,810.18",,0.00,,,,,,
,Base Hp (Pvt) Ltd,,,,,,,,,,,,,,,,,,,,,,,,,,,,,"2,444,500.00",,,,,,,,
,,,,Payment,,01/23/2024,,884037,,,,,,Accounts Receivable,,,,,,Paid,,Check,,,,,,"-1,930,000.00",,"514,500.00",,0.00,,,,,,0.00
,,,,Invoice,,01/31/2024,,AS010038,,,,,,Accounts Receivable,,Sal:RS,,A,,Paid,,,,,,,,"37,760.00",,"552,260.00",,0.00,,,,,,0.00
,,,,Payment,,02/06/2024,,878068,,,,,,Accounts Receivable,,,,,,Paid,,Check,,,,,,"-514,500.00",,"37,760.00",,0.00,,,,,,0.00
,,,,Invoice,,02/09/2024,,AS010045,,,,,,Accounts Receivable,,Sal:RS,,AD,,Paid,,,,,,,,"342,200.00",,"379,960.00",,0.00,,,,,,0.00
,,,,Payment,,03/15/2024,,884262,,,,,,Accounts Receivable,,,,,,Paid,,Check,,,,,,"-379,960.00",,0.00,,0.00,,,,,,0.00
,,,,Invoice,,05/30/2024,,AS010149,,,,,,Accounts Receivable,,Sal:RS,,A,,Paid,,,,,,,,"338,660.00",,"338,660.00",,0.00,,,,,,0.00
,,,,Payment,,07/04/2024,,895116,,,,,,Accounts Receivable,,,,,,Paid,,Check,,,,,,"-338,660.00",,0.00,,0.00,,,,,,0.00
,,,,Invoice,,07/26/2024,,AS010229,,,,,,Accounts Receivable,,Sal:RS,,A,,Paid,,,,,,,,"566,400.00",,"566,400.00",,0.00,,,,,,0.00
,,,,Payment,,08/27/2024,,892442,,,,,,Accounts Receivable,,,,,,Paid,,Check,,,,,,"-566,400.00",,0.00,,0.00,,,,,,0.00
,,,,Invoice,,01/29/2025,,AS010462,,,,,,Accounts Receivable,,Sal:RS,,A,,Paid,,,,,,,,"560,500.01",,"560,500.01",,0.00,,,,,,0.00
,,,,Invoice,,02/14/2025,,AS010482,,,,,,Accounts Receivable,,Sal:RS,,A,,Paid,,,,,,,,"1,875,256.00",,"2,435,756.01",,0.00,,,,,,0.00
,,,,Payment,,03/06/2025,,629991,,,,,,Accounts Receivable,,,,,,Paid,,Check,,,,,,"-560,500.01",,"1,875,256.00",,0.00,,,,,,0.00
,,,,Invoice,,03/21/2025,,AS010532,,,,,,Accounts Receivable,,Sal:RS,,A,,Paid,,,,,,,,"825,410.00",,"2,700,666.00",,0.00,,,,,,0.00
,,,,Invoice,,04/01/2025,,AS010551,,,,,,Accounts Receivable,,Sal:RS,,A,,Paid,,,,,,,,"132,160.00",,"2,832,826.00",,0.00,,,,,,0.00
,,,,Invoice,,04/07/2025,,AS010559,,,,,,Accounts Receivable,,Sal:RS,,A,,Paid,,,,,,,,"943,764.00",,"3,776,590.00",,0.00,,,,,,0.00
,,,,Invoice,,04/21/2025,,AS010573,,,,,,Accounts Receivable,,Sal:RS,,AD,,Paid,,,,,,,,"596,180.25",,"4,372,770.25",,0.00,,,,,,0.00
,,,,Payment,,04/22/2025,,630073,,,,,,Accounts Receivable,,,,,,Paid,,Check,,,,,,"-1,875,256.00",,"2,497,514.25",,0.00,,,,,,0.00
,,,,Payment,,05/15/2025,,653443,,,,,,Accounts Receivable,,,,,,Paid,,Check,,,,,,"-825,410.00",,"1,672,104.25",,0.00,,,,,,0.00
,,,,Invoice,,06/03/2025,,AS010633,,,,,,Accounts Receivable,,Sal:RS,,A,,Paid,,,,,,,,"1,485,074.25",,"3,157,178.50",,0.00,,,,,,0.00
,,,,Payment,,06/03/2025,,915772,,,,,,Accounts Receivable,,,,,,Paid,,Bank Deposit,,,,,,"-943,764.00",,"2,213,414.50",,0.00,,,,,,0.00
,,,,Payment,,06/03/2025,,653483,,,,,,Accounts Receivable,,,,,,Paid,,Check,,,,,,"-132,160.00",,"2,081,254.50",,0.00,,,,,,0.00
,,,,Payment,,06/05/2025,,892318,,,,,,Accounts Receivable,,,,,,Paid,,Check,,,,,,"-596,180.25",,"1,485,074.25",,0.00,,,,,,0.00
,,,,Invoice,,06/11/2025,,AS010641,,,,,,Accounts Receivable,,Sal:RS,,A,,Paid,,,,,,,,"169,654.50",,"1,654,728.75",,0.00,,,,,,0.00
,,,,Invoice,,06/25/2025,,AS010670,,,,,,Accounts Receivable,,Sal:RS,,A,,Paid,,,,,,,,"486,263.25",,"2,140,992.00",,0.00,,,,,,0.00
,,,,Payment,,07/17/2025,,653618,,,,,,Accounts Receivable,,,,,,Paid,,Check,,,,,,"-169,654.50",,"1,971,337.50",,0.00,,,,,,0.00
,,,,Payment,,08/12/2025,,653709,,,,,,Accounts Receivable,,,,,,Paid,,Check,,,,,,"-486,263.25",,"1,485,074.25",,0.00,,,,,,0.00
,,,,Invoice,,08/21/2025,,AS010770,,,,,,Accounts Receivable,,Sal:RS,,A,,Paid,,,,,,,,"2,385,915.75",,"3,870,990.00",,0.00,,,,,,0.00
,,,,Payment,,08/26/2025,,915838,,,,,,Accounts Receivable,,,,,,Paid,,Check,,,,,,"-1,485,074.25",,"2,385,915.75",,0.00,,,,,,0.00
,,,,Payment,,09/23/2025,,921356,,,,,,Accounts Receivable,,,,,,Paid,,Check,,,,,,"-2,385,915.75",,0.00,,0.00,,,,,,0.00
,,,,Invoice,,09/24/2025,,AS010821,,,,,,Accounts Receivable,,Sal:RS,,A,,Paid,,,,,,,,"829,156.50",,"829,156.50",,0.00,,,,,,0.00
,,,,Invoice,,09/24/2025,,AS010822,,,,,,Accounts Receivable,,Sal:RS,,A,,Paid,,,,,,,,"1,311,835.48",,"2,140,991.98",,0.00,,,,,,0.00
,,,,Invoice,,09/29/2025,,AS010831,,,,,,Accounts Receivable,,Sal:RS,,A,,Paid,,,,,,,,"836,325.00",,"2,977,316.98",,0.00,,,,,,0.00
,,,,Invoice,,10/27/2025,,AS010867,,,,,,Accounts Receivable,,Sal:RS,,A,,Paid,,,,,,,,"3,015,490.00",,"5,992,806.98",,0.00,,,,,,0.00
,,,,Invoice,,10/31/2025,,AS010884,,,,,,Accounts Receivable,,Sal:RS,,A,,Paid,,,,,,,,"444,447.00",,"6,437,253.98",,0.00,,,,,,0.00
,,,,Payment,,11/06/2025,,674311,,,,,,Accounts Receivable,,,,,,Paid,,Check,,,,,,"-836,325.00",,"5,600,928.98",,0.00,,,,,,0.00
,,,,Invoice,,11/12/2025,,AS010898,,,,,,Accounts Receivable,,Sal:RS,,A,,Paid,,,,,,,,"589,011.75",,"6,189,940.73",,0.00,,,,,,0.00
,,,,Payment,,11/18/2025,,674348,,,,,,Accounts Receivable,,,,,,Paid,,Check,,,,,,"-829,156.50",,"5,360,784.23",,0.00,,,,,,0.00
,,,,Invoice,,11/24/2025,,AS010923,,,,,,Accounts Receivable,,Sal:RS,,A,,Paid,,,,,,,,"765,834.75",,"6,126,618.98",,0.00,,,,,,0.00
,,,,Invoice,,12/01/2025,,AS010937,,,,,,Accounts Receivable,,Sal:RS,,A,,Paid,,,,,,,,"439,668.00",,"6,566,286.98",,0.00,,,,,,0.00
,,,,Invoice,,12/01/2025,,AS010938,,,,,,Accounts Receivable,,Sal:RS,,A,,Paid,,,,,,,,"547,195.50",,"7,113,482.48",,0.00,,,,,,0.00
,,,,Payment,,12/11/2025,,674414,,,,,,Accounts Receivable,,,,,,Paid,,Check,,,,,,"-444,447.00",,"6,669,035.48",,0.00,,,,,,0.00
,,,,Payment,,12/16/2025,,921426,,,,,,Accounts Receivable,,,,,,Paid,,Check,,,,,,"-589,011.75",,"6,080,023.73",,0.00,,,,,,0.00
,,,,Payment,,12/16/2025,,674448,,,,,,Accounts Receivable,,,,,,Paid,,Check,,,,,,"-3,015,490.00",,"3,064,533.73",,0.00,,,,,,0.00
,,,,Payment,,12/23/2025,,674482,,,,,,Accounts Receivable,,,,,,Paid,,Check,,,,,,"-1,311,835.48",,"1,752,698.25",,0.00,,,,,,0.00
,,,,Invoice,,12/29/2025,,AS010993,,,,,,Accounts Receivable,,,,A,,Paid,,,,,,,,"205,497.00",,"1,958,195.25",,0.00,,,,,,0.00
,,,,Payment,,01/07/2026,,921440,,,,,,Accounts Receivable,,,,,,Paid,,Check,,,,,,"-547,195.50",,"1,410,999.75",,0.00,,,,,,0.00
,,,,Payment,,01/21/2026,,Cheque,,,,,,Accounts Receivable,,,,,,Paid,,Check,,,,,,"-439,668.00",,"971,331.75",,0.00,,,,,,0.00
,,,,Payment,,02/03/2026,,674608,,,,,,Accounts Receivable,,,,,,Paid,,Check,,,,,,"-765,834.75",,"205,497.00",,0.00,,,,,,0.00
,,,,Payment,,02/18/2026,,856973,,,,,,Accounts Receivable,,,,,,Paid,,Check,,,,,,"-205,497.00",,0.00,,0.00,,,,,,0.00
,,,,Invoice,,02/27/2026,,AS011077,,,,,,Accounts Receivable,,,,A,,Paid,,,,,,,,"102,660.00",,"102,660.00",,0.00,,,,,,0.00
,,,,Payment,,04/02/2026,,693482,,,,,,Accounts Receivable,,,,,,Paid,,Check,,,,,,"-102,660.00",,0.00,,0.00,,,,,,0.00
,Total Base Hp (Pvt) Ltd,,,,,,,,,,,,,,,,,,,,,,,,,,,"-2,444,500.00",,0.00,,0.00,,,,,,
,Berlin Engineering (PVT) LTD,,,,,,,,,,,,,,,,,,,,,,,,,,,,,0.00,,,,,,,,
,,,,Invoice,,09/26/2025,,AS010827,,,,,,Accounts Receivable,,Sal:RS,,AR,,Paid,,,,,,,,"96,850.00",,"96,850.00",,0.00,,,,,,0.00
,,,,Payment,,09/29/2025,,Online TRF,,,,,,Accounts Receivable,,,,,,Paid,,Bank Deposit,,,,,,"-96,850.00",,0.00,,0.00,,,,,,0.00
,,,,Invoice,,03/25/2026,,AS011120,,,,,,Accounts Receivable,,,,AR,,Paid,,,,,,,,"38,500.00",,"38,500.00",,0.00,,,,,,0.00
,,,,Payment,,03/25/2026,,Online TRF,,,,,,Accounts Receivable,,,,,,Paid,,Bank Deposit,,,,,,"-38,500.00",,0.00,,0.00,,,,,,0.00
,,,,Invoice,,03/30/2026,,AS011133,,,,,,Accounts Receivable,,,,AR,,Paid,,,,,,,,"72,500.00",,"72,500.00",,0.00,,,,,,0.00
,,,,Payment,,03/31/2026,,Online TRF,,,,,,Accounts Receivable,,,,,,Paid,,Bank Deposit,,,,,,"-72,500.00",,0.00,,0.00,,,,,,0.00
,Total Berlin Engineering (PVT) LTD,,,,,,,,,,,,,,,,,,,,,,,,,,,0.00,,0.00,,0.00,,,,,,
,Best Pictures (Pvt) Ltd,,,,,,,,,,,,,,,,,,,,,,,,,,,,,0.00,,,,,,,,
,,,,Invoice,,11/26/2024,,AS010367,,,,,,Accounts Receivable,,Sal:EC,,A,,Paid,,,,,,,,"112,100.00",,"112,100.00",,0.00,,,,,,0.00
,,,,Payment,,11/27/2024,,Online TRF,,,,,,Accounts Receivable,,,,,,Paid,,Bank Deposit,,,,,,"-95,000.00",,"17,100.00",,0.00,,,,,,0.00
,,,,Payment,,11/27/2024,,Online TRF,,,,,,Accounts Receivable,,,,,,Paid,,Bank Deposit,,,,,,"-17,100.00",,0.00,,0.00,,,,,,0.00
,Total Best Pictures (Pvt) Ltd,,,,,,,,,,,,,,,,,,,,,,,,,,,0.00,,0.00,,0.00,,,,,,
,Bharat Aponso,,,,,,,,,,,,,,,,,,,,,,,,,,,,,0.00,,,,,,,,
,,,,Invoice,,04/26/2025,,AS010585,,,,,,Accounts Receivable,,Sal:EC,,AD,,Paid,,,,,,,,"100,000.00",,"100,000.00",,0.00,,,,,,0.00
,,,,Payment,,04/29/2025,,Cash,,,,,,Accounts Receivable,,,,,,Paid,,Cash,,,,,,"-100,000.00",,0.00,,0.00,,,,,,0.00
,Total Bharat Aponso,,,,,,,,,,,,,,,,,,,,,,,,,,,0.00,,0.00,,0.00,,,,,,
,Bl'Blue Danube Engineering (PVT) Limited,,,,,,,,,,,,,,,,,,,,,,,,,,,,,"7,500.00",,,,,,,,
,,,,Payment,,01/05/2024,,Cash,,,,,,Accounts Receivable,,,,,,Paid,,Cash,,,,,,"-7,500.00",,0.00,,0.00,,,,,,0.00
,Total Bl'Blue Danube Engineering (PVT) Limited,,,,,,,,,,,,,,,,,,,,,,,,,,,"-7,500.00",,0.00,,0.00,,,,,,
,BlueChip Technical Services(Pvt)Ltd,,,,,,,,,,,,,,,,,,,,,,,,,,,,,"590,000.00",,,,,,,,
,,,,Payment,,01/18/2024,,222989,,,,,,Accounts Receivable,,,,,,Paid,,Check,,,,,,"-590,000.00",,0.00,,0.00,,,,,,0.00
,,,,Invoice,,02/28/2024,,AS010058,,,,,,Accounts Receivable,,Sal:RS,,A,,Paid,,,,,,,,"2,168,840.00",,"2,168,840.00",,0.00,,,,,,0.00
,,,,Payment,,05/09/2024,,237819,,,,,,Accounts Receivable,,,,,,Paid,,Check,,,,,,"-2,168,840.00",,0.00,,0.00,,,,,,0.00
,,,,Invoice,,08/05/2024,,AS010239,,,,,,Accounts Receivable,,Sal:RS,,A,,Paid,,,,,,,,"83,190.00",,"83,190.00",,0.00,,,,,,0.00
,,,,Invoice,,08/22/2024,,AS010258,,,,,,Accounts Receivable,,Sal:RS,,A,,Paid,,,,,,,,"506,220.00",,"589,410.00",,0.00,,,,,,0.00
,,,,Payment,,10/04/2024,,238140,,,,,,Accounts Receivable,,,,,,Paid,,Check,,,,,,"-83,190.00",,"506,220.00",,0.00,,,,,,0.00
,,,,Payment,,10/04/2024,,238139,,,,,,Accounts Receivable,,,,,,Paid,,Check,,,,,,"-506,220.00",,0.00,,0.00,,,,,,0.00
,,,,Invoice,,11/28/2024,,AS010369,,,,,,Accounts Receivable,,Sal:RS,,A,,Paid,,,,,,,,"750,480.00",,"750,480.00",,0.00,,,,,,0.00
,,,,Payment,,01/22/2025,,271371,,,,,,Accounts Receivable,,,,,,Paid,,Check,,,,,,"-750,480.00",,0.00,,0.00,,,,,,0.00
,,,,Invoice,,01/23/2025,,AS010449,,,,,,Accounts Receivable,,Sal:RS,,A,,Paid,,,,,,,,"750,480.00",,"750,480.00",,0.00,,,,,,0.00
,,,,Payment,,03/26/2025,,271520,,,,,,Accounts Receivable,,,,,,Paid,,Check,,,,,,"-750,480.00",,0.00,,0.00,,,,,,0.00
,,,,Invoice,,07/09/2025,,AS010697,,,,,,Accounts Receivable,,Sal:EC,,A,,Paid,,,,,,,,"53,100.00",,"53,100.00",,0.00,,,,,,0.00
,,,,Invoice,,08/11/2025,,AS010749,,,,,,Accounts Receivable,,Sal:EC,,A,,Paid,,,,,,,,"17,700.00",,"70,800.00",,0.00,,,,,,0.00
,,,,Invoice,,09/10/2025,,AS010796,,,,,,Accounts Receivable,,Sal:EC,,A,,Paid,,,,,,,,"17,700.00",,"88,500.00",,0.00,,,,,,0.00
,,,,Payment,,10/03/2025,,284820,,,,,,Accounts Receivable,,,,,,Paid,,Check,,,,,,"-70,800.00",,"17,700.00",,0.00,,,,,,0.00
,,,,Payment,,03/13/2026,,306169,,,,,,Accounts Receivable,,,,,,Paid,,Check,,,,,,"-17,700.00",,0.00,,0.00,,,,,,0.00
,,,,Invoice,,03/30/2026,,AS011127,,,,,,Accounts Receivable,,Sal:EC,,A,,Unpaid,,,,31,,,,"82,600.00",,"82,600.00",,0.00,,,,,,0.00
,Total BlueChip Technical Services(Pvt)Ltd,,,,,,,,,,,,,,,,,,,,,,,,,,,"-507,400.00",,"82,600.00",,0.00,,,,,,
,Brilliant Technologies,,,,,,,,,,,,,,,,,,,,,,,,,,,,,0.00,,,,,,,,
,,,,Invoice,,08/27/2025,,AS010777,,,,,,Accounts Receivable,,,,AR,,Paid,,,,,,,,"11,700.00",,"11,700.00",,0.00,,,,,,0.00
,,,,Payment,,08/28/2025,,Online TRF,,,,,,Accounts Receivable,,,,,,Paid,,Bank Deposit,,,,,,"-11,700.00",,0.00,,0.00,,,,,,0.00
,Total Brilliant Technologies,,,,,,,,,,,,,,,,,,,,,,,,,,,0.00,,0.00,,0.00,,,,,,
,British Cosmetics (Pvt) Ltd,,,,,,,,,,,,,,,,,,,,,,,,,,,,,"190,000.00",,,,,,,,
,,,,Payment,,01/27/2024,,117954,,,,,,Accounts Receivable,,,,,,Paid,,Check,,,,,,"-190,000.00",,0.00,,0.00,,,,,,0.00
,,,,Invoice,,11/27/2025,,AS010932,,,,,,Accounts Receivable,,Mnt,,AD,,Paid,,,,,,,,"118,000.00",,"118,000.00",,0.00,,,,,,0.00
,,,,Payment,,02/18/2026,,Online TRF,,,,,,Accounts Receivable,,,,,,Paid,,Bank Deposit,,,,,,"-118,000.00",,0.00,,0.00,,,,,,0.00
,Total British Cosmetics (Pvt) Ltd,,,,,,,,,,,,,,,,,,,,,,,,,,,"-190,000.00",,0.00,,0.00,,,,,,
,Byte Bolster solution,,,,,,,,,,,,,,,,,,,,,,,,,,,,,0.00,,,,,,,,
,,,,Invoice,,05/14/2025,,AS010600,,,,,,Accounts Receivable,,Sal:RS,,AD,,Paid,,,,,,,,"921,580.00",,"921,580.00",,0.00,,,,,,0.00
,,,,Payment,,05/19/2025,,Online TRF,,,,,,Accounts Receivable,,,,,,Paid,,Bank Deposit,,,,,,"-921,580.00",,0.00,,0.00,,,,,,0.00
,,,,Invoice,,07/01/2025,,AS010680,,,,,,Accounts Receivable,,Sal:EC,,AD,,Paid,,,,,,,,"378,860.00",,"378,860.00",,0.00,,,,,,0.00
,,,,Payment,,07/02/2025,,Online TRF,,,,,,Accounts Receivable,,,,,,Paid,,Bank Deposit,,,,,,"-378,860.00",,0.00,,0.00,,,,,,0.00
,,,,Invoice,,09/23/2025,,AS010816,,,,,,Accounts Receivable,,Sal:RS,,AD,,Paid,,,,,,,,"354,000.00",,"354,000.00",,0.00,,,,,,0.00
,,,,Payment,,10/01/2025,,Online TRF,,,,,,Accounts Receivable,,,,,,Paid,,Bank Deposit,,,,,,"-354,000.00",,0.00,,0.00,,,,,,0.00
,,,,Invoice,,12/01/2025,,AS010939,,,,,,Accounts Receivable,,Sal:RS,,AD,,Paid,,,,,,,,"212,400.00",,"212,400.00",,0.00,,,,,,0.00
,,,,Payment,,12/01/2025,,Online TRF,,,,,,Accounts Receivable,,,,,,Paid,,Bank Deposit,,,,,,"-212,400.00",,0.00,,0.00,,,,,,0.00
,Total Byte Bolster solution,,,,,,,,,,,,,,,,,,,,,,,,,,,0.00,,0.00,,0.00,,,,,,
,Call Lanka Telecom (Pvt) Ltd,,,,,,,,,,,,,,,,,,,,,,,,,,,,,0.00,,,,,,,,
,,,,Invoice,,09/04/2025,,AS010791,,,,,,Accounts Receivable,,Sal:RS,,AS,,Paid,,,,,,,,"40,120.00",,"40,120.00",,0.00,,,,,,0.00
,,,,Payment,,11/12/2025,,Online TRF,,,,,,Accounts Receivable,,,,,,Paid,,Bank Deposit,,,,,,"-40,120.00",,0.00,,0.00,,,,,,0.00
,,,,Invoice,,03/27/2026,,AS011123,,,,,,Accounts Receivable,,Sal:RS,,AS,,Paid,,,,,,,,"315,579.20",,"315,579.20",,0.00,,,,,,0.00
,,,,Payment,,03/27/2026,,283320,,,,,,Accounts Receivable,,,,,,Paid,,Check,,,,,,"-315,579.20",,0.00,,0.00,,,,,,0.00
,,,,Invoice,,03/30/2026,,AS011132,,,,,,Accounts Receivable,,,,AS,,Unpaid,,,,31,,,,"110,802.00",,"110,802.00",,0.00,,,,,,0.00
,Total Call Lanka Telecom (Pvt) Ltd,,,,,,,,,,,,,,,,,,,,,,,,,,,"110,802.00",,"110,802.00",,0.00,,,,,,
,Cameralk (Pvt) Ltd,,,,,,,,,,,,,,,,,,,,,,,,,,,,,0.00,,,,,,,,
,,,,Invoice,,07/16/2024,,AS010212,,,,,,Accounts Receivable,,Sal:EC,,AD,,Paid,,,,,,,,"120,360.00",,"120,360.00",,0.00,,,,,,0.00
,,,,Payment,,07/16/2024,,953872,,,,,,Accounts Receivable,,,,,,Paid,,Check,,,,,,"-120,360.00",,0.00,,0.00,,,,,,0.00
,,,,Invoice,,07/18/2024,,AS010215,,,,,,Accounts Receivable,,Sal:EC,,AD,,Paid,,,,,,,,"5,900.00",,"5,900.00",,0.00,,,,,,0.00
,,,,Payment,,07/18/2024,,014867,,,,,,Accounts Receivable,,,,,,Paid,,Check,,,,,,"-5,900.00",,0.00,,0.00,,,,,,0.00
,,,,Invoice,,10/09/2024,,AS010304,,,,,,Accounts Receivable,,Sal:RS,,AD,,Paid,,,,,,,,"5,900.00",,"5,900.00",,0.00,,,,,,0.00
,,,,Payment,,10/22/2024,,375000,,,,,,Accounts Receivable,,,,,,Paid,,Check,,,,,,"-5,900.00",,0.00,,0.00,,,,,,0.00
,,,,Invoice,,01/22/2025,,AS010446,,,,,,Accounts Receivable,,Sal:EC,,AD,,Paid,,,,,,,,"961,700.00",,"961,700.00",,0.00,,,,,,0.00
,,,,Payment,,02/24/2025,,119584,,,,,,Accounts Receivable,,,,,,Paid,,Bank Deposit,,,,,,"-961,700.00",,0.00,,0.00,,,,,,0.00
,,,,Invoice,,05/23/2025,,AS010619,,,,,,Accounts Receivable,,Sal:RS,,AD,,Paid,,,,,,,,"82,600.00",,"82,600.00",,0.00,,,,,,0.00
,,,,Payment,,07/03/2025,,635096,,,,,,Accounts Receivable,,,,,,Paid,,Check,,,,,,"-82,600.00",,0.00,,0.00,,,,,,0.00
,,,,Invoice,,07/21/2025,,AS010722,,,,,,Accounts Receivable,,Sal:RS,,AD,,Paid,,,,,,,,"47,200.00",,"47,200.00",,0.00,,,,,,0.00
,,,,Payment,,08/06/2025,,189722,,,,,,Accounts Receivable,,,,,,Paid,,Bank Deposit,,,,,,"-47,200.00",,0.00,,0.00,,,,,,0.00
,Total Cameralk (Pvt) Ltd,,,,,,,,,,,,,,,,,,,,,,,,,,,0.00,,0.00,,0.00,,,,,,
,Care Lable Industries (Pvt) Ltd,,,,,,,,,,,,,,,,,,,,,,,,,,,,,0.00,,,,,,,,
,Total Care Lable Industries (Pvt) Ltd,,,,,,,,,,,,,,,,,,,,,,,,,,,,,0.00,,0.00,,,,,,
,Cargills Bank Ltd,,,,,,,,,,,,,,,,,,,,,,,,,,,,,0.00,,,,,,,,
,,,,Invoice,,02/19/2025,,AS010494,,,,,,Accounts Receivable,,Sal:EC,,A,,Paid,,,,,,,,"651,360.00",,"651,360.00",,0.00,,,,,,0.00
,,,,Payment,,03/04/2025,,Online TRF,,,,,,Accounts Receivable,,,,,,Paid,,Bank Deposit,,,,,,"-651,360.00",,0.00,,0.00,,,,,,0.00
,Total Cargills Bank Ltd,,,,,,,,,,,,,,,,,,,,,,,,,,,0.00,,0.00,,0.00,,,,,,
,CEAT Kelani International Tyres (Pvt)Ltd,,,,,,,,,,,,,,,,,,,,,,,,,,,,,0.00,,,,,,,,
,,,,Invoice,,01/02/2026,,AS010996,,,,,,Accounts Receivable,,,,AD,,Unpaid,,,,118,,,,"56,640.00",,"56,640.00",,0.00,,,,,,0.00
,Total CEAT Kelani International Tyres (Pvt)Ltd,,,,,,,,,,,,,,,,,,,,,,,,,,,"56,640.00",,"56,640.00",,0.00,,,,,,
,CEB - Distribution Division 01,,,,,,,,,,,,,,,,,,,,,,,,,,,,,0.00,,,,,,,,
,Total CEB - Distribution Division 01,,,,,,,,,,,,,,,,,,,,,,,,,,,,,0.00,,0.00,,,,,,
,Centra Business Advisory Pvt Ltd,,,,,,,,,,,,,,,,,,,,,,,,,,,,,0.00,,,,,,,,
,,,,Invoice,,12/26/2024,,AS010412,,,,,,Accounts Receivable,,Sal:EC,,AD,,Paid,,,,,,,,"8,500.00",,"8,500.00",,0.00,,,,,,0.00
,,,,Payment,,12/30/2024,,AS010412,,,,,,Accounts Receivable,,,,,,Paid,,Cash,,,,,,"-8,500.00",,0.00,,0.00,,,,,,0.00
,Total Centra Business Advisory Pvt Ltd,,,,,,,,,,,,,,,,,,,,,,,,,,,0.00,,0.00,,0.00,,,,,,
,Central Engineering Consultancy Bureau,,,,,,,,,,,,,,,,,,,,,,,,,,,,,0.00,,,,,,,,
,,,,Invoice,,12/20/2024,,AS010407,,,,,,Accounts Receivable,,Sal:EC,,AS,,Paid,,,,,,,,"23,600.00",,"23,600.00",,0.00,,,,,,0.00
,,,,Payment,,12/20/2024,,071469,,,,,,Accounts Receivable,,,,,,Paid,,Check,,,,,,"-23,600.00",,0.00,,0.00,,,,,,0.00
,Total Central Engineering Consultancy Bureau,,,,,,,,,,,,,,,,,,,,,,,,,,,0.00,,0.00,,0.00,,,,,,
,CENTRAL ENGINEERING SERVICES (PVT) LTD,,,,,,,,,,,,,,,,,,,,,,,,,,,,,0.00,,,,,,,,
,Total CENTRAL ENGINEERING SERVICES (PVT) LTD,,,,,,,,,,,,,,,,,,,,,,,,,,,,,0.00,,0.00,,,,,,
,Cey Container Service (Pvt) Ltd,,,,,,,,,,,,,,,,,,,,,,,,,,,,,0.00,,,,,,,,
,,,,Invoice,,02/29/2024,,AS010060,,,,,,Accounts Receivable,,Sal:EC,,AD,,Paid,,,,,,,,"116,820.00",,"116,820.00",,0.00,,,,,,0.00
,,,,Payment,,03/20/2024,,002029,,,,,,Accounts Receivable,,,,,,Paid,,Check,,,,,,"-116,820.00",,0.00,,0.00,,,,,,0.00
,Total Cey Container Service (Pvt) Ltd,,,,,,,,,,,,,,,,,,,,,,,,,,,0.00,,0.00,,0.00,,,,,,
,Ceylinco General Insurance Limited,,,,,,,,,,,,,,,,,,,,,,,,,,,,,0.00,,,,,,,,
,,,,Invoice,,05/21/2024,,AS010140,,,,,,Accounts Receivable,,Mnt,,AS,,Paid,,,,,,,,"717,232.32",,"717,232.32",,0.00,,,,,,0.00
,,,,Payment,,05/28/2024,,Online TRF,,,,,,Accounts Receivable,,,,,,Paid,,Bank Deposit,,,,,,"-717,232.32",,0.00,,0.00,,,,,,0.00
,,,,Invoice,,09/26/2024,,AS010293,,,,,,Accounts Receivable,,Mnt,,AS,,Paid,,,,,,,,"1,953,655.20",,"1,953,655.20",,0.00,,,,,,0.00
,,,,Payment,,10/09/2024,,Online TRF,,,,,,Accounts Receivable,,,,,,Paid,,Bank Deposit,,,,,,"-1,953,655.20",,0.00,,0.00,,,,,,0.00
,,,,Invoice,,02/14/2025,,AS010484,,,,,,Accounts Receivable,,Sal:EC,,AS,,Paid,,,,,,,,"356,360.00",,"356,360.00",,0.00,,,,,,0.00
,,,,Payment,,02/26/2025,,Online TRF,,,,,,Accounts Receivable,,,,,,Paid,,Bank Deposit,,,,,,"-356,360.00",,0.00,,0.00,,,,,,0.00
,,,,Invoice,,04/17/2025,,AS010569,,,,,,Accounts Receivable,,Sal:EC,,AS,,Paid,,,,,,,,"413,000.00",,"413,000.00",,0.00,,,,,,0.00
,,,,Payment,,04/22/2025,,Online TRF,,,,,,Accounts Receivable,,,,,,Paid,,Bank Deposit,,,,,,"-413,000.00",,0.00,,0.00,,,,,,0.00
,,,,Invoice,,06/06/2025,,AS010634,,,,,,Accounts Receivable,,Mnt,,AS,,Paid,,,,,,,,"717,232.32",,"717,232.32",,0.00,,,,,,0.00
,,,,Payment,,06/19/2025,,Online TRF,,,,,,Accounts Receivable,,,,,,Paid,,Bank Deposit,,,,,,"-717,232.32",,0.00,,0.00,,,,,,0.00
,,,,Invoice,,09/29/2025,,AS010830,,,,,,Accounts Receivable,,Mnt,,AS,,Paid,,,,,,,,"1,953,655.20",,"1,953,655.20",,0.00,,,,,,0.00
,,,,Payment,,10/03/2025,,Online TRF,,,,,,Accounts Receivable,,,,,,Paid,,Bank Deposit,,,,,,"-1,953,655.20",,0.00,,0.00,,,,,,0.00
,Total Ceylinco General Insurance Limited,,,,,,,,,,,,,,,,,,,,,,,,,,,0.00,,0.00,,0.00,,,,,,
,Ceylon Electricity Board,,,,,,,,,,,,,,,,,,,,,,,,,,,,,0.00,,,,,,,,
,Total Ceylon Electricity Board,,,,,,,,,,,,,,,,,,,,,,,,,,,,,0.00,,0.00,,,,,,
,Ceylon Electricity Board - Colombo City,,,,,,,,,,,,,,,,,,,,,,,,,,,,,0.00,,,,,,,,
,Total Ceylon Electricity Board - Colombo City,,,,,,,,,,,,,,,,,,,,,,,,,,,,,0.00,,0.00,,,,,,
,Ceylon Linux (Pvt) Ltd,,,,,,,,,,,,,,,,,,,,,,,,,,,,,0.00,,,,,,,,
,Total Ceylon Linux (Pvt) Ltd,,,,,,,,,,,,,,,,,,,,,,,,,,,,,0.00,,0.00,,,,,,
,Chama Computers (Pvt) Ltd,,,,,,,,,,,,,,,,,,,,,,,,,,,,,0.00,,,,,,,,
,,,,Invoice,,03/06/2026,,AS011085,,,,,,Accounts Receivable,,,,AD,,Paid,,,,,,,,"19,470.00",,"19,470.00",,0.00,,,,,,0.00
,,,,Payment,,04/30/2026,,Online TRF,,,,,,Accounts Receivable,,,,,,Paid,,Bank Deposit,,,,,,"-19,470.00",,0.00,,0.00,,,,,,0.00
,Total Chama Computers (Pvt) Ltd,,,,,,,,,,,,,,,,,,,,,,,,,,,0.00,,0.00,,0.00,,,,,,
,CHINT Energy (Pvt) ltd,,,,,,,,,,,,,,,,,,,,,,,,,,,,,"737,517.50",,,,,,,,
,,,,Invoice,,03/18/2024,,AS010079,,,,,,Accounts Receivable,,Sal:EC,,AS,,Paid,,,,,,,,"212,400.00",,"949,917.50",,0.00,,,,,,0.00
,,,,Payment,,04/15/2024,,915475,,,,,,Accounts Receivable,,,,,,Paid,,Check,,,,,,"-199,425.83",,"750,491.67",,0.00,,,,,,0.00
,,,,Payment,,04/15/2024,,915477,,,,,,Accounts Receivable,,,,,,Paid,,Check,,,,,,"-199,425.84",,"551,065.83",,0.00,,,,,,0.00
,,,,Payment,,04/15/2024,,915476,,,,,,Accounts Receivable,,,,,,Paid,,Check,,,,,,"-199,425.83",,"351,640.00",,0.00,,,,,,0.00
,,,,Invoice,,06/14/2024,,AS010179,,,,,,Accounts Receivable,,Sal:EC,,AS,,Paid,,,,,,,,"8,850.00",,"360,490.00",,0.00,,,,,,0.00
,,,,Payment,,07/01/2024,,289312,,,,,,Accounts Receivable,,,,,,Paid,,Check,,,,,,"-212,400.00",,"148,090.00",,0.00,,,,,,0.00
,,,,Payment,,07/12/2024,,Deposit,,,,,,Accounts Receivable,,,,,,Paid,,Bank Deposit,,,,,,"-8,850.00",,"139,240.00",,0.00,,,,,,0.00
,,,,General Journal,,11/30/2024,,,,,,,,Accounts Receivable,,,,,,Unpaid,,,,,,,,"-139,240.00",,0.00,,0.00,,,,,,0.00
,Total CHINT Energy (Pvt) ltd,,,,,,,,,,,,,,,,,,,,,,,,,,,"-737,517.50",,0.00,,0.00,,,,,,
,Chris and Mayu Photographers,,,,,,,,,,,,,,,,,,,,,,,,,,,,,0.00,,,,,,,,
,,,,Invoice,,03/04/2024,,AS010062,,,,,,Accounts Receivable,,Sal:EC,,AD,,Paid,,,,,,,,"8,000.00",,"8,000.00",,0.00,,,,,,0.00
,,,,Payment,,03/04/2024,,Cash,,,,,,Accounts Receivable,,,,,,Paid,,Check,,,,,,"-8,000.00",,0.00,,0.00,,,,,,0.00
,,,,Invoice,,07/15/2025,,AS010706,,,,,,Accounts Receivable,,Sal:EC,,AD,,Paid,,,,,,,,"148,000.00",,"148,000.00",,0.00,,,,,,0.00
,,,,Payment,,08/06/2025,,Online TRF,,,,,,Accounts Receivable,,,,,,Paid,,Bank Deposit,,,,,,"-100,000.00",,"48,000.00",,0.00,,,,,,0.00
,,,,Payment,,08/09/2025,,,,,,,,Accounts Receivable,,,,,,Paid,,Bank Deposit,,,,,,"-48,000.00",,0.00,,0.00,,,,,,0.00
,,,,Invoice,,11/13/2025,,AS010903,,,,,,Accounts Receivable,,,,AD,,Paid,,,,,,,,"74,000.00",,"74,000.00",,0.00,,,,,,0.00
,,,,Payment,,03/04/2026,,Online TRF,,,,,,Accounts Receivable,,,,,,Paid,,Bank Deposit,,,,,,"-74,000.00",,0.00,,0.00,,,,,,0.00
,Total Chris and Mayu Photographers,,,,,,,,,,,,,,,,,,,,,,,,,,,0.00,,0.00,,0.00,,,,,,
,CK-CCTV Security System (pvt) Ltd,,,,,,,,,,,,,,,,,,,,,,,,,,,,,0.00,,,,,,,,
,,,,Invoice,,06/16/2025,,AS010653,,,,,,Accounts Receivable,,Sal:RS,,AR,,Paid,,,,,,,,"38,000.00",,"38,000.00",,0.00,,,,,,0.00
,,,,Payment,,06/30/2025,,Online TRF,,,,,,Accounts Receivable,,,,,,Paid,,Bank Deposit,,,,,,"-38,000.00",,0.00,,0.00,,,,,,0.00
,,,,Invoice,,07/04/2025,,AS010688,,,,,,Accounts Receivable,,Sal:RS,,AR,,Paid,,,,,,,,"47,800.00",,"47,800.00",,0.00,,,,,,0.00
,,,,Payment,,03/12/2026,,Online TRF,,,,,,Accounts Receivable,,,,,,Paid,,Bank Deposit,,,,,,"-47,800.00",,0.00,,0.00,,,,,,0.00
,Total CK-CCTV Security System (pvt) Ltd,,,,,,,,,,,,,,,,,,,,,,,,,,,0.00,,0.00,,0.00,,,,,,
,CK Electronics (pvt) ltd,,,,,,,,,,,,,,,,,,,,,,,,,,,,,0.00,,,,,,,,
,,,,Invoice,,06/26/2024,,AS010191,,,,,,Accounts Receivable,,Sal:RS,,AR,,Paid,,,,,,,,"9,800.00",,"9,800.00",,0.00,,,,,,0.00
,,,,Payment,,08/13/2024,,938357,,,,,,Accounts Receivable,,,,,,Paid,,Check,,,,,,"-9,800.00",,0.00,,0.00,,,,,,0.00
,Total CK Electronics (pvt) ltd,,,,,,,,,,,,,,,,,,,,,,,,,,,0.00,,0.00,,0.00,,,,,,
,Clear Media Private Limited,,,,,,,,,,,,,,,,,,,,,,,,,,,,,0.00,,,,,,,,
,Total Clear Media Private Limited,,,,,,,,,,,,,,,,,,,,,,,,,,,,,0.00,,0.00,,,,,,
,CNMS Holdings (Pvt) Ltd,,,,,,,,,,,,,,,,,,,,,,,,,,,,,0.00,,,,,,,,
,,,,Invoice,,01/28/2026,,AS011031,,,,,,Accounts Receivable,,,,AD,,Paid,,,,,,,,"93,220.00",,"93,220.00",,0.00,,,,,,0.00
,,,,Credit Memo,,02/03/2026,,AS00124,,,,,,Accounts Receivable,,,,,,Paid,,,,,,,,"-93,220.00",,0.00,,0.00,,,,,,0.00
,,,,Invoice,,02/16/2026,,AS011064,,,,,,Accounts Receivable,,Sal:EC,,AD,,Paid,,,,,,,,"23,600.00",,"23,600.00",,0.00,,,,,,0.00
,,,,Payment,,02/24/2026,,Online TRF,,,,,,Accounts Receivable,,,,,,Paid,,Bank Deposit,,,,,,"-23,600.00",,0.00,,0.00,,,,,,0.00
,Total CNMS Holdings (Pvt) Ltd,,,,,,,,,,,,,,,,,,,,,,,,,,,0.00,,0.00,,0.00,,,,,,
,Colombo Projects,,,,,,,,,,,,,,,,,,,,,,,,,,,,,0.00,,,,,,,,
,Total Colombo Projects,,,,,,,,,,,,,,,,,,,,,,,,,,,,,0.00,,0.00,,,,,,
,Computerage (Pvt) Ltd,,,,,,,,,,,,,,,,,,,,,,,,,,,,,0.00,,,,,,,,
,,,,Invoice,,08/09/2024,,AS010245,,,,,,Accounts Receivable,,Sal:RS,,AR,,Paid,,,,,,,,"268,048.80",,"268,048.80",,0.00,,,,,,0.00
,,,,Invoice,,08/16/2024,,AS010249,,,,,,Accounts Receivable,,Sal:RS,,AR,,Paid,,,,,,,,"23,600.00",,"291,648.80",,0.00,,,,,,0.00
,,,,Invoice,,08/21/2024,,AS010257,,,,,,Accounts Receivable,,Sal:RS,,AR,,Paid,,,,,,,,"37,878.00",,"329,526.80",,0.00,,,,,,0.00
,,,,Invoice,,09/09/2024,,AS010273,,,,,,Accounts Receivable,,Sal:RS,,AR,,Paid,,,,,,,,"18,939.00",,"348,465.80",,0.00,,,,,,0.00
,,,,Invoice,,10/15/2024,,AS010314,,,,,,Accounts Receivable,,Sal:RS,,AR,,Paid,,,,,,,,"49,701.60",,"398,167.40",,0.00,,,,,,0.00
,,,,Payment,,11/06/2024,,247333,,,,,,Accounts Receivable,,,,,,Paid,,Check,,,,,,"-80,417.00",,"317,750.40",,0.00,,,,,,0.00
,,,,Payment,,01/29/2025,,Online TRF,,,,,,Accounts Receivable,,,,,,Paid,,Bank Deposit,,,,,,"-32,800.00",,"284,950.40",,0.00,,,,,,0.00
,,,,Credit Memo,,02/15/2025,,AS00110,,,,,,Accounts Receivable,,Sal:RS,,,,Paid,,,,,,,,"-49,701.60",,"235,248.80",,0.00,,,,,,0.00
,,,,Payment,,04/08/2025,,247450,,,,,,Accounts Receivable,,,,,,Paid,,Check,,,,,,"-62,457.00",,"172,791.80",,0.00,,,,,,0.00
,,,,Credit Memo,,05/19/2025,,AS00111,,,,,,Accounts Receivable,,Sal:RS,,,,Paid,,,,,,,,"-166,474.40",,"6,317.40",,0.00,,,,,,0.00
,,,,Payment,,01/30/2026,,Online TRF,,,,,,Accounts Receivable,,,,,,Paid,,Bank Deposit,,,,,,"-6,313.00",,4.40,,0.00,,,,,,0.00
,,,,Discount,,01/30/2026,,Online TRF,,,,,,Accounts Receivable,,,,,,Paid,,Bank Deposit,,,,,,-4.40,,0.00,,0.00,,,,,,0.00
,Total Computerage (Pvt) Ltd,,,,,,,,,,,,,,,,,,,,,,,,,,,0.00,,0.00,,0.00,,,,,,
,Consolidated Business Systems Ltd.,,,,,,,,,,,,,,,,,,,,,,,,,,,,,0.00,,,,,,,,
,Total Consolidated Business Systems Ltd.,,,,,,,,,,,,,,,,,,,,,,,,,,,,,0.00,,0.00,,,,,,
,Content Management & Solutions (Pvt) Ltd,,,,,,,,,,,,,,,,,,,,,,,,,,,,,0.00,,,,,,,,
,,,,Invoice,,10/21/2024,,AS010318,,,,,,Accounts Receivable,,Mnt,,AD,,Paid,,,,,,,,"220,660.00",,"220,660.00",,0.00,,,,,,0.00
,,,,Invoice,,10/25/2024,,AS010327,,,,,,Accounts Receivable,,Mnt,,AD,,Paid,,,,,,,,"179,832.00",,"400,492.00",,0.00,,,,,,0.00
,,,,Payment,,10/25/2024,,Online TRF,,,,,,Accounts Receivable,,,,,,Paid,,Bank Deposit,,,,,,"-220,660.00",,"179,832.00",,0.00,,,,,,0.00
,,,,Payment,,11/18/2024,,Online TRF,,,,,,Accounts Receivable,,,,,,Paid,,Bank Deposit,,,,,,"-179,832.00",,0.00,,0.00,,,,,,0.00
,,,,Invoice,,12/03/2025,,AS010945,,,,,,Accounts Receivable,,Mnt,,AD,,Paid,,,,,,,,"225,380.00",,"225,380.00",,0.00,,,,,,0.00
,,,,Invoice,,12/03/2025,,AS010946,,,,,,Accounts Receivable,,Mnt,,AD,,Paid,,,,,,,,"193,520.00",,"418,900.00",,0.00,,,,,,0.00
,,,,Payment,,12/24/2025,,Online TRF,,,,,,Accounts Receivable,,,,,,Paid,,Bank Deposit,,,,,,"-418,900.00",,0.00,,0.00,,,,,,0.00
,Total Content Management & Solutions (Pvt) Ltd,,,,,,,,,,,,,,,,,,,,,,,,,,,0.00,,0.00,,0.00,,,,,,
,Creattive Technologies,,,,,,,,,,,,,,,,,,,,,,,,,,,,,0.00,,,,,,,,
,,,,Invoice,,10/01/2024,,AS010297,,,,,,Accounts Receivable,,Sal:RS,,AD,,Paid,,,,,,,,"113,280.00",,"113,280.00",,0.00,,,,,,0.00
,,,,Payment,,10/04/2024,,708921,,,,,,Accounts Receivable,,,,,,Paid,,Check,,,,,,"-113,280.00",,0.00,,0.00,,,,,,0.00
,,,,Invoice,,10/07/2024,,AS010302,,,,,,Accounts Receivable,,Sal:RS,,AD,,Paid,,,,,,,,"113,280.00",,"113,280.00",,0.00,,,,,,0.00
,,,,Payment,,11/11/2024,,708975,,,,,,Accounts Receivable,,,,,,Paid,,Check,,,,,,"-113,280.00",,0.00,,0.00,,,,,,0.00
,Total Creattive Technologies,,,,,,,,,,,,,,,,,,,,,,,,,,,0.00,,0.00,,0.00,,,,,,
,Cyan Digital Technologies,,,,,,,,,,,,,,,,,,,,,,,,,,,,,0.00,,,,,,,,
,Total Cyan Digital Technologies,,,,,,,,,,,,,,,,,,,,,,,,,,,,,0.00,,0.00,,,,,,
,D-TECH (PVT) LTD,,,,,,,,,,,,,,,,,,,,,,,,,,,,,0.00,,,,,,,,
,,,,Invoice,,08/29/2024,,AS010263,,,,,,Accounts Receivable,,Sal:RS,,A,,Paid,,,,,,,,"366,980.00",,"366,980.00",,0.00,,,,,,0.00
,,,,Payment,,10/09/2024,,551434,,,,,,Accounts Receivable,,,,,,Paid,,Check,,,,,,"-366,980.00",,0.00,,0.00,,,,,,0.00
,,,,Invoice,,12/26/2024,,AS010410,,,,,,Accounts Receivable,,Sal:RS,,A,,Paid,,,,,,,,"424,564.00",,"424,564.00",,0.00,,,,,,0.00
,,,,Payment,,02/05/2025,,334326,,,,,,Accounts Receivable,,,,,,Paid,,Check,,,,,,"-424,564.00",,0.00,,0.00,,,,,,0.00
,Total D-TECH (PVT) LTD,,,,,,,,,,,,,,,,,,,,,,,,,,,0.00,,0.00,,0.00,,,,,,
,D. Samson Industries (Pvt) Ltd,,,,,,,,,,,,,,,,,,,,,,,,,,,,,0.00,,,,,,,,
,,,,Invoice,,05/29/2025,,AS010626,,,,,,Accounts Receivable,,Sal:EC,,AS,,Paid,,,,,,,,"11,800.00",,"11,800.00",,0.00,,,,,,0.00
,,,,Payment,,06/25/2025,,585607,,,,,,Accounts Receivable,,,,,,Paid,,Bank Deposit,,,,,,"-11,800.00",,0.00,,0.00,,,,,,0.00
,Total D. Samson Industries (Pvt) Ltd,,,,,,,,,,,,,,,,,,,,,,,,,,,0.00,,0.00,,0.00,,,,,,
,D.Samson Industries (Pvt) Ltd,,,,,,,,,,,,,,,,,,,,,,,,,,,,,0.00,,,,,,,,
,,,,Invoice,,08/07/2025,,AS010748,,,,,,Accounts Receivable,,Sal:RS,,AS,,Paid,,,,,,,,"67,260.00",,"67,260.00",,0.00,,,,,,0.00
,,,,Payment,,10/10/2025,,Online TRF,,,,,,Accounts Receivable,,,,,,Paid,,Bank Deposit,,,,,,"-67,260.00",,0.00,,0.00,,,,,,0.00
,Total D.Samson Industries (Pvt) Ltd,,,,,,,,,,,,,,,,,,,,,,,,,,,0.00,,0.00,,0.00,,,,,,
,Danushka Senadeera Photography,,,,,,,,,,,,,,,,,,,,,,,,,,,,,0.00,,,,,,,,
,Total Danushka Senadeera Photography,,,,,,,,,,,,,,,,,,,,,,,,,,,,,0.00,,0.00,,,,,,
,Data E Net Computer Systems (Pvt) Ltd,,,,,,,,,,,,,,,,,,,,,,,,,,,,,0.00,,,,,,,,
,,,,Invoice,,02/19/2025,,AS010493,,,,,,Accounts Receivable,,Sal:RS,,AR,,Paid,,,,,,,,"101,857.60",,"101,857.60",,0.00,,,,,,0.00
,,,,Payment,,09/04/2025,,000935,,,,,,Accounts Receivable,,,,,,Paid,,Check,,,,,,"-51,858.00",,"49,999.60",,0.00,,,,,,0.00
,,,,Payment,,09/04/2025,,000936,,,,,,Accounts Receivable,,,,,,Unpaid,,Check,,,,,,"-50,000.00",,-0.40,,0.00,,,,,,0.00
,Total Data E Net Computer Systems (Pvt) Ltd,,,,,,,,,,,,,,,,,,,,,,,,,,,-0.40,,-0.40,,0.00,,,,,,
,Data Management Systems (Pvt) Limited,,,,,,,,,,,,,,,,,,,,,,,,,,,,,"973,266.00",,,,,,,,
,,,,Payment,,01/03/2024,,026620,,,,,,Accounts Receivable,,,,,,Paid,,Check,,,,,,"-973,266.00",,0.00,,0.00,,,,,,0.00
,,,,Invoice,,02/02/2024,,AS010039,,,,,,Accounts Receivable,,Sal:RS,,AS,,Paid,,,,,,,,"4,100,500.00",,"4,100,500.00",,0.00,,,,,,0.00
,,,,Invoice,,02/12/2024,,AS010047,,,,,,Accounts Receivable,,Sal:RS,,SA,,Paid,,,,,,,,"985,300.00",,"5,085,800.00",,0.00,,,,,,0.00
,,,,Invoice,,02/12/2024,,AS010048,,,,,,Accounts Receivable,,Sal:RS,,A,,Paid,,,,,,,,"1,028,960.00",,"6,114,760.00",,0.00,,,,,,0.00
,,,,Invoice,,03/08/2024,,AS010070,,,,,,Accounts Receivable,,Sal:RS,,A,,Paid,,,,,,,,"767,944.00",,"6,882,704.00",,0.00,,,,,,0.00
,,,,Invoice,,03/08/2024,,AS010071,,,,,,Accounts Receivable,,Sal:RS,,A,,Paid,,,,,,,,"53,100.00",,"6,935,804.00",,0.00,,,,,,0.00
,,,,Payment,,03/18/2024,,026770,,,,,,Accounts Receivable,,,,,,Paid,,Check,,,,,,"-1,028,960.00",,"5,906,844.00",,0.00,,,,,,0.00
,,,,Payment,,03/18/2024,,026771,,,,,,Accounts Receivable,,,,,,Paid,,Check,,,,,,"-985,300.00",,"4,921,544.00",,0.00,,,,,,0.00
,,,,Payment,,04/03/2024,,026710,,,,,,Accounts Receivable,,,,,,Paid,,Check,,,,,,"-4,100,500.00",,"821,044.00",,0.00,,,,,,0.00
,,,,Payment,,04/03/2024,,026800,,,,,,Accounts Receivable,,,,,,Paid,,Check,,,,,,"-767,944.00",,"53,100.00",,0.00,,,,,,0.00
,,,,Payment,,04/03/2024,,026801,,,,,,Accounts Receivable,,,,,,Paid,,Check,,,,,,"-53,100.00",,0.00,,0.00,,,,,,0.00
,,,,Invoice,,06/03/2024,,AS010156,,,,,,Accounts Receivable,,Sal:RS,,A,,Paid,,,,,,,,"782,340.00",,"782,340.00",,0.00,,,,,,0.00
,,,,Payment,,07/10/2024,,280040,,,,,,Accounts Receivable,,,,,,Paid,,Check,,,,,,"-782,340.00",,0.00,,0.00,,,,,,0.00
,,,,Invoice,,08/05/2024,,AS010238,,,,,,Accounts Receivable,,Mnt,,A,,Paid,,,,,,,,"510,114.00",,"510,114.00",,0.00,,,,,,0.00
,,,,Payment,,09/10/2024,,280175,,,,,,Accounts Receivable,,,,,,Paid,,Check,,,,,,"-510,114.00",,0.00,,0.00,,,,,,0.00
,,,,Invoice,,11/22/2024,,AS010362,,,,,,Accounts Receivable,,Sal:RS,,AS,,Paid,,,,,,,,"673,072.00",,"673,072.00",,0.00,,,,,,0.00
,,,,Payment,,12/26/2024,,473627,,,,,,Accounts Receivable,,,,,,Paid,,Check,,,,,,"-673,072.00",,0.00,,0.00,,,,,,0.00
,,,,Invoice,,01/28/2025,,AS010460,,,,,,Accounts Receivable,,Sal:RS,,AS,,Paid,,,,,,,,"920,400.00",,"920,400.00",,0.00,,,,,,0.00
,,,,Invoice,,02/24/2025,,AS010498,,,,,,Accounts Receivable,,Sal:RS,,A,,Paid,,,,,,,,"340,503.75",,"1,260,903.75",,0.00,,,,,,0.00
,,,,Payment,,02/25/2025,,473779,,,,,,Accounts Receivable,,,,,,Paid,,Check,,,,,,"-920,400.00",,"340,503.75",,0.00,,,,,,0.00
,,,,Payment,,03/26/2025,,473831,,,,,,Accounts Receivable,,,,,,Paid,,Check,,,,,,"-340,503.75",,0.00,,0.00,,,,,,0.00
,,,,Invoice,,04/10/2025,,AS010564,,,,,,Accounts Receivable,,Sal:RS,,A,,Paid,,,,,,,,"1,290,330.00",,"1,290,330.00",,0.00,,,,,,0.00
,,,,Invoice,,04/18/2025,,AS010570,,,,,,Accounts Receivable,,Sal:RS,,AS,,Paid,,,,,,,,"687,940.00",,"1,978,270.00",,0.00,,,,,,0.00
,,,,Payment,,05/20/2025,,473965,,,,,,Accounts Receivable,,,,,,Paid,,Bank Deposit,,,,,,"-1,290,330.00",,"687,940.00",,0.00,,,,,,0.00
,,,,Payment,,06/03/2025,,474023,,,,,,Accounts Receivable,,,,,,Paid,,Check,,,,,,"-687,940.00",,0.00,,0.00,,,,,,0.00
,,,,Invoice,,12/18/2025,,AS010974,,,,,,Accounts Receivable,,Mnt,,A,,Paid,,,,,,,,"533,360.00",,"533,360.00",,0.00,,,,,,0.00
,,,,Payment,,02/03/2026,,646124,,,,,,Accounts Receivable,,,,,,Paid,,Check,,,,,,"-533,360.00",,0.00,,0.00,,,,,,0.00
,,,,Invoice,,03/30/2026,,AS011125,,,,,,Accounts Receivable,,,,A,,Unpaid,,,,31,,,,"686,981.25",,"686,981.25",,0.00,,,,,,0.00
,Total Data Management Systems (Pvt) Limited,,,,,,,,,,,,,,,,,,,,,,,,,,,"-286,284.75",,"686,981.25",,0.00,,,,,,
,Datalink Solutions (PVT) Ltd,,,,,,,,,,,,,,,,,,,,,,,,,,,,,0.00,,,,,,,,
,Total Datalink Solutions (PVT) Ltd,,,,,,,,,,,,,,,,,,,,,,,,,,,,,0.00,,0.00,,,,,,
,DATAVERSE IT SOLUTIONS (PVT)LTD,,,,,,,,,,,,,,,,,,,,,,,,,,,,,0.00,,,,,,,,
,,,,Invoice,,10/15/2024,,AS010313,,,,,,Accounts Receivable,,,,AR,,Paid,,,,,,,,"33,480.00",,"33,480.00",,0.00,,,,,,0.00
,,,,Payment,,10/15/2024,,Online TRF,,,,,,Accounts Receivable,,,,,,Paid,,Bank Deposit,,,,,,"-33,480.00",,0.00,,0.00,,,,,,0.00
,,,,Invoice,,11/04/2024,,AS010335,,,,,,Accounts Receivable,,Sal:RS,,AR,,Paid,,,,,,,,"140,000.00",,"140,000.00",,0.00,,,,,,0.00
,,,,Payment,,11/04/2024,,Online TRF,,,,,,Accounts Receivable,,,,,,Paid,,Bank Deposit,,,,,,"-140,000.00",,0.00,,0.00,,,,,,0.00
,,,,Invoice,,11/22/2024,,AS010363,,,,,,Accounts Receivable,,Sal:RS,,AR,,Paid,,,,,,,,"19,000.00",,"19,000.00",,0.00,,,,,,0.00
,,,,Payment,,11/22/2024,,Online TRF,,,,,,Accounts Receivable,,,,,,Paid,,Bank Deposit,,,,,,"-19,000.00",,0.00,,0.00,,,,,,0.00
,,,,Invoice,,11/21/2025,,AS010922,,,,,,Accounts Receivable,,,,AR,,Paid,,,,,,,,"93,000.00",,"93,000.00",,0.00,,,,,,0.00
,,,,Payment,,11/21/2025,,Online TRF,,,,,,Accounts Receivable,,,,,,Paid,,Bank Deposit,,,,,,"-93,000.00",,0.00,,0.00,,,,,,0.00
,,,,Invoice,,02/02/2026,,AS011042,,,,,,Accounts Receivable,,,,AR,,Paid,,,,,,,,"67,850.00",,"67,850.00",,0.00,,,,,,0.00
,,,,Payment,,02/02/2026,,Online TRF,,,,,,Accounts Receivable,,,,,,Paid,,Cash,,,,,,"-67,850.00",,0.00,,0.00,,,,,,0.00
,,,,Invoice,,02/20/2026,,AS011072,,,,,,Accounts Receivable,,,,AR,,Paid,,,,,,,,"26,500.00",,"26,500.00",,0.00,,,,,,0.00
,,,,Payment,,02/20/2026,,Online TRF,,,,,,Accounts Receivable,,,,,,Paid,,Bank Deposit,,,,,,"-26,500.00",,0.00,,0.00,,,,,,0.00
,Total DATAVERSE IT SOLUTIONS (PVT)LTD,,,,,,,,,,,,,,,,,,,,,,,,,,,0.00,,0.00,,0.00,,,,,,
,Debug Computer Peripherals (Pvt) Ltd,,,,,,,,,,,,,,,,,,,,,,,,,,,,,0.00,,,,,,,,
,,,,Invoice,,01/23/2025,,AS010448,,,,,,Accounts Receivable,,Sal:RS,,AD,,Paid,,,,,,,,"441,320.00",,"441,320.00",,0.00,,,,,,0.00
,,,,Invoice,,01/31/2025,,AS010465,,,,,,Accounts Receivable,,Sal:RS,,AD,,Paid,,,,,,,,"927,480.00",,"1,368,800.00",,0.00,,,,,,0.00
,,,,Invoice,,02/19/2025,,AS010492,,,,,,Accounts Receivable,,Sal:RS,,AD,,Paid,,,,,,,,"896,800.00",,"2,265,600.00",,0.00,,,,,,0.00
,,,,Invoice,,03/28/2025,,AS010547,,,,,,Accounts Receivable,,Sal:RS,,AD,,Paid,,,,,,,,"329,220.00",,"2,594,820.00",,0.00,,,,,,0.00
,,,,Payment,,04/30/2025,,944337,,,,,,Accounts Receivable,,,,,,Paid,,Check,,,,,,"-441,320.00",,"2,153,500.00",,0.00,,,,,,0.00
,,,,Payment,,05/26/2025,,951401,,,,,,Accounts Receivable,,,,,,Paid,,Check,,,,,,"-927,480.00",,"1,226,020.00",,0.00,,,,,,0.00
,,,,Payment,,06/18/2025,,951483,,,,,,Accounts Receivable,,,,,,Paid,,Check,,,,,,"-896,800.00",,"329,220.00",,0.00,,,,,,0.00
,,,,Payment,,07/22/2025,,384528,,,,,,Accounts Receivable,,,,,,Paid,,Bank Deposit,,,,,,"-329,220.00",,0.00,,0.00,,,,,,0.00
,,,,Invoice,,08/19/2025,,AS010765,,,,,,Accounts Receivable,,Sal:RS,,AD,,Paid,,,,,,,,"32,686.00",,"32,686.00",,0.00,,,,,,0.00
,,,,Payment,,10/16/2025,,385528,,,,,,Accounts Receivable,,,,,,Paid,,Check,,,,,,"-32,686.00",,0.00,,0.00,,,,,,0.00
,,,,Invoice,,10/21/2025,,AS010859,,,,,,Accounts Receivable,,,,AD,,Paid,,,,,,,,"41,536.00",,"41,536.00",,0.00,,,,,,0.00
,,,,Invoice,,11/13/2025,,AS010899,,,,,,Accounts Receivable,,Sal:RS,,AD,,Paid,,,,,,,,"21,830.00",,"63,366.00",,0.00,,,,,,0.00
,,,,Payment,,12/01/2025,,386144,,,,,,Accounts Receivable,,,,,,Paid,,Bank Deposit,,,,,,"-41,536.00",,"21,830.00",,0.00,,,,,,0.00
,,,,Invoice,,12/09/2025,,AS010958,,,,,,Accounts Receivable,,Sal:RS,,AD,,Paid,,,,,,,,"1,236,640.00",,"1,258,470.00",,0.00,,,,,,0.00
,,,,Invoice,,12/18/2025,,AS010972,,,,,,Accounts Receivable,,,,AD,,Paid,,,,,,,,"48,380.00",,"1,306,850.00",,0.00,,,,,,0.00
,,,,Invoice,,12/24/2025,,AS010985,,,,,,Accounts Receivable,,Sal:RS,,AD,,Paid,,,,,,,,"164,020.00",,"1,470,870.00",,0.00,,,,,,0.00
,,,,Invoice,,01/09/2026,,AS011004,,,,,,Accounts Receivable,,Sal:RS,,AD,,Paid,,,,,,,,"915,680.00",,"2,386,550.00",,0.00,,,,,,0.00
,,,,Payment,,01/21/2026,,386367,,,,,,Accounts Receivable,,,,,,Paid,,Check,,,,,,"-21,830.00",,"2,364,720.00",,0.00,,,,,,0.00
,,,,Payment,,02/03/2026,,386629,,,,,,Accounts Receivable,,,,,,Paid,,Check,,,,,,"-48,380.00",,"2,316,340.00",,0.00,,,,,,0.00
,,,,Payment,,02/25/2026,,386599,,,,,,Accounts Receivable,,,,,,Paid,,Check,,,,,,"-1,236,640.00",,"1,079,700.00",,0.00,,,,,,0.00
,,,,Invoice,,03/13/2026,,AS011096,,,,,,Accounts Receivable,,Sal:RS,,AD,,Unpaid,,,,48,,,,"21,240.00",,"1,100,940.00",,0.00,,,,,,0.00
,,,,Payment,,03/20/2026,,386724,,,,,,Accounts Receivable,,,,,,Paid,,Check,,,,,,"-164,020.00",,"936,920.00",,0.00,,,,,,0.00
,,,,Payment,,04/16/2026,,386721,,,,,,Accounts Receivable,,,,,,Paid,,Check,,,,,,"-915,680.00",,"21,240.00",,0.00,,,,,,0.00
,Total Debug Computer Peripherals (Pvt) Ltd,,,,,,,,,,,,,,,,,,,,,,,,,,,"21,240.00",,"21,240.00",,0.00,,,,,,
,Delmage Forsyth & Co. Ltd,,,,,,,,,,,,,,,,,,,,,,,,,,,,,0.00,,,,,,,,
,Total Delmage Forsyth & Co. Ltd,,,,,,,,,,,,,,,,,,,,,,,,,,,,,0.00,,0.00,,,,,,
,Denipitiya Studio,,,,,,,,,,,,,,,,,,,,,,,,,,,,,"170,000.00",,,,,,,,
,Total Denipitiya Studio,,,,,,,,,,,,,,,,,,,,,,,,,,,,,"170,000.00",,0.00,,,,,,
,Derana Macroentertainment Pvt. Ltd,,,,,,,,,,,,,,,,,,,,,,,,,,,,,0.00,,,,,,,,
,,,,Invoice,,03/28/2025,,AS010550,,,,,,Accounts Receivable,,Sal:RS,,A,,Paid,,,,,,,,"2,579,480.00",,"2,579,480.00",,0.00,,,,,,0.00
,,,,Payment,,05/30/2025,,842936,,,,,,Accounts Receivable,,,,,,Paid,,Check,,,,,,"-2,579,480.00",,0.00,,0.00,,,,,,0.00
,Total Derana Macroentertainment Pvt. Ltd,,,,,,,,,,,,,,,,,,,,,,,,,,,0.00,,0.00,,0.00,,,,,,
,DEZiGN INTELLIGENCE (PVT)LTD,,,,,,,,,,,,,,,,,,,,,,,,,,,,,0.00,,,,,,,,
,,,,Invoice,,12/20/2024,,AS010406,,,,,,Accounts Receivable,,Sal:EC,,AD,,Paid,,,,,,,,"113,280.00",,"113,280.00",,0.00,,,,,,0.00
,,,,Payment,,12/23/2024,,Online TRF,,,,,,Accounts Receivable,,,,,,Paid,,Bank Deposit,,,,,,"-113,280.00",,0.00,,0.00,,,,,,0.00
,Total DEZiGN INTELLIGENCE (PVT)LTD,,,,,,,,,,,,,,,,,,,,,,,,,,,0.00,,0.00,,0.00,,,,,,
,Dialog Broadband Networks (Pvt) Ltd,,,,,,,,,,,,,,,,,,,,,,,,,,,,,0.00,,,,,,,,
,,,,Invoice,,12/09/2024,,AS010385,,,,,,Accounts Receivable,,Sal:EC,,AD,,Paid,,,,,,,,"2,944,100.00",,"2,944,100.00",,0.00,,,,,,0.00
,,,,Payment,,01/28/2025,,Online TRF,,,,,,Accounts Receivable,,,,,,Paid,,Bank Deposit,,,,,,"-2,944,100.00",,0.00,,0.00,,,,,,0.00
,Total Dialog Broadband Networks (Pvt) Ltd,,,,,,,,,,,,,,,,,,,,,,,,,,,0.00,,0.00,,0.00,,,,,,
,Dilru Production (Pvt) Ltd,,,,,,,,,,,,,,,,,,,,,,,,,,,,,0.00,,,,,,,,
,,,,Invoice,,03/30/2026,,AS011130,,,,,,Accounts Receivable,,,,AD,,Paid,,,,,,,,"26,550.00",,"26,550.00",,0.00,,,,,,0.00
,,,,Payment,,03/30/2026,,Cash,,,,,,Accounts Receivable,,,,,,Paid,,Cash,,,,,,"-26,550.00",,0.00,,0.00,,,,,,0.00
,Total Dilru Production (Pvt) Ltd,,,,,,,,,,,,,,,,,,,,,,,,,,,0.00,,0.00,,0.00,,,,,,
,Dipped Products PLC,,,,,,,,,,,,,,,,,,,,,,,,,,,,,0.00,,,,,,,,
,Total Dipped Products PLC,,,,,,,,,,,,,,,,,,,,,,,,,,,,,0.00,,0.00,,,,,,
,DMS Electronics (Pvt) Ltd Division 02,,,,,,,,,,,,,,,,,,,,,,,,,,,,,0.00,,,,,,,,
,,,,Invoice,,01/29/2026,,AS011035,,,,,,Accounts Receivable,,,,A,,Paid,,,,,,,,"758,666.25",,"758,666.25",,0.00,,,,,,0.00
,,,,Payment,,01/29/2026,,Online TRF,,,,,,Accounts Receivable,,,,,,Paid,,Bank Deposit,,,,,,"-758,666.25",,0.00,,0.00,,,,,,0.00
,Total DMS Electronics (Pvt) Ltd Division 02,,,,,,,,,,,,,,,,,,,,,,,,,,,0.00,,0.00,,0.00,,,,,,
,DOT INK (PVT) LTD,,,,,,,,,,,,,,,,,,,,,,,,,,,,,0.00,,,,,,,,
,,,,Invoice,,11/03/2025,,AS010887,,,,,,Accounts Receivable,,Sal:RS,,AR,,Paid,,,,,,,,"263,140.00",,"263,140.00",,0.00,,,,,,0.00
,,,,Payment,,12/23/2025,,Online TRF,,,,,,Accounts Receivable,,,,,,Paid,,Bank Deposit,,,,,,"-263,140.00",,0.00,,0.00,,,,,,0.00
,Total DOT INK (PVT) LTD,,,,,,,,,,,,,,,,,,,,,,,,,,,0.00,,0.00,,0.00,,,,,,
,DPL Holdings Pvt Ltd,,,,,,,,,,,,,,,,,,,,,,,,,,,,,0.00,,,,,,,,
,Total DPL Holdings Pvt Ltd,,,,,,,,,,,,,,,,,,,,,,,,,,,,,0.00,,0.00,,,,,,
,Dr. Chinthaka Jayakody,,,,,,,,,,,,,,,,,,,,,,,,,,,,,0.00,,,,,,,,
,,,,Invoice,,01/23/2025,,AS010450,,,,,,Accounts Receivable,,Sal:EC,,AD,,Paid,,,,,,,,"7,000.00",,"7,000.00",,0.00,,,,,,0.00
,,,,Payment,,01/23/2025,,Online TRF,,,,,,Accounts Receivable,,,,,,Paid,,Bank Deposit,,,,,,"-7,000.00",,0.00,,0.00,,,,,,0.00
,Total Dr. Chinthaka Jayakody,,,,,,,,,,,,,,,,,,,,,,,,,,,0.00,,0.00,,0.00,,,,,,
,DYN TECH ENTERPRISES,,,,,,,,,,,,,,,,,,,,,,,,,,,,,0.00,,,,,,,,
,Total DYN TECH ENTERPRISES,,,,,,,,,,,,,,,,,,,,,,,,,,,,,0.00,,0.00,,,,,,
,E-Net Integrated Solutions (Pvt) Ltd,,,,,,,,,,,,,,,,,,,,,,,,,,,,,"19,740.00",,,,,,,,
,,,,Invoice,,11/04/2024,,AS010337,,,,,,Accounts Receivable,,Sal:RS,,A,,Paid,,,,,,,,"23,500.00",,"43,240.00",,0.00,,,,,,0.00
,,,,Payment,,11/04/2024,,Online TRF,,,,,,Accounts Receivable,,,,,,Paid,,Bank Deposit,,,,,,"-23,500.00",,"19,740.00",,0.00,,,,,,0.00
,,,,Invoice,,03/27/2025,,AS010545,,,,,,Accounts Receivable,,Sal:RS,,AR,,Unpaid,,,,399,,,,"24,000.00",,"43,740.00",,0.00,,,,,,0.00
,,,,Invoice,,04/03/2025,,AS010558,,,,,,Accounts Receivable,,Sal:EC,,AR,,Unpaid,,,,392,,,,"10,500.00",,"54,240.00",,0.00,,,,,,0.00
,,,,Invoice,,04/09/2025,,AS010562,,,,,,Accounts Receivable,,Sal:RS,,AR,,Unpaid,,,,386,,,,"23,600.00",,"77,840.00",,0.00,,,,,,0.00
,,,,Invoice,,10/14/2025,,AS010843,,,,,,Accounts Receivable,,,,AR,,Paid,,,,,,,,"31,950.00",,"109,790.00",,0.00,,,,,,0.00
,,,,Payment,,10/16/2025,,Online TRF,,,,,,Accounts Receivable,,,,,,Paid,,Bank Deposit,,,,,,"-31,950.00",,"77,840.00",,0.00,,,,,,0.00
,,,,Invoice,,11/03/2025,,AS010886,,,,,,Accounts Receivable,,Sal:RS,,AR,,Paid,,,,,,,,"71,250.00",,"149,090.00",,0.00,,,,,,0.00
,,,,Credit Memo,,12/08/2025,,AS00120,,,,,,Accounts Receivable,,Sal:RS,,,,Paid,,,,,,,,"-47,500.00",,"101,590.00",,0.00,,,,,,0.00
,,,,Invoice,,12/08/2025,,AS010952,,,,,,Accounts Receivable,,,,AR,,Paid,,,,,,,,"23,750.00",,"125,340.00",,0.00,,,,,,0.00
,,,,Payment,,12/08/2025,,,,,,,,Accounts Receivable,,,,,,Paid,,Check,,,,,,"-23,750.00",,"101,590.00",,0.00,,,,,,0.00
,,,,Payment,,12/08/2025,,Online TRF,,,,,,Accounts Receivable,,,,,,Paid,,Bank Deposit,,,,,,"-23,750.00",,"77,840.00",,0.00,,,,,,0.00
,,,,Invoice,,01/21/2026,,AS011016,,,,,,Accounts Receivable,,Sal:EC,,AR,,Paid,,,,,,,,"47,500.00",,"125,340.00",,0.00,,,,,,0.00
,,,,Payment,,01/22/2026,,Online TRF,,,,,,Accounts Receivable,,,,,,Paid,,Bank Deposit,,,,,,"-47,500.00",,"77,840.00",,0.00,,,,,,0.00
,,,,Invoice,,03/25/2026,,AS011121,,,,,,Accounts Receivable,,,,AR,,Paid,,,,,,,,"11,000.00",,"88,840.00",,0.00,,,,,,0.00
,,,,Payment,,03/26/2026,,Online TRF,,,,,,Accounts Receivable,,,,,,Paid,,Bank Deposit,,,,,,"-11,000.00",,"77,840.00",,0.00,,,,,,0.00
,Total E-Net Integrated Solutions (Pvt) Ltd,,,,,,,,,,,,,,,,,,,,,,,,,,,"58,100.00",,"77,840.00",,0.00,,,,,,
,E-Screen Systems (Pvt) Ltd,,,,,,,,,,,,,,,,,,,,,,,,,,,,,0.00,,,,,,,,
,,,,Invoice,,05/21/2024,,AS010141,,,,,,Accounts Receivable,,Sal:EC,,A,,Paid,,,,,,,,"23,600.00",,"23,600.00",,0.00,,,,,,0.00
,,,,Invoice,,05/28/2024,,AS010146,,,,,,Accounts Receivable,,Sal:EC,,A,,Paid,,,,,,,,"23,600.00",,"47,200.00",,0.00,,,,,,0.00
,,,,Payment,,08/09/2024,,687791,,,,,,Accounts Receivable,,,,,,Paid,,Check,,,,,,"-23,600.00",,"23,600.00",,0.00,,,,,,0.00
,,,,Credit Memo,,12/29/2024,,AS00107,,,,,,Accounts Receivable,,Sal:EC,,,,Paid,,,,,,,,"-23,600.00",,0.00,,0.00,,,,,,0.00
,,,,Invoice,,01/07/2025,,AS010421,,,,,,Accounts Receivable,,Sal:RS,,A,,Paid,,,,,,,,"157,530.00",,"157,530.00",,0.00,,,,,,0.00
,,,,Payment,,01/07/2025,,734042,,,,,,Accounts Receivable,,,,,,Paid,,Bank Deposit,,,,,,"-157,530.00",,0.00,,0.00,,,,,,0.00
,Total E-Screen Systems (Pvt) Ltd,,,,,,,,,,,,,,,,,,,,,,,,,,,0.00,,0.00,,0.00,,,,,,
,E Con Network (Pvt) Ltd,,,,,,,,,,,,,,,,,,,,,,,,,,,,,0.00,,,,,,,,
,,,,Invoice,,04/08/2025,,AS010561,,,,,,Accounts Receivable,,Sal:RS,,AR,,Paid,,,,,,,,"342,200.00",,"342,200.00",,0.00,,,,,,0.00
,,,,Payment,,05/30/2025,,000830,,,,,,Accounts Receivable,,,,,,Paid,,Check,,,,,,"-342,200.00",,0.00,,0.00,,,,,,0.00
,,,,Invoice,,01/12/2026,,AS011008,,,,,,Accounts Receivable,,,,AR,,Paid,,,,,,,,"598,260.00",,"598,260.00",,0.00,,,,,,0.00
,,,,Invoice,,02/23/2026,,AS011075,,,,,,Accounts Receivable,,,,AR,,Paid,,,,,,,,"135,228.00",,"733,488.00",,0.00,,,,,,0.00
,,,,Payment,,02/24/2026,,001111,,,,,,Accounts Receivable,,,,,,Paid,,Check,,,,,,"-135,228.00",,"598,260.00",,0.00,,,,,,0.00
,,,,Payment,,02/24/2026,,001112,,,,,,Accounts Receivable,,,,,,Paid,,Check,,,,,,"-598,260.00",,0.00,,0.00,,,,,,0.00
,,,,General Journal,,03/12/2026,,,,,,,,Accounts Receivable,,,,,,Paid,,,,,,,,"598,260.00",,"598,260.00",,0.00,,,,,,0.00
,,,,Payment,,04/03/2026,,001144,,,,,,Accounts Receivable,,,,,,Paid,,Check,,,,,,"-598,260.00",,0.00,,0.00,,,,,,0.00
,Total E Con Network (Pvt) Ltd,,,,,,,,,,,,,,,,,,,,,,,,,,,0.00,,0.00,,0.00,,,,,,
,E Tech IT Solutions Pvt Ltd,,,,,,,,,,,,,,,,,,,,,,,,,,,,,0.00,,,,,,,,
,,,,Invoice,,05/09/2025,,AS010598,,,,,,Accounts Receivable,,Sal:RS,,AD,,Paid,,,,,,,,"201,780.00",,"201,780.00",,0.00,,,,,,0.00
,,,,Payment,,05/19/2025,,981224,,,,,,Accounts Receivable,,,,,,Paid,,Check,,,,,,"-201,780.00",,0.00,,0.00,,,,,,0.00
,Total E Tech IT Solutions Pvt Ltd,,,,,,,,,,,,,,,,,,,,,,,,,,,0.00,,0.00,,0.00,,,,,,
,E Technology System (Pvt) Ltd,,,,,,,,,,,,,,,,,,,,,,,,,,,,,0.00,,,,,,,,
,,,,Invoice,,08/04/2025,,AS010742,,,,,,Accounts Receivable,,Sal:RS,,AD,,Paid,,,,,,,,"152,220.00",,"152,220.00",,0.00,,,,,,0.00
,,,,Payment,,08/04/2025,,414732,,,,,,Accounts Receivable,,,,,,Paid,,Check,,,,,,"-152,220.00",,0.00,,0.00,,,,,,0.00
,,,,Invoice,,03/30/2026,,AS011129,,,,,,Accounts Receivable,,,,AD,,Paid,,,,,,,,"204,140.00",,"204,140.00",,0.00,,,,,,0.00
,,,,Payment,,03/31/2026,,590925,,,,,,Accounts Receivable,,,,,,Paid,,Check,,,,,,"-204,140.00",,0.00,,0.00,,,,,,0.00
,Total E Technology System (Pvt) Ltd,,,,,,,,,,,,,,,,,,,,,,,,,,,0.00,,0.00,,0.00,,,,,,
,E W Balasuriya & Co Pvt Ltd,,,,,,,,,,,,,,,,,,,,,,,,,,,,,0.00,,,,,,,,
,,,,Invoice,,01/13/2024,,AS010021,,,,,,Accounts Receivable,,Sal:RS,,AD,,Paid,,,,,,,,"1,325,730.00",,"1,325,730.00",,0.00,,,,,,0.00
,,,,Payment,,01/31/2024,,664065,,,,,,Accounts Receivable,,,,,,Paid,,Check,,,,,,"-1,325,730.00",,0.00,,0.00,,,,,,0.00
,Total E W Balasuriya & Co Pvt Ltd,,,,,,,,,,,,,,,,,,,,,,,,,,,0.00,,0.00,,0.00,,,,,,
,Edge Networks (PVT) LTD,,,,,,,,,,,,,,,,,,,,,,,,,,,,,0.00,,,,,,,,
,,,,Invoice,,03/04/2024,,AS010065,,,,,,Accounts Receivable,,Sal:RS,,A,,Paid,,,,,,,,"270,220.00",,"270,220.00",,0.00,,,,,,0.00
,,,,Payment,,03/05/2024,,Online TRF,,,,,,Accounts Receivable,,,,,,Paid,,Bank Deposit,,,,,,"-270,220.00",,0.00,,0.00,,,,,,0.00
,,,,Invoice,,10/08/2024,,AS010303,,,,,,Accounts Receivable,,Sal:RS,,A,,Paid,,,,,,,,"46,020.00",,"46,020.00",,0.00,,,,,,0.00
,,,,Payment,,10/08/2024,,Online TRF,,,,,,Accounts Receivable,,,,,,Paid,,Bank Deposit,,,,,,"-46,020.00",,0.00,,0.00,,,,,,0.00
,,,,Invoice,,11/25/2024,,AS010364,,,,,,Accounts Receivable,,Sal:EC,,A,,Paid,,,,,,,,"206,500.00",,"206,500.00",,0.00,,,,,,0.00
,,,,Payment,,12/09/2024,,Std order,,,,,,Accounts Receivable,,,,,,Paid,,Bank Deposit,,,,,,"-206,500.00",,0.00,,0.00,,,,,,0.00
,,,,Invoice,,02/18/2025,,AS010488,,,,,,Accounts Receivable,,Sal:RS,,A,,Paid,,,,,,,,"1,310,980.00",,"1,310,980.00",,0.00,,,,,,0.00
,,,,Invoice,,02/18/2025,,AS010489,,,,,,Accounts Receivable,,Sal:RS,,A,,Paid,,,,,,,,"609,027.50",,"1,920,007.50",,0.00,,,,,,0.00
,,,,Payment,,03/17/2025,,Online TRF,,,,,,Accounts Receivable,,,,,,Paid,,Bank Deposit,,,,,,"-1,920,007.50",,0.00,,0.00,,,,,,0.00
,,,,Invoice,,07/28/2025,,AS010730,,,,,,Accounts Receivable,,Sal:RS,,A,,Paid,,,,,,,,"16,166.00",,"16,166.00",,0.00,,,,,,0.00
,,,,Invoice,,08/18/2025,,AS010760,,,,,,Accounts Receivable,,Sal:RS,,A,,Paid,,,,,,,,"139,830.00",,"155,996.00",,0.00,,,,,,0.00
,,,,Payment,,09/09/2025,,Online TRF,,,,,,Accounts Receivable,,,,,,Paid,,Bank Deposit,,,,,,"-16,166.00",,"139,830.00",,0.00,,,,,,0.00
,,,,Invoice,,09/11/2025,,AS010800,,,,,,Accounts Receivable,,Sal:RS,,A,,Paid,,,,,,,,"329,220.00",,"469,050.00",,0.00,,,,,,0.00
,,,,Payment,,11/25/2025,,Online TRF,,,,,,Accounts Receivable,,,,,,Paid,,Bank Deposit,,,,,,"-469,050.00",,0.00,,0.00,,,,,,0.00
,Total Edge Networks (PVT) LTD,,,,,,,,,,,,,,,,,,,,,,,,,,,0.00,,0.00,,0.00,,,,,,
,Editing Table Studio,,,,,,,,,,,,,,,,,,,,,,,,,,,,,0.00,,,,,,,,
,Total Editing Table Studio,,,,,,,,,,,,,,,,,,,,,,,,,,,,,0.00,,0.00,,,,,,
,EEE Technological Services (Pvt) Ltd,,,,,,,,,,,,,,,,,,,,,,,,,,,,,0.00,,,,,,,,
,Total EEE Technological Services (Pvt) Ltd,,,,,,,,,,,,,,,,,,,,,,,,,,,,,0.00,,0.00,,,,,,
,EFL Headquarters (Pvt) Ltd,,,,,,,,,,,,,,,,,,,,,,,,,,,,,0.00,,,,,,,,
,Total EFL Headquarters (Pvt) Ltd,,,,,,,,,,,,,,,,,,,,,,,,,,,,,0.00,,0.00,,,,,,
,EHMTDD B Elkaduwa,,,,,,,,,,,,,,,,,,,,,,,,,,,,,0.00,,,,,,,,
,Total EHMTDD B Elkaduwa,,,,,,,,,,,,,,,,,,,,,,,,,,,,,0.00,,0.00,,,,,,
,EITS,,,,,,,,,,,,,,,,,,,,,,,,,,,,,"2,489,039.00",,,,,,,,
,,,,Payment,,01/22/2024,,,,,,,,Accounts Receivable,,,,,,Paid,,Bank Deposit,,,,,,"-356,940.00",,"2,132,099.00",,0.00,,,,,,0.00
,,,,Payment,,02/25/2025,,,,,,,,Accounts Receivable,,,,,,Paid,,Bank Deposit,,,,,,"-6,700.00",,"2,125,399.00",,0.00,,,,,,0.00
,Total EITS,,,,,,,,,,,,,,,,,,,,,,,,,,,"-363,640.00",,"2,125,399.00",,0.00,,,,,,
,Electro Net,,,,,,,,,,,,,,,,,,,,,,,,,,,,,"14,500.00",,,,,,,,
,,,,Payment,,03/05/2024,,Online TRF,,,,,,Accounts Receivable,,,,,,Paid,,Bank Deposit,,,,,,"-14,500.00",,0.00,,0.00,,,,,,0.00
,,,,Invoice,,07/31/2024,,AS010231,,,,,,Accounts Receivable,,Sal:RS,,AD,,Paid,,,,,,,,"105,020.00",,"105,020.00",,0.00,,,,,,0.00
,,,,Payment,,12/24/2024,,Online TRF,,,,,,Accounts Receivable,,,,,,Paid,,Bank Deposit,,,,,,"-105,000.00",,20.00,,0.00,,,,,,0.00
,,,,Payment,,12/24/2024,,,,,,,,Accounts Receivable,,,,,,Paid,,Bank Deposit,,,,,,-20.00,,0.00,,0.00,,,,,,0.00
,,,,Invoice,,09/17/2025,,AS010806,,,,,,Accounts Receivable,,Sal:RS,,AD,,Paid,,,,,,,,"14,000.00",,"14,000.00",,0.00,,,,,,0.00
,,,,Payment,,12/11/2025,,Deposit,,,,,,Accounts Receivable,,,,,,Paid,,Bank Deposit,,,,,,"-14,000.00",,0.00,,0.00,,,,,,0.00
,,,,Invoice,,12/20/2025,,AS010979,,,,,,Accounts Receivable,,,,AD,,Paid,,,,,,,,"19,000.00",,"19,000.00",,0.00,,,,,,0.00
,,,,Payment,,12/20/2025,,000220,,,,,,Accounts Receivable,,,,,,Paid,,Check,,,,,,"-19,000.00",,0.00,,0.00,,,,,,0.00
,Total Electro Net,,,,,,,,,,,,,,,,,,,,,,,,,,,"-14,500.00",,0.00,,0.00,,,,,,
,Elegant Knitting International,,,,,,,,,,,,,,,,,,,,,,,,,,,,,0.00,,,,,,,,
,,,,Invoice,,03/30/2024,,AS010094,,,,,,Accounts Receivable,,Mnt,,AS,,Paid,,,,,,,,"390,816.00",,"390,816.00",,0.00,,,,,,0.00
,,,,Payment,,05/11/2024,,Online TRF,,,,,,Accounts Receivable,,,,,,Paid,,Bank Deposit,,,,,,"-390,816.00",,0.00,,0.00,,,,,,0.00
,,,,Invoice,,09/02/2024,,AS010265,,,,,,Accounts Receivable,,Sal:RS,,AS,,Paid,,,,,,,,"344,560.00",,"344,560.00",,0.00,,,,,,0.00
,,,,Payment,,09/13/2024,,Online TRF,,,,,,Accounts Receivable,,,,,,Paid,,Bank Deposit,,,,,,"-344,560.00",,0.00,,0.00,,,,,,0.00
,,,,Payment,,04/11/2025,,,,,,,,Accounts Receivable,,,,,,Paid,,Bank Deposit,,,,,,"-390,816.00",,"-390,816.00",,0.00,,,,,,0.00
,,,,Invoice,,06/12/2025,,AS010642,,,,,,Accounts Receivable,,Mnt,,AS,,Paid,,,,,,,,"390,816.00",,0.00,,0.00,,,,,,0.00
,Total Elegant Knitting International,,,,,,,,,,,,,,,,,,,,,,,,,,,0.00,,0.00,,0.00,,,,,,
,Elegent Media Solutions,,,,,,,,,,,,,,,,,,,,,,,,,,,,,0.00,,,,,,,,
,,,,Invoice,,03/13/2024,,AS010076,,,,,,Accounts Receivable,,Sal:EC,,AD,,Paid,,,,,,,,"60,180.00",,"60,180.00",,0.00,,,,,,0.00
,,,,Payment,,05/01/2024,,Online TRF,,,,,,Accounts Receivable,,,,,,Paid,,Bank Deposit,,,,,,"-60,180.00",,0.00,,0.00,,,,,,0.00
,Total Elegent Media Solutions,,,,,,,,,,,,,,,,,,,,,,,,,,,0.00,,0.00,,0.00,,,,,,
,Enash Global (Pvt) Ltd,,,,,,,,,,,,,,,,,,,,,,,,,,,,,0.00,,,,,,,,
,,,,Invoice,,03/05/2024,,AS010066,,,,,,Accounts Receivable,,Sal:EC,,AD,,Paid,,,,,,,,"3,500.00",,"3,500.00",,0.00,,,,,,0.00
,,,,Payment,,03/05/2024,,Cash,,,,,,Accounts Receivable,,,,,,Paid,,Cash,,,,,,"-3,500.00",,0.00,,0.00,,,,,,0.00
,,,,Invoice,,08/29/2024,,AS010264,,,,,,Accounts Receivable,,Sal:EC,,AD,,Paid,,,,,,,,"151,040.00",,"151,040.00",,0.00,,,,,,0.00
,,,,Payment,,08/29/2024,,604632,,,,,,Accounts Receivable,,,,,,Paid,,Check,,,,,,"-151,040.00",,0.00,,0.00,,,,,,0.00
,,,,Invoice,,09/02/2024,,AS010266,,,,,,Accounts Receivable,,Sal:RS,,AD,,Paid,,,,,,,,"151,040.00",,"151,040.00",,0.00,,,,,,0.00
,,,,Payment,,09/03/2024,,604636,,,,,,Accounts Receivable,,,,,,Paid,,Check,,,,,,"-151,040.00",,0.00,,0.00,,,,,,0.00
,,,,Invoice,,11/04/2024,,AS010336,,,,,,Accounts Receivable,,Sal:RS,,AD,,Paid,,,,,,,,"58,010.00",,"58,010.00",,0.00,,,,,,0.00
,,,,Payment,,11/04/2024,,604643,,,,,,Accounts Receivable,,,,,,Paid,,Check,,,,,,"-58,010.00",,0.00,,0.00,,,,,,0.00
,,,,Invoice,,12/04/2024,,AS010378,,,,,,Accounts Receivable,,Sal:RS,,AD,,Paid,,,,,,,,"144,550.00",,"144,550.00",,0.00,,,,,,0.00
,,,,Payment,,12/04/2024,,618434,,,,,,Accounts Receivable,,,,,,Paid,,Check,,,,,,"-144,550.00",,0.00,,0.00,,,,,,0.00
,,,,Invoice,,04/09/2025,,AS010563,,,,,,Accounts Receivable,,Sal:RS,,AD,,Paid,,,,,,,,"163,400.00",,"163,400.00",,0.00,,,,,,0.00
,,,,Payment,,04/09/2025,,631026,,,,,,Accounts Receivable,,,,,,Paid,,Check,,,,,,"-163,400.00",,0.00,,0.00,,,,,,0.00
,Total Enash Global (Pvt) Ltd,,,,,,,,,,,,,,,,,,,,,,,,,,,0.00,,0.00,,0.00,,,,,,
,Enexe (Pvt) Ltd,,,,,,,,,,,,,,,,,,,,,,,,,,,,,0.00,,,,,,,,
,Total Enexe (Pvt) Ltd,,,,,,,,,,,,,,,,,,,,,,,,,,,,,0.00,,0.00,,,,,,
,Enico Chemical Industries Pvt Ltd,,,,,,,,,,,,,,,,,,,,,,,,,,,,,0.00,,,,,,,,
,,,,Invoice,,03/31/2026,,AS011134,,,,,,Accounts Receivable,,,,AD,,Paid,,,,,,,,"4,248.00",,"4,248.00",,0.00,,,,,,0.00
,,,,Payment,,04/09/2026,,Online TRF,,,,,,Accounts Receivable,,,,,,Paid,,Bank Deposit,,,,,,"-4,248.00",,0.00,,0.00,,,,,,0.00
,Total Enico Chemical Industries Pvt Ltd,,,,,,,,,,,,,,,,,,,,,,,,,,,0.00,,0.00,,0.00,,,,,,
,ENTEC COMPUTER SYSTEMS (PVT) LTD,,,,,,,,,,,,,,,,,,,,,,,,,,,,,0.00,,,,,,,,
,,,,Invoice,,10/07/2024,,AS010301,,,,,,Accounts Receivable,,Sal:RS,,AD,,Paid,,,,,,,,"161,660.00",,"161,660.00",,0.00,,,,,,0.00
,,,,Payment,,10/08/2024,,185395,,,,,,Accounts Receivable,,,,,,Paid,,Check,,,,,,"-161,660.00",,0.00,,0.00,,,,,,0.00
,Total ENTEC COMPUTER SYSTEMS (PVT) LTD,,,,,,,,,,,,,,,,,,,,,,,,,,,0.00,,0.00,,0.00,,,,,,
,EPG TECHNOLOGIES,,,,,,,,,,,,,,,,,,,,,,,,,,,,,0.00,,,,,,,,
,,,,Invoice,,02/20/2025,,AS010496,,,,,,Accounts Receivable,,,,AR,,Paid,,,,,,,,"17,300.00",,"17,300.00",,0.00,,,,,,0.00
,,,,Payment,,04/30/2025,,455340,,,,,,Accounts Receivable,,,,,,Paid,,Check,,,,,,"-17,300.00",,0.00,,0.00,,,,,,0.00
,,,,Invoice,,07/11/2025,,AS010700,,,,,,Accounts Receivable,,Sal:RS,,AR,,Paid,,,,,,,,"11,400.00",,"11,400.00",,0.00,,,,,,0.00
,,,,Payment,,08/19/2025,,266502,,,,,,Accounts Receivable,,,,,,Paid,,Check,,,,,,"-11,400.00",,0.00,,0.00,,,,,,0.00
,,,,Payment,,10/16/2025,,463174,,,,,,Accounts Receivable,,,,,,Paid,,Check,,,,,,"-17,550.00",,"-17,550.00",,0.00,,,,,,0.00
,,,,Invoice,,10/30/2025,,AS010878,,,,,,Accounts Receivable,,,,AR,,Paid,,,,,,,,"17,550.00",,0.00,,0.00,,,,,,0.00
,Total EPG TECHNOLOGIES,,,,,,,,,,,,,,,,,,,,,,,,,,,0.00,,0.00,,0.00,,,,,,
,Epro Technologies (Pvt) Ltd,,,,,,,,,,,,,,,,,,,,,,,,,,,,,0.00,,,,,,,,
,,,,Invoice,,10/25/2024,,AS010325,,,,,,Accounts Receivable,,Sal:RS,,AD,,Paid,,,,,,,,"217,120.00",,"217,120.00",,0.00,,,,,,0.00
,,,,Payment,,10/28/2024,,Online TRF,,,,,,Accounts Receivable,,,,,,Paid,,Bank Deposit,,,,,,"-217,120.00",,0.00,,0.00,,,,,,0.00
,Total Epro Technologies (Pvt) Ltd,,,,,,,,,,,,,,,,,,,,,,,,,,,0.00,,0.00,,0.00,,,,,,
,Eureka Technology Partners (Pvt) Ltd,,,,,,,,,,,,,,,,,,,,,,,,,,,,,0.00,,,,,,,,
,Total Eureka Technology Partners (Pvt) Ltd,,,,,,,,,,,,,,,,,,,,,,,,,,,,,0.00,,0.00,,,,,,
,Fairfirst Insurance Limited,,,,,,,,,,,,,,,,,,,,,,,,,,,,,0.00,,,,,,,,
,Total Fairfirst Insurance Limited,,,,,,,,,,,,,,,,,,,,,,,,,,,,,0.00,,0.00,,,,,,
,Fairway Holdings (Pvt) Ltd,,,,,,,,,,,,,,,,,,,,,,,,,,,,,0.00,,,,,,,,
,Total Fairway Holdings (Pvt) Ltd,,,,,,,,,,,,,,,,,,,,,,,,,,,,,0.00,,0.00,,,,,,
,Fazaal Bath Studio,,,,,,,,,,,,,,,,,,,,,,,,,,,,,0.00,,,,,,,,
,,,,Invoice,,01/05/2026,,AS010998,,,,,,Accounts Receivable,,Sal:EC,,AS,,Paid,,,,,,,,"8,850.00",,"8,850.00",,0.00,,,,,,0.00
,,,,Payment,,02/18/2026,,944590,,,,,,Accounts Receivable,,,,,,Paid,,Check,,,,,,"-8,850.00",,0.00,,0.00,,,,,,0.00
,Total Fazaal Bath Studio,,,,,,,,,,,,,,,,,,,,,,,,,,,0.00,,0.00,,0.00,,,,,,
,Fazaal Ceramics,,,,,,,,,,,,,,,,,,,,,,,,,,,,,0.00,,,,,,,,
,,,,Invoice,,03/23/2026,,AS011115,,,,,,Accounts Receivable,,Sal:EC,,AS,,Paid,,,,,,,,"11,800.00",,"11,800.00",,0.00,,,,,,0.00
,Total Fazaal Ceramics,,,,,,,,,,,,,,,,,,,,,,,,,,,"11,800.00",,"11,800.00",,0.00,,,,,,
,Fazaal Ceremics (Pvt) Ltd,,,,,,,,,,,,,,,,,,,,,,,,,,,,,0.00,,,,,,,,
,,,,Invoice,,07/02/2024,,AS010199,,,,,,Accounts Receivable,,Sal:EC,,AS,,Paid,,,,,,,,"17,700.00",,"17,700.00",,0.00,,,,,,0.00
,,,,Payment,,10/03/2024,,063808,,,,,,Accounts Receivable,,,,,,Paid,,Check,,,,,,"-17,700.00",,0.00,,0.00,,,,,,0.00
,Total Fazaal Ceremics (Pvt) Ltd,,,,,,,,,,,,,,,,,,,,,,,,,,,0.00,,0.00,,0.00,,,,,,
,Fentons Ltd,,,,,,,,,,,,,,,,,,,,,,,,,,,,,"1,233,000.00",,,,,,,,
,,,,Payment,,01/18/2024,,032060,,,,,,Accounts Receivable,,,,,,Paid,,Check,,,,,,"-1,233,000.00",,0.00,,0.00,,,,,,0.00
,,,,Invoice,,03/11/2024,,AS010074,,,,,,Accounts Receivable,,Sal:RS,,A,,Paid,,,,,,,,"723,340.00",,"723,340.00",,0.00,,,,,,0.00
,,,,Payment,,05/03/2024,,037038,,,,,,Accounts Receivable,,,,,,Paid,,Check,,,,,,"-723,340.00",,0.00,,0.00,,,,,,0.00
,,,,Invoice,,07/13/2024,,AS010210,,,,,,Accounts Receivable,,Sal:EC,,A,,Paid,,,,,,,,"21,830.00",,"21,830.00",,0.00,,,,,,0.00
,,,,Payment,,11/05/2024,,056842,,,,,,Accounts Receivable,,,,,,Paid,,Check,,,,,,"-21,830.00",,0.00,,0.00,,,,,,0.00
,,,,Invoice,,02/26/2025,,AS010503,,,,,,Accounts Receivable,,Sal:RS,,A,,Paid,,,,,,,,"736,320.00",,"736,320.00",,0.00,,,,,,0.00
,,,,Invoice,,03/26/2025,,AS010543,,,,,,Accounts Receivable,,Sal:RS,,A,,Paid,,,,,,,,"1,112,740.00",,"1,849,060.00",,0.00,,,,,,0.00
,,,,Invoice,,04/11/2025,,AS010567,,,,,,Accounts Receivable,,Sal:RS,,A,,Paid,,,,,,,,"1,033,236.32",,"2,882,296.32",,0.00,,,,,,0.00
,,,,Payment,,04/22/2025,,064050,,,,,,Accounts Receivable,,,,,,Paid,,Check,,,,,,"-736,320.00",,"2,145,976.32",,0.00,,,,,,0.00
,,,,Payment,,04/22/2025,,064550,,,,,,Accounts Receivable,,,,,,Paid,,Check,,,,,,"-1,112,740.00",,"1,033,236.32",,0.00,,,,,,0.00
,,,,Invoice,,05/21/2025,,AS010613,,,,,,Accounts Receivable,,Sal:RS,,A,,Paid,,,,,,,,"23,600.00",,"1,056,836.32",,0.00,,,,,,0.00
,,,,Invoice,,05/28/2025,,AS010621,,,,,,Accounts Receivable,,Sal:RS,,A,,Paid,,,,,,,,"2,382,092.55",,"3,438,928.87",,0.00,,,,,,0.00
,,,,Payment,,06/05/2025,,023426,,,,,,Accounts Receivable,,,,,,Paid,,Check,,,,,,"-2,382,092.55",,"1,056,836.32",,0.00,,,,,,0.00
,,,,Payment,,06/05/2025,,023302,,,,,,Accounts Receivable,,,,,,Paid,,Check,,,,,,"-1,033,236.32",,"23,600.00",,0.00,,,,,,0.00
,,,,Payment,,06/05/2025,,023398,,,,,,Accounts Receivable,,,,,,Paid,,Check,,,,,,"-23,600.00",,0.00,,0.00,,,,,,0.00
,,,,Invoice,,06/18/2025,,AS010657,,,,,,Accounts Receivable,,Sal:RS,,A,,Paid,,,,,,,,"5,750,376.00",,"5,750,376.00",,0.00,,,,,,0.00
,,,,Payment,,08/07/2025,,025070,,,,,,Accounts Receivable,,,,,,Paid,,Check,,,,,,"-2,500,000.00",,"3,250,376.00",,0.00,,,,,,0.00
,,,,Payment,,08/07/2025,,025069,,,,,,Accounts Receivable,,,,,,Paid,,Check,,,,,,"-2,500,000.00",,"750,376.00",,0.00,,,,,,0.00
,,,,Payment,,08/07/2025,,025071,,,,,,Accounts Receivable,,,,,,Paid,,Check,,,,,,"-750,376.00",,0.00,,0.00,,,,,,0.00
,,,,Invoice,,09/08/2025,,AS010794,,,,,,Accounts Receivable,,Sal:EC,,A,,Paid,,,,,,,,"73,160.00",,"73,160.00",,0.00,,,,,,0.00
,,,,Invoice,,10/30/2025,,AS010879,,,,,,Accounts Receivable,,Sal:RS,,A,,Paid,,,,,,,,"1,043,494.65",,"1,116,654.65",,0.00,,,,,,0.00
,,,,Invoice,,10/30/2025,,AS010880,,,,,,Accounts Receivable,,,,A,,Paid,,,,,,,,"389,400.00",,"1,506,054.65",,0.00,,,,,,0.00
,,,,Payment,,12/17/2025,,026592,,,,,,Accounts Receivable,,,,,,Paid,,Check,,,,,,"-73,160.00",,"1,432,894.65",,0.00,,,,,,0.00
,,,,Invoice,,12/24/2025,,AS010986,,,,,,Accounts Receivable,,,,A,,Paid,,,,,,,,"923,541.75",,"2,356,436.40",,0.00,,,,,,0.00
,,,,Payment,,01/09/2026,,Online TRF,,,,,,Accounts Receivable,,,,,,Paid,,Check,,,,,,"-1,432,894.65",,"923,541.75",,0.00,,,,,,0.00
,,,,Invoice,,01/31/2026,,AS011041,,,,,,Accounts Receivable,,Sal:EC,,A,,Paid,,,,,,,,"38,940.00",,"962,481.75",,0.00,,,,,,0.00
,,,,Payment,,02/12/2026,,Online TRF,,,,,,Accounts Receivable,,,,,,Paid,,Bank Deposit,,,,,,"-923,541.75",,"38,940.00",,0.00,,,,,,0.00
,,,,Payment,,03/08/2026,,Online TRF,,,,,,Accounts Receivable,,,,,,Paid,,Bank Deposit,,,,,,"-38,940.00",,0.00,,0.00,,,,,,0.00
,Total Fentons Ltd,,,,,,,,,,,,,,,,,,,,,,,,,,,"-1,233,000.00",,0.00,,0.00,,,,,,
,Finco Holdings (Pvt) Ltd,,,,,,,,,,,,,,,,,,,,,,,,,,,,,0.00,,,,,,,,
,,,,Invoice,,06/25/2024,,AS010189,,,,,,Accounts Receivable,,Sal:RS,,AD,,Paid,,,,,,,,"110,330.00",,"110,330.00",,0.00,,,,,,0.00
,,,,Payment,,07/25/2024,,706242,,,,,,Accounts Receivable,,,,,,Paid,,Check,,,,,,"-110,330.00",,0.00,,0.00,,,,,,0.00
,Total Finco Holdings (Pvt) Ltd,,,,,,,,,,,,,,,,,,,,,,,,,,,0.00,,0.00,,0.00,,,,,,
,First Capital Holdings PLC,,,,,,,,,,,,,,,,,,,,,,,,,,,,,0.00,,,,,,,,
,,,,Invoice,,11/28/2025,,AS010933,,,,,,Accounts Receivable,,Mnt,,AD,,Paid,,,,,,,,"344,560.00",,"344,560.00",,0.00,,,,,,0.00
,,,,Invoice,,11/28/2025,,AS010934,,,,,,Accounts Receivable,,Mnt,,AD,,Paid,,,,,,,,"76,700.00",,"421,260.00",,0.00,,,,,,0.00
,,,,Invoice,,11/28/2025,,AS010935,,,,,,Accounts Receivable,,Mnt,,AD,,Paid,,,,,,,,"202,960.00",,"624,220.00",,0.00,,,,,,0.00
,,,,Payment,,01/30/2026,,Online TRF,,,,,,Accounts Receivable,,,,,,Paid,,Bank Deposit,,,,,,"-624,220.00",,0.00,,0.00,,,,,,0.00
,Total First Capital Holdings PLC,,,,,,,,,,,,,,,,,,,,,,,,,,,0.00,,0.00,,0.00,,,,,,
,Flexicare Lanka (Pvt) Ltd,,,,,,,,,,,,,,,,,,,,,,,,,,,,,0.00,,,,,,,,
,Total Flexicare Lanka (Pvt) Ltd,,,,,,,,,,,,,,,,,,,,,,,,,,,,,0.00,,0.00,,,,,,
,Flix11 (Private) Limited,,,,,,,,,,,,,,,,,,,,,,,,,,,,,0.00,,,,,,,,
,Total Flix11 (Private) Limited,,,,,,,,,,,,,,,,,,,,,,,,,,,,,0.00,,0.00,,,,,,
,FT Soft (Pvt) Ltd,,,,,,,,,,,,,,,,,,,,,,,,,,,,,0.00,,,,,,,,
,,,,Invoice,,06/06/2024,,AS010164,,,,,,Accounts Receivable,,Sal:RS,,A,,Paid,,,,,,,,"578,200.00",,"578,200.00",,0.00,,,,,,0.00
,,,,Payment,,07/05/2024,,872005,,,,,,Accounts Receivable,,,,,,Paid,,Check,,,,,,"-578,200.00",,0.00,,0.00,,,,,,0.00
,,,,Invoice,,05/16/2025,,AS010604,,,,,,Accounts Receivable,,Sal:RS,,A,,Paid,,,,,,,,"106,200.00",,"106,200.00",,0.00,,,,,,0.00
,,,,Payment,,07/07/2025,,959135,,,,,,Accounts Receivable,,,,,,Paid,,Check,,,,,,"-106,200.00",,0.00,,0.00,,,,,,0.00
,,,,Invoice,,09/04/2025,,AS010789,,,,,,Accounts Receivable,,Sal:RS,,A,,Paid,,,,,,,,"207,886.50",,"207,886.50",,0.00,,,,,,0.00
,,,,Payment,,10/27/2025,,988854,,,,,,Accounts Receivable,,,,,,Paid,,Check,,,,,,"-207,886.50",,0.00,,0.00,,,,,,0.00
,Total FT Soft (Pvt) Ltd,,,,,,,,,,,,,,,,,,,,,,,,,,,0.00,,0.00,,0.00,,,,,,
,Future Global Tech (Pvt) Ltd,,,,,,,,,,,,,,,,,,,,,,,,,,,,,0.00,,,,,,,,
,,,,Invoice,,03/13/2024,,AS010078,,,,,,Accounts Receivable,,Sal:RS,,AR,,Paid,,,,,,,,"9,475.00",,"9,475.00",,0.00,,,,,,0.00
,,,,Payment,,03/13/2024,,Cash,,,,,,Accounts Receivable,,,,,,Paid,,Cash,,,,,,"-9,475.00",,0.00,,0.00,,,,,,0.00
,Total Future Global Tech (Pvt) Ltd,,,,,,,,,,,,,,,,,,,,,,,,,,,0.00,,0.00,,0.00,,,,,,
,GAC Shipping Ltd,,,,,,,,,,,,,,,,,,,,,,,,,,,,,0.00,,,,,,,,
,Total GAC Shipping Ltd,,,,,,,,,,,,,,,,,,,,,,,,,,,,,0.00,,0.00,,,,,,
,Gadgetbox,,,,,,,,,,,,,,,,,,,,,,,,,,,,,0.00,,,,,,,,
,,,,Invoice,,10/25/2024,,AS010326,,,,,,Accounts Receivable,,Sal:RS,,AR,,Paid,,,,,,,,"316,365.00",,"316,365.00",,0.00,,,,,,0.00
,,,,Invoice,,06/20/2025,,AS010664,,,,,,Accounts Receivable,,Sal:RS,,AR,,Paid,,,,,,,,"24,090.00",,"340,455.00",,0.00,,,,,,0.00
,,,,Invoice,,07/15/2025,,AS010705,,,,,,Accounts Receivable,,Sal:RS,,SM,,Paid,,,,,,,,"90,152.00",,"430,607.00",,0.00,,,,,,0.00
,,,,Invoice,,07/17/2025,,AS010711,,,,,,Accounts Receivable,,Sal:RS,,AD,,Paid,,,,,,,,"1,207,140.00",,"1,637,747.00",,0.00,,,,,,0.00
,,,,Invoice,,08/30/2025,,AS010783,,,,,,Accounts Receivable,,Sal:RS,,AD,,Paid,,,,,,,,"211,810.00",,"1,849,557.00",,0.00,,,,,,0.00
,,,,Invoice,,10/13/2025,,AS010842,,,,,,Accounts Receivable,,,,AR,,Paid,,,,,,,,"132,986.00",,"1,982,543.00",,0.00,,,,,,0.00
,,,,Payment,,11/17/2025,,Online TRF,,,,,,Accounts Receivable,,,,,,Paid,,Bank Deposit,,,,,,"-1,982,543.00",,0.00,,0.00,,,,,,0.00
,,,,Invoice,,11/20/2025,,AS010919,,,,,,Accounts Receivable,,,,AD,,Paid,,,,,,,,"41,300.00",,"41,300.00",,0.00,,,,,,0.00
,,,,Invoice,,12/08/2025,,AS010954,,,,,,Accounts Receivable,,Sal:RS,,AD,,Unpaid,,,,143,,,,"170,746.00",,"212,046.00",,0.00,,,,,,0.00
,,,,Payment,,01/26/2026,,PC Partner Gadget Ch,,,,,,Accounts Receivable,,,,,,Paid,,Bank Deposit,,,,,,"-208,000.00",,"4,046.00",,0.00,,,,,,0.00
,Total Gadgetbox,,,,,,,,,,,,,,,,,,,,,,,,,,,"4,046.00",,"4,046.00",,0.00,,,,,,
,Galle Face Hotel 1994 (Pvt) Ltd,,,,,,,,,,,,,,,,,,,,,,,,,,,,,0.00,,,,,,,,
,,,,Invoice,,04/02/2024,,AS010098,,,,,,Accounts Receivable,,Sal:EC,,SA,,Paid,,,,,,,,"104,430.00",,"104,430.00",,0.00,,,,,,0.00
,,,,Payment,,05/10/2024,,165848,,,,,,Accounts Receivable,,,,,,Paid,,Check,,,,,,"-104,430.00",,0.00,,0.00,,,,,,0.00
,,,,Invoice,,04/29/2026,,AS011166,,,,,,Accounts Receivable,,Sal:EC,,AD,,Unpaid,,,,1,,,,"146,320.00",,"146,320.00",,0.00,,,,,,0.00
,Total Galle Face Hotel 1994 (Pvt) Ltd,,,,,,,,,,,,,,,,,,,,,,,,,,,"146,320.00",,"146,320.00",,0.00,,,,,,
,Gem Island Investments pvt Ltd,,,,,,,,,,,,,,,,,,,,,,,,,,,,,0.00,,,,,,,,
,,,,Invoice,,08/26/2024,,AS010260,,,,,,Accounts Receivable,,Sal:EC,,AS,,Paid,,,,,,,,"132,160.00",,"132,160.00",,0.00,,,,,,0.00
,,,,Payment,,11/08/2024,,081472,,,,,,Accounts Receivable,,,,,,Paid,,Check,,,,,,"-132,160.00",,0.00,,0.00,,,,,,0.00
,Total Gem Island Investments pvt Ltd,,,,,,,,,,,,,,,,,,,,,,,,,,,0.00,,0.00,,0.00,,,,,,
,Genius Associates (Pvt) Ltd,,,,,,,,,,,,,,,,,,,,,,,,,,,,,0.00,,,,,,,,
,Total Genius Associates (Pvt) Ltd,,,,,,,,,,,,,,,,,,,,,,,,,,,,,0.00,,0.00,,,,,,
,Gennext (Pvt) Ltd,,,,,,,,,,,,,,,,,,,,,,,,,,,,,0.00,,,,,,,,
,,,,Invoice,,09/22/2025,,AS010810,,,,,,Accounts Receivable,,Sal:RS,,A,,Paid,,,,,,,,"541,221.75",,"541,221.75",,0.00,,,,,,0.00
,,,,Payment,,09/25/2025,,245412,,,,,,Accounts Receivable,,,,,,Paid,,Check,,,,,,"-541,221.75",,0.00,,0.00,,,,,,0.00
,Total Gennext (Pvt) Ltd,,,,,,,,,,,,,,,,,,,,,,,,,,,0.00,,0.00,,0.00,,,,,,
,Genuine Computer & Network Systems,,,,,,,,,,,,,,,,,,,,,,,,,,,,,-75.00,,,,,,,,
,Total Genuine Computer & Network Systems,,,,,,,,,,,,,,,,,,,,,,,,,,,,,-75.00,,0.00,,,,,,
,Geoinformatics International (Pvt.) Ltd.,,,,,,,,,,,,,,,,,,,,,,,,,,,,,0.00,,,,,,,,
,,,,Invoice,,01/31/2024,,AS010036,,,,,,Accounts Receivable,,Sal:EC,,AD,,Paid,,,,,,,,"7,500.00",,"7,500.00",,0.00,,,,,,0.00
,,,,Payment,,02/01/2024,,Cash,,,,,,Accounts Receivable,,,,,,Paid,,Cash,,,,,,"-7,500.00",,0.00,,0.00,,,,,,0.00
,,,,Invoice,,03/04/2024,,AS010063,,,,,,Accounts Receivable,,Sal:EC,,AD,,Unpaid,,,,787,,,,"126,000.00",,"126,000.00",,0.00,,,,,,0.00
,,,,Payment,,06/27/2024,,,,,,,,Accounts Receivable,,,,,,Paid,,Bank Deposit,,,,,,"-120,000.00",,"6,000.00",,0.00,,,,,,0.00
,Total Geoinformatics International (Pvt.) Ltd.,,,,,,,,,,,,,,,,,,,,,,,,,,,"6,000.00",,"6,000.00",,0.00,,,,,,
,Giga Foods (Pvt)  Ltd,,,,,,,,,,,,,,,,,,,,,,,,,,,,,0.00,,,,,,,,
,,,,Invoice,,01/16/2025,,AS010431,,,,,,Accounts Receivable,,Sal:RS,,AS,,Paid,,,,,,,,"896,800.00",,"896,800.00",,0.00,,,,,,0.00
,,,,Payment,,02/26/2025,,Online TRF,,,,,,Accounts Receivable,,,,,,Paid,,Bank Deposit,,,,,,"-896,800.00",,0.00,,0.00,,,,,,0.00
,,,,Invoice,,11/21/2025,,AS010921,,,,,,Accounts Receivable,,,,AR,,Paid,,,,,,,,"608,880.00",,"608,880.00",,0.00,,,,,,0.00
,,,,Payment,,11/29/2025,,Online TRF,,,,,,Accounts Receivable,,,,,,Paid,,Bank Deposit,,,,,,"-608,880.00",,0.00,,0.00,,,,,,0.00
,Total Giga Foods (Pvt)  Ltd,,,,,,,,,,,,,,,,,,,,,,,,,,,0.00,,0.00,,0.00,,,,,,
,GLC,,,,,,,,,,,,,,,,,,,,,,,,,,,,,0.00,,,,,,,,
,Total GLC,,,,,,,,,,,,,,,,,,,,,,,,,,,,,0.00,,0.00,,,,,,
,GLOBE GLASS (Pvt) Ltd.,,,,,,,,,,,,,,,,,,,,,,,,,,,,,0.00,,,,,,,,
,Total GLOBE GLASS (Pvt) Ltd.,,,,,,,,,,,,,,,,,,,,,,,,,,,,,0.00,,0.00,,,,,,
,GP Garments (Pvt) Ltd,,,,,,,,,,,,,,,,,,,,,,,,,,,,,0.00,,,,,,,,
,,,,Invoice,,01/26/2024,,AS010032,,,,,,Accounts Receivable,,Sal:EC,,A,,Paid,,,,,,,,"5,310.00",,"5,310.00",,0.00,,,,,,0.00
,,,,Payment,,02/01/2024,,,,,,,,Accounts Receivable,,,,,,Paid,,Bank Deposit,,,,,,"-5,310.00",,0.00,,0.00,,,,,,0.00
,,,,Invoice,,05/31/2024,,AS010150,,,,,,Accounts Receivable,,Sal:EC,,A,,Paid,,,,,,,,"70,800.00",,"70,800.00",,0.00,,,,,,0.00
,,,,Payment,,06/03/2024,,Online TRF,,,,,,Accounts Receivable,,,,,,Paid,,Bank Deposit,,,,,,"-70,800.00",,0.00,,0.00,,,,,,0.00
,Total GP Garments (Pvt) Ltd,,,,,,,,,,,,,,,,,,,,,,,,,,,0.00,,0.00,,0.00,,,,,,
,Grace Lanka Apperals (Pvt) Ltd,,,,,,,,,,,,,,,,,,,,,,,,,,,,,0.00,,,,,,,,
,,,,Invoice,,02/11/2025,,AS010477,,,,,,Accounts Receivable,,Sal:RS,,AS,,Paid,,,,,,,,"200,600.00",,"200,600.00",,0.00,,,,,,0.00
,,,,Payment,,02/28/2025,,,,,,,,Accounts Receivable,,,,,,Paid,,Check,,,,,,"-200,600.00",,0.00,,0.00,,,,,,0.00
,,,,Invoice,,12/06/2025,,AS010950,,,,,,Accounts Receivable,,Sal:EC,,AS,,Paid,,,,,,,,"103,840.00",,"103,840.00",,0.00,,,,,,0.00
,,,,Payment,,12/31/2025,,Chq Deposit,,,,,,Accounts Receivable,,,,,,Paid,,Bank Deposit,,,,,,"-103,840.00",,0.00,,0.00,,,,,,0.00
,Total Grace Lanka Apperals (Pvt) Ltd,,,,,,,,,,,,,,,,,,,,,,,,,,,0.00,,0.00,,0.00,,,,,,
,Green City Global (pvt) Ltd,,,,,,,,,,,,,,,,,,,,,,,,,,,,,0.00,,,,,,,,
,,,,Invoice,,08/27/2025,,AS010778,,,,,,Accounts Receivable,,Sal:RS,,AR,,Paid,,,,,,,,"305,160.00",,"305,160.00",,0.00,,,,,,0.00
,,,,Invoice,,08/28/2025,,AS010780,,,,,,Accounts Receivable,,Sal:RS,,AR,,Paid,,,,,,,,"133,340.00",,"438,500.00",,0.00,,,,,,0.00
,,,,Invoice,,09/03/2025,,AS010786,,,,,,Accounts Receivable,,Sal:RS,,AR,,Paid,,,,,,,,"53,100.00",,"491,600.00",,0.00,,,,,,0.00
,,,,Payment,,09/19/2025,,757827,,,,,,Accounts Receivable,,,,,,Paid,,Check,,,,,,"-179,130.00",,"312,470.00",,0.00,,,,,,0.00
,,,,Payment,,09/19/2025,,757828,,,,,,Accounts Receivable,,,,,,Paid,,Check,,,,,,"-179,130.00",,"133,340.00",,0.00,,,,,,0.00
,,,,Credit Memo,,09/26/2025,,AS00116,,,,,,Accounts Receivable,,Sal:RS,,,,Paid,,,,,,,,"-133,340.00",,0.00,,0.00,,,,,,0.00
,,,,Invoice,,10/02/2025,,AS010834,,,,,,Accounts Receivable,,Sal:RS,,AR,,Paid,,,,,,,,"92,000.00",,"92,000.00",,0.00,,,,,,0.00
,,,,Invoice,,10/09/2025,,AS010838,,,,,,Accounts Receivable,,Sal:RS,,AR,,Paid,,,,,,,,"184,000.00",,"276,000.00",,0.00,,,,,,0.00
,,,,Invoice,,10/14/2025,,AS010844,,,,,,Accounts Receivable,,,,AR,,Paid,,,,,,,,"92,000.00",,"368,000.00",,0.00,,,,,,0.00
,,,,Invoice,,11/20/2025,,AS010920,,,,,,Accounts Receivable,,,,AR,,Paid,,,,,,,,"179,000.00",,"547,000.00",,0.00,,,,,,0.00
,,,,Invoice,,12/18/2025,,AS010973,,,,,,Accounts Receivable,,,,AR,,Paid,,,,,,,,"167,560.00",,"714,560.00",,0.00,,,,,,0.00
,,,,Payment,,01/09/2026,,768322,,,,,,Accounts Receivable,,,,,,Paid,,Check,,,,,,"-368,000.00",,"346,560.00",,0.00,,,,,,0.00
,,,,General Journal,,01/28/2026,,,,,,,,Accounts Receivable,,,,,,Paid,,,,,,,,"368,000.00",,"714,560.00",,0.00,,,,,,0.00
,,,,Payment,,02/28/2026,,Online TRF,,,,,,Accounts Receivable,,,,,,Paid,,Bank Deposit,,,,,,"-200,000.00",,"514,560.00",,0.00,,,,,,0.00
,,,,Payment,,03/13/2026,,Cash,,,,,,Accounts Receivable,,,,,,Paid,,Cash,,,,,,"-514,560.00",,0.00,,0.00,,,,,,0.00
,,,,Invoice,,03/14/2026,,AS011097,,,,,,Accounts Receivable,,,,AR,,Paid,,,,,,,,"220,800.00",,"220,800.00",,0.00,,,,,,0.00
,,,,Payment,,03/14/2026,,AS011097,,,,,,Accounts Receivable,,,,,,Paid,,Cash,,,,,,"-220,800.00",,0.00,,0.00,,,,,,0.00
,Total Green City Global (pvt) Ltd,,,,,,,,,,,,,,,,,,,,,,,,,,,0.00,,0.00,,0.00,,,,,,
,Green Digital Technologies (Pvt) Ltd,,,,,,,,,,,,,,,,,,,,,,,,,,,,,0.00,,,,,,,,
,,,,Invoice,,01/23/2025,,AS010452,,,,,,Accounts Receivable,,Sal:EC,,AR,,Paid,,,,,,,,"18,600.00",,"18,600.00",,0.00,,,,,,0.00
,,,,Payment,,01/23/2025,,Cash,,,,,,Accounts Receivable,,,,,,Paid,,Cash,,,,,,"-18,600.00",,0.00,,0.00,,,,,,0.00
,,,,Invoice,,07/14/2025,,AS010704,,,,,,Accounts Receivable,,Sal:RS,,AR,,Paid,,,,,,,,"6,000.00",,"6,000.00",,0.00,,,,,,0.00
,,,,Payment,,07/15/2025,,On;line TRF,,,,,,Accounts Receivable,,,,,,Paid,,Bank Deposit,,,,,,"-6,000.00",,0.00,,0.00,,,,,,0.00
,,,,Invoice,,10/23/2025,,AS010861,,,,,,Accounts Receivable,,,,AR,,Paid,,,,,,,,"201,000.00",,"201,000.00",,0.00,,,,,,0.00
,,,,Payment,,10/23/2025,,Cash,,,,,,Accounts Receivable,,,,,,Paid,,Cash,,,,,,"-201,000.00",,0.00,,0.00,,,,,,0.00
,,,,Invoice,,10/24/2025,,AS010864,,,,,,Accounts Receivable,,,,AR,,Paid,,,,,,,,"40,000.00",,"40,000.00",,0.00,,,,,,0.00
,,,,Invoice,,10/27/2025,,AS010868,,,,,,Accounts Receivable,,,,AR,,Paid,,,,,,,,"240,000.00",,"280,000.00",,0.00,,,,,,0.00
,,,,Invoice,,10/27/2025,,AS010869,,,,,,Accounts Receivable,,Sal:RS,,AR,,Paid,,,,,,,,"40,000.00",,"320,000.00",,0.00,,,,,,0.00
,,,,Payment,,10/27/2025,,Cash,,,,,,Accounts Receivable,,,,,,Paid,,Cash,,,,,,"-280,000.00",,"40,000.00",,0.00,,,,,,0.00
,,,,Credit Memo,,12/30/2025,,AS00123,,,,,,Accounts Receivable,,Sal:RS,,,,Paid,,,,,,,,"-40,000.00",,0.00,,0.00,,,,,,0.00
,,,,Invoice,,02/16/2026,,AS011065,,,,,,Accounts Receivable,,,,AR,,Paid,,,,,,,,"60,000.00",,"60,000.00",,0.00,,,,,,0.00
,,,,Invoice,,02/16/2026,,AS011066,,,,,,Accounts Receivable,,,,AR,,Paid,,,,,,,,"60,000.00",,"120,000.00",,0.00,,,,,,0.00
,,,,Credit Memo,,03/03/2026,,AS00126,,,,,,Accounts Receivable,,,,,,Paid,,,,,,,,"-60,000.00",,"60,000.00",,0.00,,,,,,0.00
,,,,Credit Memo,,03/03/2026,,AS00127,,,,,,Accounts Receivable,,,,,,Paid,,,,,,,,"-60,000.00",,0.00,,0.00,,,,,,0.00
,,,,Invoice,,04/27/2026,,AS011163,,,,,,Accounts Receivable,,,,AR,,Unpaid,,,,3,,,,"16,200.00",,"16,200.00",,0.00,,,,,,0.00
,Total Green Digital Technologies (Pvt) Ltd,,,,,,,,,,,,,,,,,,,,,,,,,,,"16,200.00",,"16,200.00",,0.00,,,,,,
,GRS Management & Secretary Service (Pvt),,,,,,,,,,,,,,,,,,,,,,,,,,,,,0.00,,,,,,,,
,Total GRS Management & Secretary Service (Pvt),,,,,,,,,,,,,,,,,,,,,,,,,,,,,0.00,,0.00,,,,,,
,GSM Cellular Service Center,,,,,,,,,,,,,,,,,,,,,,,,,,,,,0.00,,,,,,,,
,Total GSM Cellular Service Center,,,,,,,,,,,,,,,,,,,,,,,,,,,,,0.00,,0.00,,,,,,
,GTS Technology Solutions (pvt) Ltd,,,,,,,,,,,,,,,,,,,,,,,,,,,,,0.00,,,,,,,,
,,,,Invoice,,08/22/2025,,AS010772,,,,,,Accounts Receivable,,Sal:RS,,A,,Paid,,,,,,,,"383,514.75",,"383,514.75",,0.00,,,,,,0.00
,,,,Payment,,08/25/2025,,791107,,,,,,Accounts Receivable,,,,,,Paid,,Check,,,,,,"-383,514.75",,0.00,,0.00,,,,,,0.00
,,,,Payment,,09/16/2025,,791112,,,,,,Accounts Receivable,,,,,,Paid,,Check,,,,,,"-524,495.25",,"-524,495.25",,0.00,,,,,,0.00
,,,,Invoice,,09/29/2025,,AS010829,,,,,,Accounts Receivable,,Sal:RS,,A,,Paid,,,,,,,,"524,495.25",,0.00,,0.00,,,,,,0.00
,,,,Invoice,,11/06/2025,,AS010889,,,,,,Accounts Receivable,,Sal:RS,,A,,Paid,,,,,,,,"375,151.50",,"375,151.50",,0.00,,,,,,0.00
,,,,Payment,,11/12/2025,,791118,,,,,,Accounts Receivable,,,,,,Paid,,Check,,,,,,"-375,151.50",,0.00,,0.00,,,,,,0.00
,,,,Invoice,,12/01/2025,,AS010940,,,,,,Accounts Receivable,,,,A,,Paid,,,,,,,,"250,897.50",,"250,897.50",,0.00,,,,,,0.00
,,,,Payment,,12/09/2025,,791120,,,,,,Accounts Receivable,,,,,,Paid,,Check,,,,,,"-250,897.50",,0.00,,0.00,,,,,,0.00
,,,,Invoice,,04/06/2026,,AS011139,,,,,,Accounts Receivable,,,,A,,Paid,,,,,,,,"1,071,440.00",,"1,071,440.00",,0.00,,,,,,0.00
,,,,Payment,,04/06/2026,,791141,,,,,,Accounts Receivable,,,,,,Paid,,Check,,,,,,"-1,071,440.00",,0.00,,0.00,,,,,,0.00
,Total GTS Technology Solutions (pvt) Ltd,,,,,,,,,,,,,,,,,,,,,,,,,,,0.00,,0.00,,0.00,,,,,,
,Haat Holdings (Pvt) Ltd,,,,,,,,,,,,,,,,,,,,,,,,,,,,,"230,950.00",,,,,,,,
,Total Haat Holdings (Pvt) Ltd,,,,,,,,,,,,,,,,,,,,,,,,,,,,,"230,950.00",,0.00,,,,,,
,Haggai Tourist Bangalow,,,,,,,,,,,,,,,,,,,,,,,,,,,,,0.00,,,,,,,,
,,,,Invoice,,03/03/2025,,AS010515,,,,,,Accounts Receivable,,Sal:EC,,AD,,Paid,,,,,,,,"17,110.00",,"17,110.00",,0.00,,,,,,0.00
,,,,Payment,,06/11/2025,,Online TRF,,,,,,Accounts Receivable,,,,,,Paid,,Bank Deposit,,,,,,"-17,110.00",,0.00,,0.00,,,,,,0.00
,Total Haggai Tourist Bangalow,,,,,,,,,,,,,,,,,,,,,,,,,,,0.00,,0.00,,0.00,,,,,,
,Harsh Perera,,,,,,,,,,,,,,,,,,,,,,,,,,,,,0.00,,,,,,,,
,,,,Invoice,,01/17/2025,,AS010433,,,,,,Accounts Receivable,,Sal:EC,,AD,,Paid,,,,,,,,"5,310.00",,"5,310.00",,0.00,,,,,,0.00
,,,,Payment,,01/17/2025,,Cash,,,,,,Accounts Receivable,,,,,,Paid,,Cash,,,,,,"-5,310.00",,0.00,,0.00,,,,,,0.00
,Total Harsh Perera,,,,,,,,,,,,,,,,,,,,,,,,,,,0.00,,0.00,,0.00,,,,,,
,Hayleys,,,,,,,,,,,,,,,,,,,,,,,,,,,,,0.00,,,,,,,,
,Total Hayleys,,,,,,,,,,,,,,,,,,,,,,,,,,,,,0.00,,0.00,,,,,,
,HEMSONS INTERNATIONAL (Pte) Ltd,,,,,,,,,,,,,,,,,,,,,,,,,,,,,0.00,,,,,,,,
,,,,Invoice,,04/05/2024,,AS010101,,,,,,Accounts Receivable,,Sal:RS,,A,,Paid,,,,,,,,"56,640.00",,"56,640.00",,0.00,,,,,,0.00
,,,,Payment,,04/05/2024,,529295,,,,,,Accounts Receivable,,,,,,Paid,,Check,,,,,,"-56,640.00",,0.00,,0.00,,,,,,0.00
,,,,Invoice,,05/22/2024,,AS010144,,,,,,Accounts Receivable,,Sal:EC,,A,,Paid,,,,,,,,"51,920.00",,"51,920.00",,0.00,,,,,,0.00
,,,,Payment,,05/28/2024,,529488,,,,,,Accounts Receivable,,,,,,Paid,,Bank Deposit,,,,,,"-51,920.00",,0.00,,0.00,,,,,,0.00
,,,,Invoice,,06/03/2024,,AS010158,,,,,,Accounts Receivable,,Sal:RS,,A,,Paid,,,,,,,,"51,920.00",,"51,920.00",,0.00,,,,,,0.00
,,,,Payment,,06/07/2024,,529576,,,,,,Accounts Receivable,,,,,,Paid,,Check,,,,,,"-51,920.00",,0.00,,0.00,,,,,,0.00
,,,,Invoice,,07/03/2024,,AS010200,,,,,,Accounts Receivable,,Sal:EC,,A,,Paid,,,,,,,,"51,920.00",,"51,920.00",,0.00,,,,,,0.00
,,,,Payment,,07/03/2024,,529738,,,,,,Accounts Receivable,,,,,,Paid,,Check,,,,,,"-51,920.00",,0.00,,0.00,,,,,,0.00
,Total HEMSONS INTERNATIONAL (Pte) Ltd,,,,,,,,,,,,,,,,,,,,,,,,,,,0.00,,0.00,,0.00,,,,,,
,Hexar Evolution (Pvt) Ltd,,,,,,,,,,,,,,,,,,,,,,,,,,,,,0.00,,,,,,,,
,,,,Invoice,,09/13/2024,,AS010282,,,,,,Accounts Receivable,,Sal:RS,,SM,,Paid,,,,,,,,"247,800.00",,"247,800.00",,0.00,,,,,,0.00
,,,,Payment,,10/01/2024,,Online TRF,,,,,,Accounts Receivable,,,,,,Paid,,Bank Deposit,,,,,,"-247,800.00",,0.00,,0.00,,,,,,0.00
,,,,Invoice,,11/18/2024,,AS010357,,,,,,Accounts Receivable,,Sal:RS,,AD,,Paid,,,,,,,,"401,200.00",,"401,200.00",,0.00,,,,,,0.00
,,,,Payment,,12/04/2024,,online TRF,,,,,,Accounts Receivable,,,,,,Paid,,Bank Deposit,,,,,,"-401,200.00",,0.00,,0.00,,,,,,0.00
,,,,Invoice,,12/06/2024,,AS010381,,,,,,Accounts Receivable,,Sal:RS,,AD,,Paid,,,,,,,,"443,680.00",,"443,680.00",,0.00,,,,,,0.00
,,,,Invoice,,12/06/2024,,AS010382,,,,,,Accounts Receivable,,Sal:RS,,AD,,Paid,,,,,,,,"23,600.00",,"467,280.00",,0.00,,,,,,0.00
,,,,Payment,,01/07/2025,,online TRF,,,,,,Accounts Receivable,,,,,,Paid,,Bank Deposit,,,,,,"-467,280.00",,0.00,,0.00,,,,,,0.00
,,,,Invoice,,01/20/2025,,AS010444,,,,,,Accounts Receivable,,Sal:RS,,AD,,Paid,,,,,,,,"224,200.00",,"224,200.00",,0.00,,,,,,0.00
,,,,Payment,,02/25/2025,,Online TRF,,,,,,Accounts Receivable,,,,,,Paid,,Bank Deposit,,,,,,"-224,200.00",,0.00,,0.00,,,,,,0.00
,,,,Invoice,,04/17/2025,,AS010568,,,,,,Accounts Receivable,,Sal:RS,,AD,,Paid,,,,,,,,"1,286,200.00",,"1,286,200.00",,0.00,,,,,,0.00
,,,,Payment,,05/07/2025,,Online TRF,,,,,,Accounts Receivable,,,,,,Paid,,Bank Deposit,,,,,,"-1,286,200.00",,0.00,,0.00,,,,,,0.00
,,,,Invoice,,10/14/2025,,AS010847,,,,,,Accounts Receivable,,Sal:RS,,AD,,Paid,,,,,,,,"247,800.00",,"247,800.00",,0.00,,,,,,0.00
,,,,Payment,,10/29/2025,,Online TRF,,,,,,Accounts Receivable,,,,,,Paid,,Bank Deposit,,,,,,"-247,800.00",,0.00,,0.00,,,,,,0.00
,,,,Invoice,,03/30/2026,,AS011131,,,,,,Accounts Receivable,,,,AD,,Paid,,,,,,,,"520,380.00",,"520,380.00",,0.00,,,,,,0.00
,,,,Payment,,04/28/2026,,Online TRF,,,,,,Accounts Receivable,,,,,,Paid,,Bank Deposit,,,,,,"-520,380.00",,0.00,,0.00,,,,,,0.00
,Total Hexar Evolution (Pvt) Ltd,,,,,,,,,,,,,,,,,,,,,,,,,,,0.00,,0.00,,0.00,,,,,,
,Hiran Wickramanayake,,,,,,,,,,,,,,,,,,,,,,,,,,,,,0.00,,,,,,,,
,Total Hiran Wickramanayake,,,,,,,,,,,,,,,,,,,,,,,,,,,,,0.00,,0.00,,,,,,
,HORANA PLANTATIONS PLC,,,,,,,,,,,,,,,,,,,,,,,,,,,,,0.00,,,,,,,,
,,,,Invoice,,07/22/2024,,AS010218,,,,,,Accounts Receivable,,Sal:EC,,A,,Paid,,,,,,,,"76,700.00",,"76,700.00",,0.00,,,,,,0.00
,,,,Payment,,09/10/2024,,732718,,,,,,Accounts Receivable,,,,,,Paid,,Check,,,,,,"-76,700.00",,0.00,,0.00,,,,,,0.00
,Total HORANA PLANTATIONS PLC,,,,,,,,,,,,,,,,,,,,,,,,,,,0.00,,0.00,,0.00,,,,,,
,I - Net Systems & Solutions (Pvt) Ltd,,,,,,,,,,,,,,,,,,,,,,,,,,,,,"38,500.00",,,,,,,,
,,,,Payment,,02/07/2024,,115698,,,,,,Accounts Receivable,,,,,,Paid,,Check,,,,,,"-38,500.00",,0.00,,0.00,,,,,,0.00
,Total I - Net Systems & Solutions (Pvt) Ltd,,,,,,,,,,,,,,,,,,,,,,,,,,,"-38,500.00",,0.00,,0.00,,,,,,
,I M Solutions,,,,,,,,,,,,,,,,,,,,,,,,,,,,,0.00,,,,,,,,
,,,,Invoice,,02/19/2024,,AS010050,,,,,,Accounts Receivable,,Sal:RS,,AD,,Paid,,,,,,,,"50,740.00",,"50,740.00",,0.00,,,,,,0.00
,,,,Payment,,02/28/2024,,Online TRF,,,,,,Accounts Receivable,,,,,,Paid,,Bank Deposit,,,,,,"-50,740.00",,0.00,,0.00,,,,,,0.00
,,,,Invoice,,01/27/2025,,AS010456,,,,,,Accounts Receivable,,Sal:RS,,AD,,Paid,,,,,,,,"73,160.00",,"73,160.00",,0.00,,,,,,0.00
,,,,Payment,,03/05/2025,,Online TRF,,,,,,Accounts Receivable,,,,,,Paid,,Bank Deposit,,,,,,"-73,160.00",,0.00,,0.00,,,,,,0.00
,,,,Invoice,,05/02/2025,,AS010592,,,,,,Accounts Receivable,,Sal:RS,,AD,,Paid,,,,,,,,"146,320.00",,"146,320.00",,0.00,,,,,,0.00
,,,,Payment,,06/05/2025,,Online TRF,,,,,,Accounts Receivable,,,,,,Paid,,Bank Deposit,,,,,,"-146,320.00",,0.00,,0.00,,,,,,0.00
,,,,Invoice,,06/06/2025,,AS010638,,,,,,Accounts Receivable,,Sal:RS,,AD,,Paid,,,,,,,,"70,800.00",,"70,800.00",,0.00,,,,,,0.00
,,,,Invoice,,06/25/2025,,AS010669,,,,,,Accounts Receivable,,Sal:RS,,AD,,Paid,,,,,,,,"73,160.00",,"143,960.00",,0.00,,,,,,0.00
,,,,Payment,,06/25/2025,,Online TRF,,,,,,Accounts Receivable,,,,,,Paid,,Bank Deposit,,,,,,"-70,800.00",,"73,160.00",,0.00,,,,,,0.00
,,,,Invoice,,08/04/2025,,AS010741,,,,,,Accounts Receivable,,Sal:RS,,AD,,Paid,,,,,,,,"198,240.00",,"271,400.00",,0.00,,,,,,0.00
,,,,Payment,,08/07/2025,,Online TRF,,,,,,Accounts Receivable,,,,,,Paid,,Bank Deposit,,,,,,"-73,160.00",,"198,240.00",,0.00,,,,,,0.00
,,,,Invoice,,09/08/2025,,AS010792,,,,,,Accounts Receivable,,Sal:RS,,AD,,Paid,,,,,,,,"219,480.00",,"417,720.00",,0.00,,,,,,0.00
,,,,Payment,,09/08/2025,,Online TRF,,,,,,Accounts Receivable,,,,,,Paid,,Bank Deposit,,,,,,"-198,240.00",,"219,480.00",,0.00,,,,,,0.00
,,,,Payment,,10/31/2025,,Online TRF,,,,,,Accounts Receivable,,,,,,Paid,,Bank Deposit,,,,,,"-219,480.00",,0.00,,0.00,,,,,,0.00
,,,,Invoice,,02/21/2026,,AS011074,,,,,,Accounts Receivable,,,,AD,,Paid,,,,,,,,"102,636.40",,"102,636.40",,0.00,,,,,,0.00
,,,,Credit Memo,,03/05/2026,,AS00128,,,,,,Accounts Receivable,,,,,,Paid,,,,,,,,"-102,636.40",,0.00,,0.00,,,,,,0.00
,Total I M Solutions,,,,,,,,,,,,,,,,,,,,,,,,,,,0.00,,0.00,,0.00,,,,,,
,I7 Computers,,,,,,,,,,,,,,,,,,,,,,,,,,,,,0.00,,,,,,,,
,,,,Invoice,,12/03/2025,,AS010947,,,,,,Accounts Receivable,,,,AD,,Paid,,,,,,,,"109,740.00",,"109,740.00",,0.00,,,,,,0.00
,,,,Payment,,12/03/2025,,Online TRF,,,,,,Accounts Receivable,,,,,,Paid,,Bank Deposit,,,,,,"-109,740.00",,0.00,,0.00,,,,,,0.00
,Total I7 Computers,,,,,,,,,,,,,,,,,,,,,,,,,,,0.00,,0.00,,0.00,,,,,,
,ICC Inernational Construction Consortium,,,,,,,,,,,,,,,,,,,,,,,,,,,,,"42,700.00",,,,,,,,
,,,,Payment,,01/19/2024,,828363,,,,,,Accounts Receivable,,,,,,Paid,,Check,,,,,,"-5,000.00",,"37,700.00",,0.00,,,,,,0.00
,,,,Payment,,01/19/2024,,828870,,,,,,Accounts Receivable,,,,,,Paid,,Check,,,,,,"-37,675.00",,25.00,,0.00,,,,,,0.00
,,,,Discount,,01/19/2024,,828870,,,,,,Accounts Receivable,,,,,,Paid,,Check,,,,,,-25.00,,0.00,,0.00,,,,,,0.00
,,,,Invoice,,03/22/2024,,AS010088,,,,,,Accounts Receivable,,Sal:RS,,AD,,Paid,,,,,,,,"13,452.00",,"13,452.00",,0.00,,,,,,0.00
,,,,Payment,,05/10/2024,,224258,,,,,,Accounts Receivable,,,,,,Paid,,Check,,,,,,"-13,452.00",,0.00,,0.00,,,,,,0.00
,,,,Invoice,,07/02/2024,,AS010198,,,,,,Accounts Receivable,,Sal:RS,,AD,,Paid,,,,,,,,"12,980.00",,"12,980.00",,0.00,,,,,,0.00
,,,,Payment,,08/09/2024,,569759,,,,,,Accounts Receivable,,,,,,Paid,,Check,,,,,,"-12,980.00",,0.00,,0.00,,,,,,0.00
,,,,Invoice,,09/12/2024,,AS010278,,,,,,Accounts Receivable,,Sal:RS,,AD,,Paid,,,,,,,,"12,980.00",,"12,980.00",,0.00,,,,,,0.00
,,,,Payment,,10/24/2024,,835368,,,,,,Accounts Receivable,,,,,,Paid,,Check,,,,,,"-12,980.00",,0.00,,0.00,,,,,,0.00
,,,,Invoice,,11/07/2024,,AS010342,,,,,,Accounts Receivable,,Sal:RS,,AD,,Paid,,,,,,,,"19,470.00",,"19,470.00",,0.00,,,,,,0.00
,,,,Invoice,,11/07/2024,,AS010343,,,,,,Accounts Receivable,,Sal:RS,,AD,,Paid,,,,,,,,"6,490.00",,"25,960.00",,0.00,,,,,,0.00
,,,,Invoice,,12/19/2024,,AS010400,,,,,,Accounts Receivable,,Sal:EC,,AD,,Paid,,,,,,,,"29,500.00",,"55,460.00",,0.00,,,,,,0.00
,,,,Payment,,01/03/2025,,960094,,,,,,Accounts Receivable,,,,,,Paid,,Check,,,,,,"-25,960.00",,"29,500.00",,0.00,,,,,,0.00
,,,,Payment,,05/22/2025,,258107,,,,,,Accounts Receivable,,,,,,Paid,,Check,,,,,,"-29,500.00",,0.00,,0.00,,,,,,0.00
,,,,Invoice,,06/12/2025,,AS010644,,,,,,Accounts Receivable,,Sal:EC,,AD,,Paid,,,,,,,,"55,460.00",,"55,460.00",,0.00,,,,,,0.00
,,,,Invoice,,06/19/2025,,AS010658,,,,,,Accounts Receivable,,Sal:RS,,AD,,Paid,,,,,,,,"46,610.00",,"102,070.00",,0.00,,,,,,0.00
,,,,Invoice,,07/24/2025,,AS010725,,,,,,Accounts Receivable,,Sal:EC,,AD,,Paid,,,,,,,,"46,020.00",,"148,090.00",,0.00,,,,,,0.00
,,,,Payment,,07/25/2025,,595325,,,,,,Accounts Receivable,,,,,,Paid,,Check,,,,,,"-46,610.00",,"101,480.00",,0.00,,,,,,0.00
,,,,Payment,,08/15/2025,,595996,,,,,,Accounts Receivable,,,,,,Paid,,Check,,,,,,"-55,460.00",,"46,020.00",,0.00,,,,,,0.00
,,,,Payment,,09/19/2025,,731557,,,,,,Accounts Receivable,,,,,,Paid,,Check,,,,,,"-46,020.00",,0.00,,0.00,,,,,,0.00
,,,,Invoice,,04/21/2026,,AS011147,,,,,,Accounts Receivable,,,,AD,,Unpaid,,,,9,,,,"15,930.00",,"15,930.00",,0.00,,,,,,0.00
,Total ICC Inernational Construction Consortium,,,,,,,,,,,,,,,,,,,,,,,,,,,"-26,770.00",,"15,930.00",,0.00,,,,,,
,IDawn Technologies,,,,,,,,,,,,,,,,,,,,,,,,,,,,,0.00,,,,,,,,
,,,,Invoice,,12/26/2024,,AS010411,,,,,,Accounts Receivable,,Sal:RS,,A,,Paid,,,,,,,,"50,740.00",,"50,740.00",,0.00,,,,,,0.00
,,,,Payment,,12/30/2024,,986708,,,,,,Accounts Receivable,,,,,,Paid,,Check,,,,,,"-50,740.00",,0.00,,0.00,,,,,,0.00
,Total IDawn Technologies,,,,,,,,,,,,,,,,,,,,,,,,,,,0.00,,0.00,,0.00,,,,,,
,Ideal Finance Ltd,,,,,,,,,,,,,,,,,,,,,,,,,,,,,0.00,,,,,,,,
,,,,Invoice,,12/26/2024,,AS010413,,,,,,Accounts Receivable,,Sal:RS,,A,,Paid,,,,,,,,"10,755.00",,"10,755.00",,0.00,,,,,,0.00
,,,,Invoice,,12/26/2024,,AS010414,,,,,,Accounts Receivable,,Sal:RS,,A,,Paid,,,,,,,,"29,500.00",,"40,255.00",,0.00,,,,,,0.00
,,,,Invoice,,01/02/2025,,AS010419,,,,,,Accounts Receivable,,Sal:RS,,A,,Paid,,,,,,,,"29,500.00",,"69,755.00",,0.00,,,,,,0.00
,,,,Payment,,02/06/2025,,924108,,,,,,Accounts Receivable,,,,,,Paid,,Check,,,,,,"-40,255.00",,"29,500.00",,0.00,,,,,,0.00
,,,,Invoice,,02/26/2025,,AS010509,,,,,,Accounts Receivable,,Sal:RS,,A,,Paid,,,,,,,,"73,750.00",,"103,250.00",,0.00,,,,,,0.00
,,,,Invoice,,03/04/2025,,AS010516,,,,,,Accounts Receivable,,Sal:RS,,A,,Paid,,,,,,,,"14,750.00",,"118,000.00",,0.00,,,,,,0.00
,,,,Payment,,04/08/2025,,924769,,,,,,Accounts Receivable,,,,,,Paid,,Check,,,,,,"-14,750.00",,"103,250.00",,0.00,,,,,,0.00
,,,,Payment,,04/08/2025,,924770,,,,,,Accounts Receivable,,,,,,Paid,,Check,,,,,,"-73,750.00",,"29,500.00",,0.00,,,,,,0.00
,,,,Payment,,05/20/2025,,,,,,,,Accounts Receivable,,,,,,Paid,,Check,,,,,,"-29,500.00",,0.00,,0.00,,,,,,0.00
,Total Ideal Finance Ltd,,,,,,,,,,,,,,,,,,,,,,,,,,,0.00,,0.00,,0.00,,,,,,
,Ideal Network System,,,,,,,,,,,,,,,,,,,,,,,,,,,,,0.00,,,,,,,,
,,,,Invoice,,11/25/2025,,AS010924,,,,,,Accounts Receivable,,,,AD,,Unpaid,,,,156,,,,"623,000.00",,"623,000.00",,0.00,,,,,,0.00
,,,,Payment,,01/09/2026,,Online TRF,,,,,,Accounts Receivable,,,,,,Paid,,Bank Deposit,,,,,,"-500,000.00",,"123,000.00",,0.00,,,,,,0.00
,Total Ideal Network System,,,,,,,,,,,,,,,,,,,,,,,,,,,"123,000.00",,"123,000.00",,0.00,,,,,,
,Illukkumbura Industrial,,,,,,,,,,,,,,,,,,,,,,,,,,,,,0.00,,,,,,,,
,,,,Invoice,,12/10/2024,,AS010388,,,,,,Accounts Receivable,,Sal:EC,,A,,Paid,,,,,,,,"65,490.00",,"65,490.00",,0.00,,,,,,0.00
,,,,Payment,,01/24/2025,,544440,,,,,,Accounts Receivable,,,,,,Paid,,Check,,,,,,"-65,490.00",,0.00,,0.00,,,,,,0.00
,Total Illukkumbura Industrial,,,,,,,,,,,,,,,,,,,,,,,,,,,0.00,,0.00,,0.00,,,,,,
,IME Lanka (Pvt) Ltd,,,,,,,,,,,,,,,,,,,,,,,,,,,,,0.00,,,,,,,,
,Total IME Lanka (Pvt) Ltd,,,,,,,,,,,,,,,,,,,,,,,,,,,,,0.00,,0.00,,,,,,
,IndexOne Technologies (Pvt) Limited,,,,,,,,,,,,,,,,,,,,,,,,,,,,,0.00,,,,,,,,
,Total IndexOne Technologies (Pvt) Limited,,,,,,,,,,,,,,,,,,,,,,,,,,,,,0.00,,0.00,,,,,,
,Infinity IT Solutions,,,,,,,,,,,,,,,,,,,,,,,,,,,,,0.00,,,,,,,,
,,,,Invoice,,06/12/2025,,AS010643,,,,,,Accounts Receivable,,Sal:EC,,AR,,Paid,,,,,,,,"42,400.00",,"42,400.00",,0.00,,,,,,0.00
,,,,Payment,,08/15/2025,,000255,,,,,,Accounts Receivable,,,,,,Paid,,Check,,,,,,"-42,400.00",,0.00,,0.00,,,,,,0.00
,Total Infinity IT Solutions,,,,,,,,,,,,,,,,,,,,,,,,,,,0.00,,0.00,,0.00,,,,,,
,Information Technologies & Enterprise Sol,,,,,,,,,,,,,,,,,,,,,,,,,,,,,0.00,,,,,,,,
,,,,Invoice,,10/02/2025,,AS010833,,,,,,Accounts Receivable,,Sal:RS,,A,,Paid,,,,,,,,"3,596,197.35",,"3,596,197.35",,0.00,,,,,,0.00
,,,,Payment,,10/02/2025,,Online TRF,,,,,,Accounts Receivable,,,,,,Paid,,Bank Deposit,,,,,,"-2,000,000.00",,"1,596,197.35",,0.00,,,,,,0.00
,,,,Payment,,10/03/2025,,444886,,,,,,Accounts Receivable,,,,,,Paid,,Check,,,,,,"-1,596,197.35",,0.00,,0.00,,,,,,0.00
,,,,Invoice,,01/30/2026,,AS011038,,,,,,Accounts Receivable,,Sal:RS,,A,,Paid,,,,,,,,"514,937.25",,"514,937.25",,0.00,,,,,,0.00
,,,,Payment,,02/03/2026,,Cash Deposit,,,,,,Accounts Receivable,,,,,,Unpaid,,Bank Deposit,,,,,,"-514,938.00",,-0.75,,0.00,,,,,,0.00
,,,,Invoice,,02/27/2026,,AS011078,,,,,,Accounts Receivable,,Sal:RS,,A,,Paid,,,,,,,,"2,237,766.78",,"2,237,766.03",,0.00,,,,,,0.00
,,,,Payment,,02/27/2026,,Cash,,,,,,Accounts Receivable,,,,,,Paid,,Cash,,,,,,"-1,118,883.38",,"1,118,882.65",,0.00,,,,,,0.00
,,,,Payment,,02/27/2026,,444930,,,,,,Accounts Receivable,,,,,,Paid,,Check,,,,,,"-1,118,883.38",,-0.73,,0.00,,,,,,0.00
,,,,Invoice,,03/19/2026,,AS011104,,,,,,Accounts Receivable,,,,A,,Paid,,,,,,,,"726,880.00",,"726,879.27",,0.00,,,,,,0.00
,,,,Payment,,03/19/2026,,online TRF,,,,,,Accounts Receivable,,,,,,Paid,,Cash,,,,,,"-363,440.00",,"363,439.27",,0.00,,,,,,0.00
,,,,Payment,,04/07/2026,,cash,,,,,,Accounts Receivable,,,,,,Paid,,Cash,,,,,,"-363,440.00",,-0.73,,0.00,,,,,,0.00
,,,,Payment,,04/30/2026,,,,,,,,Accounts Receivable,,,,,,Unpaid,,Bank Deposit,,,,,,-1.62,,-2.35,,0.00,,,,,,0.00
,Total Information Technologies & Enterprise Sol,,,,,,,,,,,,,,,,,,,,,,,,,,,-2.35,,-2.35,,0.00,,,,,,
,Intec Atebion,,,,,,,,,,,,,,,,,,,,,,,,,,,,,0.00,,,,,,,,
,Total Intec Atebion,,,,,,,,,,,,,,,,,,,,,,,,,,,,,0.00,,0.00,,,,,,
,Intek IT Solutions,,,,,,,,,,,,,,,,,,,,,,,,,,,,,0.00,,,,,,,,
,,,,Invoice,,03/10/2026,,AS011090,,,,,,Accounts Receivable,,,,AD,,Unpaid,,,,51,,,,"48,380.00",,"48,380.00",,0.00,,,,,,0.00
,,,,Invoice,,04/02/2026,,AS011135,,,,,,Accounts Receivable,,,,AD,,Unpaid,,,,28,,,,"53,100.00",,"101,480.00",,0.00,,,,,,0.00
,Total Intek IT Solutions,,,,,,,,,,,,,,,,,,,,,,,,,,,"101,480.00",,"101,480.00",,0.00,,,,,,
,Intelliglow Solutions (Pvt) Ltd,,,,,,,,,,,,,,,,,,,,,,,,,,,,,0.00,,,,,,,,
,,,,Payment,,06/26/2025,,,,,,,,Accounts Receivable,,,,,,Paid,,Bank Deposit,,,,,,"-1,890,094.00",,"-1,890,094.00",,0.00,,,,,,0.00
,,,,Invoice,,06/27/2025,,AS010674,,,,,,Accounts Receivable,,Sal:RS,,A,,Paid,,,,,,,,"1,266,435.00",,"-623,659.00",,0.00,,,,,,0.00
,,,,Invoice,,06/27/2025,,AS010675,,,,,,Accounts Receivable,,Sal:RS,,A,,Paid,,,,,,,,"2,513,754.00",,"1,890,095.00",,0.00,,,,,,0.00
,,,,Payment,,07/24/2025,,Online TRF,,,,,,Accounts Receivable,,,,,,Paid,,Bank Deposit,,,,,,"-1,890,095.00",,0.00,,0.00,,,,,,0.00
,Total Intelliglow Solutions (Pvt) Ltd,,,,,,,,,,,,,,,,,,,,,,,,,,,0.00,,0.00,,0.00,,,,,,
,IOM International Organization for Migrat,,,,,,,,,,,,,,,,,,,,,,,,,,,,,0.00,,,,,,,,
,Total IOM International Organization for Migrat,,,,,,,,,,,,,,,,,,,,,,,,,,,,,0.00,,0.00,,,,,,
,IPhonik (Pvt) Ltd,,,,,,,,,,,,,,,,,,,,,,,,,,,,,0.00,,,,,,,,
,,,,Invoice,,02/03/2025,,AS010471,,,,,,Accounts Receivable,,Sal:EC,,A,,Paid,,,,,,,,"50,740.00",,"50,740.00",,0.00,,,,,,0.00
,,,,Payment,,03/06/2025,,Online TRF,,,,,,Accounts Receivable,,,,,,Paid,,Bank Deposit,,,,,,"-50,740.00",,0.00,,0.00,,,,,,0.00
,Total IPhonik (Pvt) Ltd,,,,,,,,,,,,,,,,,,,,,,,,,,,0.00,,0.00,,0.00,,,,,,
,Isuru Udayanga.,,,,,,,,,,,,,,,,,,,,,,,,,,,,,0.00,,,,,,,,
,Total Isuru Udayanga.,,,,,,,,,,,,,,,,,,,,,,,,,,,,,0.00,,0.00,,,,,,
,IT Galaxy (Pvt) Ltd,,,,,,,,,,,,,,,,,,,,,,,,,,,,,"200,000.00",,,,,,,,
,,,,Payment,,01/29/2024,,525090,,,,,,Accounts Receivable,,,,,,Paid,,Check,,,,,,"-200,000.00",,0.00,,0.00,,,,,,0.00
,,,,Invoice,,05/03/2024,,AS010122,,,,,,Accounts Receivable,,Sal:RS,,SA,,Paid,,,,,,,,"476,720.00",,"476,720.00",,0.00,,,,,,0.00
,,,,Payment,,06/28/2024,,545451,,,,,,Accounts Receivable,,,,,,Paid,,Check,,,,,,"-476,720.00",,0.00,,0.00,,,,,,0.00
,,,,Invoice,,08/01/2024,,AS010233,,,,,,Accounts Receivable,,Sal:RS,,SA,,Paid,,,,,,,,"861,813.00",,"861,813.00",,0.00,,,,,,0.00
,,,,Payment,,09/02/2024,,557520,,,,,,Accounts Receivable,,,,,,Paid,,Check,,,,,,"-861,813.00",,0.00,,0.00,,,,,,0.00
,,,,Invoice,,01/23/2025,,AS010453,,,,,,Accounts Receivable,,Sal:RS,,AS,,Paid,,,,,,,,"136,880.00",,"136,880.00",,0.00,,,,,,0.00
,,,,Payment,,03/07/2025,,590679,,,,,,Accounts Receivable,,,,,,Paid,,Check,,,,,,"-136,880.00",,0.00,,0.00,,,,,,0.00
,Total IT Galaxy (Pvt) Ltd,,,,,,,,,,,,,,,,,,,,,,,,,,,"-200,000.00",,0.00,,0.00,,,,,,
,IT Shop,,,,,,,,,,,,,,,,,,,,,,,,,,,,,0.00,,,,,,,,
,,,,Invoice,,12/29/2025,,AS010992,,,,,,Accounts Receivable,,,,AD,,Paid,,,,,,,,"90,860.00",,"90,860.00",,0.00,,,,,,0.00
,,,,Invoice,,12/29/2025,,AS010994,,,,,,Accounts Receivable,,,,AD,,Paid,,,,,,,,"136,290.00",,"227,150.00",,0.00,,,,,,0.00
,,,,Payment,,01/08/2026,,112359,,,,,,Accounts Receivable,,,,,,Paid,,Check,,,,,,"-136,290.00",,"90,860.00",,0.00,,,,,,0.00
,,,,Payment,,01/08/2026,,112358,,,,,,Accounts Receivable,,,,,,Paid,,Check,,,,,,"-90,860.00",,0.00,,0.00,,,,,,0.00
,Total IT Shop,,,,,,,,,,,,,,,,,,,,,,,,,,,0.00,,0.00,,0.00,,,,,,
,IT Xpert (Pvt) Ltd,,,,,,,,,,,,,,,,,,,,,,,,,,,,,0.00,,,,,,,,
,Total IT Xpert (Pvt) Ltd,,,,,,,,,,,,,,,,,,,,,,,,,,,,,0.00,,0.00,,,,,,
,IT Xpert Distribution,,,,,,,,,,,,,,,,,,,,,,,,,,,,,0.00,,,,,,,,
,Total IT Xpert Distribution,,,,,,,,,,,,,,,,,,,,,,,,,,,,,0.00,,0.00,,,,,,
,ITs24x7,,,,,,,,,,,,,,,,,,,,,,,,,,,,,0.00,,,,,,,,
,Total ITs24x7,,,,,,,,,,,,,,,,,,,,,,,,,,,,,0.00,,0.00,,,,,,
,ITX360 (Pvt) Ltd,,,,,,,,,,,,,,,,,,,,,,,,,,,,,0.00,,,,,,,,
,Total ITX360 (Pvt) Ltd,,,,,,,,,,,,,,,,,,,,,,,,,,,,,0.00,,0.00,,,,,,
,J Teem Solutions,,,,,,,,,,,,,,,,,,,,,,,,,,,,,0.00,,,,,,,,
,,,,Invoice,,10/01/2025,,AS010832,,,,,,Accounts Receivable,,Sal:RS,,AR,,Paid,,,,,,,,"100,200.00",,"100,200.00",,0.00,,,,,,0.00
,,,,Payment,,11/12/2025,,583507,,,,,,Accounts Receivable,,,,,,Paid,,Check,,,,,,"-100,200.00",,0.00,,0.00,,,,,,0.00
,,,,Invoice,,02/06/2026,,AS011047,,,,,,Accounts Receivable,,Sal:RS,,AR,,Paid,,,,,,,,"18,800.00",,"18,800.00",,0.00,,,,,,0.00
,,,,Invoice,,03/18/2026,,AS011101,,,,,,Accounts Receivable,,,,AR,,Unpaid,,,,43,,,,"216,300.00",,"235,100.00",,0.00,,,,,,0.00
,,,,Payment,,04/09/2026,,Online TRF,,,,,,Accounts Receivable,,,,,,Paid,,Bank Deposit,,,,,,"-18,800.00",,"216,300.00",,0.00,,,,,,0.00
,Total J Teem Solutions,,,,,,,,,,,,,,,,,,,,,,,,,,,"216,300.00",,"216,300.00",,0.00,,,,,,
,J.F Packaging Limited,,,,,,,,,,,,,,,,,,,,,,,,,,,,,0.00,,,,,,,,
,Total J.F Packaging Limited,,,,,,,,,,,,,,,,,,,,,,,,,,,,,0.00,,0.00,,,,,,
,JAGRO (PVT) LTD,,,,,,,,,,,,,,,,,,,,,,,,,,,,,0.00,,,,,,,,
,,,,Invoice,,11/28/2024,,AS010370,,,,,,Accounts Receivable,,Sal:EC,,AS,,Paid,,,,,,,,"84,960.00",,"84,960.00",,0.00,,,,,,0.00
,,,,Payment,,12/03/2024,,Online TRF,,,,,,Accounts Receivable,,,,,,Paid,,Bank Deposit,,,,,,"-84,960.00",,0.00,,0.00,,,,,,0.00
,Total JAGRO (PVT) LTD,,,,,,,,,,,,,,,,,,,,,,,,,,,0.00,,0.00,,0.00,,,,,,
,Janaka Thushantha,,,,,,,,,,,,,,,,,,,,,,,,,,,,,0.00,,,,,,,,
,Total Janaka Thushantha,,,,,,,,,,,,,,,,,,,,,,,,,,,,,0.00,,0.00,,,,,,
,JAY JAY MILLS LANKA (PVT) LTD,,,,,,,,,,,,,,,,,,,,,,,,,,,,,"109,000.00",,,,,,,,
,,,,Invoice,,01/30/2024,,AS010035,,,,,,Accounts Receivable,,Sal:EC,,AS,,Paid,,,,,,,,"257,240.00",,"366,240.00",,0.00,,,,,,0.00
,,,,Payment,,02/19/2024,,Online TRF,,,,,,Accounts Receivable,,,,,,Paid,,Bank Deposit,,,,,,"-109,000.00",,"257,240.00",,0.00,,,,,,0.00
,,,,Payment,,03/18/2024,,Online TRF,,,,,,Accounts Receivable,,,,,,Paid,,Bank Deposit,,,,,,"-257,240.00",,0.00,,0.00,,,,,,0.00
,Total JAY JAY MILLS LANKA (PVT) LTD,,,,,,,,,,,,,,,,,,,,,,,,,,,"-109,000.00",,0.00,,0.00,,,,,,
,Jon Trepte,,,,,,,,,,,,,,,,,,,,,,,,,,,,,0.00,,,,,,,,
,Total Jon Trepte,,,,,,,,,,,,,,,,,,,,,,,,,,,,,0.00,,0.00,,,,,,
,Kandy General Hospital,,,,,,,,,,,,,,,,,,,,,,,,,,,,,"918,316.60",,,,,,,,
,,,,Payment,,01/17/2024,,798213,,,,,,Accounts Receivable,,,,,,Paid,,Check,,,,,,"-500,000.00",,"418,316.60",,0.00,,,,,,0.00
,,,,Payment,,11/01/2024,,798132,,,,,,Accounts Receivable,,,,,,Paid,,Check,,,,,,"-418,316.60",,0.00,,0.00,,,,,,0.00
,Total Kandy General Hospital,,,,,,,,,,,,,,,,,,,,,,,,,,,"-918,316.60",,0.00,,0.00,,,,,,
,Karvin Fernando Production,,,,,,,,,,,,,,,,,,,,,,,,,,,,,0.00,,,,,,,,
,Total Karvin Fernando Production,,,,,,,,,,,,,,,,,,,,,,,,,,,,,0.00,,0.00,,,,,,
,KBSL Information Technologies Ltd,,,,,,,,,,,,,,,,,,,,,,,,,,,,,"1,539,375.00",,,,,,,,
,,,,Payment,,01/12/2024,,196922,,,,,,Accounts Receivable,,,,,,Paid,,Check,,,,,,"-819,800.00",,"719,575.00",,0.00,,,,,,0.00
,,,,Payment,,01/12/2024,,196921,,,,,,Accounts Receivable,,,,,,Paid,,Check,,,,,,"-719,575.00",,0.00,,0.00,,,,,,0.00
,,,,Invoice,,02/09/2024,,AS010046,,,,,,Accounts Receivable,,Mnt,,AS,,Paid,,,,,,,,"1,830,463.20",,"1,830,463.20",,0.00,,,,,,0.00
,,,,Payment,,06/24/2024,,196979,,,,,,Accounts Receivable,,,,,,Paid,,Check,,,,,,"-1,830,463.20",,0.00,,0.00,,,,,,0.00
,,,,Invoice,,07/10/2024,,AS010208,,,,,,Accounts Receivable,,Sal:RS,,A,,Paid,,,,,,,,"2,373,275.00",,"2,373,275.00",,0.00,,,,,,0.00
,,,,Payment,,08/09/2024,,LC Payment,,,,,,Accounts Receivable,,,,,,Paid,,Bank Deposit,,,,,,"-2,373,275.00",,0.00,,0.00,,,,,,0.00
,,,,Invoice,,09/27/2024,,AS010295,,,,,,Accounts Receivable,,Sal:RS,,A,,Paid,,,,,,,,"51,920.00",,"51,920.00",,0.00,,,,,,0.00
,,,,Payment,,10/15/2024,,907090,,,,,,Accounts Receivable,,,,,,Paid,,Check,,,,,,"-51,920.00",,0.00,,0.00,,,,,,0.00
,,,,Invoice,,11/01/2024,,AS010332,,,,,,Accounts Receivable,,Sal:RS,,A,,Paid,,,,,,,,"201,780.00",,"201,780.00",,0.00,,,,,,0.00
,,,,Payment,,12/12/2024,,907162,,,,,,Accounts Receivable,,,,,,Paid,,Check,,,,,,"-201,780.00",,0.00,,0.00,,,,,,0.00
,,,,Invoice,,06/23/2025,,AS010665,,,,,,Accounts Receivable,,Sal:RS,,A,,Paid,,,,,,,,"771,248.00",,"771,248.00",,0.00,,,,,,0.00
,,,,Payment,,08/15/2025,,907278,,,,,,Accounts Receivable,,,,,,Paid,,Check,,,,,,"-771,248.00",,0.00,,0.00,,,,,,0.00
,,,,Invoice,,11/07/2025,,AS010892,,,,,,Accounts Receivable,,Sal:RS,,A,,Paid,,,,,,,,"221,840.00",,"221,840.00",,0.00,,,,,,0.00
,,,,Payment,,01/28/2026,,409620,,,,,,Accounts Receivable,,,,,,Paid,,Check,,,,,,"-221,840.00",,0.00,,0.00,,,,,,0.00
,,,,Invoice,,03/09/2026,,AS011088,,,,,,Accounts Receivable,,,,A,,Unpaid,,,,52,,,,"3,428,693.55",,"3,428,693.55",,0.00,,,,,,0.00
,Total KBSL Information Technologies Ltd,,,,,,,,,,,,,,,,,,,,,,,,,,,"1,889,318.55",,"3,428,693.55",,0.00,,,,,,
,Kect Impex (Pvt) Ltd,,,,,,,,,,,,,,,,,,,,,,,,,,,,,0.00,,,,,,,,
,Total Kect Impex (Pvt) Ltd,,,,,,,,,,,,,,,,,,,,,,,,,,,,,0.00,,0.00,,,,,,
,KRNS Contractor,,,,,,,,,,,,,,,,,,,,,,,,,,,,,0.00,,,,,,,,
,,,,Invoice,,07/11/2025,,AS010701,,,,,,Accounts Receivable,,Sal:RS,,AR,,Paid,,,,,,,,"19,600.00",,"19,600.00",,0.00,,,,,,0.00
,,,,Payment,,07/11/2025,,Cash,,,,,,Accounts Receivable,,,,,,Paid,,Cash,,,,,,"-19,600.00",,0.00,,0.00,,,,,,0.00
,Total KRNS Contractor,,,,,,,,,,,,,,,,,,,,,,,,,,,0.00,,0.00,,0.00,,,,,,
,KTeK Networks (Pvt) Ltd,,,,,,,,,,,,,,,,,,,,,,,,,,,,,0.00,,,,,,,,
,Total KTeK Networks (Pvt) Ltd,,,,,,,,,,,,,,,,,,,,,,,,,,,,,0.00,,0.00,,,,,,
,Lak Jaya Micro Finance Ltd,,,,,,,,,,,,,,,,,,,,,,,,,,,,,0.00,,,,,,,,
,Total Lak Jaya Micro Finance Ltd,,,,,,,,,,,,,,,,,,,,,,,,,,,,,0.00,,0.00,,,,,,
,LAKDAM TRADING COMPANY (PVT) LTD,,,,,,,,,,,,,,,,,,,,,,,,,,,,,0.00,,,,,,,,
,,,,Invoice,,12/19/2024,,AS010399,,,,,,Accounts Receivable,,Sal:EC,,AD,,Paid,,,,,,,,"4,720.00",,"4,720.00",,0.00,,,,,,0.00
,,,,Payment,,01/21/2025,,Online TRF,,,,,,Accounts Receivable,,,,,,Paid,,Bank Deposit,,,,,,"-4,720.00",,0.00,,0.00,,,,,,0.00
,Total LAKDAM TRADING COMPANY (PVT) LTD,,,,,,,,,,,,,,,,,,,,,,,,,,,0.00,,0.00,,0.00,,,,,,
,Lakseya Digital Colour Lab &,,,,,,,,,,,,,,,,,,,,,,,,,,,,,0.00,,,,,,,,
,,,,Invoice,,06/19/2025,,AS010662,,,,,,Accounts Receivable,,Sal:RS,,AD,,Paid,,,,,,,,"82,000.00",,"82,000.00",,0.00,,,,,,0.00
,,,,Payment,,09/09/2025,,528919,,,,,,Accounts Receivable,,,,,,Paid,,Check,,,,,,"-82,000.00",,0.00,,0.00,,,,,,0.00
,Total Lakseya Digital Colour Lab &,,,,,,,,,,,,,,,,,,,,,,,,,,,0.00,,0.00,,0.00,,,,,,
,LANKA COMMODITY BROKERS LTD,,,,,,,,,,,,,,,,,,,,,,,,,,,,,"43,589.07",,,,,,,,
,,,,Invoice,,01/17/2024,,AS010023,,,,,,Accounts Receivable,,Mnt,,AS,,Paid,,,,,,,,"8,534.48",,"52,123.55",,0.00,,,,,,0.00
,,,,Invoice,,01/17/2024,,AS010024,,,,,,Accounts Receivable,,Mnt,,AS,,Paid,,,,,,,,"19,964.63",,"72,088.18",,0.00,,,,,,0.00
,,,,Payment,,01/19/2024,,876677,,,,,,Accounts Receivable,,,,,,Paid,,Check,,,,,,"-21,753.43",,"50,334.75",,0.00,,,,,,0.00
,,,,Payment,,01/19/2024,,876550,,,,,,Accounts Receivable,,,,,,Paid,,Check,,,,,,"-21,835.64",,"28,499.11",,0.00,,,,,,0.00
,,,,Invoice,,02/21/2024,,AS010052,,,,,,Accounts Receivable,,Mnt,,AS,,Paid,,,,,,,,"22,716.51",,"51,215.62",,0.00,,,,,,0.00
,,,,Invoice,,02/21/2024,,AS010053,,,,,,Accounts Receivable,,Mnt,,AS,,Paid,,,,,,,,"8,278.84",,"59,494.46",,0.00,,,,,,0.00
,,,,Payment,,03/16/2024,,968043,,,,,,Accounts Receivable,,,,,,Paid,,Check,,,,,,"-28,499.11",,"30,995.35",,0.00,,,,,,0.00
,,,,Invoice,,03/18/2024,,AS010082,,,,,,Accounts Receivable,,Mnt,,AS,,Paid,,,,,,,,"22,158.94",,"53,154.29",,0.00,,,,,,0.00
,,,,Invoice,,03/18/2024,,AS010083,,,,,,Accounts Receivable,,Mnt,,AS,,Paid,,,,,,,,"8,075.64",,"61,229.93",,0.00,,,,,,0.00
,,,,Payment,,04/05/2024,,141553,,,,,,Accounts Receivable,,,,,,Paid,,Check,,,,,,"-30,995.35",,"30,234.58",,0.00,,,,,,0.00
,,,,Invoice,,04/22/2024,,AS010106,,,,,,Accounts Receivable,,Mnt,,AS,,Paid,,,,,,,,"21,943.10",,"52,177.68",,0.00,,,,,,0.00
,,,,Invoice,,04/22/2024,,AS010107,,,,,,Accounts Receivable,,Mnt,,AS,,Paid,,,,,,,,"7,996.98",,"60,174.66",,0.00,,,,,,0.00
,,,,Invoice,,05/16/2024,,AS010135,,,,,,Accounts Receivable,,Mnt,,AS,,Paid,,,,,,,,"8,010.09",,"68,184.75",,0.00,,,,,,0.00
,,,,Invoice,,05/16/2024,,AS010136,,,,,,Accounts Receivable,,Mnt,,AS,,Paid,,,,,,,,"21,979.07",,"90,163.82",,0.00,,,,,,0.00
,,,,Payment,,06/03/2024,,141687,,,,,,Accounts Receivable,,,,,,Paid,,Check,,,,,,"-30,234.58",,"59,929.24",,0.00,,,,,,0.00
,,,,Invoice,,06/19/2024,,AS010182,,,,,,Accounts Receivable,,Mnt,,AS,,Paid,,,,,,,,"22,248.86",,"82,178.10",,0.00,,,,,,0.00
,,,,Invoice,,06/19/2024,,AS010183,,,,,,Accounts Receivable,,Mnt,,AS,,Paid,,,,,,,,"8,108.41",,"90,286.51",,0.00,,,,,,0.00
,,,,Payment,,07/11/2024,,272209,,,,,,Accounts Receivable,,,,,,Paid,,Check,,,,,,"-59,929.24",,"30,357.27",,0.00,,,,,,0.00
,,,,Invoice,,07/23/2024,,AS010222,,,,,,Accounts Receivable,,Mnt,,AS,,Paid,,,,,,,,"8,062.53",,"38,419.80",,0.00,,,,,,0.00
,,,,Invoice,,07/23/2024,,AS010223,,,,,,Accounts Receivable,,Mnt,,AS,,Paid,,,,,,,,"22,122.97",,"60,542.77",,0.00,,,,,,0.00
,,,,Invoice,,08/21/2024,,AS010254,,,,,,Accounts Receivable,,Mnt,,AS,,Paid,,,,,,,,"7,970.76",,"68,513.53",,0.00,,,,,,0.00
,,,,Invoice,,08/21/2024,,AS010255,,,,,,Accounts Receivable,,Mnt,,AS,,Paid,,,,,,,,"21,871.16",,"90,384.69",,0.00,,,,,,0.00
,,,,Payment,,09/09/2024,,355791,,,,,,Accounts Receivable,,,,,,Paid,,Check,,,,,,"-30,357.27",,"60,027.42",,0.00,,,,,,0.00
,,,,Payment,,09/09/2024,,355854,,,,,,Accounts Receivable,,,,,,Paid,,Check,,,,,,"-30,185.50",,"29,841.92",,0.00,,,,,,0.00
,,,,Invoice,,09/19/2024,,AS010284,,,,,,Accounts Receivable,,Mnt,,AS,,Paid,,,,,,,,"22,122.96",,"51,964.88",,0.00,,,,,,0.00
,,,,Invoice,,09/19/2024,,AS010285,,,,,,Accounts Receivable,,Mnt,,AS,,Paid,,,,,,,,"8,062.53",,"60,027.41",,0.00,,,,,,0.00
,,,,Payment,,10/04/2024,,423425,,,,,,Accounts Receivable,,,,,,Paid,,Bank Deposit,,,,,,"-29,841.92",,"30,185.49",,0.00,,,,,,0.00
,,,,Payment,,10/04/2024,,493554,,,,,,Accounts Receivable,,,,,,Paid,,Check,,,,,,"-30,185.49",,0.00,,0.00,,,,,,0.00
,,,,Invoice,,10/22/2024,,AS010320,,,,,,Accounts Receivable,,Mnt,,AS,,Paid,,,,,,,,"7,787.22",,"7,787.22",,0.00,,,,,,0.00
,,,,Invoice,,10/22/2024,,AS010321,,,,,,Accounts Receivable,,Mnt,,AS,,Paid,,,,,,,,"21,367.55",,"29,154.77",,0.00,,,,,,0.00
,,,,Invoice,,11/12/2024,,AS010350,,,,,,Accounts Receivable,,Mnt,,AS,,Paid,,,,,,,,"21,349.56",,"50,504.33",,0.00,,,,,,0.00
,,,,Invoice,,11/12/2024,,AS010351,,,,,,Accounts Receivable,,Mnt,,AS,,Paid,,,,,,,,"7,780.66",,"58,284.99",,0.00,,,,,,0.00
,,,,Invoice,,12/16/2024,,AS010395,,,,,,Accounts Receivable,,Mnt,,AS,,Paid,,,,,,,,"7,716.43",,"66,001.42",,0.00,,,,,,0.00
,,,,Invoice,,12/16/2024,,AS010396,,,,,,Accounts Receivable,,Mnt,,AS,,Paid,,,,,,,,"21,173.29",,"87,174.71",,0.00,,,,,,0.00
,,,,Payment,,01/01/2025,,582359,,,,,,Accounts Receivable,,,,,,Paid,,Check,,,,,,"-29,154.77",,"58,019.94",,0.00,,,,,,0.00
,,,,Payment,,01/01/2025,,659905,,,,,,Accounts Receivable,,,,,,Paid,,Check,,,,,,"-29,130.22",,"28,889.72",,0.00,,,,,,0.00
,,,,Invoice,,01/16/2025,,AS010432,,,,,,Accounts Receivable,,Sal:RS,,AS,,Paid,,,,,,,,"106,200.00",,"135,089.72",,0.00,,,,,,0.00
,,,,Invoice,,01/20/2025,,AS010439,,,,,,Accounts Receivable,,Mnt,,AS,,Paid,,,,,,,,"21,619.35",,"156,709.07",,0.00,,,,,,0.00
,,,,Invoice,,01/20/2025,,AS010440,,,,,,Accounts Receivable,,Mnt,,AS,,Paid,,,,,,,,"7,878.99",,"164,588.06",,0.00,,,,,,0.00
,,,,Invoice,,02/26/2025,,AS010505,,,,,,Accounts Receivable,,Mnt,,AS,,Paid,,,,,,,,"7,839.66",,"172,427.72",,0.00,,,,,,0.00
,,,,Invoice,,02/26/2025,,AS010506,,,,,,Accounts Receivable,,Mnt,,AS,,Paid,,,,,,,,"21,511.44",,"193,939.16",,0.00,,,,,,0.00
,,,,Payment,,03/05/2025,,660081,,,,,,Accounts Receivable,,,,,,Paid,,Cash,,,,,,"-28,889.72",,"165,049.44",,0.00,,,,,,0.00
,,,,Payment,,03/05/2025,,660080,,,,,,Accounts Receivable,,,,,,Paid,,Check,,,,,,"-106,200.00",,"58,849.44",,0.00,,,,,,0.00
,,,,Invoice,,03/21/2025,,AS010536,,,,,,Accounts Receivable,,Mnt,,AS,,Paid,,,,,,,,"21,583.38",,"80,432.82",,0.00,,,,,,0.00
,,,,Invoice,,03/21/2025,,AS010537,,,,,,Accounts Receivable,,Mnt,,AS,,Paid,,,,,,,,"7,865.88",,"88,298.70",,0.00,,,,,,0.00
,,,,Invoice,,04/24/2025,,AS010580,,,,,,Accounts Receivable,,Mnt,,AS,,Paid,,,,,,,,"7,944.54",,"96,243.24",,0.00,,,,,,0.00
,,,,Invoice,,04/24/2025,,AS010581,,,,,,Accounts Receivable,,Mnt,,AS,,Paid,,,,,,,,"21,799.21",,"118,042.45",,0.00,,,,,,0.00
,,,,Invoice,,05/20/2025,,AS010608,,,,,,Accounts Receivable,,Mnt,,AS,,Paid,,,,,,,,"21,799.21",,"139,841.66",,0.00,,,,,,0.00
,,,,Invoice,,05/20/2025,,AS010609,,,,,,Accounts Receivable,,Mnt,,AS,,Paid,,,,,,,,"7,944.54",,"147,786.20",,0.00,,,,,,0.00
,,,,Payment,,05/20/2025,,852605,,,,,,Accounts Receivable,,,,,,Paid,,Check,,,,,,"-29,351.10",,"118,435.10",,0.00,,,,,,0.00
,,,,Payment,,05/20/2025,,852628,,,,,,Accounts Receivable,,,,,,Paid,,Check,,,,,,"-29,498.34",,"88,936.76",,0.00,,,,,,0.00
,,,,Invoice,,06/16/2025,,AS010650,,,,,,Accounts Receivable,,Mnt,,AS,,Paid,,,,,,,,"7,944.54",,"96,881.30",,0.00,,,,,,0.00
,,,,Invoice,,06/16/2025,,AS010651,,,,,,Accounts Receivable,,Mnt,,AS,,Paid,,,,,,,,"21,799.21",,"118,680.51",,0.00,,,,,,0.00
,,,,Payment,,07/07/2025,,962138,,,,,,Accounts Receivable,,,,,,Paid,,Check,,,,,,"-59,193.01",,"59,487.50",,0.00,,,,,,0.00
,,,,Payment,,07/07/2025,,962155,,,,,,Accounts Receivable,,,,,,Paid,,Check,,,,,,"-29,743.75",,"29,743.75",,0.00,,,,,,0.00
,,,,Invoice,,07/19/2025,,AS010717,,,,,,Accounts Receivable,,Mnt,,AS,,Paid,,,,,,,,"21,907.14",,"51,650.89",,0.00,,,,,,0.00
,,,,Invoice,,07/19/2025,,AS010718,,,,,,Accounts Receivable,,Mnt,,AS,,Paid,,,,,,,,"7,983.87",,"59,634.76",,0.00,,,,,,0.00
,,,,Invoice,,08/18/2025,,AS010762,,,,,,Accounts Receivable,,Mnt,,AS,,Paid,,,,,,,,"21,889.14",,"81,523.90",,0.00,,,,,,0.00
,,,,Invoice,,08/18/2025,,AS010761,,,,,,Accounts Receivable,,Mnt,,AS,,Paid,,,,,,,,"7,977.32",,"89,501.22",,0.00,,,,,,0.00
,,,,Payment,,08/21/2025,,136993,,,,,,Accounts Receivable,,,,,,Paid,,Check,,,,,,"-59,634.76",,"29,866.46",,0.00,,,,,,0.00
,,,,Invoice,,09/23/2025,,AS010817,,,,,,Accounts Receivable,,Mnt,,AS,,Paid,,,,,,,,"21,979.08",,"51,845.54",,0.00,,,,,,0.00
,,,,Invoice,,09/23/2025,,AS010818,,,,,,Accounts Receivable,,Mnt,,AS,,Paid,,,,,,,,"8,010.09",,"59,855.63",,0.00,,,,,,0.00
,,,,Payment,,09/30/2025,,137050,,,,,,Accounts Receivable,,,,,,Paid,,Check,,,,,,"-29,866.46",,"29,989.17",,0.00,,,,,,0.00
,,,,Invoice,,10/17/2025,,AS010851,,,,,,Accounts Receivable,,Mnt,,AS,,Paid,,,,,,,,"8,029.76",,"38,018.93",,0.00,,,,,,0.00
,,,,Invoice,,10/17/2025,,AS010852,,,,,,Accounts Receivable,,Mnt,,AS,,Paid,,,,,,,,"22,033.03",,"60,051.96",,0.00,,,,,,0.00
,,,,Payment,,10/23/2025,,232715,,,,,,Accounts Receivable,,,,,,Paid,,Check,,,,,,"-29,989.17",,"30,062.79",,0.00,,,,,,0.00
,,,,Invoice,,11/18/2025,,AS010910,,,,,,Accounts Receivable,,Mnt,,AS,,Paid,,,,,,,,"22,338.79",,"52,401.58",,0.00,,,,,,0.00
,,,,Invoice,,11/18/2025,,AS010911,,,,,,Accounts Receivable,,Mnt,,AS,,Paid,,,,,,,,"8,141.19",,"60,542.77",,0.00,,,,,,0.00
,,,,Payment,,11/19/2025,,232821,,,,,,Accounts Receivable,,,,,,Paid,,Check,,,,,,"-30,062.79",,"30,479.98",,0.00,,,,,,0.00
,,,,Invoice,,12/17/2025,,AS010965,,,,,,Accounts Receivable,,Mnt,,AS,,Paid,,,,,,,,"22,500.68",,"52,980.66",,0.00,,,,,,0.00
,,,,Invoice,,12/17/2025,,AS010966,,,,,,Accounts Receivable,,Mnt,,AS,,Paid,,,,,,,,"8,200.19",,"61,180.85",,0.00,,,,,,0.00
,,,,Payment,,12/17/2025,,318275,,,,,,Accounts Receivable,,,,,,Paid,,Check,,,,,,"-30,479.98",,"30,700.87",,0.00,,,,,,0.00
,,,,Invoice,,01/21/2026,,AS011018,,,,,,Accounts Receivable,,Mnt,,AS,,Paid,,,,,,,,"8,200.19",,"38,901.06",,0.00,,,,,,0.00
,,,,Invoice,,01/21/2026,,AS011019,,,,,,Accounts Receivable,,Mnt,,AS,,Paid,,,,,,,,"22,500.68",,"61,401.74",,0.00,,,,,,0.00
,,,,Payment,,01/28/2026,,318339,,,,,,Accounts Receivable,,,,,,Paid,,Check,,,,,,"-30,700.87",,"30,700.87",,0.00,,,,,,0.00
,,,,Invoice,,02/16/2026,,AS011057,,,,,,Accounts Receivable,,Mnt,,AS,,Paid,,,,,,,,"8,187.08",,"38,887.95",,0.00,,,,,,0.00
,,,,Invoice,,02/16/2026,,AS011058,,,,,,Accounts Receivable,,Mnt,,AS,,Paid,,,,,,,,"22,464.70",,"61,352.65",,0.00,,,,,,0.00
,,,,Payment,,02/18/2026,,429800,,,,,,Accounts Receivable,,,,,,Paid,,Check,,,,,,"-30,700.87",,"30,651.78",,0.00,,,,,,0.00
,,,,Invoice,,03/20/2026,,AS011107,,,,,,Accounts Receivable,,Mnt,,AS,,Paid,,,,,,,,"22,644.57",,"53,296.35",,0.00,,,,,,0.00
,,,,Invoice,,03/20/2026,,AS011108,,,,,,Accounts Receivable,,Mnt,,AS,,Paid,,,,,,,,"8,252.63",,"61,548.98",,0.00,,,,,,0.00
,,,,Payment,,04/02/2026,,543573,,,,,,Accounts Receivable,,,,,,Paid,,Check,,,,,,"-30,651.78",,"30,897.20",,0.00,,,,,,0.00
,,,,Invoice,,04/21/2026,,AS011151,,,,,,Accounts Receivable,,Mnt,,AS,,Unpaid,,,,9,,,,"23,022.27",,"53,919.47",,0.00,,,,,,0.00
,,,,Invoice,,04/21/2026,,AS011152,,,,,,Accounts Receivable,,Mnt,,AS,,Unpaid,,,,9,,,,"8,390.27",,"62,309.74",,0.00,,,,,,0.00
,,,,Payment,,04/22/2026,,644918,,,,,,Accounts Receivable,,,,,,Paid,,Check,,,,,,"-30,897.20",,"31,412.54",,0.00,,,,,,0.00
,Total LANKA COMMODITY BROKERS LTD,,,,,,,,,,,,,,,,,,,,,,,,,,,"-12,176.53",,"31,412.54",,0.00,,,,,,
,LANKA MOUNT CASTLE (PVT) LTD,,,,,,,,,,,,,,,,,,,,,,,,,,,,,"195,883.50",,,,,,,,
,,,,Invoice,,01/26/2024,,AS010031,,,,,,Accounts Receivable,,Mnt,,AS,,Unpaid,,,,825,,,,"18,968.50",,"214,852.00",,0.00,,,,,,0.00
,,,,Payment,,02/12/2024,,526766/526984,,,,,,Accounts Receivable,,,,,,Paid,,Check,,,,,,"-32,762.50",,"182,089.50",,0.00,,,,,,0.00
,,,,Invoice,,02/21/2024,,AS010054,,,,,,Accounts Receivable,,Mnt,,AS,,Unpaid,,,,799,,,,"18,629.25",,"200,718.75",,0.00,,,,,,0.00
,,,,Invoice,,03/18/2024,,AS010081,,,,,,Accounts Receivable,,Mnt,,AS,,Unpaid,,,,773,,,,"18,172.00",,"218,890.75",,0.00,,,,,,0.00
,,,,Invoice,,04/20/2024,,AS010105,,,,,,Accounts Receivable,,Sal:EC,,AS,,Paid,,,,,,,,"23,010.00",,"241,900.75",,0.00,,,,,,0.00
,,,,Invoice,,04/22/2024,,AS010108,,,,,,Accounts Receivable,,Mnt,,AS,,Paid,,,,,,,,"17,995.00",,"259,895.75",,0.00,,,,,,0.00
,,,,Invoice,,05/02/2024,,AS010118,,,,,,Accounts Receivable,,,,AS,,Paid,,,,,,,,"25,370.00",,"285,265.75",,0.00,,,,,,0.00
,,,,Payment,,05/08/2024,,526988,,,,,,Accounts Receivable,,,,,,Paid,,Check,,,,,,"-16,600.00",,"268,665.75",,0.00,,,,,,0.00
,,,,Payment,,05/15/2024,,526996,,,,,,Accounts Receivable,,,,,,Paid,,Check,,,,,,"-16,537.50",,"252,128.25",,0.00,,,,,,0.00
,,,,Invoice,,05/16/2024,,AS010137,,,,,,Accounts Receivable,,Mnt,,AS,,Paid,,,,,,,,"18,024.50",,"270,152.75",,0.00,,,,,,0.00
,,,,Invoice,,06/03/2024,,AS010159,,,,,,Accounts Receivable,,Sal:EC,,AS,,Paid,,,,,,,,"32,450.00",,"302,602.75",,0.00,,,,,,0.00
,,,,Invoice,,06/19/2024,,AS010184,,,,,,Accounts Receivable,,Mnt,,AS,,Paid,,,,,,,,"18,245.75",,"320,848.50",,0.00,,,,,,0.00
,,,,Invoice,,07/23/2024,,AS010221,,,,,,Accounts Receivable,,Mnt,,AS,,Paid,,,,,,,,"18,142.50",,"338,991.00",,0.00,,,,,,0.00
,,,,Invoice,,08/21/2024,,AS010256,,,,,,Accounts Receivable,,Mnt,,AS,,Paid,,,,,,,,"17,936.00",,"356,927.00",,0.00,,,,,,0.00
,,,,Payment,,09/04/2024,,659244,,,,,,Accounts Receivable,,,,,,Paid,,Check,,,,,,"-66,375.00",,"290,552.00",,0.00,,,,,,0.00
,,,,Invoice,,09/19/2024,,AS010286,,,,,,Accounts Receivable,,Mnt,,AS,,Paid,,,,,,,,"18,142.50",,"308,694.50",,0.00,,,,,,0.00
,,,,Payment,,09/26/2024,,659397,,,,,,Accounts Receivable,,,,,,Paid,,Check,,,,,,"-18,024.50",,"290,670.00",,0.00,,,,,,0.00
,,,,Payment,,09/26/2024,,659413,,,,,,Accounts Receivable,,,,,,Paid,,Check,,,,,,"-50,695.75",,"239,974.25",,0.00,,,,,,0.00
,,,,Invoice,,10/22/2024,,AS010322,,,,,,Accounts Receivable,,Mnt,,AS,,Paid,,,,,,,,"17,523.00",,"257,497.25",,0.00,,,,,,0.00
,,,,Payment,,11/04/2024,,Online TRF,,,,,,Accounts Receivable,,,,,,Paid,,Bank Deposit,,,,,,"-18,142.50",,"239,354.75",,0.00,,,,,,0.00
,,,,Invoice,,11/12/2024,,AS010352,,,,,,Accounts Receivable,,Mnt,,AS,,Paid,,,,,,,,"17,508.25",,"256,863.00",,0.00,,,,,,0.00
,,,,Payment,,12/12/2024,,963352,,,,,,Accounts Receivable,,,,,,Paid,,Check,,,,,,"-53,601.50",,"203,261.50",,0.00,,,,,,0.00
,,,,Invoice,,12/16/2024,,AS010397,,,,,,Accounts Receivable,,Mnt,,AS,,Paid,,,,,,,,"17,363.70",,"220,625.20",,0.00,,,,,,0.00
,,,,Invoice,,01/20/2025,,AS010437,,,,,,Accounts Receivable,,Sal:EC,,AS,,Paid,,,,,,,,"9,440.00",,"230,065.20",,0.00,,,,,,0.00
,,,,Invoice,,01/20/2025,,AS010441,,,,,,Accounts Receivable,,Mnt,,AS,,Paid,,,,,,,,"17,729.50",,"247,794.70",,0.00,,,,,,0.00
,,,,Payment,,01/22/2025,,983328,,,,,,Accounts Receivable,,,,,,Paid,,Cash,,,,,,"-17,508.25",,"230,286.45",,0.00,,,,,,0.00
,,,,Payment,,02/11/2025,,983366,,,,,,Accounts Receivable,,,,,,Paid,,Bank Deposit,,,,,,"-17,363.70",,"212,922.75",,0.00,,,,,,0.00
,,,,Invoice,,02/25/2025,,AS010499,,,,,,Accounts Receivable,,,,AS,,Paid,,,,,,,,"8,850.00",,"221,772.75",,0.00,,,,,,0.00
,,,,Invoice,,02/26/2025,,AS010508,,,,,,Accounts Receivable,,Mnt,,AS,,Paid,,,,,,,,"17,641.00",,"239,413.75",,0.00,,,,,,0.00
,,,,Invoice,,03/21/2025,,AS010538,,,,,,Accounts Receivable,,Mnt,,AS,,Paid,,,,,,,,"17,700.00",,"257,113.75",,0.00,,,,,,0.00
,,,,Payment,,03/27/2025,,983511,,,,,,Accounts Receivable,,,,,,Paid,,Bank Deposit,,,,,,"-17,641.00",,"239,472.75",,0.00,,,,,,0.00
,,,,Payment,,03/28/2025,,,,,,,,Accounts Receivable,,,,,,Paid,,Check,,,,,,"-27,169.50",,"212,303.25",,0.00,,,,,,0.00
,,,,Payment,,04/09/2025,,652685,,,,,,Accounts Receivable,,,,,,Paid,,Check,,,,,,"-17,700.00",,"194,603.25",,0.00,,,,,,0.00
,,,,Invoice,,04/24/2025,,AS010582,,,,,,Accounts Receivable,,Mnt,,AS,,Paid,,,,,,,,"17,877.00",,"212,480.25",,0.00,,,,,,0.00
,,,,Invoice,,05/20/2025,,AS010610,,,,,,Accounts Receivable,,Mnt,,AS,,Unpaid,,,,345,,,,"17,877.00",,"230,357.25",,0.00,,,,,,0.00
,,,,Payment,,06/04/2025,,,,,,,,Accounts Receivable,,,,,,Paid,,Check,,,,,,"-8,850.00",,"221,507.25",,0.00,,,,,,0.00
,,,,Payment,,06/04/2025,,731745,,,,,,Accounts Receivable,,,,,,Paid,,Check,,,,,,"-17,877.00",,"203,630.25",,0.00,,,,,,0.00
,,,,Invoice,,06/16/2025,,AS010652,,,,,,Accounts Receivable,,Mnt,,AS,,Unpaid,,,,318,,,,"17,877.00",,"221,507.25",,0.00,,,,,,0.00
,,,,Invoice,,07/19/2025,,AS010719,,,,,,Accounts Receivable,,Mnt,,AS,,Paid,,,,,,,,"17,965.50",,"239,472.75",,0.00,,,,,,0.00
,,,,Invoice,,08/18/2025,,AS010763,,,,,,Accounts Receivable,,Mnt,,AS,,Paid,,,,,,,,"17,950.75",,"257,423.50",,0.00,,,,,,0.00
,,,,Invoice,,09/23/2025,,AS010819,,,,,,Accounts Receivable,,Mnt,,AS,,Paid,,,,,,,,"18,024.50",,"275,448.00",,0.00,,,,,,0.00
,,,,Payment,,10/15/2025,,,,,,,,Accounts Receivable,,,,,,Paid,,Bank Deposit,,,,,,"-17,965.50",,"257,482.50",,0.00,,,,,,0.00
,,,,Invoice,,10/17/2025,,AS010854,,,,,,Accounts Receivable,,Mnt,,AS,,Paid,,,,,,,,"18,068.75",,"275,551.25",,0.00,,,,,,0.00
,,,,Payment,,10/22/2025,,,,,,,,Accounts Receivable,,,,,,Paid,,Bank Deposit,,,,,,"-17,950.75",,"257,600.50",,0.00,,,,,,0.00
,,,,Payment,,11/06/2025,,884029,,,,,,Accounts Receivable,,,,,,Paid,,Bank Deposit,,,,,,"-18,024.50",,"239,576.00",,0.00,,,,,,0.00
,,,,Payment,,11/17/2025,,884056,,,,,,Accounts Receivable,,,,,,Paid,,Check,,,,,,"-18,068.75",,"221,507.25",,0.00,,,,,,0.00
,,,,Invoice,,11/18/2025,,AS010909,,,,,,Accounts Receivable,,Mnt,,AS,,Paid,,,,,,,,"18,319.50",,"239,826.75",,0.00,,,,,,0.00
,,,,Invoice,,12/17/2025,,AS010968,,,,,,Accounts Receivable,,Mnt,,AS,,Paid,,,,,,,,"18,452.25",,"258,279.00",,0.00,,,,,,0.00
,,,,Payment,,01/07/2026,,Deposit,,,,,,Accounts Receivable,,,,,,Paid,,Bank Deposit,,,,,,"-18,319.50",,"239,959.50",,0.00,,,,,,0.00
,,,,Invoice,,01/21/2026,,AS011020,,,,,,Accounts Receivable,,Mnt,,AS,,Unpaid,,,,99,,,,"18,452.25",,"258,411.75",,0.00,,,,,,0.00
,,,,Invoice,,02/16/2026,,AS011059,,,,,,Accounts Receivable,,Mnt,,AS,,Unpaid,,,,73,,,,"18,422.75",,"276,834.50",,0.00,,,,,,0.00
,,,,Invoice,,03/13/2026,,AS011094,,,,,,Accounts Receivable,,Mnt,,AS,,Paid,,,,,,,,"18,540.75",,"295,375.25",,0.00,,,,,,0.00
,,,,Payment,,03/30/2026,,,,,,,,Accounts Receivable,,,,,,Paid,,Bank Deposit,,,,,,"-18,452.25",,"276,923.00",,0.00,,,,,,0.00
,,,,Invoice,,04/21/2026,,AS011150,,,,,,Accounts Receivable,,Mnt,,AS,,Unpaid,,,,9,,,,"18,880.00",,"295,803.00",,0.00,,,,,,0.00
,,,,Payment,,04/27/2026,,,,,,,,Accounts Receivable,,,,,,Paid,,Bank Deposit,,,,,,"-18,540.75",,"277,262.25",,0.00,,,,,,0.00
,Total LANKA MOUNT CASTLE (PVT) LTD,,,,,,,,,,,,,,,,,,,,,,,,,,,"81,378.75",,"277,262.25",,0.00,,,,,,
,Latest Technology,,,,,,,,,,,,,,,,,,,,,,,,,,,,,0.00,,,,,,,,
,,,,Invoice,,06/01/2024,,AS010155,,,,,,Accounts Receivable,,Sal:EC,,AR,,Paid,,,,,,,,"3,900.00",,"3,900.00",,0.00,,,,,,0.00
,,,,Payment,,06/03/2024,,Online TRF,,,,,,Accounts Receivable,,,,,,Paid,,Bank Deposit,,,,,,"-3,900.00",,0.00,,0.00,,,,,,0.00
,Total Latest Technology,,,,,,,,,,,,,,,,,,,,,,,,,,,0.00,,0.00,,0.00,,,,,,
,Leema Creations (Pvt) Ltd,,,,,,,,,,,,,,,,,,,,,,,,,,,,,0.00,,,,,,,,
,Total Leema Creations (Pvt) Ltd,,,,,,,,,,,,,,,,,,,,,,,,,,,,,0.00,,0.00,,,,,,
,Legalinc Srilanka,,,,,,,,,,,,,,,,,,,,,,,,,,,,,"81,000.00",,,,,,,,
,,,,Payment,,02/06/2024,,844009,,,,,,Accounts Receivable,,,,,,Paid,,Check,,,,,,"-81,000.00",,0.00,,0.00,,,,,,0.00
,,,,Invoice,,04/21/2026,,AS011148,,,,,,Accounts Receivable,,Sal:EC,,AS,,Paid,,,,,,,,"14,160.00",,"14,160.00",,0.00,,,,,,0.00
,Total Legalinc Srilanka,,,,,,,,,,,,,,,,,,,,,,,,,,,"-66,840.00",,"14,160.00",,0.00,,,,,,
,LEOsys Corporation (Pvt) Ltd,,,,,,,,,,,,,,,,,,,,,,,,,,,,,"57,000.00",,,,,,,,
,,,,Payment,,01/23/2024,,Online TRF,,,,,,Accounts Receivable,,,,,,Paid,,Bank Deposit,,,,,,"-57,000.00",,0.00,,0.00,,,,,,0.00
,Total LEOsys Corporation (Pvt) Ltd,,,,,,,,,,,,,,,,,,,,,,,,,,,"-57,000.00",,0.00,,0.00,,,,,,
,LEOsys Corporation (Pvt) Ltd.,,,,,,,,,,,,,,,,,,,,,,,,,,,,,0.00,,,,,,,,
,,,,Invoice,,08/09/2024,,AS010246,,,,,,Accounts Receivable,,Sal:RS,,AD,,Paid,,,,,,,,"64,900.00",,"64,900.00",,0.00,,,,,,0.00
,,,,Payment,,08/13/2024,,Online TRF,,,,,,Accounts Receivable,,,,,,Paid,,Bank Deposit,,,,,,"-64,900.00",,0.00,,0.00,,,,,,0.00
,,,,Invoice,,11/18/2025,,AS010915,,,,,,Accounts Receivable,,Sal:EC,,A,,Paid,,,,,,,,"324,972.00",,"324,972.00",,0.00,,,,,,0.00
,,,,Payment,,11/18/2025,,222498,,,,,,Accounts Receivable,,,,,,Paid,,Check,,,,,,"-324,972.00",,0.00,,0.00,,,,,,0.00
,Total LEOsys Corporation (Pvt) Ltd.,,,,,,,,,,,,,,,,,,,,,,,,,,,0.00,,0.00,,0.00,,,,,,
,Liyakta Office Systems (Pvt) Ltd,,,,,,,,,,,,,,,,,,,,,,,,,,,,,0.00,,,,,,,,
,,,,Invoice,,01/27/2025,,AS010455,,,,,,Accounts Receivable,,Sal:RS,,AD,,Paid,,,,,,,,"377,600.00",,"377,600.00",,0.00,,,,,,0.00
,,,,Payment,,01/27/2025,,106568,,,,,,Accounts Receivable,,,,,,Paid,,Check,,,,,,"-377,600.00",,0.00,,0.00,,,,,,0.00
,,,,Invoice,,03/05/2025,,AS010517,,,,,,Accounts Receivable,,Sal:RS,,AD,,Paid,,,,,,,,"155,288.00",,"155,288.00",,0.00,,,,,,0.00
,,,,Payment,,03/05/2025,,001415,,,,,,Accounts Receivable,,,,,,Paid,,Check,,,,,,"-155,288.00",,0.00,,0.00,,,,,,0.00
,,,,Invoice,,04/01/2025,,AS010554,,,,,,Accounts Receivable,,Sal:RS,,AD,,Paid,,,,,,,,"155,288.00",,"155,288.00",,0.00,,,,,,0.00
,,,,Payment,,04/01/2025,,106806,,,,,,Accounts Receivable,,,,,,Paid,,Check,,,,,,"-155,288.00",,0.00,,0.00,,,,,,0.00
,,,,Invoice,,05/20/2025,,AS010612,,,,,,Accounts Receivable,,Sal:RS,,AD,,Paid,,,,,,,,"251,340.00",,"251,340.00",,0.00,,,,,,0.00
,,,,Payment,,07/15/2025,,001494,,,,,,Accounts Receivable,,,,,,Paid,,Check,,,,,,"-251,340.00",,0.00,,0.00,,,,,,0.00
,,,,Invoice,,02/18/2026,,AS011069,,,,,,Accounts Receivable,,,,AD,,Paid,,,,,,,,"451,940.00",,"451,940.00",,0.00,,,,,,0.00
,,,,Invoice,,02/26/2026,,AS011076,,,,,,Accounts Receivable,,,,AD,,Paid,,,,,,,,"136,880.00",,"588,820.00",,0.00,,,,,,0.00
,,,,Payment,,04/09/2026,,108274,,,,,,Accounts Receivable,,,,,,Paid,,Check,,,,,,"-451,940.00",,"136,880.00",,0.00,,,,,,0.00
,,,,Payment,,04/09/2026,,108272,,,,,,Accounts Receivable,,,,,,Paid,,Check,,,,,,"-136,880.00",,0.00,,0.00,,,,,,0.00
,Total Liyakta Office Systems (Pvt) Ltd,,,,,,,,,,,,,,,,,,,,,,,,,,,0.00,,0.00,,0.00,,,,,,
,LIZZY-B CANADA (PVT) LTD,,,,,,,,,,,,,,,,,,,,,,,,,,,,,0.00,,,,,,,,
,,,,Invoice,,06/13/2025,,AS010645,,,,,,Accounts Receivable,,Sal:EC,,AD,,Paid,,,,,,,,"56,640.00",,"56,640.00",,0.00,,,,,,0.00
,,,,Payment,,07/15/2025,,Online TRF,,,,,,Accounts Receivable,,,,,,Paid,,Bank Deposit,,,,,,"-56,640.00",,0.00,,0.00,,,,,,0.00
,,,,Invoice,,11/14/2025,,AS010905,,,,,,Accounts Receivable,,Sal:EC,,AD,,Paid,,,,,,,,"177,000.00",,"177,000.00",,0.00,,,,,,0.00
,,,,Payment,,12/09/2025,,Online TRF,,,,,,Accounts Receivable,,,,,,Paid,,Bank Deposit,,,,,,"-177,000.00",,0.00,,0.00,,,,,,0.00
,Total LIZZY-B CANADA (PVT) LTD,,,,,,,,,,,,,,,,,,,,,,,,,,,0.00,,0.00,,0.00,,,,,,
,LK Domain Registry,,,,,,,,,,,,,,,,,,,,,,,,,,,,,0.00,,,,,,,,
,,,,Invoice,,02/22/2024,,AS010055,,,,,,Accounts Receivable,,Sal:EC,,AS,,Paid,,,,,,,,"39,530.00",,"39,530.00",,0.00,,,,,,0.00
,,,,Payment,,02/22/2024,,Online TRF,,,,,,Accounts Receivable,,,,,,Paid,,Bank Deposit,,,,,,"-39,530.00",,0.00,,0.00,,,,,,0.00
,,,,Invoice,,03/22/2024,,AS010089,,,,,,Accounts Receivable,,Sal:EC,,AS,,Paid,,,,,,,,"288,628.00",,"288,628.00",,0.00,,,,,,0.00
,,,,Payment,,03/30/2024,,Online TRF,,,,,,Accounts Receivable,,,,,,Paid,,Bank Deposit,,,,,,"-288,628.00",,0.00,,0.00,,,,,,0.00
,,,,Invoice,,03/30/2024,,AS010095,,,,,,Accounts Receivable,,Sal:EC,,AS,,Paid,,,,,,,,"1,641,380.00",,"1,641,380.00",,0.00,,,,,,0.00
,,,,Payment,,04/02/2024,,Online TRF,,,,,,Accounts Receivable,,,,,,Paid,,Bank Deposit,,,,,,"-1,641,380.00",,0.00,,0.00,,,,,,0.00
,,,,Invoice,,07/24/2024,,AS010225,,,,,,Accounts Receivable,,Sal:RS,,AS,,Paid,,,,,,,,"61,360.00",,"61,360.00",,0.00,,,,,,0.00
,,,,Payment,,07/26/2024,,Online TRF,,,,,,Accounts Receivable,,,,,,Paid,,Bank Deposit,,,,,,"-61,360.00",,0.00,,0.00,,,,,,0.00
,,,,Invoice,,03/06/2025,,AS010521,,,,,,Accounts Receivable,,Sal:EC,,AS,,Paid,,,,,,,,"453,120.00",,"453,120.00",,0.00,,,,,,0.00
,,,,Payment,,03/12/2025,,Online TRF,,,,,,Accounts Receivable,,,,,,Paid,,Bank Deposit,,,,,,"-453,120.00",,0.00,,0.00,,,,,,0.00
,,,,Invoice,,10/31/2025,,AS010885,,,,,,Accounts Receivable,,,,AS,,Paid,,,,,,,,"195,880.00",,"195,880.00",,0.00,,,,,,0.00
,,,,Payment,,11/07/2025,,Online TRF,,,,,,Accounts Receivable,,,,,,Paid,,Bank Deposit,,,,,,"-195,880.00",,0.00,,0.00,,,,,,0.00
,,,,Invoice,,11/13/2025,,AS010901,,,,,,Accounts Receivable,,Sal:RS,,AS,,Paid,,,,,,,,"29,264.00",,"29,264.00",,0.00,,,,,,0.00
,,,,Payment,,11/17/2025,,Online TRF,,,,,,Accounts Receivable,,,,,,Paid,,Bank Deposit,,,,,,"-58,000.00",,"-28,736.00",,0.00,,,,,,0.00
,,,,Invoice,,11/19/2025,,AS010917,,,,,,Accounts Receivable,,,,AS,,Paid,,,,,,,,"68,440.00",,"39,704.00",,0.00,,,,,,0.00
,,,,Payment,,11/24/2025,,Online TRF,,,,,,Accounts Receivable,,,,,,Paid,,Bank Deposit,,,,,,"-10,440.00",,"29,264.00",,0.00,,,,,,0.00
,,,,Invoice,,12/18/2025,,AS010975,,,,,,Accounts Receivable,,Sal:EC,,AS,,Paid,,,,,,,,"396,480.00",,"425,744.00",,0.00,,,,,,0.00
,,,,Invoice,,12/19/2025,,AS010977,,,,,,Accounts Receivable,,Sal:EC,,AS,,Paid,,,,,,,,"252,520.00",,"678,264.00",,0.00,,,,,,0.00
,,,,Payment,,12/24/2025,,Online TRF,,,,,,Accounts Receivable,,,,,,Paid,,Bank Deposit,,,,,,"-649,000.00",,"29,264.00",,0.00,,,,,,0.00
,,,,Payment,,01/12/2026,,Online TRF,,,,,,Accounts Receivable,,,,,,Paid,,Bank Deposit,,,,,,"-29,264.00",,0.00,,0.00,,,,,,0.00
,Total LK Domain Registry,,,,,,,,,,,,,,,,,,,,,,,,,,,0.00,,0.00,,0.00,,,,,,
,Logic Gate Lanka (Pvt) Ltd,,,,,,,,,,,,,,,,,,,,,,,,,,,,,0.00,,,,,,,,
,Total Logic Gate Lanka (Pvt) Ltd,,,,,,,,,,,,,,,,,,,,,,,,,,,,,0.00,,0.00,,,,,,
,Loons Lab (Pvt) Ltd,,,,,,,,,,,,,,,,,,,,,,,,,,,,,0.00,,,,,,,,
,Total Loons Lab (Pvt) Ltd,,,,,,,,,,,,,,,,,,,,,,,,,,,,,0.00,,0.00,,,,,,
,LTL Transformers Pvt Ltd,,,,,,,,,,,,,,,,,,,,,,,,,,,,,0.00,,,,,,,,
,,,,Invoice,,05/15/2024,,AS010132,,,,,,Accounts Receivable,,Sal:EC,,A,,Paid,,,,,,,,"29,500.00",,"29,500.00",,0.00,,,,,,0.00
,,,,Payment,,05/15/2024,,882613,,,,,,Accounts Receivable,,,,,,Paid,,Check,,,,,,"-29,500.00",,0.00,,0.00,,,,,,0.00
,Total LTL Transformers Pvt Ltd,,,,,,,,,,,,,,,,,,,,,,,,,,,0.00,,0.00,,0.00,,,,,,
,M & A Distributors (Pvt) Ltd,,,,,,,,,,,,,,,,,,,,,,,,,,,,,0.00,,,,,,,,
,,,,Invoice,,07/07/2025,,AS010693,,,,,,Accounts Receivable,,Sal:EC,,AD,,Paid,,,,,,,,"75,520.00",,"75,520.00",,0.00,,,,,,0.00
,,,,Payment,,07/09/2025,,Cash,,,,,,Accounts Receivable,,,,,,Paid,,Cash,,,,,,"-75,520.00",,0.00,,0.00,,,,,,0.00
,Total M & A Distributors (Pvt) Ltd,,,,,,,,,,,,,,,,,,,,,,,,,,,0.00,,0.00,,0.00,,,,,,
,M & U Foresight (Pvt) Ltd,,,,,,,,,,,,,,,,,,,,,,,,,,,,,0.00,,,,,,,,
,,,,Invoice,,04/03/2026,,AS011138,,,,,,Accounts Receivable,,,,AS,,Paid,,,,,,,,"327,922.00",,"327,922.00",,0.00,,,,,,0.00
,,,,Payment,,04/06/2026,,Online TRF,,,,,,Accounts Receivable,,,,,,Paid,,Bank Deposit,,,,,,"-327,922.00",,0.00,,0.00,,,,,,0.00
,Total M & U Foresight (Pvt) Ltd,,,,,,,,,,,,,,,,,,,,,,,,,,,0.00,,0.00,,0.00,,,,,,
,M Concepts Holdings (Pvt) Ltd,,,,,,,,,,,,,,,,,,,,,,,,,,,,,0.00,,,,,,,,
,,,,Invoice,,12/12/2025,,AS010962,,,,,,Accounts Receivable,,Sal:EC,,A,,Paid,,,,,,,,"64,900.00",,"64,900.00",,0.00,,,,,,0.00
,,,,Payment,,12/12/2025,,Cash,,,,,,Accounts Receivable,,,,,,Paid,,Cash,,,,,,"-25,000.00",,"39,900.00",,0.00,,,,,,0.00
,,,,Payment,,12/15/2025,,Online TRF,,,,,,Accounts Receivable,,,,,,Paid,,Bank Deposit,,,,,,"-39,900.00",,0.00,,0.00,,,,,,0.00
,Total M Concepts Holdings (Pvt) Ltd,,,,,,,,,,,,,,,,,,,,,,,,,,,0.00,,0.00,,0.00,,,,,,
,M. Photocopy House,,,,,,,,,,,,,,,,,,,,,,,,,,,,,0.00,,,,,,,,
,Total M. Photocopy House,,,,,,,,,,,,,,,,,,,,,,,,,,,,,0.00,,0.00,,,,,,
,M.A Sirimal Die Cutter Makers,,,,,,,,,,,,,,,,,,,,,,,,,,,,,0.00,,,,,,,,
,,,,Invoice,,12/16/2024,,AS010394,,,,,,Accounts Receivable,,Sal:EC,,AD,,Paid,,,,,,,,"8,000.00",,"8,000.00",,0.00,,,,,,0.00
,,,,Payment,,12/16/2024,,Online TRF,,,,,,Accounts Receivable,,,,,,Paid,,Bank Deposit,,,,,,"-8,000.00",,0.00,,0.00,,,,,,0.00
,,,,Invoice,,06/02/2025,,AS010632,,,,,,Accounts Receivable,,,,AD,,Paid,,,,,,,,"2,000.00",,"2,000.00",,0.00,,,,,,0.00
,,,,Payment,,06/02/2025,,Cash,,,,,,Accounts Receivable,,,,,,Paid,,Cash,,,,,,"-2,000.00",,0.00,,0.00,,,,,,0.00
,,,,Invoice,,01/22/2026,,AS011027,,,,,,Accounts Receivable,,Sal:EC,,AD,,Paid,,,,,,,,"7,500.00",,"7,500.00",,0.00,,,,,,0.00
,,,,Payment,,01/22/2026,,Cash,,,,,,Accounts Receivable,,,,,,Paid,,Cash,,,,,,"-7,500.00",,0.00,,0.00,,,,,,0.00
,Total M.A Sirimal Die Cutter Makers,,,,,,,,,,,,,,,,,,,,,,,,,,,0.00,,0.00,,0.00,,,,,,
,M.D Ashger Ali,,,,,,,,,,,,,,,,,,,,,,,,,,,,,0.00,,,,,,,,
,,,,Invoice,,06/27/2024,,AS010195,,,,,,Accounts Receivable,,,,AD,,Paid,,,,,,,,"8,000.00",,"8,000.00",,0.00,,,,,,0.00
,,,,Credit Memo,,06/27/2024,,AS00105,,,,,,Accounts Receivable,,,,,,Paid,,,,,,,,"-8,000.00",,0.00,,0.00,,,,,,0.00
,Total M.D Ashger Ali,,,,,,,,,,,,,,,,,,,,,,,,,,,0.00,,0.00,,0.00,,,,,,
,M.D. Chandrasoma Amarasinghe,,,,,,,,,,,,,,,,,,,,,,,,,,,,,0.00,,,,,,,,
,Total M.D. Chandrasoma Amarasinghe,,,,,,,,,,,,,,,,,,,,,,,,,,,,,0.00,,0.00,,,,,,
,MACSON MESH,,,,,,,,,,,,,,,,,,,,,,,,,,,,,0.00,,,,,,,,
,,,,Invoice,,04/29/2026,,AS011167,,,,,,Accounts Receivable,,,,AS,,Unpaid,,,,1,,,,"151,040.00",,"151,040.00",,0.00,,,,,,0.00
,,,,Invoice,,04/29/2026,,AS011168,,,,,,Accounts Receivable,,,,AS,,Unpaid,,,,1,,,,"7,268.80",,"158,308.80",,0.00,,,,,,0.00
,Total MACSON MESH,,,,,,,,,,,,,,,,,,,,,,,,,,,"158,308.80",,"158,308.80",,0.00,,,,,,
,Mahendra Fernando,,,,,,,,,,,,,,,,,,,,,,,,,,,,,0.00,,,,,,,,
,,,,Invoice,,01/31/2026,,AS011040,,,,,,Accounts Receivable,,,,AS,,Paid,,,,,,,,"8,850.00",,"8,850.00",,0.00,,,,,,0.00
,,,,Payment,,01/31/2026,,Cash,,,,,,Accounts Receivable,,,,,,Paid,,Cash,,,,,,"-8,850.00",,0.00,,0.00,,,,,,0.00
,Total Mahendra Fernando,,,,,,,,,,,,,,,,,,,,,,,,,,,0.00,,0.00,,0.00,,,,,,
,Malsha Colour Lab,,,,,,,,,,,,,,,,,,,,,,,,,,,,,0.00,,,,,,,,
,Total Malsha Colour Lab,,,,,,,,,,,,,,,,,,,,,,,,,,,,,0.00,,0.00,,,,,,
,Manons Cine Combines,,,,,,,,,,,,,,,,,,,,,,,,,,,,,0.00,,,,,,,,
,,,,Invoice,,07/29/2025,,AS010734,,,,,,Accounts Receivable,,Sal:EC,,AD,,Paid,,,,,,,,"11,800.00",,"11,800.00",,0.00,,,,,,0.00
,,,,Payment,,07/29/2025,,Cash,,,,,,Accounts Receivable,,,,,,Paid,,Cash,,,,,,"-11,800.00",,0.00,,0.00,,,,,,0.00
,Total Manons Cine Combines,,,,,,,,,,,,,,,,,,,,,,,,,,,0.00,,0.00,,0.00,,,,,,
,MARS Network (Pvt) Ltd,,,,,,,,,,,,,,,,,,,,,,,,,,,,,0.00,,,,,,,,
,,,,Invoice,,06/04/2024,,AS010161,,,,,,Accounts Receivable,,Sal:RS,,A,,Paid,,,,,,,,"565,220.00",,"565,220.00",,0.00,,,,,,0.00
,,,,Payment,,06/05/2024,,002522,,,,,,Accounts Receivable,,,,,,Paid,,Check,,,,,,"-565,220.00",,0.00,,0.00,,,,,,0.00
,,,,Invoice,,06/12/2024,,AS010174,,,,,,Accounts Receivable,,Sal:RS,,A,,Paid,,,,,,,,"236,000.00",,"236,000.00",,0.00,,,,,,0.00
,,,,Payment,,06/25/2024,,002848,,,,,,Accounts Receivable,,,,,,Paid,,Check,,,,,,"-236,000.00",,0.00,,0.00,,,,,,0.00
,,,,Invoice,,08/06/2024,,AS010240,,,,,,Accounts Receivable,,Sal:RS,,A,,Paid,,,,,,,,"54,280.00",,"54,280.00",,0.00,,,,,,0.00
,,,,Payment,,09/02/2024,,003128,,,,,,Accounts Receivable,,,,,,Paid,,Check,,,,,,"-54,280.00",,0.00,,0.00,,,,,,0.00
,,,,Invoice,,07/31/2025,,AS010735,,,,,,Accounts Receivable,,Sal:RS,,A,,Paid,,,,,,,,"1,953,416.25",,"1,953,416.25",,0.00,,,,,,0.00
,,,,Invoice,,08/05/2025,,AS010744,,,,,,Accounts Receivable,,Sal:RS,,A,,Paid,,,,,,,,"37,760.00",,"1,991,176.25",,0.00,,,,,,0.00
,,,,Payment,,09/01/2025,,005367,,,,,,Accounts Receivable,,,,,,Paid,,Check,,,,,,"-1,953,416.25",,"37,760.00",,0.00,,,,,,0.00
,,,,Payment,,09/18/2025,,005371,,,,,,Accounts Receivable,,,,,,Paid,,Check,,,,,,"-37,760.00",,0.00,,0.00,,,,,,0.00
,,,,Invoice,,10/14/2025,,AS010848,,,,,,Accounts Receivable,,Sal:RS,,A,,Paid,,,,,,,,"925,120.00",,"925,120.00",,0.00,,,,,,0.00
,,,,Invoice,,10/31/2025,,AS010882,,,,,,Accounts Receivable,,Sal:RS,,A,,Paid,,,,,,,,"1,152,933.75",,"2,078,053.75",,0.00,,,,,,0.00
,,,,Payment,,11/14/2025,,005726,,,,,,Accounts Receivable,,,,,,Paid,,Check,,,,,,"-925,120.00",,"1,152,933.75",,0.00,,,,,,0.00
,,,,Payment,,12/16/2025,,005932,,,,,,Accounts Receivable,,,,,,Paid,,Check,,,,,,"-1,152,933.75",,0.00,,0.00,,,,,,0.00
,,,,Invoice,,12/26/2025,,AS010989,,,,,,Accounts Receivable,,,,A,,Paid,,,,,,,,"233,640.00",,"233,640.00",,0.00,,,,,,0.00
,,,,Invoice,,01/29/2026,,AS011034,,,,,,Accounts Receivable,,,,A,,Paid,,,,,,,,"234,820.00",,"468,460.00",,0.00,,,,,,0.00
,,,,Payment,,02/16/2026,,006410,,,,,,Accounts Receivable,,,,,,Paid,,Check,,,,,,"-233,640.00",,"234,820.00",,0.00,,,,,,0.00
,,,,Invoice,,03/09/2026,,AS011087,,,,,,Accounts Receivable,,,,A,,Paid,,,,,,,,"808,890.00",,"1,043,710.00",,0.00,,,,,,0.00
,,,,Invoice,,03/09/2026,,AS011089,,,,,,Accounts Receivable,,,,A,,Paid,,,,,,,,"109,917.00",,"1,153,627.00",,0.00,,,,,,0.00
,,,,Payment,,03/09/2026,,006630,,,,,,Accounts Receivable,,,,,,Paid,,Check,,,,,,"-234,820.00",,"918,807.00",,0.00,,,,,,0.00
,,,,Payment,,04/29/2026,,006920,,,,,,Accounts Receivable,,,,,,Paid,,Check,,,,,,"-918,807.00",,0.00,,0.00,,,,,,0.00
,Total MARS Network (Pvt) Ltd,,,,,,,,,,,,,,,,,,,,,,,,,,,0.00,,0.00,,0.00,,,,,,
,MAS Fabrics (Pvt) Ltd,,,,,,,,,,,,,,,,,,,,,,,,,,,,,0.00,,,,,,,,
,,,,Invoice,,12/09/2024,,AS010387,,,,,,Accounts Receivable,,Mnt,,A,,Paid,,,,,,,,"2,916,134.00",,"2,916,134.00",,0.00,,,,,,0.00
,,,,Payment,,12/16/2024,,Online TRF,,,,,,Accounts Receivable,,,,,,Paid,,Bank Deposit,,,,,,"-2,916,134.00",,0.00,,0.00,,,,,,0.00
,,,,Invoice,,06/02/2025,,AS010630,,,,,,Accounts Receivable,,Sal:RS,,A,,Paid,,,,,,,,"2,876,840.00",,"2,876,840.00",,0.00,,,,,,0.00
,,,,Payment,,06/16/2025,,Online TRF,,,,,,Accounts Receivable,,,,,,Paid,,Bank Deposit,,,,,,"-2,876,840.00",,0.00,,0.00,,,,,,0.00
,,,,Invoice,,12/05/2025,,AS010948,,,,,,Accounts Receivable,,Mnt,,A,,Paid,,,,,,,,"2,727,092.10",,"2,727,092.10",,0.00,,,,,,0.00
,,,,Payment,,12/26/2025,,Online TRF,,,,,,Accounts Receivable,,,,,,Paid,,Bank Deposit,,,,,,"-2,727,092.10",,0.00,,0.00,,,,,,0.00
,,,,Invoice,,04/28/2026,,AS011165,,,,,,Accounts Receivable,,Sal:RS,,A,,Unpaid,,,,9,,,,"2,769,460.00",,"2,769,460.00",,0.00,,,,,,0.00
,Total MAS Fabrics (Pvt) Ltd,,,,,,,,,,,,,,,,,,,,,,,,,,,"2,769,460.00",,"2,769,460.00",,0.00,,,,,,
,"MBC Networks(Pvt)Ltd,",,,,,,,,,,,,,,,,,,,,,,,,,,,,,0.00,,,,,,,,
,,,,Invoice,,05/03/2024,,AS010120,,,,,,Accounts Receivable,,Sal:EC,,AS,,Paid,,,,,,,,"11,800.00",,"11,800.00",,0.00,,,,,,0.00
,,,,Payment,,05/03/2024,,Cash,,,,,,Accounts Receivable,,,,,,Paid,,Cash,,,,,,"-11,800.00",,0.00,,0.00,,,,,,0.00
,"Total MBC Networks(Pvt)Ltd,",,,,,,,,,,,,,,,,,,,,,,,,,,,0.00,,0.00,,0.00,,,,,,
,Merbok MDF Lanka,,,,,,,,,,,,,,,,,,,,,,,,,,,,,0.00,,,,,,,,
,,,,Invoice,,09/02/2024,,AS010267,,,,,,Accounts Receivable,,Sal:EC,,A,,Paid,,,,,,,,"5,310.00",,"5,310.00",,0.00,,,,,,0.00
,,,,Payment,,09/03/2024,,Petty Cash,,,,,,Accounts Receivable,,,,,,Paid,,Cash,,,,,,"-5,310.00",,0.00,,0.00,,,,,,0.00
,Total Merbok MDF Lanka,,,,,,,,,,,,,,,,,,,,,,,,,,,0.00,,0.00,,0.00,,,,,,
,Metropolitan Technologies (Pvt) Ltd,,,,,,,,,,,,,,,,,,,,,,,,,,,,,0.00,,,,,,,,
,,,,Invoice,,06/08/2024,,AS010169,,,,,,Accounts Receivable,,Sal:RS,,AD,,Paid,,,,,,,,"362,260.00",,"362,260.00",,0.00,,,,,,0.00
,,,,Payment,,07/04/2024,,584007,,,,,,Accounts Receivable,,,,,,Paid,,Check,,,,,,"-362,260.00",,0.00,,0.00,,,,,,0.00
,,,,Invoice,,07/08/2024,,AS010204,,,,,,Accounts Receivable,,Sal:RS,,AD,,Paid,,,,,,,,"77,290.00",,"77,290.00",,0.00,,,,,,0.00
,,,,Payment,,08/08/2024,,787682,,,,,,Accounts Receivable,,,,,,Paid,,Check,,,,,,"-77,290.00",,0.00,,0.00,,,,,,0.00
,,,,Invoice,,03/05/2025,,AS010518,,,,,,Accounts Receivable,,Sal:RS,,AD,,Paid,,,,,,,,"77,290.00",,"77,290.00",,0.00,,,,,,0.00
,,,,Payment,,04/11/2025,,647381,,,,,,Accounts Receivable,,,,,,Paid,,Check,,,,,,"-77,290.00",,0.00,,0.00,,,,,,0.00
,,,,Invoice,,12/01/2025,,AS010936,,,,,,Accounts Receivable,,,,AD,,Paid,,,,,,,,"1,264,960.00",,"1,264,960.00",,0.00,,,,,,0.00
,,,,Payment,,01/07/2026,,524224,,,,,,Accounts Receivable,,,,,,Paid,,Check,,,,,,"-1,264,960.00",,0.00,,0.00,,,,,,0.00
,,,,Invoice,,02/17/2026,,AS011067,,,,,,Accounts Receivable,,,,AD,,Paid,,,,,,,,"782,340.00",,"782,340.00",,0.00,,,,,,0.00
,,,,Payment,,03/30/2026,,999779,,,,,,Accounts Receivable,,,,,,Paid,,Check,,,,,,"-391,170.00",,"391,170.00",,0.00,,,,,,0.00
,,,,Payment,,03/30/2026,,624625,,,,,,Accounts Receivable,,,,,,Paid,,Check,,,,,,"-391,170.00",,0.00,,0.00,,,,,,0.00
,Total Metropolitan Technologies (Pvt) Ltd,,,,,,,,,,,,,,,,,,,,,,,,,,,0.00,,0.00,,0.00,,,,,,
,Micro Access Importers & Distributers,,,,,,,,,,,,,,,,,,,,,,,,,,,,,0.00,,,,,,,,
,,,,Invoice,,04/29/2026,,AS011171,,,,,,Accounts Receivable,,Sal:RS,,AR,,Unpaid,,,,1,,,,"472,000.00",,"472,000.00",,0.00,,,,,,0.00
,Total Micro Access Importers & Distributers,,,,,,,,,,,,,,,,,,,,,,,,,,,"472,000.00",,"472,000.00",,0.00,,,,,,
,Micro Solutions Information Systems (Pvt),,,,,,,,,,,,,,,,,,,,,,,,,,,,,0.00,,,,,,,,
,,,,Invoice,,01/29/2024,,AS010034,,,,,,Accounts Receivable,,Sal:RS,,A,,Paid,,,,,,,,"1,367,148.00",,"1,367,148.00",,0.00,,,,,,0.00
,,,,Payment,,02/14/2024,,859898,,,,,,Accounts Receivable,,,,,,Paid,,Check,,,,,,"-1,367,148.00",,0.00,,0.00,,,,,,0.00
,,,,Invoice,,10/31/2024,,AS010331,,,,,,Accounts Receivable,,Sal:RS,,A,,Paid,,,,,,,,"417,720.00",,"417,720.00",,0.00,,,,,,0.00
,,,,Payment,,12/02/2024,,874891,,,,,,Accounts Receivable,,,,,,Paid,,Bank Deposit,,,,,,"-417,720.00",,0.00,,0.00,,,,,,0.00
,,,,Payment,,07/09/2025,,859835,,,,,,Accounts Receivable,,,,,,Paid,,Check,,,,,,"-399,046.50",,"-399,046.50",,0.00,,,,,,0.00
,,,,Invoice,,07/18/2025,,AS010715,,,,,,Accounts Receivable,,Sal:RS,,A,,Paid,,,,,,,,"399,046.50",,0.00,,0.00,,,,,,0.00
,Total Micro Solutions Information Systems (Pvt),,,,,,,,,,,,,,,,,,,,,,,,,,,0.00,,0.00,,0.00,,,,,,
,Micro Technology Lanka (Pvt) Ltd,,,,,,,,,,,,,,,,,,,,,,,,,,,,,0.00,,,,,,,,
,,,,Invoice,,07/02/2025,,AS010682,,,,,,Accounts Receivable,,Sal:RS,,AR,,Paid,,,,,,,,"13,924.00",,"13,924.00",,0.00,,,,,,0.00
,,,,Payment,,07/04/2025,,171360,,,,,,Accounts Receivable,,,,,,Paid,,Check,,,,,,"-13,924.00",,0.00,,0.00,,,,,,0.00
,,,,Invoice,,07/25/2025,,AS010729,,,,,,Accounts Receivable,,,,AR,,Paid,,,,,,,,"21,771.00",,"21,771.00",,0.00,,,,,,0.00
,,,,Payment,,07/30/2025,,171400,,,,,,Accounts Receivable,,,,,,Paid,,Check,,,,,,"-21,771.00",,0.00,,0.00,,,,,,0.00
,,,,Invoice,,08/01/2025,,AS010738,,,,,,Accounts Receivable,,Sal:EC,,AR,,Paid,,,,,,,,"3,600.00",,"3,600.00",,0.00,,,,,,0.00
,,,,Payment,,08/01/2025,,Online TRF,,,,,,Accounts Receivable,,,,,,Paid,,Bank Deposit,,,,,,"-3,600.00",,0.00,,0.00,,,,,,0.00
,,,,Invoice,,10/09/2025,,AS010840,,,,,,Accounts Receivable,,Sal:RS,,AR,,Paid,,,,,,,,"77,250.00",,"77,250.00",,0.00,,,,,,0.00
,,,,Invoice,,10/10/2025,,AS010841,,,,,,Accounts Receivable,,,,AR,,Paid,,,,,,,,"25,900.00",,"103,150.00",,0.00,,,,,,0.00
,,,,Invoice,,10/30/2025,,AS010881,,,,,,Accounts Receivable,,,,AR,,Paid,,,,,,,,"8,200.00",,"111,350.00",,0.00,,,,,,0.00
,,,,Payment,,11/01/2025,,083605,,,,,,Accounts Receivable,,,,,,Paid,,Check,,,,,,"-8,200.00",,"103,150.00",,0.00,,,,,,0.00
,,,,Payment,,11/01/2025,,083604,,,,,,Accounts Receivable,,,,,,Paid,,Check,,,,,,"-77,250.00",,"25,900.00",,0.00,,,,,,0.00
,,,,Payment,,11/01/2025,,083603,,,,,,Accounts Receivable,,,,,,Paid,,Check,,,,,,"-25,900.00",,0.00,,0.00,,,,,,0.00
,,,,Invoice,,12/05/2025,,AS010949,,,,,,Accounts Receivable,,,,AR,,Paid,,,,,,,,"23,600.00",,"23,600.00",,0.00,,,,,,0.00
,,,,Invoice,,12/22/2025,,AS010983,,,,,,Accounts Receivable,,,,AR,,Paid,,,,,,,,"65,650.00",,"89,250.00",,0.00,,,,,,0.00
,,,,Payment,,03/24/2026,,000066,,,,,,Accounts Receivable,,,,,,Paid,,Check,,,,,,"-23,600.00",,"65,650.00",,0.00,,,,,,0.00
,,,,Payment,,03/24/2026,,000065,,,,,,Accounts Receivable,,,,,,Paid,,Check,,,,,,"-30,000.00",,"35,650.00",,0.00,,,,,,0.00
,,,,Payment,,03/24/2026,,000064,,,,,,Accounts Receivable,,,,,,Paid,,Check,,,,,,"-35,650.00",,0.00,,0.00,,,,,,0.00
,Total Micro Technology Lanka (Pvt) Ltd,,,,,,,,,,,,,,,,,,,,,,,,,,,0.00,,0.00,,0.00,,,,,,
,Midas Safety Lanka (Pvt) Ltd,,,,,,,,,,,,,,,,,,,,,,,,,,,,,0.00,,,,,,,,
,,,,Invoice,,12/31/2024,,AS010416,,,,,,Accounts Receivable,,Sal:EC,,AD,,Paid,,,,,,,,"11,800.00",,"11,800.00",,0.00,,,,,,0.00
,,,,Payment,,02/18/2025,,Online TRF,,,,,,Accounts Receivable,,,,,,Paid,,Bank Deposit,,,,,,"-11,800.00",,0.00,,0.00,,,,,,0.00
,Total Midas Safety Lanka (Pvt) Ltd,,,,,,,,,,,,,,,,,,,,,,,,,,,0.00,,0.00,,0.00,,,,,,
,Millennium I.T.E.S.P (Pvt) Ltd,,,,,,,,,,,,,,,,,,,,,,,,,,,,,0.00,,,,,,,,
,,,,Invoice,,11/30/2024,,AS010372,,,,,,Accounts Receivable,,Sal:RS,,AD,,Paid,,,,,,,,"287,448.00",,"287,448.00",,0.00,,,,,,0.00
,,,,Invoice,,12/03/2024,,AS010374,,,,,,Accounts Receivable,,Sal:RS,,AD,,Paid,,,,,,,,"630,120.00",,"917,568.00",,0.00,,,,,,0.00
,,,,Payment,,01/09/2025,,Online TRF,,,,,,Accounts Receivable,,,,,,Paid,,Bank Deposit,,,,,,"-917,568.00",,0.00,,0.00,,,,,,0.00
,,,,Invoice,,02/17/2025,,AS010486,,,,,,Accounts Receivable,,Sal:RS,,AD,,Paid,,,,,,,,"280,368.00",,"280,368.00",,0.00,,,,,,0.00
,,,,Payment,,04/09/2025,,Online TRF,,,,,,Accounts Receivable,,,,,,Paid,,Bank Deposit,,,,,,"-280,368.00",,0.00,,0.00,,,,,,0.00
,,,,Invoice,,11/19/2025,,AS010918,,,,,,Accounts Receivable,,Sal:RS,,AD,,Paid,,,,,,,,"290,280.00",,"290,280.00",,0.00,,,,,,0.00
,,,,Invoice,,01/22/2026,,AS011029,,,,,,Accounts Receivable,,Sal:RS,,AD,,Paid,,,,,,,,"542,328.00",,"832,608.00",,0.00,,,,,,0.00
,,,,Payment,,02/18/2026,,Online TRF,,,,,,Accounts Receivable,,,,,,Paid,,Bank Deposit,,,,,,"-542,328.00",,"290,280.00",,0.00,,,,,,0.00
,,,,Payment,,02/27/2026,,Online TRF,,,,,,Accounts Receivable,,,,,,Paid,,Bank Deposit,,,,,,"-290,280.00",,0.00,,0.00,,,,,,0.00
,Total Millennium I.T.E.S.P (Pvt) Ltd,,,,,,,,,,,,,,,,,,,,,,,,,,,0.00,,0.00,,0.00,,,,,,
,Mitra Innovation Limited,,,,,,,,,,,,,,,,,,,,,,,,,,,,,0.00,,,,,,,,
,,,,Invoice,,03/21/2025,,AS010534,,,,,,Accounts Receivable,,Sal:EC,,AS,,Paid,,,,,,,,"64,900.00",,"64,900.00",,0.00,,,,,,0.00
,,,,Payment,,03/25/2025,,Online TRF,,,,,,Accounts Receivable,,,,,,Paid,,Bank Deposit,,,,,,"-64,900.00",,0.00,,0.00,,,,,,0.00
,Total Mitra Innovation Limited,,,,,,,,,,,,,,,,,,,,,,,,,,,0.00,,0.00,,0.00,,,,,,
,MM Trade Stationers (Pvt) Ltd.,,,,,,,,,,,,,,,,,,,,,,,,,,,,,0.00,,,,,,,,
,,,,Invoice,,03/05/2025,,AS010520,,,,,,Accounts Receivable,,Sal:RS,,AR,,Paid,,,,,,,,"143,960.00",,"143,960.00",,0.00,,,,,,0.00
,,,,Invoice,,04/11/2025,,AS010566,,,,,,Accounts Receivable,,Sal:RS,,AR,,Paid,,,,,,,,"143,960.00",,"287,920.00",,0.00,,,,,,0.00
,,,,Payment,,07/11/2025,,Online TRF,,,,,,Accounts Receivable,,,,,,Paid,,Bank Deposit,,,,,,"-180,000.00",,"107,920.00",,0.00,,,,,,0.00
,,,,Payment,,07/11/2025,,Online TRF,,,,,,Accounts Receivable,,,,,,Paid,,Bank Deposit,,,,,,"-107,900.00",,20.00,,0.00,,,,,,0.00
,,,,Discount,,07/11/2025,,Online TRF,,,,,,Accounts Receivable,,,,,,Paid,,Bank Deposit,,,,,,-20.00,,0.00,,0.00,,,,,,0.00
,,,,Invoice,,07/23/2025,,AS010724,,,,,,Accounts Receivable,,Sal:RS,,AR,,Paid,,,,,,,,"247,800.00",,"247,800.00",,0.00,,,,,,0.00
,,,,Invoice,,09/01/2025,,AS010784,,,,,,Accounts Receivable,,Sal:RS,,AR,,Paid,,,,,,,,"199,420.00",,"447,220.00",,0.00,,,,,,0.00
,,,,Payment,,09/02/2025,,372342,,,,,,Accounts Receivable,,,,,,Paid,,Check,,,,,,"-247,800.00",,"199,420.00",,0.00,,,,,,0.00
,,,,Payment,,09/17/2025,,372353,,,,,,Accounts Receivable,,,,,,Paid,,Check,,,,,,"-199,420.00",,0.00,,0.00,,,,,,0.00
,,,,Invoice,,11/11/2025,,AS010894,,,,,,Accounts Receivable,,Sal:RS,,AR,,Paid,,,,,,,,"197,650.00",,"197,650.00",,0.00,,,,,,0.00
,,,,Payment,,12/31/2025,,081767,,,,,,Accounts Receivable,,,,,,Paid,,Check,,,,,,"-197,650.00",,0.00,,0.00,,,,,,0.00
,,,,Invoice,,01/23/2026,,AS011030,,,,,,Accounts Receivable,,Sal:RS,,AR,,Paid,,,,,,,,"306,800.00",,"306,800.00",,0.00,,,,,,0.00
,,,,Payment,,02/23/2026,,,,,,,,Accounts Receivable,,,,,,Paid,,Cash,,,,,,"-306,800.00",,0.00,,0.00,,,,,,0.00
,,,,Invoice,,03/30/2026,,AS011128,,,,,,Accounts Receivable,,Sal:RS,,AR,,Paid,,,,,,,,"534,540.00",,"534,540.00",,0.00,,,,,,0.00
,,,,Invoice,,04/30/2026,,AS011176,,,,,,Accounts Receivable,,,,AR,,Unpaid,,,,,,,,"204,140.00",,"738,680.00",,0.00,,,,,,0.00
,Total MM Trade Stationers (Pvt) Ltd.,,,,,,,,,,,,,,,,,,,,,,,,,,,"738,680.00",,"738,680.00",,0.00,,,,,,
,Mobile Visions Lanka (Pvt) Ltd,,,,,,,,,,,,,,,,,,,,,,,,,,,,,0.00,,,,,,,,
,Total Mobile Visions Lanka (Pvt) Ltd,,,,,,,,,,,,,,,,,,,,,,,,,,,,,0.00,,0.00,,,,,,
,Mr Amila Nuwan,,,,,,,,,,,,,,,,,,,,,,,,,,,,,0.00,,,,,,,,
,,,,Invoice,,06/26/2025,,AS010671,,,,,,Accounts Receivable,,Sal:RS,,AR,,Paid,,,,,,,,"16,400.00",,"16,400.00",,0.00,,,,,,0.00
,,,,Payment,,06/30/2025,,Cash,,,,,,Accounts Receivable,,,,,,Paid,,Cash,,,,,,"-16,400.00",,0.00,,0.00,,,,,,0.00
,,,,Invoice,,03/19/2026,,AS011105,,,,,,Accounts Receivable,,,,AR,,Paid,,,,,,,,"6,200.00",,"6,200.00",,0.00,,,,,,0.00
,,,,Payment,,03/20/2026,,Cash,,,,,,Accounts Receivable,,,,,,Paid,,Cash,,,,,,"-6,200.00",,0.00,,0.00,,,,,,0.00
,Total Mr Amila Nuwan,,,,,,,,,,,,,,,,,,,,,,,,,,,0.00,,0.00,,0.00,,,,,,
,Mr Hemantha,,,,,,,,,,,,,,,,,,,,,,,,,,,,,0.00,,,,,,,,
,Total Mr Hemantha,,,,,,,,,,,,,,,,,,,,,,,,,,,,,0.00,,0.00,,,,,,
,Mr Michael Janz,,,,,,,,,,,,,,,,,,,,,,,,,,,,,0.00,,,,,,,,
,,,,Invoice,,06/10/2024,,AS010170,,,,,,Accounts Receivable,,Sal:EC,,AD,,Paid,,,,,,,,"5,900.00",,"5,900.00",,0.00,,,,,,0.00
,,,,Payment,,06/10/2024,,Cash,,,,,,Accounts Receivable,,,,,,Paid,,Cash,,,,,,0.00,,"5,900.00",,0.00,,,,,,0.00
,,,,Payment,,06/10/2024,,Cash,,,,,,Accounts Receivable,,,,,,Paid,,Cash,,,,,,0.00,,"5,900.00",,0.00,,,,,,0.00
,,,,Payment,,06/10/2024,,,,,,,,Accounts Receivable,,,,,,Paid,,Cash,,,,,,"-5,900.00",,0.00,,0.00,,,,,,0.00
,,,,Invoice,,04/03/2026,,AS011137,,,,,,Accounts Receivable,,Sal:EC,,AR,,Paid,,,,,,,,"100,000.00",,"100,000.00",,0.00,,,,,,0.00
,,,,Payment,,04/03/2026,,,,,,,,Accounts Receivable,,,,,,Paid,,Bank Deposit,,,,,,"-100,000.00",,0.00,,0.00,,,,,,0.00
,Total Mr Michael Janz,,,,,,,,,,,,,,,,,,,,,,,,,,,0.00,,0.00,,0.00,,,,,,
,Mr Suneth Jayalath,,,,,,,,,,,,,,,,,,,,,,,,,,,,,0.00,,,,,,,,
,Total Mr Suneth Jayalath,,,,,,,,,,,,,,,,,,,,,,,,,,,,,0.00,,0.00,,,,,,
,Mr. Arshad Milhar,,,,,,,,,,,,,,,,,,,,,,,,,,,,,"35,000.00",,,,,,,,
,Total Mr. Arshad Milhar,,,,,,,,,,,,,,,,,,,,,,,,,,,,,"35,000.00",,0.00,,,,,,
,Mr. Devon Senarathna,,,,,,,,,,,,,,,,,,,,,,,,,,,,,0.00,,,,,,,,
,Total Mr. Devon Senarathna,,,,,,,,,,,,,,,,,,,,,,,,,,,,,0.00,,0.00,,,,,,
,Mr. Krishantha Perera,,,,,,,,,,,,,,,,,,,,,,,,,,,,,0.00,,,,,,,,
,Total Mr. Krishantha Perera,,,,,,,,,,,,,,,,,,,,,,,,,,,,,0.00,,0.00,,,,,,
,Mr. Lasith Hettiarachchi,,,,,,,,,,,,,,,,,,,,,,,,,,,,,0.00,,,,,,,,
,Total Mr. Lasith Hettiarachchi,,,,,,,,,,,,,,,,,,,,,,,,,,,,,0.00,,0.00,,,,,,
,Mr. Lasitha Weerasinghe,,,,,,,,,,,,,,,,,,,,,,,,,,,,,0.00,,,,,,,,
,Total Mr. Lasitha Weerasinghe,,,,,,,,,,,,,,,,,,,,,,,,,,,,,0.00,,0.00,,,,,,
,Mr. Nalim,,,,,,,,,,,,,,,,,,,,,,,,,,,,,0.00,,,,,,,,
,Total Mr. Nalim,,,,,,,,,,,,,,,,,,,,,,,,,,,,,0.00,,0.00,,,,,,
,Mr. Nipun Dissanayake,,,,,,,,,,,,,,,,,,,,,,,,,,,,,0.00,,,,,,,,
,,,,Invoice,,01/09/2026,,AS011007,,,,,,Accounts Receivable,,Sal:RS,,AR,,Paid,,,,,,,,"41,064.00",,"41,064.00",,0.00,,,,,,0.00
,,,,Payment,,01/10/2026,,Online TRF,,,,,,Accounts Receivable,,,,,,Paid,,Bank Deposit,,,,,,"-41,064.00",,0.00,,0.00,,,,,,0.00
,,,,Invoice,,02/10/2026,,AS011051,,,,,,Accounts Receivable,,,,AR,,Paid,,,,,,,,"21,000.00",,"21,000.00",,0.00,,,,,,0.00
,,,,Payment,,02/10/2026,,Cash,,,,,,Accounts Receivable,,,,,,Paid,,Cash,,,,,,"-21,000.00",,0.00,,0.00,,,,,,0.00
,Total Mr. Nipun Dissanayake,,,,,,,,,,,,,,,,,,,,,,,,,,,0.00,,0.00,,0.00,,,,,,
,Mr. Nipuna,,,,,,,,,,,,,,,,,,,,,,,,,,,,,0.00,,,,,,,,
,Total Mr. Nipuna,,,,,,,,,,,,,,,,,,,,,,,,,,,,,0.00,,0.00,,,,,,
,Mr. Nirosh (Rayfor),,,,,,,,,,,,,,,,,,,,,,,,,,,,,0.00,,,,,,,,
,,,,Invoice,,01/09/2026,,AS011006,,,,,,Accounts Receivable,,Sal:RS,,AR,,Unpaid,,,,96,,,,"53,000.00",,"53,000.00",,0.00,,,,,,0.00
,Total Mr. Nirosh (Rayfor),,,,,,,,,,,,,,,,,,,,,,,,,,,"53,000.00",,"53,000.00",,0.00,,,,,,
,Mr. Shaveendra Wickramaratne,,,,,,,,,,,,,,,,,,,,,,,,,,,,,0.00,,,,,,,,
,Total Mr. Shaveendra Wickramaratne,,,,,,,,,,,,,,,,,,,,,,,,,,,,,0.00,,0.00,,,,,,
,Mr.Chirath,,,,,,,,,,,,,,,,,,,,,,,,,,,,,0.00,,,,,,,,
,,,,Invoice,,05/30/2025,,AS010628,,,,,,Accounts Receivable,,Sal:EC,,A,,Paid,,,,,,,,"249,702.75",,"249,702.75",,0.00,,,,,,0.00
,,,,Payment,,06/04/2025,,Online TRF,,,,,,Accounts Receivable,,,,,,Paid,,Bank Deposit,,,,,,"-249,702.75",,0.00,,0.00,,,,,,0.00
,Total Mr.Chirath,,,,,,,,,,,,,,,,,,,,,,,,,,,0.00,,0.00,,0.00,,,,,,
,Mr.Damith,,,,,,,,,,,,,,,,,,,,,,,,,,,,,0.00,,,,,,,,
,Total Mr.Damith,,,,,,,,,,,,,,,,,,,,,,,,,,,,,0.00,,0.00,,,,,,
,Mr.Mahendra Fernando,,,,,,,,,,,,,,,,,,,,,,,,,,,,,0.00,,,,,,,,
,,,,Invoice,,01/28/2025,,AS010459,,,,,,Accounts Receivable,,Sal:EC,,AD,,Paid,,,,,,,,"116,000.00",,"116,000.00",,0.00,,,,,,0.00
,,,,Payment,,01/28/2025,,Online TRF,,,,,,Accounts Receivable,,,,,,Paid,,Bank Deposit,,,,,,"-116,000.00",,0.00,,0.00,,,,,,0.00
,Total Mr.Mahendra Fernando,,,,,,,,,,,,,,,,,,,,,,,,,,,0.00,,0.00,,0.00,,,,,,
,Mr.Mueen,,,,,,,,,,,,,,,,,,,,,,,,,,,,,0.00,,,,,,,,
,Total Mr.Mueen,,,,,,,,,,,,,,,,,,,,,,,,,,,,,0.00,,0.00,,,,,,
,Mrs. Ameena,,,,,,,,,,,,,,,,,,,,,,,,,,,,,0.00,,,,,,,,
,Total Mrs. Ameena,,,,,,,,,,,,,,,,,,,,,,,,,,,,,0.00,,0.00,,,,,,
,Mrs. Aqeela Aboo (Paan Paan),,,,,,,,,,,,,,,,,,,,,,,,,,,,,"20,750.00",,,,,,,,
,Total Mrs. Aqeela Aboo (Paan Paan),,,,,,,,,,,,,,,,,,,,,,,,,,,,,"20,750.00",,0.00,,,,,,
,Mrs. Faraha,,,,,,,,,,,,,,,,,,,,,,,,,,,,,0.00,,,,,,,,
,Total Mrs. Faraha,,,,,,,,,,,,,,,,,,,,,,,,,,,,,0.00,,0.00,,,,,,
,MTV Channel (Pvt) Ltd,,,,,,,,,,,,,,,,,,,,,,,,,,,,,0.00,,,,,,,,
,,,,Invoice,,01/13/2026,,AS011011,,,,,,Accounts Receivable,,Sal:EC,,AS,,Paid,,,,,,,,"649,000.00",,"649,000.00",,0.00,,,,,,0.00
,,,,Invoice,,01/13/2026,,AS011012,,,,,,Accounts Receivable,,Sal:EC,,AS,,Paid,,,,,,,,"649,000.00",,"1,298,000.00",,0.00,,,,,,0.00
,,,,Payment,,01/13/2026,,121726,,,,,,Accounts Receivable,,,,,,Paid,,Check,,,,,,"-649,000.00",,"649,000.00",,0.00,,,,,,0.00
,,,,Invoice,,02/05/2026,,AS011045,,,,,,Accounts Receivable,,,,AS,,Paid,,,,,,,,"240,720.00",,"889,720.00",,0.00,,,,,,0.00
,,,,Payment,,02/18/2026,,121818,,,,,,Accounts Receivable,,,,,,Paid,,Check,,,,,,"-240,720.00",,"649,000.00",,0.00,,,,,,0.00
,,,,Payment,,02/23/2026,,121791,,,,,,Accounts Receivable,,,,,,Paid,,Check,,,,,,"-649,000.00",,0.00,,0.00,,,,,,0.00
,,,,Invoice,,04/27/2026,,AS011164,,,,,,Accounts Receivable,,Sal:EC,,AS,,Unpaid,,,,3,,,,"324,500.00",,"324,500.00",,0.00,,,,,,0.00
,Total MTV Channel (Pvt) Ltd,,,,,,,,,,,,,,,,,,,,,,,,,,,"324,500.00",,"324,500.00",,0.00,,,,,,
,Multi9 Computer Systems,,,,,,,,,,,,,,,,,,,,,,,,,,,,,0.00,,,,,,,,
,,,,Invoice,,06/03/2024,,AS010157,,,,,,Accounts Receivable,,Sal:RS,,A,,Paid,,,,,,,,"388,220.00",,"388,220.00",,0.00,,,,,,0.00
,,,,Payment,,06/05/2024,,549220,,,,,,Accounts Receivable,,,,,,Paid,,Check,,,,,,"-388,220.00",,0.00,,0.00,,,,,,0.00
,Total Multi9 Computer Systems,,,,,,,,,,,,,,,,,,,,,,,,,,,0.00,,0.00,,0.00,,,,,,
,Musaeus College,,,,,,,,,,,,,,,,,,,,,,,,,,,,,0.00,,,,,,,,
,Total Musaeus College,,,,,,,,,,,,,,,,,,,,,,,,,,,,,0.00,,0.00,,,,,,
,MUSLIM AID,,,,,,,,,,,,,,,,,,,,,,,,,,,,,"29,999.95",,,,,,,,
,,,,Payment,,02/14/2024,,566347,,,,,,Accounts Receivable,,,,,,Paid,,Check,,,,,,"-30,000.00",,-0.05,,0.00,,,,,,0.00
,,,,Invoice,,02/28/2025,,AS010513,,,,,,Accounts Receivable,,Mnt,,AS,,Paid,,,,,,,,"30,000.00",,"29,999.95",,0.00,,,,,,0.00
,,,,Payment,,03/14/2025,,606247,,,,,,Accounts Receivable,,,,,,Paid,,Check,,,,,,"-30,000.00",,-0.05,,0.00,,,,,,0.00
,Total MUSLIM AID,,,,,,,,,,,,,,,,,,,,,,,,,,,"-30,000.00",,-0.05,,0.00,,,,,,
,My Cola Beverages (Pvt) Ltd,,,,,,,,,,,,,,,,,,,,,,,,,,,,,0.00,,,,,,,,
,,,,Invoice,,07/24/2024,,AS010227,,,,,,Accounts Receivable,,Sal:EC,,A,,Paid,,,,,,,,"4,130.00",,"4,130.00",,0.00,,,,,,0.00
,,,,Payment,,08/20/2024,,Online TRF,,,,,,Accounts Receivable,,,,,,Paid,,Bank Deposit,,,,,,"-4,130.00",,0.00,,0.00,,,,,,0.00
,Total My Cola Beverages (Pvt) Ltd,,,,,,,,,,,,,,,,,,,,,,,,,,,0.00,,0.00,,0.00,,,,,,
,Nadeera Paints (Pvt) Ltd,,,,,,,,,,,,,,,,,,,,,,,,,,,,,0.00,,,,,,,,
,,,,Invoice,,09/11/2024,,AS010277,,,,,,Accounts Receivable,,Sal:EC,,AD,,Paid,,,,,,,,"17,700.00",,"17,700.00",,0.00,,,,,,0.00
,,,,Payment,,09/26/2024,,416794,,,,,,Accounts Receivable,,,,,,Paid,,Check,,,,,,"-17,700.00",,0.00,,0.00,,,,,,0.00
,,,,Invoice,,02/06/2025,,AS010473,,,,,,Accounts Receivable,,Sal:EC,,AD,,Paid,,,,,,,,"4,720.00",,"4,720.00",,0.00,,,,,,0.00
,,,,Payment,,04/03/2025,,000116,,,,,,Accounts Receivable,,,,,,Paid,,Check,,,,,,"-4,720.00",,0.00,,0.00,,,,,,0.00
,Total Nadeera Paints (Pvt) Ltd,,,,,,,,,,,,,,,,,,,,,,,,,,,0.00,,0.00,,0.00,,,,,,
,Ncinga (Pvt) Ltd,,,,,,,,,,,,,,,,,,,,,,,,,,,,,0.00,,,,,,,,
,,,,Invoice,,05/02/2025,,AS010590,,,,,,Accounts Receivable,,Sal:RS,,A,,Paid,,,,,,,,"3,665,493.00",,"3,665,493.00",,0.00,,,,,,0.00
,,,,Payment,,06/02/2025,,202737,,,,,,Accounts Receivable,,,,,,Paid,,Check,,,,,,"-3,665,493.00",,0.00,,0.00,,,,,,0.00
,Total Ncinga (Pvt) Ltd,,,,,,,,,,,,,,,,,,,,,,,,,,,0.00,,0.00,,0.00,,,,,,
,Nekzone Solutions (Pvt) Ltd,,,,,,,,,,,,,,,,,,,,,,,,,,,,,0.00,,,,,,,,
,Total Nekzone Solutions (Pvt) Ltd,,,,,,,,,,,,,,,,,,,,,,,,,,,,,0.00,,0.00,,,,,,
,Neo Graphics (Pvt) Ltd,,,,,,,,,,,,,,,,,,,,,,,,,,,,,0.00,,,,,,,,
,Total Neo Graphics (Pvt) Ltd,,,,,,,,,,,,,,,,,,,,,,,,,,,,,0.00,,0.00,,,,,,
,Neo Solution,,,,,,,,,,,,,,,,,,,,,,,,,,,,,0.00,,,,,,,,
,,,,Invoice,,07/11/2025,,AS010699,,,,,,Accounts Receivable,,Sal:EC,,SM,,Paid,,,,,,,,"1,500.00",,"1,500.00",,0.00,,,,,,0.00
,,,,Invoice,,08/18/2025,,AS010756,,,,,,Accounts Receivable,,Sal:EC,,SM,,Unpaid,,,,255,,,,"1,500.00",,"3,000.00",,0.00,,,,,,0.00
,,,,Payment,,08/18/2025,,Online TRF,,,,,,Accounts Receivable,,,,,,Paid,,Bank Deposit,,,,,,"-1,500.00",,"1,500.00",,0.00,,,,,,0.00
,,,,Invoice,,09/23/2025,,AS010812,,,,,,Accounts Receivable,,Sal:EC,,SM,,Paid,,,,,,,,"1,500.00",,"3,000.00",,0.00,,,,,,0.00
,,,,Credit Memo,,10/21/2025,,AS00117,,,,,,Accounts Receivable,,Sal:EC,,,,Paid,,,,,,,,"-1,500.00",,"1,500.00",,0.00,,,,,,0.00
,Total Neo Solution,,,,,,,,,,,,,,,,,,,,,,,,,,,"1,500.00",,"1,500.00",,0.00,,,,,,
,NetCore Solutions,,,,,,,,,,,,,,,,,,,,,,,,,,,,,0.00,,,,,,,,
,,,,Invoice,,10/12/2024,,AS010311,,,,,,Accounts Receivable,,Sal:RS,,A,,Paid,,,,,,,,"387,040.00",,"387,040.00",,0.00,,,,,,0.00
,,,,Payment,,12/04/2024,,982579,,,,,,Accounts Receivable,,,,,,Paid,,Check,,,,,,"-200,000.00",,"187,040.00",,0.00,,,,,,0.00
,,,,Payment,,12/09/2024,,982580,,,,,,Accounts Receivable,,,,,,Paid,,Check,,,,,,"-187,040.00",,0.00,,0.00,,,,,,0.00
,,,,Invoice,,01/29/2025,,AS010463,,,,,,Accounts Receivable,,Sal:RS,,A,,Paid,,,,,,,,"394,120.00",,"394,120.00",,0.00,,,,,,0.00
,,,,Payment,,03/25/2025,,504106,,,,,,Accounts Receivable,,,,,,Paid,,Check,,,,,,"-154,120.00",,"240,000.00",,0.00,,,,,,0.00
,,,,Payment,,04/24/2025,,Online TRF,,,,,,Accounts Receivable,,,,,,Paid,,Bank Deposit,,,,,,"-60,000.00",,"180,000.00",,0.00,,,,,,0.00
,,,,Payment,,05/15/2025,,Online TRF,,,,,,Accounts Receivable,,,,,,Paid,,Bank Deposit,,,,,,"-180,000.00",,0.00,,0.00,,,,,,0.00
,,,,Invoice,,12/02/2025,,AS010942,,,,,,Accounts Receivable,,,,A,,Paid,,,,,,,,"352,230.00",,"352,230.00",,0.00,,,,,,0.00
,,,,Payment,,01/22/2026,,Bank Deposit,,,,,,Accounts Receivable,,,,,,Paid,,Bank Deposit,,,,,,"-152,230.00",,"200,000.00",,0.00,,,,,,0.00
,,,,Payment,,01/28/2026,,Online TRF,,,,,,Accounts Receivable,,,,,,Paid,,Bank Deposit,,,,,,"-200,000.00",,0.00,,0.00,,,,,,0.00
,Total NetCore Solutions,,,,,,,,,,,,,,,,,,,,,,,,,,,0.00,,0.00,,0.00,,,,,,
,Netsys Solutions (Pvt) Ltd,,,,,,,,,,,,,,,,,,,,,,,,,,,,,0.00,,,,,,,,
,,,,Invoice,,03/27/2025,,AS010544,,,,,,Accounts Receivable,,Sal:RS,,A,,Paid,,,,,,,,"287,920.00",,"287,920.00",,0.00,,,,,,0.00
,,,,Payment,,04/01/2025,,084524,,,,,,Accounts Receivable,,,,,,Paid,,Check,,,,,,"-287,920.00",,0.00,,0.00,,,,,,0.00
,,,,Invoice,,07/16/2025,,AS010710,,,,,,Accounts Receivable,,Sal:RS,,A,,Paid,,,,,,,,"1,223,424.00",,"1,223,424.00",,0.00,,,,,,0.00
,,,,Payment,,07/16/2025,,091103,,,,,,Accounts Receivable,,,,,,Paid,,Check,,,,,,"-1,223,424.00",,0.00,,0.00,,,,,,0.00
,Total Netsys Solutions (Pvt) Ltd,,,,,,,,,,,,,,,,,,,,,,,,,,,0.00,,0.00,,0.00,,,,,,
,Network Information Technologies (Pvt) Lt,,,,,,,,,,,,,,,,,,,,,,,,,,,,,0.00,,,,,,,,
,,,,Invoice,,07/25/2024,,AS010228,,,,,,Accounts Receivable,,Sal:RS,,A,,Paid,,,,,,,,"291,696.22",,"291,696.22",,0.00,,,,,,0.00
,,,,Payment,,08/27/2024,,816311,,,,,,Accounts Receivable,,,,,,Paid,,Check,,,,,,"-291,696.22",,0.00,,0.00,,,,,,0.00
,,,,Invoice,,10/16/2024,,AS010316,,,,,,Accounts Receivable,,Sal:EC,,AS,,Paid,,,,,,,,"527,460.00",,"527,460.00",,0.00,,,,,,0.00
,,,,Payment,,11/05/2024,,822256,,,,,,Accounts Receivable,,,,,,Paid,,Check,,,,,,"-527,460.00",,0.00,,0.00,,,,,,0.00
,,,,Invoice,,01/20/2025,,AS010436,,,,,,Accounts Receivable,,Sal:RS,,AS,,Paid,,,,,,,,"86,376.00",,"86,376.00",,0.00,,,,,,0.00
,,,,Payment,,02/21/2025,,826649,,,,,,Accounts Receivable,,,,,,Paid,,Check,,,,,,"-86,376.00",,0.00,,0.00,,,,,,0.00
,,,,Invoice,,02/24/2025,,AS010497,,,,,,Accounts Receivable,,Sal:RS,,AS,,Paid,,,,,,,,"61,360.00",,"61,360.00",,0.00,,,,,,0.00
,,,,Payment,,04/07/2025,,830984,,,,,,Accounts Receivable,,,,,,Paid,,Check,,,,,,"-61,360.00",,0.00,,0.00,,,,,,0.00
,,,,Invoice,,07/24/2025,,AS010726,,,,,,Accounts Receivable,,Sal:RS,,AS,,Paid,,,,,,,,"269,529.81",,"269,529.81",,0.00,,,,,,0.00
,,,,Invoice,,07/28/2025,,AS010731,,,,,,Accounts Receivable,,Sal:RS,,AS,,Paid,,,,,,,,"17,995.00",,"287,524.81",,0.00,,,,,,0.00
,,,,Payment,,08/26/2025,,838718,,,,,,Accounts Receivable,,,,,,Paid,,Check,,,,,,"-287,524.81",,0.00,,0.00,,,,,,0.00
,,,,Invoice,,09/26/2025,,AS010828,,,,,,Accounts Receivable,,Sal:RS,,AS,,Paid,,,,,,,,"326,860.00",,"326,860.00",,0.00,,,,,,0.00
,,,,Invoice,,10/15/2025,,AS010849,,,,,,Accounts Receivable,,Sal:EC,,AS,,Paid,,,,,,,,"614,237.20",,"941,097.20",,0.00,,,,,,0.00
,,,,Payment,,10/27/2025,,842305,,,,,,Accounts Receivable,,,,,,Paid,,Check,,,,,,"-326,860.00",,"614,237.20",,0.00,,,,,,0.00
,,,,Invoice,,11/06/2025,,AS010890,,,,,,Accounts Receivable,,Sal:RS,,AS,,Paid,,,,,,,,"578,200.00",,"1,192,437.20",,0.00,,,,,,0.00
,,,,Payment,,11/07/2025,,842382,,,,,,Accounts Receivable,,,,,,Paid,,Check,,,,,,"-614,237.20",,"578,200.00",,0.00,,,,,,0.00
,,,,Payment,,12/05/2025,,842430,,,,,,Accounts Receivable,,,,,,Paid,,Check,,,,,,"-578,200.00",,0.00,,0.00,,,,,,0.00
,,,,Invoice,,12/10/2025,,AS010961,,,,,,Accounts Receivable,,,,AS,,Paid,,,,,,,,"487,935.90",,"487,935.90",,0.00,,,,,,0.00
,,,,Invoice,,12/24/2025,,AS010987,,,,,,Accounts Receivable,,Sal:RS,,AS,,Paid,,,,,,,,"222,581.93",,"710,517.83",,0.00,,,,,,0.00
,,,,Payment,,01/21/2026,,846611,,,,,,Accounts Receivable,,,,,,Paid,,Check,,,,,,"-487,935.90",,"222,581.93",,0.00,,,,,,0.00
,,,,Invoice,,01/29/2026,,AS011036,,,,,,Accounts Receivable,,Sal:RS,,AS,,Paid,,,,,,,,"110,920.00",,"333,501.93",,0.00,,,,,,0.00
,,,,Payment,,02/03/2026,,846664,,,,,,Accounts Receivable,,,,,,Paid,,Check,,,,,,"-222,581.93",,"110,920.00",,0.00,,,,,,0.00
,,,,Payment,,02/17/2026,,846670,,,,,,Accounts Receivable,,,,,,Paid,,Check,,,,,,"-110,920.00",,0.00,,0.00,,,,,,0.00
,,,,Invoice,,02/28/2026,,AS011079,,,,,,Accounts Receivable,,Sal:RS,,AS,,Paid,,,,,,,,"236,000.00",,"236,000.00",,0.00,,,,,,0.00
,,,,Payment,,04/10/2026,,846792,,,,,,Accounts Receivable,,,,,,Paid,,Check,,,,,,"-236,000.00",,0.00,,0.00,,,,,,0.00
,,,,Invoice,,04/22/2026,,AS011157,,,,,,Accounts Receivable,,,,AS,,Unpaid,,,,8,,,,"1,262,600.00",,"1,262,600.00",,0.00,,,,,,0.00
,Total Network Information Technologies (Pvt) Lt,,,,,,,,,,,,,,,,,,,,,,,,,,,"1,262,600.00",,"1,262,600.00",,0.00,,,,,,
,New Life Literature (Pvt) Ltd,,,,,,,,,,,,,,,,,,,,,,,,,,,,,"8,000.00",,,,,,,,
,,,,Payment,,01/16/2024,,Online TRF,,,,,,Accounts Receivable,,,,,,Paid,,Bank Deposit,,,,,,"-8,000.00",,0.00,,0.00,,,,,,0.00
,Total New Life Literature (Pvt) Ltd,,,,,,,,,,,,,,,,,,,,,,,,,,,"-8,000.00",,0.00,,0.00,,,,,,
,Next IT Solutions,,,,,,,,,,,,,,,,,,,,,,,,,,,,,0.00,,,,,,,,
,Total Next IT Solutions,,,,,,,,,,,,,,,,,,,,,,,,,,,,,0.00,,0.00,,,,,,
,NextEn (Pvt) Ltd,,,,,,,,,,,,,,,,,,,,,,,,,,,,,0.00,,,,,,,,
,,,,Invoice,,01/30/2025,,AS010464,,,,,,Accounts Receivable,,Sal:RS,,A,,Paid,,,,,,,,"764,640.00",,"764,640.00",,0.00,,,,,,0.00
,,,,Payment,,01/30/2025,,179776,,,,,,Accounts Receivable,,,,,,Paid,,Check,,,,,,"-764,640.00",,0.00,,0.00,,,,,,0.00
,Total NextEn (Pvt) Ltd,,,,,,,,,,,,,,,,,,,,,,,,,,,0.00,,0.00,,0.00,,,,,,
,NextGen Holdings,,,,,,,,,,,,,,,,,,,,,,,,,,,,,0.00,,,,,,,,
,,,,Invoice,,04/02/2024,,AS010097,,,,,,Accounts Receivable,,Sal:RS,,AD,,Paid,,,,,,,,"493,240.00",,"493,240.00",,0.00,,,,,,0.00
,,,,Payment,,04/02/2024,,656500,,,,,,Accounts Receivable,,,,,,Paid,,Check,,,,,,"-493,240.00",,0.00,,0.00,,,,,,0.00
,,,,Invoice,,05/21/2024,,AS010142,,,,,,Accounts Receivable,,Sal:RS,,AD,,Paid,,,,,,,,"656,080.00",,"656,080.00",,0.00,,,,,,0.00
,,,,Payment,,06/10/2024,,658478,,,,,,Accounts Receivable,,,,,,Paid,,Check,,,,,,"-656,080.00",,0.00,,0.00,,,,,,0.00
,,,,Invoice,,06/24/2024,,AS010188,,,,,,Accounts Receivable,,Sal:RS,,AD,,Paid,,,,,,,,"855,500.00",,"855,500.00",,0.00,,,,,,0.00
,,,,Payment,,07/11/2024,,658492,,,,,,Accounts Receivable,,,,,,Paid,,Check,,,,,,"-855,500.00",,0.00,,0.00,,,,,,0.00
,,,,Invoice,,08/06/2025,,AS010745,,,,,,Accounts Receivable,,Sal:RS,,AD,,Paid,,,,,,,,"479,080.00",,"479,080.00",,0.00,,,,,,0.00
,,,,Payment,,10/02/2025,,672687,,,,,,Accounts Receivable,,,,,,Paid,,Check,,,,,,"-479,080.00",,0.00,,0.00,,,,,,0.00
,Total NextGen Holdings,,,,,,,,,,,,,,,,,,,,,,,,,,,0.00,,0.00,,0.00,,,,,,
,NHK Holdings International (Pvt) Ltd,,,,,,,,,,,,,,,,,,,,,,,,,,,,,0.00,,,,,,,,
,,,,Invoice,,07/28/2025,,AS010733,,,,,,Accounts Receivable,,Sal:RS,,AR,,Paid,,,,,,,,"16,110.00",,"16,110.00",,0.00,,,,,,0.00
,,,,Payment,,07/28/2025,,Online TRF,,,,,,Accounts Receivable,,,,,,Paid,,Bank Deposit,,,,,,"-16,110.00",,0.00,,0.00,,,,,,0.00
,Total NHK Holdings International (Pvt) Ltd,,,,,,,,,,,,,,,,,,,,,,,,,,,0.00,,0.00,,0.00,,,,,,
,Ninehearts Imaging (Pvt) Ltd,,,,,,,,,,,,,,,,,,,,,,,,,,,,,0.00,,,,,,,,
,,,,Invoice,,01/28/2025,,AS010458,,,,,,Accounts Receivable,,Sal:RS,,AD,,Paid,,,,,,,,"574,660.00",,"574,660.00",,0.00,,,,,,0.00
,,,,Payment,,03/10/2025,,201192,,,,,,Accounts Receivable,,,,,,Paid,,Check,,,,,,"-574,660.00",,0.00,,0.00,,,,,,0.00
,Total Ninehearts Imaging (Pvt) Ltd,,,,,,,,,,,,,,,,,,,,,,,,,,,0.00,,0.00,,0.00,,,,,,
,NOLIMIT,,,,,,,,,,,,,,,,,,,,,,,,,,,,,0.00,,,,,,,,
,,,,Invoice,,09/12/2024,,AS010279,,,,,,Accounts Receivable,,Sal:EC,,AR,,Paid,,,,,,,,"51,920.00",,"51,920.00",,0.00,,,,,,0.00
,,,,Invoice,,09/13/2024,,AS010281,,,,,,Accounts Receivable,,Sal:EC,,AS,,Paid,,,,,,,,"1,769,174.00",,"1,821,094.00",,0.00,,,,,,0.00
,,,,Payment,,10/08/2024,,957770,,,,,,Accounts Receivable,,,,,,Paid,,Check,,,,,,"-51,920.00",,"1,769,174.00",,0.00,,,,,,0.00
,,,,Payment,,10/09/2024,,957792,,,,,,Accounts Receivable,,,,,,Paid,,Check,,,,,,"-1,769,174.00",,0.00,,0.00,,,,,,0.00
,,,,Invoice,,10/10/2024,,AS010306,,,,,,Accounts Receivable,,Sal:EC,,AS,,Paid,,,,,,,,"54,350.80",,"54,350.80",,0.00,,,,,,0.00
,,,,Invoice,,11/30/2024,,AS010373,,,,,,Accounts Receivable,,Sal:EC,,AR,,Paid,,,,,,,,"21,240.00",,"75,590.80",,0.00,,,,,,0.00
,,,,Invoice,,12/11/2024,,AS010391,,,,,,Accounts Receivable,,Sal:EC,,AR,,Paid,,,,,,,,"21,240.00",,"96,830.80",,0.00,,,,,,0.00
,,,,Payment,,12/11/2024,,957939,,,,,,Accounts Receivable,,,,,,Paid,,Check,,,,,,"-54,350.80",,"42,480.00",,0.00,,,,,,0.00
,,,,Invoice,,01/31/2025,,AS010467,,,,,,Accounts Receivable,,Sal:EC,,AR,,Paid,,,,,,,,"52,628.00",,"95,108.00",,0.00,,,,,,0.00
,,,,Invoice,,01/31/2025,,AS010468,,,,,,Accounts Receivable,,Sal:EC,,AR,,Paid,,,,,,,,"4,000.00",,"99,108.00",,0.00,,,,,,0.00
,,,,Payment,,03/14/2025,,958091,,,,,,Accounts Receivable,,,,,,Paid,,Check,,,,,,"-21,240.00",,"77,868.00",,0.00,,,,,,0.00
,,,,Payment,,03/14/2025,,958148,,,,,,Accounts Receivable,,,,,,Paid,,Check,,,,,,"-21,240.00",,"56,628.00",,0.00,,,,,,0.00
,,,,Payment,,03/14/2025,,653424,,,,,,Accounts Receivable,,,,,,Paid,,Check,,,,,,"-4,000.00",,"52,628.00",,0.00,,,,,,0.00
,,,,Payment,,04/08/2025,,958432,,,,,,Accounts Receivable,,,,,,Paid,,Check,,,,,,"-52,628.00",,0.00,,0.00,,,,,,0.00
,,,,Invoice,,06/24/2025,,AS010668,,,,,,Accounts Receivable,,Sal:RS,,AR,,Paid,,,,,,,,"79,650.00",,"79,650.00",,0.00,,,,,,0.00
,,,,Payment,,07/31/2025,,738594,,,,,,Accounts Receivable,,,,,,Paid,,Check,,,,,,"-79,650.00",,0.00,,0.00,,,,,,0.00
,,,,Invoice,,10/29/2025,,AS010875,,,,,,Accounts Receivable,,,,AR,,Paid,,,,,,,,"10,000.00",,"10,000.00",,0.00,,,,,,0.00
,,,,Payment,,12/19/2025,,755672,,,,,,Accounts Receivable,,,,,,Paid,,Check,,,,,,"-10,000.00",,0.00,,0.00,,,,,,0.00
,,,,Invoice,,03/03/2026,,AS011082,,,,,,Accounts Receivable,,,,AR,,Unpaid,,,,58,,,,"64,900.00",,"64,900.00",,0.00,,,,,,0.00
,Total NOLIMIT,,,,,,,,,,,,,,,,,,,,,,,,,,,"64,900.00",,"64,900.00",,0.00,,,,,,
,North American Aviation Group Inc,,,,,,,,,,,,,,,,,,,,,,,,,,,,,0.00,,,,,,,,
,Total North American Aviation Group Inc,,,,,,,,,,,,,,,,,,,,,,,,,,,,,0.00,,0.00,,,,,,
,NSK Media Systems (Pvt) Ltd,,,,,,,,,,,,,,,,,,,,,,,,,,,,,0.00,,,,,,,,
,,,,Invoice,,02/20/2025,,AS010495,,,,,,Accounts Receivable,,Sal:RS,,AR,,Paid,,,,,,,,"10,500.00",,"10,500.00",,0.00,,,,,,0.00
,,,,Payment,,02/27/2025,,128339,,,,,,Accounts Receivable,,,,,,Paid,,Bank Deposit,,,,,,"-10,500.00",,0.00,,0.00,,,,,,0.00
,,,,Invoice,,04/30/2025,,AS010588,,,,,,Accounts Receivable,,Sal:RS,,AR,,Paid,,,,,,,,"27,100.00",,"27,100.00",,0.00,,,,,,0.00
,,,,Payment,,05/05/2025,,Online TRF,,,,,,Accounts Receivable,,,,,,Paid,,Bank Deposit,,,,,,"-27,100.00",,0.00,,0.00,,,,,,0.00
,,,,Invoice,,06/02/2025,,AS010631,,,,,,Accounts Receivable,,Sal:RS,,AR,,Paid,,,,,,,,"120,960.00",,"120,960.00",,0.00,,,,,,0.00
,,,,Payment,,06/02/2025,,128372,,,,,,Accounts Receivable,,,,,,Paid,,Check,,,,,,"-120,960.00",,0.00,,0.00,,,,,,0.00
,,,,Invoice,,09/18/2025,,AS010808,,,,,,Accounts Receivable,,Sal:RS,,AR,,Paid,,,,,,,,"49,500.00",,"49,500.00",,0.00,,,,,,0.00
,,,,Payment,,09/19/2025,,136127,,,,,,Accounts Receivable,,,,,,Paid,,Check,,,,,,"-49,500.00",,0.00,,0.00,,,,,,0.00
,,,,Invoice,,02/10/2026,,AS011050,,,,,,Accounts Receivable,,Sal:RS,,AR,,Paid,,,,,,,,"6,000.00",,"6,000.00",,0.00,,,,,,0.00
,,,,Payment,,02/12/2026,,Online TRF,,,,,,Accounts Receivable,,,,,,Paid,,Bank Deposit,,,,,,"-6,000.00",,0.00,,0.00,,,,,,0.00
,Total NSK Media Systems (Pvt) Ltd,,,,,,,,,,,,,,,,,,,,,,,,,,,0.00,,0.00,,0.00,,,,,,
,OAK INTEGRATED SYSTEMS PVT LTD,,,,,,,,,,,,,,,,,,,,,,,,,,,,,"1,916,000.00",,,,,,,,
,,,,Payment,,01/04/2024,,707547,,,,,,Accounts Receivable,,,,,,Paid,,Check,,,,,,"-289,000.00",,"1,627,000.00",,0.00,,,,,,0.00
,,,,Payment,,02/06/2024,,122674,,,,,,Accounts Receivable,,,,,,Paid,,Check,,,,,,"-489,000.00",,"1,138,000.00",,0.00,,,,,,0.00
,,,,Payment,,02/14/2024,,124532,,,,,,Accounts Receivable,,,,,,Paid,,Check,,,,,,"-1,138,000.00",,0.00,,0.00,,,,,,0.00
,,,,Invoice,,04/17/2024,,AS010104,,,,,,Accounts Receivable,,Sal:RS,,AS,,Paid,,,,,,,,"7,788,000.00",,"7,788,000.00",,0.00,,,,,,0.00
,,,,Invoice,,05/09/2024,,AS010128,,,,,,Accounts Receivable,,Sal:RS,,A,,Paid,,,,,,,,"622,568.00",,"8,410,568.00",,0.00,,,,,,0.00
,,,,Invoice,,05/31/2024,,AS010151,,,,,,Accounts Receivable,,Sal:RS,,AS,,Paid,,,,,,,,"1,652,000.00",,"10,062,568.00",,0.00,,,,,,0.00
,,,,Payment,,07/04/2024,,410597,,,,,,Accounts Receivable,,,,,,Paid,,Check,,,,,,"-622,568.00",,"9,440,000.00",,0.00,,,,,,0.00
,,,,Payment,,07/24/2024,,128972,,,,,,Accounts Receivable,,,,,,Paid,,Check,,,,,,"-9,440,000.00",,0.00,,0.00,,,,,,0.00
,,,,Invoice,,08/08/2024,,AS010244,,,,,,Accounts Receivable,,Sal:RS,,A,,Paid,,,,,,,,"5,032,700.00",,"5,032,700.00",,0.00,,,,,,0.00
,,,,Invoice,,08/28/2024,,AS010262,,,,,,Accounts Receivable,,Sal:RS,,A,,Paid,,,,,,,,"103,840.00",,"5,136,540.00",,0.00,,,,,,0.00
,,,,Invoice,,09/25/2024,,AS010291,,,,,,Accounts Receivable,,Sal:RS,,A,,Paid,,,,,,,,"928,660.00",,"6,065,200.00",,0.00,,,,,,0.00
,,,,Payment,,10/04/2024,,795869,,,,,,Accounts Receivable,,,,,,Paid,,Check,,,,,,"-103,840.00",,"5,961,360.00",,0.00,,,,,,0.00
,,,,Payment,,10/15/2024,,795877,,,,,,Accounts Receivable,,,,,,Paid,,Check,,,,,,"-5,032,700.00",,"928,660.00",,0.00,,,,,,0.00
,,,,Payment,,11/08/2024,,795911,,,,,,Accounts Receivable,,,,,,Paid,,Check,,,,,,"-928,660.00",,0.00,,0.00,,,,,,0.00
,,,,Invoice,,11/26/2024,,AS010365,,,,,,Accounts Receivable,,Sal:RS,,A,,Paid,,,,,,,,"232,165.00",,"232,165.00",,0.00,,,,,,0.00
,,,,Payment,,01/09/2025,,133897,,,,,,Accounts Receivable,,,,,,Paid,,Check,,,,,,"-232,165.00",,0.00,,0.00,,,,,,0.00
,,,,Invoice,,08/13/2025,,AS010753,,,,,,Accounts Receivable,,Sal:RS,,A,,Paid,,,,,,,,"226,560.00",,"226,560.00",,0.00,,,,,,0.00
,,,,Payment,,09/18/2025,,660563,,,,,,Accounts Receivable,,,,,,Paid,,Check,,,,,,"-226,560.00",,0.00,,0.00,,,,,,0.00
,Total OAK INTEGRATED SYSTEMS PVT LTD,,,,,,,,,,,,,,,,,,,,,,,,,,,"-1,916,000.00",,0.00,,0.00,,,,,,
,Ocnet Technologies,,,,,,,,,,,,,,,,,,,,,,,,,,,,,0.00,,,,,,,,
,,,,Invoice,,10/08/2025,,AS010836,,,,,,Accounts Receivable,,Sal:RS,,AD,,Paid,,,,,,,,"240,720.00",,"240,720.00",,0.00,,,,,,0.00
,,,,Payment,,11/10/2025,,000114,,,,,,Accounts Receivable,,,,,,Paid,,Check,,,,,,"-240,720.00",,0.00,,0.00,,,,,,0.00
,Total Ocnet Technologies,,,,,,,,,,,,,,,,,,,,,,,,,,,0.00,,0.00,,0.00,,,,,,
,Office Network (Pvt) Ltd,,,,,,,,,,,,,,,,,,,,,,,,,,,,,0.00,,,,,,,,
,,,,Invoice,,09/11/2025,,AS010799,,,,,,Accounts Receivable,,Sal:RS,,A,,Paid,,,,,,,,"462,368.25",,"462,368.25",,0.00,,,,,,0.00
,,,,Payment,,09/17/2025,,992229,,,,,,Accounts Receivable,,,,,,Paid,,Check,,,,,,"-462,368.25",,0.00,,0.00,,,,,,0.00
,,,,Invoice,,01/22/2026,,AS011025,,,,,,Accounts Receivable,,,,A,,Paid,,,,,,,,"2,092,007.25",,"2,092,007.25",,0.00,,,,,,0.00
,,,,Payment,,02/03/2026,,992343,,,,,,Accounts Receivable,,,,,,Paid,,Check,,,,,,"-2,092,007.25",,0.00,,0.00,,,,,,0.00
,Total Office Network (Pvt) Ltd,,,,,,,,,,,,,,,,,,,,,,,,,,,0.00,,0.00,,0.00,,,,,,
,Open Systems Integrators,,,,,,,,,,,,,,,,,,,,,,,,,,,,,0.00,,,,,,,,
,Total Open Systems Integrators,,,,,,,,,,,,,,,,,,,,,,,,,,,,,0.00,,0.00,,,,,,
,Open Systems Integrators (Pvt) Ltd,,,,,,,,,,,,,,,,,,,,,,,,,,,,,0.00,,,,,,,,
,,,,Invoice,,04/08/2026,,AS011141,,,,,,Accounts Receivable,,,,A,,Paid,,,,,,,,"2,377,552.50",,"2,377,552.50",,0.00,,,,,,0.00
,,,,Invoice,,04/08/2026,,AS011142,,,,,,Accounts Receivable,,,,A,,Paid,,,,,,,,"1,045,406.25",,"3,422,958.75",,0.00,,,,,,0.00
,,,,Payment,,04/08/2026,,147547,,,,,,Accounts Receivable,,,,,,Paid,,Check,,,,,,"-1,045,406.25",,"2,377,552.50",,0.00,,,,,,0.00
,,,,Payment,,04/08/2026,,147638,,,,,,Accounts Receivable,,,,,,Paid,,Check,,,,,,"-2,377,552.50",,0.00,,0.00,,,,,,0.00
,Total Open Systems Integrators (Pvt) Ltd,,,,,,,,,,,,,,,,,,,,,,,,,,,0.00,,0.00,,0.00,,,,,,
,Openlink (PVT) Ltd,,,,,,,,,,,,,,,,,,,,,,,,,,,,,0.00,,,,,,,,
,,,,Invoice,,09/24/2025,,AS010825,,,,,,Accounts Receivable,,Sal:RS,,A,,Paid,,,,,,,,"451,137.60",,"451,137.60",,0.00,,,,,,0.00
,,,,Payment,,09/24/2025,,579050,,,,,,Accounts Receivable,,,,,,Paid,,Check,,,,,,"-451,137.60",,0.00,,0.00,,,,,,0.00
,,,,Invoice,,11/18/2025,,AS010914,,,,,,Accounts Receivable,,Sal:RS,,A,,Paid,,,,,,,,"580,648.50",,"580,648.50",,0.00,,,,,,0.00
,,,,Payment,,12/02/2025,,592034,,,,,,Accounts Receivable,,,,,,Paid,,Bank Deposit,,,,,,"-580,648.50",,0.00,,0.00,,,,,,0.00
,,,,Invoice,,03/19/2026,,AS011102,,,,,,Accounts Receivable,,,,A,,Paid,,,,,,,,"712,720.00",,"712,720.00",,0.00,,,,,,0.00
,,,,Payment,,03/19/2026,,607173,,,,,,Accounts Receivable,,,,,,Paid,,Check,,,,,,"-712,720.00",,0.00,,0.00,,,,,,0.00
,Total Openlink (PVT) Ltd,,,,,,,,,,,,,,,,,,,,,,,,,,,0.00,,0.00,,0.00,,,,,,
,Optimal Solutions,,,,,,,,,,,,,,,,,,,,,,,,,,,,,0.00,,,,,,,,
,Total Optimal Solutions,,,,,,,,,,,,,,,,,,,,,,,,,,,,,0.00,,0.00,,,,,,
,Orel Corporation (Pvt) Ltd,,,,,,,,,,,,,,,,,,,,,,,,,,,,,0.00,,,,,,,,
,Total Orel Corporation (Pvt) Ltd,,,,,,,,,,,,,,,,,,,,,,,,,,,,,0.00,,0.00,,,,,,
,Orikmo Technologies (Pvt) Ltd,,,,,,,,,,,,,,,,,,,,,,,,,,,,,0.00,,,,,,,,
,,,,Invoice,,12/20/2024,,AS010408,,,,,,Accounts Receivable,,Sal:EC,,AR,,Paid,,,,,,,,"46,610.00",,"46,610.00",,0.00,,,,,,0.00
,,,,Invoice,,12/31/2024,,AS010417,,,,,,Accounts Receivable,,Sal:RS,,AR,,Paid,,,,,,,,"219,480.00",,"266,090.00",,0.00,,,,,,0.00
,,,,Invoice,,02/13/2025,,AS010478,,,,,,Accounts Receivable,,Sal:RS,,AR,,Paid,,,,,,,,"176,292.00",,"442,382.00",,0.00,,,,,,0.00
,,,,Payment,,02/17/2025,,Cash,,,,,,Accounts Receivable,,,,,,Paid,,Cash,,,,,,"-266,090.00",,"176,292.00",,0.00,,,,,,0.00
,,,,Payment,,07/09/2025,,588096,,,,,,Accounts Receivable,,,,,,Paid,,Check,,,,,,"-140,420.00",,"35,872.00",,0.00,,,,,,0.00
,,,,Credit Memo,,07/09/2025,,AS00112,,,,,,Accounts Receivable,,Sal:RS,,,,Paid,,,,,,,,"-35,872.00",,0.00,,0.00,,,,,,0.00
,Total Orikmo Technologies (Pvt) Ltd,,,,,,,,,,,,,,,,,,,,,,,,,,,0.00,,0.00,,0.00,,,,,,
,Orit Trading Lanka (Pvt) Ltd,,,,,,,,,,,,,,,,,,,,,,,,,,,,,0.00,,,,,,,,
,Total Orit Trading Lanka (Pvt) Ltd,,,,,,,,,,,,,,,,,,,,,,,,,,,,,0.00,,0.00,,,,,,
,OSILMO Special Education & Research Cente,,,,,,,,,,,,,,,,,,,,,,,,,,,,,0.00,,,,,,,,
,Total OSILMO Special Education & Research Cente,,,,,,,,,,,,,,,,,,,,,,,,,,,,,0.00,,0.00,,,,,,
,Paan Paan,,,,,,,,,,,,,,,,,,,,,,,,,,,,,"47,500.00",,,,,,,,
,Total Paan Paan,,,,,,,,,,,,,,,,,,,,,,,,,,,,,"47,500.00",,0.00,,,,,,
,Pacific Manning Agency Colombo(Pvt) Ltd,,,,,,,,,,,,,,,,,,,,,,,,,,,,,0.00,,,,,,,,
,Total Pacific Manning Agency Colombo(Pvt) Ltd,,,,,,,,,,,,,,,,,,,,,,,,,,,,,0.00,,0.00,,,,,,
,Paramount Technology,,,,,,,,,,,,,,,,,,,,,,,,,,,,,0.00,,,,,,,,
,,,,Invoice,,04/03/2024,,AS010100,,,,,,Accounts Receivable,,Sal:EC,,AR,,Paid,,,,,,,,"13,000.00",,"13,000.00",,0.00,,,,,,0.00
,,,,Payment,,04/04/2024,,Cash,,,,,,Accounts Receivable,,,,,,Paid,,Cash,,,,,,"-13,000.00",,0.00,,0.00,,,,,,0.00
,,,,Invoice,,04/22/2024,,AS010109,,,,,,Accounts Receivable,,Sal:RS,,AR,,Paid,,,,,,,,"19,500.00",,"19,500.00",,0.00,,,,,,0.00
,,,,Payment,,04/24/2024,,966924,,,,,,Accounts Receivable,,,,,,Paid,,Check,,,,,,"-19,500.00",,0.00,,0.00,,,,,,0.00
,,,,Invoice,,05/08/2024,,AS010126,,,,,,Accounts Receivable,,Sal:EC,,AR,,Paid,,,,,,,,"3,900.00",,"3,900.00",,0.00,,,,,,0.00
,,,,Payment,,05/08/2024,,966926,,,,,,Accounts Receivable,,,,,,Paid,,Check,,,,,,"-3,900.00",,0.00,,0.00,,,,,,0.00
,,,,Invoice,,07/03/2025,,AS010684,,,,,,Accounts Receivable,,Sal:RS,,AR,,Paid,,,,,,,,"7,800.00",,"7,800.00",,0.00,,,,,,0.00
,,,,Payment,,07/09/2025,,966995,,,,,,Accounts Receivable,,,,,,Paid,,Check,,,,,,"-7,800.00",,0.00,,0.00,,,,,,0.00
,Total Paramount Technology,,,,,,,,,,,,,,,,,,,,,,,,,,,0.00,,0.00,,0.00,,,,,,
,Pawara Tech Solutions,,,,,,,,,,,,,,,,,,,,,,,,,,,,,0.00,,,,,,,,
,,,,Invoice,,10/15/2024,,AS010312,,,,,,Accounts Receivable,,Sal:RS,,AD,,Paid,,,,,,,,"57,348.00",,"57,348.00",,0.00,,,,,,0.00
,,,,Payment,,10/15/2024,,Online TRF,,,,,,Accounts Receivable,,,,,,Paid,,Bank Deposit,,,,,,"-57,348.00",,0.00,,0.00,,,,,,0.00
,,,,Invoice,,03/05/2025,,AS010519,,,,,,Accounts Receivable,,Sal:RS,,AD,,Paid,,,,,,,,"47,200.00",,"47,200.00",,0.00,,,,,,0.00
,,,,Payment,,03/06/2025,,Online TRF,,,,,,Accounts Receivable,,,,,,Paid,,Check,,,,,,"-47,200.00",,0.00,,0.00,,,,,,0.00
,,,,Invoice,,03/11/2025,,AS010524,,,,,,Accounts Receivable,,Sal:RS,,AD,,Paid,,,,,,,,"23,600.00",,"23,600.00",,0.00,,,,,,0.00
,,,,Payment,,03/12/2025,,Online TRF,,,,,,Accounts Receivable,,,,,,Paid,,Bank Deposit,,,,,,"-23,600.00",,0.00,,0.00,,,,,,0.00
,Total Pawara Tech Solutions,,,,,,,,,,,,,,,,,,,,,,,,,,,0.00,,0.00,,0.00,,,,,,
,PC Holdings,,,,,,,,,,,,,,,,,,,,,,,,,,,,,0.00,,,,,,,,
,Total PC Holdings,,,,,,,,,,,,,,,,,,,,,,,,,,,,,0.00,,0.00,,,,,,
,PC TECHNOLOGIES (PVT) LTD.,,,,,,,,,,,,,,,,,,,,,,,,,,,,,0.00,,,,,,,,
,Total PC TECHNOLOGIES (PVT) LTD.,,,,,,,,,,,,,,,,,,,,,,,,,,,,,0.00,,0.00,,,,,,
,Penguin Shipping Enterprises (Pvt) Ltd.,,,,,,,,,,,,,,,,,,,,,,,,,,,,,0.00,,,,,,,,
,,,,Invoice,,03/06/2026,,AS011084,,,,,,Accounts Receivable,,,,AD,,Paid,,,,,,,,"238,360.00",,"238,360.00",,0.00,,,,,,0.00
,,,,Payment,,03/10/2026,,940452,,,,,,Accounts Receivable,,,,,,Paid,,Check,,,,,,"-238,360.00",,0.00,,0.00,,,,,,0.00
,,,,Invoice,,04/30/2026,,AS011172,,,,,,Accounts Receivable,,,,AD,,Paid,,,,,,,,"447,220.00",,"447,220.00",,0.00,,,,,,0.00
,Total Penguin Shipping Enterprises (Pvt) Ltd.,,,,,,,,,,,,,,,,,,,,,,,,,,,"447,220.00",,"447,220.00",,0.00,,,,,,
,Penta Technology Solutions (Pvt) Ltd,,,,,,,,,,,,,,,,,,,,,,,,,,,,,0.00,,,,,,,,
,,,,Invoice,,02/26/2024,,AS010056,,,,,,Accounts Receivable,,Sal:EC,,AD,,Paid,,,,,,,,"94,400.00",,"94,400.00",,0.00,,,,,,0.00
,,,,Payment,,02/29/2024,,Online TRF,,,,,,Accounts Receivable,,,,,,Paid,,Bank Deposit,,,,,,"-94,400.00",,0.00,,0.00,,,,,,0.00
,,,,Invoice,,12/16/2025,,AS010964,,,,,,Accounts Receivable,,,,AD,,Paid,,,,,,,,"36,550.00",,"36,550.00",,0.00,,,,,,0.00
,,,,Credit Memo,,12/17/2025,,AS00122,,,,,,Accounts Receivable,,,,,,Paid,,,,,,,,"-36,550.00",,0.00,,0.00,,,,,,0.00
,,,,Invoice,,12/17/2025,,AS010970,,,,,,Accounts Receivable,,,,AD,,Paid,,,,,,,,"40,000.00",,"40,000.00",,0.00,,,,,,0.00
,,,,Payment,,02/17/2026,,Online TRF,,,,,,Accounts Receivable,,,,,,Paid,,Bank Deposit,,,,,,"-40,000.00",,0.00,,0.00,,,,,,0.00
,Total Penta Technology Solutions (Pvt) Ltd,,,,,,,,,,,,,,,,,,,,,,,,,,,0.00,,0.00,,0.00,,,,,,
,People's Merchant Finance PLC,,,,,,,,,,,,,,,,,,,,,,,,,,,,,0.00,,,,,,,,
,,,,Invoice,,04/02/2024,,AS010099,,,,,,Accounts Receivable,,Mnt,,A,,Paid,,,,,,,,"328,512.00",,"328,512.00",,0.00,,,,,,0.00
,,,,Payment,,04/17/2024,,Online TRF,,,,,,Accounts Receivable,,,,,,Paid,,Check,,,,,,"-328,512.00",,0.00,,0.00,,,,,,0.00
,,,,Invoice,,04/24/2025,,AS010578,,,,,,Accounts Receivable,,Mnt,,A,,Paid,,,,,,,,"313,880.00",,"313,880.00",,0.00,,,,,,0.00
,,,,Payment,,05/10/2025,,Online TRF,,,,,,Accounts Receivable,,,,,,Paid,,Bank Deposit,,,,,,"-313,880.00",,0.00,,0.00,,,,,,0.00
,Total People's Merchant Finance PLC,,,,,,,,,,,,,,,,,,,,,,,,,,,0.00,,0.00,,0.00,,,,,,
,Peoples Organization,,,,,,,,,,,,,,,,,,,,,,,,,,,,,0.00,,,,,,,,
,Total Peoples Organization,,,,,,,,,,,,,,,,,,,,,,,,,,,,,0.00,,0.00,,,,,,
,Perfect Business Solution Services (Pvt),,,,,,,,,,,,,,,,,,,,,,,,,,,,,0.00,,,,,,,,
,Total Perfect Business Solution Services (Pvt),,,,,,,,,,,,,,,,,,,,,,,,,,,,,0.00,,0.00,,,,,,
,Phoenix Ogilvy (Pvt) Ltd,,,,,,,,,,,,,,,,,,,,,,,,,,,,,0.00,,,,,,,,
,,,,Invoice,,10/09/2024,,AS010305,,,,,,Accounts Receivable,,Sal:RS,,AS,,Paid,,,,,,,,"1,325,140.00",,"1,325,140.00",,0.00,,,,,,0.00
,,,,Payment,,11/13/2024,,820191,,,,,,Accounts Receivable,,,,,,Paid,,Check,,,,,,"-1,325,140.00",,0.00,,0.00,,,,,,0.00
,,,,Invoice,,08/19/2025,,AS010766,,,,,,Accounts Receivable,,Sal:RS,,AS,,Paid,,,,,,,,"1,649,640.00",,"1,649,640.00",,0.00,,,,,,0.00
,,,,Payment,,09/19/2025,,746125,,,,,,Accounts Receivable,,,,,,Paid,,Check,,,,,,"-1,649,640.00",,0.00,,0.00,,,,,,0.00
,Total Phoenix Ogilvy (Pvt) Ltd,,,,,,,,,,,,,,,,,,,,,,,,,,,0.00,,0.00,,0.00,,,,,,
,POWER HOUSE (PVT) LTD,,,,,,,,,,,,,,,,,,,,,,,,,,,,,0.00,,,,,,,,
,,,,Invoice,,06/11/2024,,AS010173,,,,,,Accounts Receivable,,Sal:EC,,A,,Paid,,,,,,,,"3,247,360.00",,"3,247,360.00",,0.00,,,,,,0.00
,,,,Payment,,07/24/2024,,895984,,,,,,Accounts Receivable,,,,,,Paid,,Check,,,,,,"-1,000,000.00",,"2,247,360.00",,0.00,,,,,,0.00
,,,,Payment,,08/06/2024,,895985,,,,,,Accounts Receivable,,,,,,Paid,,Check,,,,,,"-1,000,000.00",,"1,247,360.00",,0.00,,,,,,0.00
,,,,Payment,,09/04/2024,,895986,,,,,,Accounts Receivable,,,,,,Paid,,Check,,,,,,"-1,247,360.00",,0.00,,0.00,,,,,,0.00
,,,,Invoice,,12/20/2024,,AS010405,,,,,,Accounts Receivable,,Sal:EC,,A,,Paid,,,,,,,,"2,610,160.00",,"2,610,160.00",,0.00,,,,,,0.00
,,,,Payment,,02/28/2025,,899433,,,,,,Accounts Receivable,,,,,,Paid,,Check,,,,,,"-1,300,000.00",,"1,310,160.00",,0.00,,,,,,0.00
,,,,Invoice,,04/02/2025,,AS010557,,,,,,Accounts Receivable,,Sal:RS,,A,,Paid,,,,,,,,"630,120.00",,"1,940,280.00",,0.00,,,,,,0.00
,,,,Payment,,04/03/2025,,899434,,,,,,Accounts Receivable,,,,,,Paid,,Check,,,,,,"-1,310,160.00",,"630,120.00",,0.00,,,,,,0.00
,,,,Payment,,07/29/2025,,900723,,,,,,Accounts Receivable,,,,,,Paid,,Check,,,,,,"-630,120.00",,0.00,,0.00,,,,,,0.00
,,,,Invoice,,01/06/2026,,AS011000,,,,,,Accounts Receivable,,Sal:RS,,A,,Paid,,,,,,,,"154,580.00",,"154,580.00",,0.00,,,,,,0.00
,,,,Payment,,03/13/2026,,905648,,,,,,Accounts Receivable,,,,,,Paid,,Check,,,,,,"-154,580.00",,0.00,,0.00,,,,,,0.00
,,,,Invoice,,04/27/2026,,AS011162,,,,,,Accounts Receivable,,,,A,,Unpaid,,,,3,,,,"182,900.00",,"182,900.00",,0.00,,,,,,0.00
,Total POWER HOUSE (PVT) LTD,,,,,,,,,,,,,,,,,,,,,,,,,,,"182,900.00",,"182,900.00",,0.00,,,,,,
,Precision Micro Solutions (Pvt) Ltd,,,,,,,,,,,,,,,,,,,,,,,,,,,,,0.00,,,,,,,,
,Total Precision Micro Solutions (Pvt) Ltd,,,,,,,,,,,,,,,,,,,,,,,,,,,,,0.00,,0.00,,,,,,
,Premier IT Solutions (pvt) Ltd,,,,,,,,,,,,,,,,,,,,,,,,,,,,,"221,000.00",,,,,,,,
,,,,Payment,,01/22/2024,,976173,,,,,,Accounts Receivable,,,,,,Paid,,Check,,,,,,"-221,000.00",,0.00,,0.00,,,,,,0.00
,,,,Invoice,,04/30/2024,,AS010116,,,,,,Accounts Receivable,,Sal:RS,,AD,,Paid,,,,,,,,"23,600.00",,"23,600.00",,0.00,,,,,,0.00
,,,,Payment,,05/02/2024,,145436,,,,,,Accounts Receivable,,,,,,Paid,,Check,,,,,,"-23,600.00",,0.00,,0.00,,,,,,0.00
,,,,Invoice,,05/16/2024,,AS010134,,,,,,Accounts Receivable,,Sal:RS,,AD,,Paid,,,,,,,,"51,920.00",,"51,920.00",,0.00,,,,,,0.00
,,,,Payment,,05/21/2024,,145444,,,,,,Accounts Receivable,,,,,,Paid,,Cash,,,,,,"-51,920.00",,0.00,,0.00,,,,,,0.00
,,,,Invoice,,12/20/2024,,AS010404,,,,,,Accounts Receivable,,Sal:RS,,AD,,Paid,,,,,,,,"208,860.00",,"208,860.00",,0.00,,,,,,0.00
,,,,Payment,,12/20/2024,,542230,,,,,,Accounts Receivable,,,,,,Paid,,Check,,,,,,"-208,860.00",,0.00,,0.00,,,,,,0.00
,,,,Invoice,,01/09/2025,,AS010425,,,,,,Accounts Receivable,,Sal:RS,,AD,,Paid,,,,,,,,"19,257.60",,"19,257.60",,0.00,,,,,,0.00
,,,,Invoice,,02/03/2025,,AS010469,,,,,,Accounts Receivable,,Sal:RS,,AD,,Paid,,,,,,,,"19,257.60",,"38,515.20",,0.00,,,,,,0.00
,,,,Payment,,02/11/2025,,Online TRF,,,,,,Accounts Receivable,,,,,,Paid,,Bank Deposit,,,,,,"-38,515.20",,0.00,,0.00,,,,,,0.00
,,,,Invoice,,08/12/2025,,AS010751,,,,,,Accounts Receivable,,Sal:RS,,AD,,Paid,,,,,,,,"50,150.00",,"50,150.00",,0.00,,,,,,0.00
,,,,Payment,,09/08/2025,,Online TRF,,,,,,Accounts Receivable,,,,,,Paid,,Bank Deposit,,,,,,"-50,150.00",,0.00,,0.00,,,,,,0.00
,Total Premier IT Solutions (pvt) Ltd,,,,,,,,,,,,,,,,,,,,,,,,,,,"-221,000.00",,0.00,,0.00,,,,,,
,Pretec Solutions,,,,,,,,,,,,,,,,,,,,,,,,,,,,,0.00,,,,,,,,
,,,,Payment,,08/08/2024,,Online TRF,,,,,,Accounts Receivable,,,,,,Paid,,Bank Deposit,,,,,,"-29,500.00",,"-29,500.00",,0.00,,,,,,0.00
,,,,Invoice,,08/16/2024,,AS010250,,,,,,Accounts Receivable,,Sal:EC,,AS,,Paid,,,,,,,,"29,500.00",,0.00,,0.00,,,,,,0.00
,,,,Invoice,,10/03/2024,,AS010300,,,,,,Accounts Receivable,,Sal:RS,,AS,,Paid,,,,,,,,"247,800.00",,"247,800.00",,0.00,,,,,,0.00
,,,,Payment,,10/04/2024,,000367,,,,,,Accounts Receivable,,,,,,Paid,,Check,,,,,,"-247,800.00",,0.00,,0.00,,,,,,0.00
,Total Pretec Solutions,,,,,,,,,,,,,,,,,,,,,,,,,,,0.00,,0.00,,0.00,,,,,,
,Pretec Systems,,,,,,,,,,,,,,,,,,,,,,,,,,,,,0.00,,,,,,,,
,,,,Invoice,,01/10/2025,,AS010426,,,,,,Accounts Receivable,,Sal:EC,,AR,,Paid,,,,,,,,"12,200.00",,"12,200.00",,0.00,,,,,,0.00
,,,,Payment,,01/10/2025,,350536,,,,,,Accounts Receivable,,,,,,Paid,,Check,,,,,,"-12,200.00",,0.00,,0.00,,,,,,0.00
,,,,Invoice,,06/13/2025,,AS010648,,,,,,Accounts Receivable,,Sal:RS,,AR,,Paid,,,,,,,,"12,000.00",,"12,000.00",,0.00,,,,,,0.00
,,,,Payment,,07/07/2025,,Online TRF,,,,,,Accounts Receivable,,,,,,Paid,,Bank Deposit,,,,,,"-12,000.00",,0.00,,0.00,,,,,,0.00
,,,,Invoice,,02/03/2026,,AS011043,,,,,,Accounts Receivable,,Sal:EC,,AR,,Paid,,,,,,,,"6,000.00",,"6,000.00",,0.00,,,,,,0.00
,,,,Invoice,,04/10/2026,,AS011146,,,,,,Accounts Receivable,,,,AR,,Paid,,,,,,,,"146,000.00",,"152,000.00",,0.00,,,,,,0.00
,,,,Payment,,04/16/2026,,Cash,,,,,,Accounts Receivable,,,,,,Paid,,Cash,,,,,,"-146,000.00",,"6,000.00",,0.00,,,,,,0.00
,,,,Credit Memo,,04/16/2026,,AS00129,,,,,,Accounts Receivable,,,,,,Paid,,,,,,,,"-6,000.00",,0.00,,0.00,,,,,,0.00
,Total Pretec Systems,,,,,,,,,,,,,,,,,,,,,,,,,,,0.00,,0.00,,0.00,,,,,,
,Pretec Systems (Pvt) Ltd,,,,,,,,,,,,,,,,,,,,,,,,,,,,,0.00,,,,,,,,
,Total Pretec Systems (Pvt) Ltd,,,,,,,,,,,,,,,,,,,,,,,,,,,,,0.00,,0.00,,,,,,
,Prima Management Services (Pvt) Ltd,,,,,,,,,,,,,,,,,,,,,,,,,,,,,0.00,,,,,,,,
,Total Prima Management Services (Pvt) Ltd,,,,,,,,,,,,,,,,,,,,,,,,,,,,,0.00,,0.00,,,,,,
,Prime Lands (Pvt.) Ltd,,,,,,,,,,,,,,,,,,,,,,,,,,,,,0.00,,,,,,,,
,,,,Invoice,,09/10/2025,,AS010797,,,,,,Accounts Receivable,,Sal:EC,,A,,Paid,,,,,,,,"67,260.00",,"67,260.00",,0.00,,,,,,0.00
,,,,Payment,,10/28/2025,,770780,,,,,,Accounts Receivable,,,,,,Paid,,Bank Deposit,,,,,,"-67,260.00",,0.00,,0.00,,,,,,0.00
,Total Prime Lands (Pvt.) Ltd,,,,,,,,,,,,,,,,,,,,,,,,,,,0.00,,0.00,,0.00,,,,,,
,Prime Pulse Solutions (Pvt) Ltd,,,,,,,,,,,,,,,,,,,,,,,,,,,,,0.00,,,,,,,,
,,,,Invoice,,03/28/2025,,AS010546,,,,,,Accounts Receivable,,Sal:RS,,AD,,Paid,,,,,,,,"44,368.00",,"44,368.00",,0.00,,,,,,0.00
,,,,Payment,,04/02/2025,,000011,,,,,,Accounts Receivable,,,,,,Paid,,Check,,,,,,"-44,368.00",,0.00,,0.00,,,,,,0.00
,,,,Invoice,,02/18/2026,,AS011068,,,,,,Accounts Receivable,,,,AD,,Paid,,,,,,,,"63,720.00",,"63,720.00",,0.00,,,,,,0.00
,,,,Invoice,,02/18/2026,,AS011070,,,,,,Accounts Receivable,,Sal:RS,,AD,,Paid,,,,,,,,"9,440.00",,"73,160.00",,0.00,,,,,,0.00
,,,,Invoice,,03/05/2026,,AS011083,,,,,,Accounts Receivable,,,,AD,,Paid,,,,,,,,"5,900.00",,"79,060.00",,0.00,,,,,,0.00
,,,,Payment,,03/05/2026,,Online TRF,,,,,,Accounts Receivable,,,,,,Paid,,Bank Deposit,,,,,,"-5,900.00",,"73,160.00",,0.00,,,,,,0.00
,,,,Invoice,,03/20/2026,,AS011106,,,,,,Accounts Receivable,,,,AD,,Paid,,,,,,,,"1,218,940.00",,"1,292,100.00",,0.00,,,,,,0.00
,,,,Payment,,03/24/2026,,Online TRF,,,,,,Accounts Receivable,,,,,,Paid,,Bank Deposit,,,,,,"-63,720.00",,"1,228,380.00",,0.00,,,,,,0.00
,,,,Payment,,03/25/2026,,Online TRF,,,,,,Accounts Receivable,,,,,,Paid,,Bank Deposit,,,,,,"-9,440.00",,"1,218,940.00",,0.00,,,,,,0.00
,Total Prime Pulse Solutions (Pvt) Ltd,,,,,,,,,,,,,,,,,,,,,,,,,,,"1,218,940.00",,"1,218,940.00",,0.00,,,,,,
,Pristine Solutions (Pvt) Ltd,,,,,,,,,,,,,,,,,,,,,,,,,,,,,0.00,,,,,,,,
,,,,Invoice,,11/06/2024,,AS010341,,,,,,Accounts Receivable,,Sal:RS,,AD,,Paid,,,,,,,,"525,100.00",,"525,100.00",,0.00,,,,,,0.00
,,,,Payment,,11/11/2024,,000542,,,,,,Accounts Receivable,,,,,,Paid,,Check,,,,,,"-525,100.00",,0.00,,0.00,,,,,,0.00
,Total Pristine Solutions (Pvt) Ltd,,,,,,,,,,,,,,,,,,,,,,,,,,,0.00,,0.00,,0.00,,,,,,
,Priya Dharmarajah Spathodea,,,,,,,,,,,,,,,,,,,,,,,,,,,,,0.00,,,,,,,,
,,,,Invoice,,10/29/2025,,AS010874,,,,,,Accounts Receivable,,Sal:EC,,AD,,Paid,,,,,,,,"8,000.00",,"8,000.00",,0.00,,,,,,0.00
,,,,Payment,,10/29/2025,,Online TRF,,,,,,Accounts Receivable,,,,,,Paid,,Bank Deposit,,,,,,"-8,000.00",,0.00,,0.00,,,,,,0.00
,Total Priya Dharmarajah Spathodea,,,,,,,,,,,,,,,,,,,,,,,,,,,0.00,,0.00,,0.00,,,,,,
,Property Finance & Investments Kandy,,,,,,,,,,,,,,,,,,,,,,,,,,,,,0.00,,,,,,,,
,Total Property Finance & Investments Kandy,,,,,,,,,,,,,,,,,,,,,,,,,,,,,0.00,,0.00,,,,,,
,Prudential Shipping Lines (Pvt) Ltd,,,,,,,,,,,,,,,,,,,,,,,,,,,,,0.00,,,,,,,,
,Total Prudential Shipping Lines (Pvt) Ltd,,,,,,,,,,,,,,,,,,,,,,,,,,,,,0.00,,0.00,,,,,,
,Pubudu Engineering (Pvt) Ltd,,,,,,,,,,,,,,,,,,,,,,,,,,,,,0.00,,,,,,,,
,,,,Invoice,,03/17/2025,,AS010528,,,,,,Accounts Receivable,,Sal:EC,,AS,,Paid,,,,,,,,"8,850.00",,"8,850.00",,0.00,,,,,,0.00
,,,,Payment,,05/15/2025,,Online TRF,,,,,,Accounts Receivable,,,,,,Paid,,Bank Deposit,,,,,,0.00,,"8,850.00",,0.00,,,,,,0.00
,,,,Invoice,,08/20/2025,,AS010769,,,,,,Accounts Receivable,,Sal:EC,,AS,,Paid,,,,,,,,"385,860.00",,"394,710.00",,0.00,,,,,,0.00
,,,,Payment,,11/10/2025,,CHq Deposit,,,,,,Accounts Receivable,,,,,,Paid,,Bank Deposit,,,,,,"-394,710.00",,0.00,,0.00,,,,,,0.00
,Total Pubudu Engineering (Pvt) Ltd,,,,,,,,,,,,,,,,,,,,,,,,,,,0.00,,0.00,,0.00,,,,,,
,R&D Technologies,,,,,,,,,,,,,,,,,,,,,,,,,,,,,"-120,000.00",,,,,,,,
,Total R&D Technologies,,,,,,,,,,,,,,,,,,,,,,,,,,,,,"-120,000.00",,0.00,,,,,,
,R. M. N Rajakaruna,,,,,,,,,,,,,,,,,,,,,,,,,,,,,0.00,,,,,,,,
,Total R. M. N Rajakaruna,,,,,,,,,,,,,,,,,,,,,,,,,,,,,0.00,,0.00,,,,,,
,Rangiri Srilanka Media Networks,,,,,,,,,,,,,,,,,,,,,,,,,,,,,0.00,,,,,,,,
,,,,Invoice,,12/29/2025,,AS010990,,,,,,Accounts Receivable,,Sal:RS,,AS,,Paid,,,,,,,,"237,180.00",,"237,180.00",,0.00,,,,,,0.00
,,,,Payment,,01/16/2026,,Deposit,,,,,,Accounts Receivable,,,,,,Paid,,Bank Deposit,,,,,,"-237,180.00",,0.00,,0.00,,,,,,0.00
,,,,Invoice,,01/22/2026,,AS011028,,,,,,Accounts Receivable,,,,AS,,Paid,,,,,,,,"79,060.00",,"79,060.00",,0.00,,,,,,0.00
,,,,Payment,,03/30/2026,,Online TRF,,,,,,Accounts Receivable,,,,,,Paid,,Bank Deposit,,,,,,"-79,060.00",,0.00,,0.00,,,,,,0.00
,Total Rangiri Srilanka Media Networks,,,,,,,,,,,,,,,,,,,,,,,,,,,0.00,,0.00,,0.00,,,,,,
,Rapidventure (Pvt) Ltd,,,,,,,,,,,,,,,,,,,,,,,,,,,,,0.00,,,,,,,,
,,,,Invoice,,08/26/2024,,AS010259,,,,,,Accounts Receivable,,Sal:RS,,AS,,Paid,,,,,,,,"60,180.00",,"60,180.00",,0.00,,,,,,0.00
,,,,Payment,,08/26/2024,,055801,,,,,,Accounts Receivable,,,,,,Paid,,Check,,,,,,"-60,180.00",,0.00,,0.00,,,,,,0.00
,,,,Invoice,,01/03/2025,,AS010420,,,,,,Accounts Receivable,,Sal:RS,,AS,,Paid,,,,,,,,"68,440.00",,"68,440.00",,0.00,,,,,,0.00
,,,,Invoice,,02/06/2025,,AS010475,,,,,,Accounts Receivable,,Sal:RS,,AS,,Paid,,,,,,,,"23,600.00",,"92,040.00",,0.00,,,,,,0.00
,,,,Payment,,02/18/2025,,072506,,,,,,Accounts Receivable,,,,,,Paid,,Bank Deposit,,,,,,"-68,440.00",,"23,600.00",,0.00,,,,,,0.00
,,,,Invoice,,04/02/2025,,AS010556,,,,,,Accounts Receivable,,Sal:RS,,AD,,Paid,,,,,,,,"69,030.00",,"92,630.00",,0.00,,,,,,0.00
,,,,Payment,,04/02/2025,,080682,,,,,,Accounts Receivable,,,,,,Paid,,Check,,,,,,"-69,030.00",,"23,600.00",,0.00,,,,,,0.00
,,,,Payment,,05/14/2025,,Deposit,,,,,,Accounts Receivable,,,,,,Paid,,Bank Deposit,,,,,,"-23,600.00",,0.00,,0.00,,,,,,0.00
,,,,Invoice,,06/06/2025,,AS010635,,,,,,Accounts Receivable,,Sal:RS,,AD,,Paid,,,,,,,,"69,620.00",,"69,620.00",,0.00,,,,,,0.00
,,,,Payment,,06/11/2025,,085762,,,,,,Accounts Receivable,,,,,,Paid,,Check,,,,,,"-69,620.00",,0.00,,0.00,,,,,,0.00
,,,,Invoice,,07/14/2025,,AS010703,,,,,,Accounts Receivable,,Sal:RS,,AD,,Paid,,,,,,,,"99,120.00",,"99,120.00",,0.00,,,,,,0.00
,,,,Payment,,07/14/2025,,092291,,,,,,Accounts Receivable,,,,,,Paid,,Cash,,,,,,"-99,120.00",,0.00,,0.00,,,,,,0.00
,,,,Invoice,,12/08/2025,,AS010955,,,,,,Accounts Receivable,,,,AD,,Paid,,,,,,,,"45,430.00",,"45,430.00",,0.00,,,,,,0.00
,,,,Payment,,12/09/2025,,106306,,,,,,Accounts Receivable,,,,,,Paid,,Check,,,,,,"-45,430.00",,0.00,,0.00,,,,,,0.00
,,,,Invoice,,12/10/2025,,AS010960,,,,,,Accounts Receivable,,,,AD,,Paid,,,,,,,,"45,430.00",,"45,430.00",,0.00,,,,,,0.00
,,,,Payment,,12/10/2025,,106311,,,,,,Accounts Receivable,,,,,,Paid,,Check,,,,,,"-38,500.00",,"6,930.00",,0.00,,,,,,0.00
,,,,Payment,,01/08/2026,,116486,,,,,,Accounts Receivable,,,,,,Paid,,Check,,,,,,"-6,930.00",,0.00,,0.00,,,,,,0.00
,,,,Invoice,,01/12/2026,,AS011009,,,,,,Accounts Receivable,,Sal:RS,,AD,,Paid,,,,,,,,"9,440.00",,"9,440.00",,0.00,,,,,,0.00
,,,,Payment,,03/04/2026,,122772,,,,,,Accounts Receivable,,,,,,Paid,,Check,,,,,,"-9,440.00",,0.00,,0.00,,,,,,0.00
,,,,Invoice,,04/22/2026,,AS011158,,,,,,Accounts Receivable,,Sal:RS,,AD,,Unpaid,,,,8,,,,"29,500.00",,"29,500.00",,0.00,,,,,,0.00
,Total Rapidventure (Pvt) Ltd,,,,,,,,,,,,,,,,,,,,,,,,,,,"29,500.00",,"29,500.00",,0.00,,,,,,
,Redline Technologies,,,,,,,,,,,,,,,,,,,,,,,,,,,,,0.00,,,,,,,,
,Total Redline Technologies,,,,,,,,,,,,,,,,,,,,,,,,,,,,,0.00,,0.00,,,,,,
,Regency Teas (Pvt) Ltd,,,,,,,,,,,,,,,,,,,,,,,,,,,,,0.00,,,,,,,,
,Total Regency Teas (Pvt) Ltd,,,,,,,,,,,,,,,,,,,,,,,,,,,,,0.00,,0.00,,,,,,
,Richard Pieris Finance LTD,,,,,,,,,,,,,,,,,,,,,,,,,,,,,0.00,,,,,,,,
,Total Richard Pieris Finance LTD,,,,,,,,,,,,,,,,,,,,,,,,,,,,,0.00,,0.00,,,,,,
,Rio Holdings (Pvt) Ltd,,,,,,,,,,,,,,,,,,,,,,,,,,,,,0.00,,,,,,,,
,,,,Invoice,,06/05/2024,,AS010162,,,,,,Accounts Receivable,,Sal:EC,,AS,,Paid,,,,,,,,"8,850.00",,"8,850.00",,0.00,,,,,,0.00
,,,,Payment,,06/05/2024,,Cash,,,,,,Accounts Receivable,,,,,,Paid,,Cash,,,,,,"-8,850.00",,0.00,,0.00,,,,,,0.00
,Total Rio Holdings (Pvt) Ltd,,,,,,,,,,,,,,,,,,,,,,,,,,,0.00,,0.00,,0.00,,,,,,
,RK Computers,,,,,,,,,,,,,,,,,,,,,,,,,,,,,0.00,,,,,,,,
,,,,Invoice,,03/17/2025,,AS010529,,,,,,Accounts Receivable,,Sal:EC,,AR,,Paid,,,,,,,,"5,900.00",,"5,900.00",,0.00,,,,,,0.00
,,,,Payment,,03/17/2025,,Cash,,,,,,Accounts Receivable,,,,,,Paid,,Cash,,,,,,"-5,900.00",,0.00,,0.00,,,,,,0.00
,,,,Invoice,,05/02/2025,,AS010593,,,,,,Accounts Receivable,,Sal:RS,,AR,,Paid,,,,,,,,"23,540.00",,"23,540.00",,0.00,,,,,,0.00
,,,,Payment,,05/02/2025,,Online TRF,,,,,,Accounts Receivable,,,,,,Paid,,Bank Deposit,,,,,,"-23,540.00",,0.00,,0.00,,,,,,0.00
,,,,Invoice,,07/01/2025,,AS010678,,,,,,Accounts Receivable,,Sal:EC,,AR,,Paid,,,,,,,,"6,100.00",,"6,100.00",,0.00,,,,,,0.00
,,,,Payment,,07/01/2025,,Cash,,,,,,Accounts Receivable,,,,,,Paid,,Cash,,,,,,"-6,100.00",,0.00,,0.00,,,,,,0.00
,,,,Invoice,,07/15/2025,,AS010707,,,,,,Accounts Receivable,,Sal:RS,,AR,,Unpaid,,,,289,,,,"37,996.00",,"37,996.00",,0.00,,,,,,0.00
,,,,Invoice,,08/06/2025,,AS010747,,,,,,Accounts Receivable,,Sal:RS,,AR,,Paid,,,,,,,,"13,747.00",,"51,743.00",,0.00,,,,,,0.00
,,,,Payment,,08/28/2025,,000022,,,,,,Accounts Receivable,,,,,,Paid,,Check,,,,,,"-13,747.00",,"37,996.00",,0.00,,,,,,0.00
,,,,Payment,,09/08/2025,,000021,,,,,,Accounts Receivable,,,,,,Paid,,Check,,,,,,"-37,966.00",,30.00,,0.00,,,,,,0.00
,Total RK Computers,,,,,,,,,,,,,,,,,,,,,,,,,,,30.00,,30.00,,0.00,,,,,,
,ROAR AD X (PVT LTD,,,,,,,,,,,,,,,,,,,,,,,,,,,,,0.00,,,,,,,,
,,,,Invoice,,09/25/2024,,AS010290,,,,,,Accounts Receivable,,Sal:EC,,AD,,Paid,,,,,,,,"17,700.00",,"17,700.00",,0.00,,,,,,0.00
,,,,Payment,,10/07/2024,,Online TRf,,,,,,Accounts Receivable,,,,,,Paid,,Bank Deposit,,,,,,"-17,700.00",,0.00,,0.00,,,,,,0.00
,Total ROAR AD X (PVT LTD,,,,,,,,,,,,,,,,,,,,,,,,,,,0.00,,0.00,,0.00,,,,,,
,SAAF Lanka (Pvt) Ltd,,,,,,,,,,,,,,,,,,,,,,,,,,,,,0.00,,,,,,,,
,Total SAAF Lanka (Pvt) Ltd,,,,,,,,,,,,,,,,,,,,,,,,,,,,,0.00,,0.00,,,,,,
,Sachindra Senanayake,,,,,,,,,,,,,,,,,,,,,,,,,,,,,0.00,,,,,,,,
,Total Sachindra Senanayake,,,,,,,,,,,,,,,,,,,,,,,,,,,,,0.00,,0.00,,,,,,
,Sachintha jayathilake,,,,,,,,,,,,,,,,,,,,,,,,,,,,,0.00,,,,,,,,
,Total Sachintha jayathilake,,,,,,,,,,,,,,,,,,,,,,,,,,,,,0.00,,0.00,,,,,,
,Sahasra Studio Pvt Ltd,,,,,,,,,,,,,,,,,,,,,,,,,,,,,"165,000.00",,,,,,,,
,,,,Payment,,01/09/2024,,784442,,,,,,Accounts Receivable,,,,,,Paid,,Check,,,,,,"-165,000.00",,0.00,,0.00,,,,,,0.00
,,,,Invoice,,02/07/2024,,AS010043,,,,,,Accounts Receivable,,Sal:EC,,AD,,Paid,,,,,,,,"59,000.00",,"59,000.00",,0.00,,,,,,0.00
,,,,Payment,,02/08/2024,,784447,,,,,,Accounts Receivable,,,,,,Paid,,Check,,,,,,"-59,000.00",,0.00,,0.00,,,,,,0.00
,,,,Invoice,,04/30/2024,,AS010115,,,,,,Accounts Receivable,,Sal:RS,,AD,,Paid,,,,,,,,"120,720.00",,"120,720.00",,0.00,,,,,,0.00
,,,,Payment,,05/02/2024,,040756,,,,,,Accounts Receivable,,,,,,Paid,,Check,,,,,,"-120,720.00",,0.00,,0.00,,,,,,0.00
,,,,Invoice,,03/25/2025,,AS010540,,,,,,Accounts Receivable,,Sal:EC,,AD,,Paid,,,,,,,,"60,000.00",,"60,000.00",,0.00,,,,,,0.00
,,,,Payment,,03/26/2025,,081578,,,,,,Accounts Receivable,,,,,,Paid,,Check,,,,,,"-60,000.00",,0.00,,0.00,,,,,,0.00
,Total Sahasra Studio Pvt Ltd,,,,,,,,,,,,,,,,,,,,,,,,,,,"-165,000.00",,0.00,,0.00,,,,,,
,Sai Photograph Jaffna,,,,,,,,,,,,,,,,,,,,,,,,,,,,,0.00,,,,,,,,
,Total Sai Photograph Jaffna,,,,,,,,,,,,,,,,,,,,,,,,,,,,,0.00,,0.00,,,,,,
,Sampath I T Solutions Limited,,,,,,,,,,,,,,,,,,,,,,,,,,,,,0.00,,,,,,,,
,,,,Invoice,,04/08/2024,,AS010103,,,,,,Accounts Receivable,,Sal:RS,,A,,Paid,,,,,,,,"59,000.00",,"59,000.00",,0.00,,,,,,0.00
,,,,Payment,,05/21/2024,,201988,,,,,,Accounts Receivable,,,,,,Paid,,Check,,,,,,"-59,000.00",,0.00,,0.00,,,,,,0.00
,,,,Invoice,,11/19/2024,,AS010359,,,,,,Accounts Receivable,,Sal:RS,,A,,Paid,,,,,,,,"57,820.00",,"57,820.00",,0.00,,,,,,0.00
,,,,Payment,,12/26/2024,,201389,,,,,,Accounts Receivable,,,,,,Paid,,Check,,,,,,"-57,820.00",,0.00,,0.00,,,,,,0.00
,,,,Invoice,,03/21/2025,,AS010531,,,,,,Accounts Receivable,,Sal:RS,,A,,Paid,,,,,,,,"1,513,940.00",,"1,513,940.00",,0.00,,,,,,0.00
,,,,Invoice,,04/10/2025,,AS010565,,,,,,Accounts Receivable,,Sal:RS,,A,,Paid,,,,,,,,"778,499.10",,"2,292,439.10",,0.00,,,,,,0.00
,,,,Payment,,04/25/2025,,201751,,,,,,Accounts Receivable,,,,,,Paid,,Check,,,,,,"-1,513,940.00",,"778,499.10",,0.00,,,,,,0.00
,,,,Payment,,05/10/2025,,191534,,,,,,Accounts Receivable,,,,,,Paid,,Check,,,,,,"-778,499.10",,0.00,,0.00,,,,,,0.00
,,,,Invoice,,04/21/2026,,AS011149,,,,,,Accounts Receivable,,,,A,,Unpaid,,,,9,,,,"95,580.00",,"95,580.00",,0.00,,,,,,0.00
,Total Sampath I T Solutions Limited,,,,,,,,,,,,,,,,,,,,,,,,,,,"95,580.00",,"95,580.00",,0.00,,,,,,
,Sampath Senaratharachchige Associates,,,,,,,,,,,,,,,,,,,,,,,,,,,,,0.00,,,,,,,,
,Total Sampath Senaratharachchige Associates,,,,,,,,,,,,,,,,,,,,,,,,,,,,,0.00,,0.00,,,,,,
,Sanasa Insurance Company Ltd.,,,,,,,,,,,,,,,,,,,,,,,,,,,,,0.00,,,,,,,,
,Total Sanasa Insurance Company Ltd.,,,,,,,,,,,,,,,,,,,,,,,,,,,,,0.00,,0.00,,,,,,
,SANASA Media Networks (Pvt) Ltd,,,,,,,,,,,,,,,,,,,,,,,,,,,,,0.00,,,,,,,,
,,,,Invoice,,02/05/2024,,AS010041,,,,,,Accounts Receivable,,Sal:EC,,A,,Paid,,,,,,,,"325,680.00",,"325,680.00",,0.00,,,,,,0.00
,,,,Payment,,02/05/2024,,Online TRF,,,,,,Accounts Receivable,,,,,,Paid,,Bank Deposit,,,,,,"-325,680.00",,0.00,,0.00,,,,,,0.00
,Total SANASA Media Networks (Pvt) Ltd,,,,,,,,,,,,,,,,,,,,,,,,,,,0.00,,0.00,,0.00,,,,,,
,Sanken Overseas (Pvt) Ltd,,,,,,,,,,,,,,,,,,,,,,,,,,,,,0.00,,,,,,,,
,Total Sanken Overseas (Pvt) Ltd,,,,,,,,,,,,,,,,,,,,,,,,,,,,,0.00,,0.00,,,,,,
,Satecro Technologies,,,,,,,,,,,,,,,,,,,,,,,,,,,,,"176,000.00",,,,,,,,
,Total Satecro Technologies,,,,,,,,,,,,,,,,,,,,,,,,,,,,,"176,000.00",,0.00,,,,,,
,SC Printing International (Pvt) Ltd,,,,,,,,,,,,,,,,,,,,,,,,,,,,,0.00,,,,,,,,
,,,,Invoice,,05/28/2025,,AS010623,,,,,,Accounts Receivable,,,,AS,,Paid,,,,,,,,"53,100.00",,"53,100.00",,0.00,,,,,,0.00
,,,,Payment,,07/23/2025,,503497,,,,,,Accounts Receivable,,,,,,Paid,,Bank Deposit,,,,,,"-53,100.00",,0.00,,0.00,,,,,,0.00
,Total SC Printing International (Pvt) Ltd,,,,,,,,,,,,,,,,,,,,,,,,,,,0.00,,0.00,,0.00,,,,,,
,Search Advance Technology,,,,,,,,,,,,,,,,,,,,,,,,,,,,,0.00,,,,,,,,
,,,,Invoice,,10/18/2024,,AS010317,,,,,,Accounts Receivable,,Sal:RS,,A,,Paid,,,,,,,,"198,240.00",,"198,240.00",,0.00,,,,,,0.00
,,,,Payment,,10/19/2024,,100239,,,,,,Accounts Receivable,,,,,,Paid,,Check,,,,,,"-198,240.00",,0.00,,0.00,,,,,,0.00
,Total Search Advance Technology,,,,,,,,,,,,,,,,,,,,,,,,,,,0.00,,0.00,,0.00,,,,,,
,Secvision (Pvt) Ltd,,,,,,,,,,,,,,,,,,,,,,,,,,,,,0.00,,,,,,,,
,Total Secvision (Pvt) Ltd,,,,,,,,,,,,,,,,,,,,,,,,,,,,,0.00,,0.00,,,,,,
,Sell-X Computers (Pvt) Ltd,,,,,,,,,,,,,,,,,,,,,,,,,,,,,0.00,,,,,,,,
,,,,Invoice,,08/20/2024,,AS010253,,,,,,Accounts Receivable,,Sal:RS,,AD,,Paid,,,,,,,,"208,860.00",,"208,860.00",,0.00,,,,,,0.00
,,,,Payment,,08/21/2024,,Online TRF,,,,,,Accounts Receivable,,,,,,Paid,,Bank Deposit,,,,,,"-208,860.00",,0.00,,0.00,,,,,,0.00
,,,,Invoice,,12/29/2025,,AS010991,,,,,,Accounts Receivable,,,,AD,,Paid,,,,,,,,"326,860.00",,"326,860.00",,0.00,,,,,,0.00
,,,,Payment,,01/07/2026,,Cash Deposit,,,,,,Accounts Receivable,,,,,,Paid,,Bank Deposit,,,,,,"-326,860.00",,0.00,,0.00,,,,,,0.00
,Total Sell-X Computers (Pvt) Ltd,,,,,,,,,,,,,,,,,,,,,,,,,,,0.00,,0.00,,0.00,,,,,,
,Senkadagala Finance,,,,,,,,,,,,,,,,,,,,,,,,,,,,,"73,000.00",,,,,,,,
,,,,Payment,,01/17/2024,,Online TRF,,,,,,Accounts Receivable,,,,,,Paid,,Bank Deposit,,,,,,"-73,000.00",,0.00,,0.00,,,,,,0.00
,Total Senkadagala Finance,,,,,,,,,,,,,,,,,,,,,,,,,,,"-73,000.00",,0.00,,0.00,,,,,,
,Serandib Scuba (Pvt) Ltd,,,,,,,,,,,,,,,,,,,,,,,,,,,,,0.00,,,,,,,,
,,,,Invoice,,10/29/2024,,AS010330,,,,,,Accounts Receivable,,Sal:EC,,A,,Paid,,,,,,,,"112,100.00",,"112,100.00",,0.00,,,,,,0.00
,,,,Payment,,10/29/2024,,Cash,,,,,,Accounts Receivable,,,,,,Paid,,Cash,,,,,,"-112,100.00",,0.00,,0.00,,,,,,0.00
,Total Serandib Scuba (Pvt) Ltd,,,,,,,,,,,,,,,,,,,,,,,,,,,0.00,,0.00,,0.00,,,,,,
,Sevenx Lanka (Pvt) Ltd,,,,,,,,,,,,,,,,,,,,,,,,,,,,,"10,500.00",,,,,,,,
,,,,Payment,,01/09/2024,,731807,,,,,,Accounts Receivable,,,,,,Paid,,Check,,,,,,"-10,500.00",,0.00,,0.00,,,,,,0.00
,,,,Invoice,,03/29/2024,,AS010093,,,,,,Accounts Receivable,,Sal:RS,,AD,,Paid,,,,,,,,"32,500.00",,"32,500.00",,0.00,,,,,,0.00
,,,,Payment,,03/30/2024,,743123,,,,,,Accounts Receivable,,,,,,Paid,,Check,,,,,,"-32,500.00",,0.00,,0.00,,,,,,0.00
,,,,Invoice,,12/24/2024,,AS010409,,,,,,Accounts Receivable,,Sal:RS,,AD,,Paid,,,,,,,,"12,186.45",,"12,186.45",,0.00,,,,,,0.00
,,,,Payment,,12/24/2024,,010076,,,,,,Accounts Receivable,,,,,,Paid,,Check,,,,,,"-12,186.45",,0.00,,0.00,,,,,,0.00
,,,,Invoice,,01/15/2025,,AS010429,,,,,,Accounts Receivable,,Sal:RS,,AD,,Paid,,,,,,,,"24,190.00",,"24,190.00",,0.00,,,,,,0.00
,,,,Payment,,03/04/2025,,Online TRF,,,,,,Accounts Receivable,,,,,,Paid,,Bank Deposit,,,,,,"-24,190.00",,0.00,,0.00,,,,,,0.00
,,,,Invoice,,09/08/2025,,AS010793,,,,,,Accounts Receivable,,Sal:RS,,AD,,Paid,,,,,,,,"19,470.00",,"19,470.00",,0.00,,,,,,0.00
,,,,Payment,,09/08/2025,,026789,,,,,,Accounts Receivable,,,,,,Paid,,Check,,,,,,"-19,470.00",,0.00,,0.00,,,,,,0.00
,,,,Invoice,,01/14/2026,,AS011013,,,,,,Accounts Receivable,,,,AD,,Paid,,,,,,,,"12,980.00",,"12,980.00",,0.00,,,,,,0.00
,,,,Payment,,01/14/2026,,505019,,,,,,Accounts Receivable,,,,,,Paid,,Check,,,,,,"-12,980.00",,0.00,,0.00,,,,,,0.00
,Total Sevenx Lanka (Pvt) Ltd,,,,,,,,,,,,,,,,,,,,,,,,,,,"-10,500.00",,0.00,,0.00,,,,,,
,Seybi Trading Pvt ltd,,,,,,,,,,,,,,,,,,,,,,,,,,,,,0.00,,,,,,,,
,Total Seybi Trading Pvt ltd,,,,,,,,,,,,,,,,,,,,,,,,,,,,,0.00,,0.00,,,,,,
,Shenid IT Solutions,,,,,,,,,,,,,,,,,,,,,,,,,,,,,0.00,,,,,,,,
,,,,Invoice,,09/23/2025,,AS010811,,,,,,Accounts Receivable,,Sal:EC,,AD,,Paid,,,,,,,,"769,360.00",,"769,360.00",,0.00,,,,,,0.00
,,,,Payment,,09/23/2025,,328605,,,,,,Accounts Receivable,,,,,,Paid,,Check,,,,,,"-769,360.00",,0.00,,0.00,,,,,,0.00
,Total Shenid IT Solutions,,,,,,,,,,,,,,,,,,,,,,,,,,,0.00,,0.00,,0.00,,,,,,
,Shinnyo-En Lanka Preschool,,,,,,,,,,,,,,,,,,,,,,,,,,,,,0.00,,,,,,,,
,,,,Invoice,,03/11/2024,,AS010075,,,,,,Accounts Receivable,,Sal:EC,,AD,,Paid,,,,,,,,"5,310.00",,"5,310.00",,0.00,,,,,,0.00
,,,,Payment,,04/24/2024,,Cash,,,,,,Accounts Receivable,,,,,,Paid,,Cash,,,,,,"-5,310.00",,0.00,,0.00,,,,,,0.00
,Total Shinnyo-En Lanka Preschool,,,,,,,,,,,,,,,,,,,,,,,,,,,0.00,,0.00,,0.00,,,,,,
,Silvacos (pvt) Ltd,,,,,,,,,,,,,,,,,,,,,,,,,,,,,0.00,,,,,,,,
,Total Silvacos (pvt) Ltd,,,,,,,,,,,,,,,,,,,,,,,,,,,,,0.00,,0.00,,,,,,
,Silvacos Private Ltd,,,,,,,,,,,,,,,,,,,,,,,,,,,,,0.00,,,,,,,,
,Total Silvacos Private Ltd,,,,,,,,,,,,,,,,,,,,,,,,,,,,,0.00,,0.00,,,,,,
,SILVERLINE INFORMATION TECHNOLOGY PVT LTD,,,,,,,,,,,,,,,,,,,,,,,,,,,,,0.00,,,,,,,,
,,,,Invoice,,02/06/2025,,AS010474,,,,,,Accounts Receivable,,Sal:EC,,A,,Paid,,,,,,,,"115,640.00",,"115,640.00",,0.00,,,,,,0.00
,,,,Payment,,02/07/2025,,078222,,,,,,Accounts Receivable,,,,,,Paid,,Check,,,,,,"-115,640.00",,0.00,,0.00,,,,,,0.00
,,,,Invoice,,07/14/2025,,AS010702,,,,,,Accounts Receivable,,Sal:RS,,A,,Paid,,,,,,,,"604,543.50",,"604,543.50",,0.00,,,,,,0.00
,,,,Payment,,07/15/2025,,078434,,,,,,Accounts Receivable,,,,,,Paid,,Bank Deposit,,,,,,"-604,543.50",,0.00,,0.00,,,,,,0.00
,Total SILVERLINE INFORMATION TECHNOLOGY PVT LTD,,,,,,,,,,,,,,,,,,,,,,,,,,,0.00,,0.00,,0.00,,,,,,
,Singer (Sri Lanka) PLC,,,,,,,,,,,,,,,,,,,,,,,,,,,,,0.00,,,,,,,,
,Total Singer (Sri Lanka) PLC,,,,,,,,,,,,,,,,,,,,,,,,,,,,,0.00,,0.00,,,,,,
,Sinnadurai Sundaralingam & Balendra,,,,,,,,,,,,,,,,,,,,,,,,,,,,,0.00,,,,,,,,
,Total Sinnadurai Sundaralingam & Balendra,,,,,,,,,,,,,,,,,,,,,,,,,,,,,0.00,,0.00,,,,,,
,SLT VisionCom (Pvt) Ltd,,,,,,,,,,,,,,,,,,,,,,,,,,,,,0.00,,,,,,,,
,,,,Invoice,,05/17/2024,,AS010139,,,,,,Accounts Receivable,,Sal:EC,,A,,Paid,,,,,,,,"348,171.98",,"348,171.98",,0.00,,,,,,0.00
,,,,Payment,,07/04/2024,,280872,,,,,,Accounts Receivable,,,,,,Paid,,Check,,,,,,"-348,171.98",,0.00,,0.00,,,,,,0.00
,,,,Invoice,,07/08/2025,,AS010695,,,,,,Accounts Receivable,,Sal:EC,,A,,Paid,,,,,,,,"365,581.70",,"365,581.70",,0.00,,,,,,0.00
,,,,Payment,,08/05/2025,,399971,,,,,,Accounts Receivable,,,,,,Paid,,Check,,,,,,"-365,581.70",,0.00,,0.00,,,,,,0.00
,Total SLT VisionCom (Pvt) Ltd,,,,,,,,,,,,,,,,,,,,,,,,,,,0.00,,0.00,,0.00,,,,,,
,Smart IT Solution-Kekeirawa,,,,,,,,,,,,,,,,,,,,,,,,,,,,,0.00,,,,,,,,
,,,,Invoice,,09/12/2025,,AS010803,,,,,,Accounts Receivable,,Sal:RS,,AR,,Paid,,,,,,,,"48,150.00",,"48,150.00",,0.00,,,,,,0.00
,,,,Payment,,09/12/2025,,Online TRF,,,,,,Accounts Receivable,,,,,,Paid,,Bank Deposit,,,,,,"-48,150.00",,0.00,,0.00,,,,,,0.00
,Total Smart IT Solution-Kekeirawa,,,,,,,,,,,,,,,,,,,,,,,,,,,0.00,,0.00,,0.00,,,,,,
,Smart Moves & Repairs,,,,,,,,,,,,,,,,,,,,,,,,,,,,,0.00,,,,,,,,
,,,,Invoice,,03/11/2026,,AS011092,,,,,,Accounts Receivable,,,,AD,,Paid,,,,,,,,"357,540.00",,"357,540.00",,0.00,,,,,,0.00
,,,,Payment,,03/12/2026,,000079,,,,,,Accounts Receivable,,,,,,Paid,,Check,,,,,,"-357,540.00",,0.00,,0.00,,,,,,0.00
,Total Smart Moves & Repairs,,,,,,,,,,,,,,,,,,,,,,,,,,,0.00,,0.00,,0.00,,,,,,
,Smart Net (Pvt) Ltd,,,,,,,,,,,,,,,,,,,,,,,,,,,,,0.00,,,,,,,,
,Total Smart Net (Pvt) Ltd,,,,,,,,,,,,,,,,,,,,,,,,,,,,,0.00,,0.00,,,,,,
,Smart Stock (Pvt) Ltd,,,,,,,,,,,,,,,,,,,,,,,,,,,,,0.00,,,,,,,,
,,,,Invoice,,09/17/2025,,AS010807,,,,,,Accounts Receivable,,Sal:RS,,AR,,Paid,,,,,,,,"26,500.00",,"26,500.00",,0.00,,,,,,0.00
,,,,Payment,,09/17/2025,,Cash,,,,,,Accounts Receivable,,,,,,Paid,,Cash,,,,,,"-26,500.00",,0.00,,0.00,,,,,,0.00
,Total Smart Stock (Pvt) Ltd,,,,,,,,,,,,,,,,,,,,,,,,,,,0.00,,0.00,,0.00,,,,,,
,Softlogic Information Technologies (Pvt),,,,,,,,,,,,,,,,,,,,,,,,,,,,,0.00,,,,,,,,
,,,,Invoice,,02/05/2024,,AS010042,,,,,,Accounts Receivable,,Sal:RS,,A,,Paid,,,,,,,,"599,440.00",,"599,440.00",,0.00,,,,,,0.00
,,,,Payment,,03/21/2024,,765817,,,,,,Accounts Receivable,,,,,,Paid,,Check,,,,,,"-599,440.00",,0.00,,0.00,,,,,,0.00
,,,,General Journal,,04/18/2024,,,,,,,,Accounts Receivable,,,,,,Paid,,,,,,,,"599,440.00",,"599,440.00",,0.00,,,,,,0.00
,,,,Invoice,,05/03/2024,,AS010121,,,,,,Accounts Receivable,,Sal:RS,,A,,Paid,,,,,,,,"1,180,000.00",,"1,779,440.00",,0.00,,,,,,0.00
,,,,Payment,,05/09/2024,,010074,,,,,,Accounts Receivable,,,,,,Paid,,Check,,,,,,"-599,440.00",,"1,180,000.00",,0.00,,,,,,0.00
,,,,Payment,,06/19/2024,,010238,,,,,,Accounts Receivable,,,,,,Paid,,Check,,,,,,"-1,180,000.00",,0.00,,0.00,,,,,,0.00
,,,,Invoice,,07/01/2024,,AS010197,,,,,,Accounts Receivable,,Sal:RS,,A,,Paid,,,,,,,,"4,734,160.00",,"4,734,160.00",,0.00,,,,,,0.00
,,,,Payment,,08/23/2024,,010571,,,,,,Accounts Receivable,,,,,,Paid,,Check,,,,,,"-4,734,160.02",,-0.02,,0.00,,,,,,0.00
,,,,Invoice,,11/13/2024,,AS010353,,,,,,Accounts Receivable,,Sal:RS,,A,,Paid,,,,,,,,"61,360.00",,"61,359.98",,0.00,,,,,,0.00
,,,,Invoice,,11/27/2024,,AS010368,,,,,,Accounts Receivable,,Sal:RS,,A,,Paid,,,,,,,,"1,170,560.00",,"1,231,919.98",,0.00,,,,,,0.00
,,,,Payment,,01/07/2025,,178562,,,,,,Accounts Receivable,,,,,,Paid,,Check,,,,,,"-61,360.00",,"1,170,559.98",,0.00,,,,,,0.00
,,,,Payment,,01/17/2025,,178561,,,,,,Accounts Receivable,,,,,,Paid,,Check,,,,,,"-1,170,560.00",,-0.02,,0.00,,,,,,0.00
,,,,Invoice,,04/21/2025,,AS010574,,,,,,Accounts Receivable,,Sal:RS,,A,,Paid,,,,,,,,"1,256,700.00",,"1,256,699.98",,0.00,,,,,,0.00
,,,,Invoice,,05/02/2025,,AS010591,,,,,,Accounts Receivable,,Sal:RS,,A,,Paid,,,,,,,,"1,535,970.60",,"2,792,670.58",,0.00,,,,,,0.00
,,,,Payment,,07/02/2025,,179180,,,,,,Accounts Receivable,,,,,,Paid,,Check,,,,,,"-1,256,700.00",,"1,535,970.58",,0.00,,,,,,0.00
,,,,Payment,,07/29/2025,,003637,,,,,,Accounts Receivable,,,,,,Paid,,Check,,,,,,"-1,535,970.60",,-0.02,,0.00,,,,,,0.00
,,,,Invoice,,08/13/2025,,AS010752,,,,,,Accounts Receivable,,Sal:RS,,A,,Paid,,,,,,,,"219,775.00",,"219,774.98",,0.00,,,,,,0.00
,,,,Invoice,,08/18/2025,,AS010764,,,,,,Accounts Receivable,,Sal:RS,,AD,,Paid,,,,,,,,"941,640.00",,"1,161,414.98",,0.00,,,,,,0.00
,,,,Invoice,,09/09/2025,,AS010795,,,,,,Accounts Receivable,,Sal:RS,,A,,Paid,,,,,,,,"383,514.75",,"1,544,929.73",,0.00,,,,,,0.00
,,,,Payment,,10/27/2025,,003999,,,,,,Accounts Receivable,,,,,,Paid,,Check,,,,,,"-383,514.75",,"1,161,414.98",,0.00,,,,,,0.00
,,,,Invoice,,11/26/2025,,AS010927,,,,,,Accounts Receivable,,Sal:RS,,A,,Paid,,,,,,,,"1,291,524.75",,"2,452,939.73",,0.00,,,,,,0.00
,,,,Payment,,12/23/2025,,003898,,,,,,Accounts Receivable,,,,,,Paid,,Check,,,,,,"-219,775.00",,"2,233,164.73",,0.00,,,,,,0.00
,,,,Payment,,01/07/2026,,003897,,,,,,Accounts Receivable,,,,,,Paid,,Check,,,,,,"-941,640.00",,"1,291,524.73",,0.00,,,,,,0.00
,,,,Invoice,,01/29/2026,,AS011037,,,,,,Accounts Receivable,,,,A,,Paid,,,,,,,,"5,034,809.25",,"6,326,333.98",,0.00,,,,,,0.00
,,,,Payment,,02/03/2026,,003383,,,,,,Accounts Receivable,,,,,,Paid,,Check,,,,,,"-1,291,524.75",,"5,034,809.23",,0.00,,,,,,0.00
,,,,Invoice,,03/16/2026,,AS011098,,,,,,Accounts Receivable,,,,A,,Unpaid,,,,45,,,,"616,491.00",,"5,651,300.23",,0.00,,,,,,0.00
,,,,Payment,,03/20/2026,,100211,,,,,,Accounts Receivable,,,,,,Paid,,Check,,,,,,"-2,517,404.63",,"3,133,895.60",,0.00,,,,,,0.00
,,,,Invoice,,04/09/2026,,AS011144,,,,,,Accounts Receivable,,,,A,,Unpaid,,,,21,,,,"3,144,104.10",,"6,277,999.70",,0.00,,,,,,0.00
,,,,Payment,,04/24/2026,,100212,,,,,,Accounts Receivable,,,,,,Paid,,Check,,,,,,"-2,517,404.62",,"3,760,595.08",,0.00,,,,,,0.00
,Total Softlogic Information Technologies (Pvt),,,,,,,,,,,,,,,,,,,,,,,,,,,"3,760,595.08",,"3,760,595.08",,0.00,,,,,,
,Softlogic Life Insurance PLC,,,,,,,,,,,,,,,,,,,,,,,,,,,,,0.00,,,,,,,,
,,,,Invoice,,07/28/2025,,AS010732,,,,,,Accounts Receivable,,,,AS,,Paid,,,,,,,,"35,400.00",,"35,400.00",,0.00,,,,,,0.00
,,,,Payment,,09/18/2025,,052621,,,,,,Accounts Receivable,,,,,,Paid,,Check,,,,,,"-35,400.00",,0.00,,0.00,,,,,,0.00
,Total Softlogic Life Insurance PLC,,,,,,,,,,,,,,,,,,,,,,,,,,,0.00,,0.00,,0.00,,,,,,
,Softnet Information (Pvt) Ltd,,,,,,,,,,,,,,,,,,,,,,,,,,,,,0.00,,,,,,,,
,,,,Invoice,,09/04/2024,,AS010269,,,,,,Accounts Receivable,,,,AD,,Paid,,,,,,,,"283,200.00",,"283,200.00",,0.00,,,,,,0.00
,,,,Payment,,09/04/2024,,606310,,,,,,Accounts Receivable,,,,,,Paid,,Check,,,,,,"-141,600.00",,"141,600.00",,0.00,,,,,,0.00
,,,,Payment,,09/04/2024,,606311,,,,,,Accounts Receivable,,,,,,Paid,,Check,,,,,,"-141,600.00",,0.00,,0.00,,,,,,0.00
,Total Softnet Information (Pvt) Ltd,,,,,,,,,,,,,,,,,,,,,,,,,,,0.00,,0.00,,0.00,,,,,,
,Sourcecode-LK,,,,,,,,,,,,,,,,,,,,,,,,,,,,,0.00,,,,,,,,
,,,,Invoice,,06/26/2025,,AS010673,,,,,,Accounts Receivable,,Sal:RS,,AD,,Paid,,,,,,,,"247,800.00",,"247,800.00",,0.00,,,,,,0.00
,,,,Payment,,06/30/2025,,Online TRF,,,,,,Accounts Receivable,,,,,,Paid,,Bank Deposit,,,,,,"-247,800.00",,0.00,,0.00,,,,,,0.00
,,,,Invoice,,07/05/2025,,AS010689,,,,,,Accounts Receivable,,Sal:RS,,AD,,Paid,,,,,,,,"201,780.00",,"201,780.00",,0.00,,,,,,0.00
,,,,Payment,,07/07/2025,,Online TRF,,,,,,Accounts Receivable,,,,,,Paid,,Bank Deposit,,,,,,"-201,780.00",,0.00,,0.00,,,,,,0.00
,Total Sourcecode-LK,,,,,,,,,,,,,,,,,,,,,,,,,,,0.00,,0.00,,0.00,,,,,,
,Southern Technologies,,,,,,,,,,,,,,,,,,,,,,,,,,,,,0.00,,,,,,,,
,,,,Invoice,,10/11/2024,,AS010309,,,,,,Accounts Receivable,,Sal:EC,,AR,,Paid,,,,,,,,"54,600.00",,"54,600.00",,0.00,,,,,,0.00
,,,,Payment,,10/11/2024,,,,,,,,Accounts Receivable,,,,,,Paid,,Cash,,,,,,"-54,600.00",,0.00,,0.00,,,,,,0.00
,,,,Invoice,,11/11/2024,,AS010347,,,,,,Accounts Receivable,,,,AR,,Paid,,,,,,,,"16,700.00",,"16,700.00",,0.00,,,,,,0.00
,,,,Payment,,11/11/2024,,Cash,,,,,,Accounts Receivable,,,,,,Paid,,Cash,,,,,,"-16,700.00",,0.00,,0.00,,,,,,0.00
,,,,Invoice,,12/06/2024,,AS010383,,,,,,Accounts Receivable,,Sal:RS,,AR,,Paid,,,,,,,,"10,500.00",,"10,500.00",,0.00,,,,,,0.00
,,,,Payment,,12/06/2024,,Cash,,,,,,Accounts Receivable,,,,,,Paid,,Cash,,,,,,"-10,500.00",,0.00,,0.00,,,,,,0.00
,,,,Invoice,,01/15/2025,,AS010430,,,,,,Accounts Receivable,,Sal:EC,,AR,,Paid,,,,,,,,"21,200.00",,"21,200.00",,0.00,,,,,,0.00
,,,,Payment,,01/16/2025,,Cash,,,,,,Accounts Receivable,,,,,,Paid,,Cash,,,,,,"-21,200.00",,0.00,,0.00,,,,,,0.00
,,,,Invoice,,01/17/2025,,AS010434,,,,,,Accounts Receivable,,Sal:EC,,AR,,Paid,,,,,,,,"10,600.00",,"10,600.00",,0.00,,,,,,0.00
,,,,Payment,,01/17/2025,,Cash,,,,,,Accounts Receivable,,,,,,Paid,,Cash,,,,,,"-10,600.00",,0.00,,0.00,,,,,,0.00
,,,,Invoice,,02/05/2025,,AS010472,,,,,,Accounts Receivable,,Sal:EC,,AR,,Paid,,,,,,,,"10,600.00",,"10,600.00",,0.00,,,,,,0.00
,,,,Payment,,02/05/2025,,Cash,,,,,,Accounts Receivable,,,,,,Paid,,Bank Deposit,,,,,,"-10,600.00",,0.00,,0.00,,,,,,0.00
,,,,Invoice,,02/26/2025,,AS010501,,,,,,Accounts Receivable,,Sal:RS,,AR,,Paid,,,,,,,,"10,500.00",,"10,500.00",,0.00,,,,,,0.00
,,,,Payment,,02/26/2025,,Cash,,,,,,Accounts Receivable,,,,,,Paid,,Cash,,,,,,"-10,500.00",,0.00,,0.00,,,,,,0.00
,,,,Invoice,,02/27/2025,,AS010512,,,,,,Accounts Receivable,,Sal:RS,,AR,,Paid,,,,,,,,"31,500.00",,"31,500.00",,0.00,,,,,,0.00
,,,,Payment,,02/27/2025,,Cash,,,,,,Accounts Receivable,,,,,,Paid,,Cash,,,,,,"-31,500.00",,0.00,,0.00,,,,,,0.00
,,,,Payment,,03/06/2025,,Cash,,,,,,Accounts Receivable,,,,,,Paid,,Cash,,,,,,"-10,500.00",,"-10,500.00",,0.00,,,,,,0.00
,,,,Invoice,,04/25/2025,,AS010584,,,,,,Accounts Receivable,,Sal:RS,,AR,,Paid,,,,,,,,"16,700.00",,"6,200.00",,0.00,,,,,,0.00
,,,,Payment,,04/25/2025,,Cash,,,,,,Accounts Receivable,,,,,,Paid,,Check,,,,,,"-16,700.00",,"-10,500.00",,0.00,,,,,,0.00
,,,,Invoice,,05/09/2025,,AS010596,,,,,,Accounts Receivable,,Sal:RS,,AR,,Paid,,,,,,,,"31,800.00",,"21,300.00",,0.00,,,,,,0.00
,,,,Payment,,05/09/2025,,Cash,,,,,,Accounts Receivable,,,,,,Paid,,Cash,,,,,,"-31,800.00",,"-10,500.00",,0.00,,,,,,0.00
,,,,Invoice,,05/23/2025,,AS010618,,,,,,Accounts Receivable,,Sal:RS,,AR,,Paid,,,,,,,,"10,600.00",,100.00,,0.00,,,,,,0.00
,,,,Payment,,05/23/2025,,Cash,,,,,,Accounts Receivable,,,,,,Paid,,Cash,,,,,,"-10,600.00",,"-10,500.00",,0.00,,,,,,0.00
,,,,Invoice,,06/02/2025,,AS010629,,,,,,Accounts Receivable,,Sal:EC,,AR,,Paid,,,,,,,,"21,200.00",,"10,700.00",,0.00,,,,,,0.00
,,,,Payment,,06/02/2025,,Cash,,,,,,Accounts Receivable,,,,,,Paid,,Cash,,,,,,"-21,200.00",,"-10,500.00",,0.00,,,,,,0.00
,,,,Invoice,,07/21/2025,,AS010721,,,,,,Accounts Receivable,,Sal:RS,,AR,,Paid,,,,,,,,"10,600.00",,100.00,,0.00,,,,,,0.00
,,,,Payment,,07/21/2025,,Online TRF,,,,,,Accounts Receivable,,,,,,Paid,,Bank Deposit,,,,,,"-10,600.00",,"-10,500.00",,0.00,,,,,,0.00
,,,,Invoice,,08/15/2025,,AS010755,,,,,,Accounts Receivable,,Sal:RS,,AR,,Paid,,,,,,,,"10,500.00",,0.00,,0.00,,,,,,0.00
,,,,Invoice,,08/19/2025,,AS010767,,,,,,Accounts Receivable,,Sal:RS,,AR,,Paid,,,,,,,,"21,000.00",,"21,000.00",,0.00,,,,,,0.00
,,,,Payment,,08/19/2025,,Cash,,,,,,Accounts Receivable,,,,,,Paid,,Cash,,,,,,"-21,000.00",,0.00,,0.00,,,,,,0.00
,,,,Payment,,08/19/2025,,Cash,,,,,,Accounts Receivable,,,,,,Paid,,Cash,,,,,,"-10,500.00",,"-10,500.00",,0.00,,,,,,0.00
,,,,Invoice,,08/29/2025,,AS010782,,,,,,Accounts Receivable,,Sal:EC,,AR,,Paid,,,,,,,,"10,500.00",,0.00,,0.00,,,,,,0.00
,,,,Payment,,09/01/2025,,Online TRF,,,,,,Accounts Receivable,,,,,,Paid,,Bank Deposit,,,,,,"-10,500.00",,"-10,500.00",,0.00,,,,,,0.00
,,,,Invoice,,09/03/2025,,AS010787,,,,,,Accounts Receivable,,Sal:RS,,AR,,Paid,,,,,,,,"10,500.00",,0.00,,0.00,,,,,,0.00
,,,,Invoice,,09/12/2025,,AS010802,,,,,,Accounts Receivable,,Sal:RS,,AR,,Paid,,,,,,,,"31,500.00",,"31,500.00",,0.00,,,,,,0.00
,,,,Payment,,09/12/2025,,,,,,,,Accounts Receivable,,,,,,Paid,,Cash,,,,,,"-31,500.00",,0.00,,0.00,,,,,,0.00
,,,,Invoice,,10/14/2025,,AS010845,,,,,,Accounts Receivable,,Sal:RS,,AR,,Paid,,,,,,,,"21,000.00",,"21,000.00",,0.00,,,,,,0.00
,,,,Payment,,10/14/2025,,Cash,,,,,,Accounts Receivable,,,,,,Paid,,Cash,,,,,,"-21,000.00",,0.00,,0.00,,,,,,0.00
,,,,Invoice,,10/29/2025,,AS010876,,,,,,Accounts Receivable,,,,AR,,Paid,,,,,,,,"21,000.00",,"21,000.00",,0.00,,,,,,0.00
,,,,Payment,,10/29/2025,,Cash,,,,,,Accounts Receivable,,,,,,Paid,,Cash,,,,,,"-21,000.00",,0.00,,0.00,,,,,,0.00
,,,,Invoice,,03/30/2026,,AS011126,,,,,,Accounts Receivable,,,,AR,,Paid,,,,,,,,"53,000.00",,"53,000.00",,0.00,,,,,,0.00
,,,,Payment,,03/30/2026,,Cash,,,,,,Accounts Receivable,,,,,,Paid,,Cash,,,,,,"-53,000.00",,0.00,,0.00,,,,,,0.00
,,,,Invoice,,04/29/2026,,AS011169,,,,,,Accounts Receivable,,Sal:RS,,AR,,Paid,,,,,,,,"53,000.00",,"53,000.00",,0.00,,,,,,0.00
,,,,Payment,,04/29/2026,,,,,,,,Accounts Receivable,,,,,,Paid,,Cash,,,,,,"-53,000.00",,0.00,,0.00,,,,,,0.00
,Total Southern Technologies,,,,,,,,,,,,,,,,,,,,,,,,,,,0.00,,0.00,,0.00,,,,,,
,SouthNet Technologies (Pvt) Ltd,,,,,,,,,,,,,,,,,,,,,,,,,,,,,0.00,,,,,,,,
,Total SouthNet Technologies (Pvt) Ltd,,,,,,,,,,,,,,,,,,,,,,,,,,,,,0.00,,0.00,,,,,,
,Sporting Times,,,,,,,,,,,,,,,,,,,,,,,,,,,,,"250,500.00",,,,,,,,
,,,,Payment,,01/31/2024,,664143,,,,,,Accounts Receivable,,,,,,Paid,,Check,,,,,,"-160,500.00",,"90,000.00",,0.00,,,,,,0.00
,,,,Payment,,01/31/2024,,664065,,,,,,Accounts Receivable,,,,,,Paid,,Check,,,,,,"-90,000.00",,0.00,,0.00,,,,,,0.00
,Total Sporting Times,,,,,,,,,,,,,,,,,,,,,,,,,,,"-250,500.00",,0.00,,0.00,,,,,,
,Sri Laka Rupahavani Corporation,,,,,,,,,,,,,,,,,,,,,,,,,,,,,0.00,,,,,,,,
,,,,Invoice,,08/20/2024,,AS010252,,,,,,Accounts Receivable,,Sal:EC,,AD,,Paid,,,,,,,,"17,700.00",,"17,700.00",,0.00,,,,,,0.00
,,,,Payment,,08/20/2024,,Cash,,,,,,Accounts Receivable,,,,,,Paid,,Cash,,,,,,"-17,700.00",,0.00,,0.00,,,,,,0.00
,Total Sri Laka Rupahavani Corporation,,,,,,,,,,,,,,,,,,,,,,,,,,,0.00,,0.00,,0.00,,,,,,
,Sri Lanka Institute Of Marketing,,,,,,,,,,,,,,,,,,,,,,,,,,,,,0.00,,,,,,,,
,Total Sri Lanka Institute Of Marketing,,,,,,,,,,,,,,,,,,,,,,,,,,,,,0.00,,0.00,,,,,,
,SRI LANKA INSURANCE CORPORATION LTD.,,,,,,,,,,,,,,,,,,,,,,,,,,,,,0.00,,,,,,,,
,Total SRI LANKA INSURANCE CORPORATION LTD.,,,,,,,,,,,,,,,,,,,,,,,,,,,,,0.00,,0.00,,,,,,
,Sri Lanka Telecom (Services) Ltd,,,,,,,,,,,,,,,,,,,,,,,,,,,,,0.00,,,,,,,,
,Total Sri Lanka Telecom (Services) Ltd,,,,,,,,,,,,,,,,,,,,,,,,,,,,,0.00,,0.00,,,,,,
,ST Curtains,,,,,,,,,,,,,,,,,,,,,,,,,,,,,0.00,,,,,,,,
,Total ST Curtains,,,,,,,,,,,,,,,,,,,,,,,,,,,,,0.00,,0.00,,,,,,
,Staff Darshana,,,,,,,,,,,,,,,,,,,,,,,,,,,,,0.00,,,,,,,,
,Total Staff Darshana,,,,,,,,,,,,,,,,,,,,,,,,,,,,,0.00,,0.00,,,,,,
,Star Technology,,,,,,,,,,,,,,,,,,,,,,,,,,,,,0.00,,,,,,,,
,,,,Payment,,09/19/2024,,Online TRF,,,,,,Accounts Receivable,,,,,,Paid,,Bank Deposit,,,,,,"-213,580.00",,"-213,580.00",,0.00,,,,,,0.00
,,,,Invoice,,09/20/2024,,AS010287,,,,,,Accounts Receivable,,Sal:RS,,A,,Paid,,,,,,,,"213,580.00",,0.00,,0.00,,,,,,0.00
,,,,Invoice,,04/07/2025,,AS010560,,,,,,Accounts Receivable,,Sal:EC,,AD,,Paid,,,,,,,,"9,600.00",,"9,600.00",,0.00,,,,,,0.00
,,,,Payment,,04/07/2025,,Online TRF,,,,,,Accounts Receivable,,,,,,Paid,,Bank Deposit,,,,,,"-9,600.00",,0.00,,0.00,,,,,,0.00
,,,,Invoice,,05/28/2025,,AS010624,,,,,,Accounts Receivable,,Sal:EC,,AR,,Paid,,,,,,,,"9,400.00",,"9,400.00",,0.00,,,,,,0.00
,,,,Payment,,05/28/2025,,Cash,,,,,,Accounts Receivable,,,,,,Paid,,Cash,,,,,,"-9,400.00",,0.00,,0.00,,,,,,0.00
,Total Star Technology,,,,,,,,,,,,,,,,,,,,,,,,,,,0.00,,0.00,,0.00,,,,,,
,STATEMAN HATS (Pvt) LTD.,,,,,,,,,,,,,,,,,,,,,,,,,,,,,0.00,,,,,,,,
,Total STATEMAN HATS (Pvt) LTD.,,,,,,,,,,,,,,,,,,,,,,,,,,,,,0.00,,0.00,,,,,,
,Stax Inc,,,,,,,,,,,,,,,,,,,,,,,,,,,,,0.00,,,,,,,,
,Total Stax Inc,,,,,,,,,,,,,,,,,,,,,,,,,,,,,0.00,,0.00,,,,,,
,Stelacom (Pvt) Ltd,,,,,,,,,,,,,,,,,,,,,,,,,,,,,0.00,,,,,,,,
,Total Stelacom (Pvt) Ltd,,,,,,,,,,,,,,,,,,,,,,,,,,,,,0.00,,0.00,,,,,,
,Studio Click,,,,,,,,,,,,,,,,,,,,,,,,,,,,,"645,000.00",,,,,,,,
,,,,Payment,,02/03/2024,,909769,,,,,,Accounts Receivable,,,,,,Paid,,Check,,,,,,"-645,000.00",,0.00,,0.00,,,,,,0.00
,Total Studio Click,,,,,,,,,,,,,,,,,,,,,,,,,,,"-645,000.00",,0.00,,0.00,,,,,,
,Studio Creative Minds,,,,,,,,,,,,,,,,,,,,,,,,,,,,,0.00,,,,,,,,
,,,,Invoice,,06/17/2025,,AS010655,,,,,,Accounts Receivable,,Sal:EC,,AD,,Paid,,,,,,,,"398,000.00",,"398,000.00",,0.00,,,,,,0.00
,,,,Invoice,,06/19/2025,,AS010661,,,,,,Accounts Receivable,,Sal:RS,,AD,,Paid,,,,,,,,"7,000.00",,"405,000.00",,0.00,,,,,,0.00
,,,,Payment,,07/19/2025,,Online TRF,,,,,,Accounts Receivable,,,,,,Paid,,Bank Deposit,,,,,,"-200,000.00",,"205,000.00",,0.00,,,,,,0.00
,,,,Payment,,08/20/2025,,Online TRF,,,,,,Accounts Receivable,,,,,,Paid,,Bank Deposit,,,,,,"-205,000.00",,0.00,,0.00,,,,,,0.00
,Total Studio Creative Minds,,,,,,,,,,,,,,,,,,,,,,,,,,,0.00,,0.00,,0.00,,,,,,
,Studio Dreambox,,,,,,,,,,,,,,,,,,,,,,,,,,,,,0.00,,,,,,,,
,,,,Invoice,,01/20/2025,,AS010443,,,,,,Accounts Receivable,,Sal:EC,,AD,,Paid,,,,,,,,"113,000.00",,"113,000.00",,0.00,,,,,,0.00
,,,,Payment,,01/20/2025,,Online TRF,,,,,,Accounts Receivable,,,,,,Paid,,Bank Deposit,,,,,,"-113,000.00",,0.00,,0.00,,,,,,0.00
,,,,Invoice,,02/12/2026,,AS011054,,,,,,Accounts Receivable,,,,AD,,Paid,,,,,,,,"119,000.00",,"119,000.00",,0.00,,,,,,0.00
,,,,Payment,,02/12/2026,,Online TRF,,,,,,Accounts Receivable,,,,,,Paid,,Bank Deposit,,,,,,"-119,000.00",,0.00,,0.00,,,,,,0.00
,,,,Invoice,,03/16/2026,,AS011099,,,,,,Accounts Receivable,,,,AD,,Unpaid,,,,45,,,,"447,000.00",,"447,000.00",,0.00,,,,,,0.00
,,,,Payment,,03/16/2026,,Online TRF,,,,,,Accounts Receivable,,,,,,Paid,,Bank Deposit,,,,,,"-200,000.00",,"247,000.00",,0.00,,,,,,0.00
,Total Studio Dreambox,,,,,,,,,,,,,,,,,,,,,,,,,,,"247,000.00",,"247,000.00",,0.00,,,,,,
,Studio Focus,,,,,,,,,,,,,,,,,,,,,,,,,,,,,0.00,,,,,,,,
,,,,Invoice,,01/30/2026,,AS011039,,,,,,Accounts Receivable,,,,AD,,Paid,,,,,,,,"35,000.00",,"35,000.00",,0.00,,,,,,0.00
,,,,Payment,,01/30/2026,,Cash,,,,,,Accounts Receivable,,,,,,Paid,,Cash,,,,,,"-35,000.00",,0.00,,0.00,,,,,,0.00
,Total Studio Focus,,,,,,,,,,,,,,,,,,,,,,,,,,,0.00,,0.00,,0.00,,,,,,
,Studio Lakdam,,,,,,,,,,,,,,,,,,,,,,,,,,,,,"200,000.00",,,,,,,,
,,,,Payment,,01/23/2024,,Online TRF,,,,,,Accounts Receivable,,,,,,Paid,,Bank Deposit,,,,,,"-200,000.00",,0.00,,0.00,,,,,,0.00
,,,,Invoice,,06/06/2024,,AS010165,,,,,,Accounts Receivable,,Sal:RS,,AD,,Paid,,,,,,,,"88,000.00",,"88,000.00",,0.00,,,,,,0.00
,,,,Invoice,,06/26/2024,,AS010194,,,,,,Accounts Receivable,,Sal:EC,,AD,,Paid,,,,,,,,"58,000.00",,"146,000.00",,0.00,,,,,,0.00
,,,,Invoice,,08/27/2024,,AS010261,,,,,,Accounts Receivable,,Sal:EC,,AD,,Paid,,,,,,,,"60,000.00",,"206,000.00",,0.00,,,,,,0.00
,,,,Payment,,10/24/2024,,834466,,,,,,Accounts Receivable,,,,,,Paid,,Check,,,,,,"-88,000.00",,"118,000.00",,0.00,,,,,,0.00
,,,,Invoice,,12/31/2024,,AS010418,,,,,,Accounts Receivable,,Sal:RS,,AD,,Paid,,,,,,,,"21,240.00",,"139,240.00",,0.00,,,,,,0.00
,,,,Payment,,01/03/2025,,Online TRF,,,,,,Accounts Receivable,,,,,,Paid,,Bank Deposit,,,,,,"-118,000.00",,"21,240.00",,0.00,,,,,,0.00
,,,,Invoice,,05/09/2025,,AS010599,,,,,,Accounts Receivable,,Sal:RS,,AD,,Paid,,,,,,,,"26,500.00",,"47,740.00",,0.00,,,,,,0.00
,,,,Invoice,,07/22/2025,,AS010723,,,,,,Accounts Receivable,,,,AD,,Paid,,,,,,,,"163,000.00",,"210,740.00",,0.00,,,,,,0.00
,,,,Payment,,11/18/2025,,667710,,,,,,Accounts Receivable,,,,,,Paid,,Check,,,,,,"-210,740.00",,0.00,,0.00,,,,,,0.00
,,,,Invoice,,12/18/2025,,AS010971,,,,,,Accounts Receivable,,Sal:EC,,AD,,Paid,,,,,,,,"161,660.00",,"161,660.00",,0.00,,,,,,0.00
,,,,Payment,,02/24/2026,,667731,,,,,,Accounts Receivable,,,,,,Paid,,Check,,,,,,"-161,660.00",,0.00,,0.00,,,,,,0.00
,,,,Invoice,,04/23/2026,,AS011159,,,,,,Accounts Receivable,,,,AD,,Unpaid,,,,7,,,,"170,000.00",,"170,000.00",,0.00,,,,,,0.00
,Total Studio Lakdam,,,,,,,,,,,,,,,,,,,,,,,,,,,"-30,000.00",,"170,000.00",,0.00,,,,,,
,Studio Pro-Eye,,,,,,,,,,,,,,,,,,,,,,,,,,,,,0.00,,,,,,,,
,Total Studio Pro-Eye,,,,,,,,,,,,,,,,,,,,,,,,,,,,,0.00,,0.00,,,,,,
,Studio Siyakroo,,,,,,,,,,,,,,,,,,,,,,,,,,,,,0.00,,,,,,,,
,,,,Invoice,,11/07/2024,,AS010344,,,,,,Accounts Receivable,,Sal:EC,,AD,,Paid,,,,,,,,"156,000.00",,"156,000.00",,0.00,,,,,,0.00
,,,,Payment,,11/20/2024,,561169,,,,,,Accounts Receivable,,,,,,Paid,,Bank Deposit,,,,,,"-52,000.00",,"104,000.00",,0.00,,,,,,0.00
,,,,Payment,,11/20/2024,,561170,,,,,,Accounts Receivable,,,,,,Paid,,Check,,,,,,"-52,000.00",,"52,000.00",,0.00,,,,,,0.00
,,,,Payment,,11/20/2024,,561171,,,,,,Accounts Receivable,,,,,,Paid,,Check,,,,,,"-52,000.00",,0.00,,0.00,,,,,,0.00
,Total Studio Siyakroo,,,,,,,,,,,,,,,,,,,,,,,,,,,0.00,,0.00,,0.00,,,,,,
,SUDARSHANA SENADHEERA ARCHITECTS (PVT) LT,,,,,,,,,,,,,,,,,,,,,,,,,,,,,0.00,,,,,,,,
,,,,Invoice,,03/06/2024,,AS010069,,,,,,Accounts Receivable,,Sal:EC,,AD,,Paid,,,,,,,,"21,240.00",,"21,240.00",,0.00,,,,,,0.00
,,,,Payment,,03/06/2024,,Cash,,,,,,Accounts Receivable,,,,,,Paid,,Cash,,,,,,"-21,240.00",,0.00,,0.00,,,,,,0.00
,,,,Invoice,,12/19/2024,,AS010401,,,,,,Accounts Receivable,,Sal:EC,,AD,,Paid,,,,,,,,"4,720.00",,"4,720.00",,0.00,,,,,,0.00
,,,,Payment,,02/20/2025,,Cash Deposit,,,,,,Accounts Receivable,,,,,,Paid,,Bank Deposit,,,,,,"-4,720.00",,0.00,,0.00,,,,,,0.00
,,,,Invoice,,05/23/2025,,AS010617,,,,,,Accounts Receivable,,Sal:EC,,AD,,Paid,,,,,,,,"38,940.00",,"38,940.00",,0.00,,,,,,0.00
,,,,Payment,,06/20/2025,,Online TRF,,,,,,Accounts Receivable,,,,,,Paid,,Bank Deposit,,,,,,"-38,940.00",,0.00,,0.00,,,,,,0.00
,Total SUDARSHANA SENADHEERA ARCHITECTS (PVT) LT,,,,,,,,,,,,,,,,,,,,,,,,,,,0.00,,0.00,,0.00,,,,,,
,Sumathi Information Technology (Pvt) Ltd,,,,,,,,,,,,,,,,,,,,,,,,,,,,,0.00,,,,,,,,
,,,,Invoice,,01/19/2024,,AS010028,,,,,,Accounts Receivable,,Sal:RS,,A,,Paid,,,,,,,,"113,280.00",,"113,280.00",,0.00,,,,,,0.00
,,,,Payment,,01/26/2024,,994660,,,,,,Accounts Receivable,,,,,,Paid,,Check,,,,,,"-113,280.00",,0.00,,0.00,,,,,,0.00
,,,,Invoice,,03/05/2024,,AS010067,,,,,,Accounts Receivable,,Sal:RS,,A,,Paid,,,,,,,,"507,400.02",,"507,400.02",,0.00,,,,,,0.00
,,,,Payment,,03/12/2024,,994716,,,,,,Accounts Receivable,,,,,,Paid,,Check,,,,,,"-507,400.02",,0.00,,0.00,,,,,,0.00
,,,,Invoice,,11/18/2024,,AS010355,,,,,,Accounts Receivable,,Sal:RS,,A,,Paid,,,,,,,,"455,480.00",,"455,480.00",,0.00,,,,,,0.00
,,,,Payment,,12/02/2024,,919307,,,,,,Accounts Receivable,,,,,,Paid,,Check,,,,,,"-455,480.00",,0.00,,0.00,,,,,,0.00
,,,,Invoice,,03/06/2025,,AS010522,,,,,,Accounts Receivable,,Sal:RS,,A,,Paid,,,,,,,,"638,593.88",,"638,593.88",,0.00,,,,,,0.00
,,,,Payment,,04/07/2025,,437665,,,,,,Accounts Receivable,,,,,,Paid,,Check,,,,,,"-638,593.88",,0.00,,0.00,,,,,,0.00
,Total Sumathi Information Technology (Pvt) Ltd,,,,,,,,,,,,,,,,,,,,,,,,,,,0.00,,0.00,,0.00,,,,,,
,Supervision Technology (Pvt) Ltd,,,,,,,,,,,,,,,,,,,,,,,,,,,,,0.00,,,,,,,,
,,,,Invoice,,03/01/2024,,AS010061,,,,,,Accounts Receivable,,Sal:RS,,AD,,Paid,,,,,,,,"250,000.00",,"250,000.00",,0.00,,,,,,0.00
,,,,Payment,,03/27/2024,,Online TRF,,,,,,Accounts Receivable,,,,,,Paid,,Bank Deposit,,,,,,"-125,000.00",,"125,000.00",,0.00,,,,,,0.00
,,,,Payment,,05/03/2024,,Online TRF,,,,,,Accounts Receivable,,,,,,Paid,,Bank Deposit,,,,,,"-125,000.00",,0.00,,0.00,,,,,,0.00
,,,,Invoice,,07/04/2025,,AS010687,,,,,,Accounts Receivable,,Sal:RS,,AD,,Paid,,,,,,,,"350,460.00",,"350,460.00",,0.00,,,,,,0.00
,,,,Payment,,08/05/2025,,Online TRF,,,,,,Accounts Receivable,,,,,,Paid,,Bank Deposit,,,,,,"-350,460.00",,0.00,,0.00,,,,,,0.00
,,,,Invoice,,12/08/2025,,AS010956,,,,,,Accounts Receivable,,,,AD,,Paid,,,,,,,,"92,040.00",,"92,040.00",,0.00,,,,,,0.00
,,,,Payment,,01/19/2026,,Online TRF,,,,,,Accounts Receivable,,,,,,Paid,,Bank Deposit,,,,,,"-92,040.00",,0.00,,0.00,,,,,,0.00
,,,,Invoice,,03/17/2026,,AS011100,,,,,,Accounts Receivable,,,,AD,,Paid,,,,,,,,"184,080.00",,"184,080.00",,0.00,,,,,,0.00
,,,,Payment,,04/21/2026,,Online TRF,,,,,,Accounts Receivable,,,,,,Paid,,Bank Deposit,,,,,,"-184,080.00",,0.00,,0.00,,,,,,0.00
,Total Supervision Technology (Pvt) Ltd,,,,,,,,,,,,,,,,,,,,,,,,,,,0.00,,0.00,,0.00,,,,,,
,Survey Department,,,,,,,,,,,,,,,,,,,,,,,,,,,,,"178,575.00",,,,,,,,
,,,,Payment,,01/08/2024,,267991,,,,,,Accounts Receivable,,,,,,Paid,,Check,,,,,,"-178,550.00",,25.00,,0.00,,,,,,0.00
,,,,Discount,,01/08/2024,,267991,,,,,,Accounts Receivable,,,,,,Paid,,Check,,,,,,-25.00,,0.00,,0.00,,,,,,0.00
,,,,Invoice,,06/10/2024,,AS010171,,,,,,Accounts Receivable,,Sal:EC,,AD,,Paid,,,,,,,,"41,300.00",,"41,300.00",,0.00,,,,,,0.00
,,,,Payment,,11/01/2024,,306748,,,,,,Accounts Receivable,,,,,,Paid,,Check,,,,,,"-41,275.00",,25.00,,0.00,,,,,,0.00
,,,,Discount,,11/01/2024,,306748,,,,,,Accounts Receivable,,,,,,Paid,,Check,,,,,,-25.00,,0.00,,0.00,,,,,,0.00
,,,,Invoice,,12/04/2024,,AS010379,,,,,,Accounts Receivable,,Sal:EC,,AD,,Paid,,,,,,,,"969,960.00",,"969,960.00",,0.00,,,,,,0.00
,,,,Payment,,01/24/2025,,307023,,,,,,Accounts Receivable,,,,,,Paid,,Check,,,,,,"-969,935.00",,25.00,,0.00,,,,,,0.00
,,,,Discount,,01/24/2025,,307023,,,,,,Accounts Receivable,,,,,,Paid,,Check,,,,,,-25.00,,0.00,,0.00,,,,,,0.00
,,,,Invoice,,05/28/2025,,AS010622,,,,,,Accounts Receivable,,Mnt,,AD,,Paid,,,,,,,,"210,718.50",,"210,718.50",,0.00,,,,,,0.00
,,,,Payment,,07/17/2025,,322235,,,,,,Accounts Receivable,,,,,,Paid,,Check,,,,,,"-210,693.50",,25.00,,0.00,,,,,,0.00
,,,,Discount,,07/17/2025,,322235,,,,,,Accounts Receivable,,,,,,Paid,,Check,,,,,,-25.00,,0.00,,0.00,,,,,,0.00
,Total Survey Department,,,,,,,,,,,,,,,,,,,,,,,,,,,"-178,575.00",,0.00,,0.00,,,,,,
,Synergy Engineering (Pvt) ltd,,,,,,,,,,,,,,,,,,,,,,,,,,,,,0.00,,,,,,,,
,Total Synergy Engineering (Pvt) ltd,,,,,,,,,,,,,,,,,,,,,,,,,,,,,0.00,,0.00,,,,,,
,Synergy Ventures,,,,,,,,,,,,,,,,,,,,,,,,,,,,,"41,050.00",,,,,,,,
,,,,Invoice,,03/21/2024,,AS010087,,,,,,Accounts Receivable,,Sal:EC,,AS,,Paid,,,,,,,,"14,514.00",,"55,564.00",,0.00,,,,,,0.00
,,,,Payment,,04/09/2024,,895161,,,,,,Accounts Receivable,,,,,,Paid,,Check,,,,,,"-44,514.00",,"11,050.00",,0.00,,,,,,0.00
,,,,Invoice,,05/11/2024,,AS010131,,,,,,Accounts Receivable,,Sal:EC,,AS,,Paid,,,,,,,,"7,080.00",,"18,130.00",,0.00,,,,,,0.00
,,,,Invoice,,07/08/2024,,AS010205,,,,,,Accounts Receivable,,Sal:EC,,AS,,Paid,,,,,,,,"5,900.00",,"24,030.00",,0.00,,,,,,0.00
,,,,Invoice,,07/19/2024,,AS010216,,,,,,Accounts Receivable,,Sal:EC,,AS,,Paid,,,,,,,,"29,146.00",,"53,176.00",,0.00,,,,,,0.00
,,,,Payment,,07/22/2024,,902493,,,,,,Accounts Receivable,,,,,,Paid,,Check,,,,,,"-12,980.00",,"40,196.00",,0.00,,,,,,0.00
,,,,Invoice,,08/02/2024,,AS010235,,,,,,Accounts Receivable,,Sal:EC,,AS,,Paid,,,,,,,,"5,900.00",,"46,096.00",,0.00,,,,,,0.00
,,,,Payment,,09/02/2024,,918161,,,,,,Accounts Receivable,,,,,,Paid,,Check,,,,,,"-35,046.00",,"11,050.00",,0.00,,,,,,0.00
,,,,Invoice,,10/10/2024,,AS010307,,,,,,Accounts Receivable,,Sal:RS,,AS,,Unpaid,,,,567,,,,"11,800.00",,"22,850.00",,0.00,,,,,,0.00
,,,,Invoice,,11/05/2024,,AS010339,,,,,,Accounts Receivable,,,,AS,,Paid,,,,,,,,"14,750.00",,"37,600.00",,0.00,,,,,,0.00
,,,,Invoice,,11/29/2024,,AS010371,,,,,,Accounts Receivable,,Sal:EC,,AS,,Paid,,,,,,,,"50,386.00",,"87,986.00",,0.00,,,,,,0.00
,,,,Payment,,01/06/2025,,935126,,,,,,Accounts Receivable,,,,,,Paid,,Check,,,,,,"-50,386.00",,"37,600.00",,0.00,,,,,,0.00
,,,,Payment,,01/06/2025,,928186,,,,,,Accounts Receivable,,,,,,Paid,,Check,,,,,,"-14,750.00",,"22,850.00",,0.00,,,,,,0.00
,,,,Invoice,,07/16/2025,,AS010709,,,,,,Accounts Receivable,,,,AS,,Paid,,,,,,,,"5,900.00",,"28,750.00",,0.00,,,,,,0.00
,,,,Invoice,,08/19/2025,,AS010768,,,,,,Accounts Receivable,,Sal:EC,,AS,,Paid,,,,,,,,"11,800.00",,"40,550.00",,0.00,,,,,,0.00
,,,,Payment,,09/10/2025,,961725,,,,,,Accounts Receivable,,,,,,Paid,,Check,,,,,,"-17,700.00",,"22,850.00",,0.00,,,,,,0.00
,Total Synergy Ventures,,,,,,,,,,,,,,,,,,,,,,,,,,,"-18,200.00",,"22,850.00",,0.00,,,,,,
,T&D Associates,,,,,,,,,,,,,,,,,,,,,,,,,,,,,"203,000.00",,,,,,,,
,,,,Payment,,01/11/2024,,Online TRF,,,,,,Accounts Receivable,,,,,,Paid,,Bank Deposit,,,,,,"-203,000.00",,0.00,,0.00,,,,,,0.00
,,,,Invoice,,12/06/2024,,AS010380,,,,,,Accounts Receivable,,Sal:RS,,AD,,Paid,,,,,,,,"210,000.00",,"210,000.00",,0.00,,,,,,0.00
,,,,Payment,,02/18/2025,,Online TRF,,,,,,Accounts Receivable,,,,,,Paid,,Bank Deposit,,,,,,"-210,000.00",,0.00,,0.00,,,,,,0.00
,,,,Invoice,,12/03/2025,,AS010943,,,,,,Accounts Receivable,,,,AD,,Paid,,,,,,,,"169,920.00",,"169,920.00",,0.00,,,,,,0.00
,,,,Invoice,,12/03/2025,,AS010944,,,,,,Accounts Receivable,,,,AD,,Paid,,,,,,,,"232,180.00",,"402,100.00",,0.00,,,,,,0.00
,,,,Invoice,,01/21/2026,,AS011017,,,,,,Accounts Receivable,,Sal:EC,,AD,,Paid,,,,,,,,"47,200.00",,"449,300.00",,0.00,,,,,,0.00
,,,,Payment,,01/30/2026,,Deposit,,,,,,Accounts Receivable,,,,,,Paid,,Check,,,,,,"-402,100.00",,"47,200.00",,0.00,,,,,,0.00
,,,,Credit Memo,,02/05/2026,,AS00125,,,,,,Accounts Receivable,,Sal:EC,,,,Paid,,,,,,,,"-47,200.00",,0.00,,0.00,,,,,,0.00
,Total T&D Associates,,,,,,,,,,,,,,,,,,,,,,,,,,,"-203,000.00",,0.00,,0.00,,,,,,
,Tajima Colombo (Pvt) Ltd,,,,,,,,,,,,,,,,,,,,,,,,,,,,,0.00,,,,,,,,
,Total Tajima Colombo (Pvt) Ltd,,,,,,,,,,,,,,,,,,,,,,,,,,,,,0.00,,0.00,,,,,,
,Tallees Advertising (Pvt) Ltd,,,,,,,,,,,,,,,,,,,,,,,,,,,,,"5,000.00",,,,,,,,
,Total Tallees Advertising (Pvt) Ltd,,,,,,,,,,,,,,,,,,,,,,,,,,,,,"5,000.00",,0.00,,,,,,
,Tascon Technologies (Pvt) Ltd,,,,,,,,,,,,,,,,,,,,,,,,,,,,,0.00,,,,,,,,
,,,,Invoice,,02/27/2025,,AS010510,,,,,,Accounts Receivable,,Sal:RS,,A,,Paid,,,,,,,,"53,100.00",,"53,100.00",,0.00,,,,,,0.00
,,,,Payment,,02/27/2025,,Cash,,,,,,Accounts Receivable,,,,,,Paid,,Cash,,,,,,"-53,100.00",,0.00,,0.00,,,,,,0.00
,,,,Invoice,,07/03/2025,,AS010683,,,,,,Accounts Receivable,,Sal:RS,,A,,Paid,,,,,,,,"20,060.00",,"20,060.00",,0.00,,,,,,0.00
,,,,Payment,,10/07/2025,,Deposit,,,,,,Accounts Receivable,,,,,,Paid,,Bank Deposit,,,,,,"-20,060.00",,0.00,,0.00,,,,,,0.00
,Total Tascon Technologies (Pvt) Ltd,,,,,,,,,,,,,,,,,,,,,,,,,,,0.00,,0.00,,0.00,,,,,,
,Tea Tang (Pvt) Ltd,,,,,,,,,,,,,,,,,,,,,,,,,,,,,0.00,,,,,,,,
,Total Tea Tang (Pvt) Ltd,,,,,,,,,,,,,,,,,,,,,,,,,,,,,0.00,,0.00,,,,,,
,Tech Crop Solutions (Pvt) Ltd,,,,,,,,,,,,,,,,,,,,,,,,,,,,,0.00,,,,,,,,
,,,,Invoice,,07/09/2024,,AS010207,,,,,,Accounts Receivable,,Sal:RS,,AD,,Paid,,,,,,,,"234,230.00",,"234,230.00",,0.00,,,,,,0.00
,,,,Payment,,08/09/2024,,647154,,,,,,Accounts Receivable,,,,,,Paid,,Check,,,,,,"-234,230.00",,0.00,,0.00,,,,,,0.00
,,,,Invoice,,03/11/2026,,AS011091,,,,,,Accounts Receivable,,,,AD,,Paid,,,,,,,,"574,660.00",,"574,660.00",,0.00,,,,,,0.00
,,,,Payment,,03/11/2026,,551353,,,,,,Accounts Receivable,,,,,,Paid,,Check,,,,,,"-447,220.00",,"127,440.00",,0.00,,,,,,0.00
,,,,Payment,,03/11/2026,,514858,,,,,,Accounts Receivable,,,,,,Paid,,Check,,,,,,"-127,440.00",,0.00,,0.00,,,,,,0.00
,Total Tech Crop Solutions (Pvt) Ltd,,,,,,,,,,,,,,,,,,,,,,,,,,,0.00,,0.00,,0.00,,,,,,
,TechBio Distribution Lanka (Pvt) Ltd,,,,,,,,,,,,,,,,,,,,,,,,,,,,,0.00,,,,,,,,
,,,,Invoice,,04/22/2024,,AS010111,,,,,,Accounts Receivable,,Sal:RS,,A,,Paid,,,,,,,,"56,640.00",,"56,640.00",,0.00,,,,,,0.00
,,,,Payment,,04/24/2024,,Cash,,,,,,Accounts Receivable,,,,,,Paid,,Cash,,,,,,"-56,640.00",,0.00,,0.00,,,,,,0.00
,,,,Invoice,,11/05/2024,,AS010338,,,,,,Accounts Receivable,,Sal:RS,,A,,Paid,,,,,,,,"685,580.00",,"685,580.00",,0.00,,,,,,0.00
,,,,Payment,,11/05/2024,,444889,,,,,,Accounts Receivable,,,,,,Paid,,Check,,,,,,"-685,580.00",,0.00,,0.00,,,,,,0.00
,,,,Invoice,,04/23/2025,,AS010577,,,,,,Accounts Receivable,,Sal:RS,,A,,Paid,,,,,,,,"585,280.00",,"585,280.00",,0.00,,,,,,0.00
,,,,Payment,,04/23/2025,,000054,,,,,,Accounts Receivable,,,,,,Paid,,Check,,,,,,"-585,280.00",,0.00,,0.00,,,,,,0.00
,,,,Invoice,,05/16/2025,,AS010603,,,,,,Accounts Receivable,,Sal:RS,,A,,Paid,,,,,,,,"96,760.00",,"96,760.00",,0.00,,,,,,0.00
,,,,Payment,,05/26/2025,,000078,,,,,,Accounts Receivable,,,,,,Paid,,Check,,,,,,"-96,760.00",,0.00,,0.00,,,,,,0.00
,,,,Invoice,,06/11/2025,,AS010640,,,,,,Accounts Receivable,,Sal:RS,,A,,Paid,,,,,,,,"103,840.00",,"103,840.00",,0.00,,,,,,0.00
,,,,Payment,,06/11/2025,,000105,,,,,,Accounts Receivable,,,,,,Paid,,Check,,,,,,"-103,840.00",,0.00,,0.00,,,,,,0.00
,Total TechBio Distribution Lanka (Pvt) Ltd,,,,,,,,,,,,,,,,,,,,,,,,,,,0.00,,0.00,,0.00,,,,,,
,TechCERT,,,,,,,,,,,,,,,,,,,,,,,,,,,,,0.00,,,,,,,,
,,,,Invoice,,05/07/2024,,AS010125,,,,,,Accounts Receivable,,Sal:EC,,AS,,Paid,,,,,,,,"92,512.00",,"92,512.00",,0.00,,,,,,0.00
,,,,Payment,,05/09/2024,,Online TRF,,,,,,Accounts Receivable,,,,,,Paid,,Bank Deposit,,,,,,"-92,512.00",,0.00,,0.00,,,,,,0.00
,,,,Invoice,,10/25/2024,,AS010329,,,,,,Accounts Receivable,,Sal:EC,,AS,,Paid,,,,,,,,"29,264.00",,"29,264.00",,0.00,,,,,,0.00
,,,,Payment,,10/25/2024,,Online TRF,,,,,,Accounts Receivable,,,,,,Paid,,Bank Deposit,,,,,,"-29,264.00",,0.00,,0.00,,,,,,0.00
,,,,Payment,,12/12/2024,,Online TRF,,,,,,Accounts Receivable,,,,,,Paid,,Bank Deposit,,,,,,"-58,528.00",,"-58,528.00",,0.00,,,,,,0.00
,,,,Invoice,,12/30/2024,,AS010415,,,,,,Accounts Receivable,,Sal:EC,,AS,,Paid,,,,,,,,"58,528.00",,0.00,,0.00,,,,,,0.00
,,,,Invoice,,03/28/2025,,AS010549,,,,,,Accounts Receivable,,Sal:EC,,AS,,Paid,,,,,,,,"29,264.00",,"29,264.00",,0.00,,,,,,0.00
,,,,Payment,,04/28/2025,,Online TRF,,,,,,Accounts Receivable,,,,,,Paid,,Bank Deposit,,,,,,"-29,264.00",,0.00,,0.00,,,,,,0.00
,,,,Invoice,,07/11/2025,,AS010698,,,,,,Accounts Receivable,,Sal:EC,,AS,,Paid,,,,,,,,"81,951.00",,"81,951.00",,0.00,,,,,,0.00
,,,,Payment,,07/11/2025,,Online TRF,,,,,,Accounts Receivable,,,,,,Paid,,Bank Deposit,,,,,,"-81,951.00",,0.00,,0.00,,,,,,0.00
,,,,Invoice,,11/13/2025,,AS010900,,,,,,Accounts Receivable,,Sal:RS,,AS,,Paid,,,,,,,,"29,264.00",,"29,264.00",,0.00,,,,,,0.00
,,,,Payment,,11/20/2025,,Online TRF,,,,,,Accounts Receivable,,,,,,Paid,,Check,,,,,,"-29,264.00",,0.00,,0.00,,,,,,0.00
,,,,Invoice,,01/14/2026,,AS011014,,,,,,Accounts Receivable,,Sal:EC,,AS,,Paid,,,,,,,,"84,582.40",,"84,582.40",,0.00,,,,,,0.00
,,,,Payment,,01/21/2026,,Online TRF,,,,,,Accounts Receivable,,,,,,Paid,,Bank Deposit,,,,,,"-84,582.40",,0.00,,0.00,,,,,,0.00
,Total TechCERT,,,,,,,,,,,,,,,,,,,,,,,,,,,0.00,,0.00,,0.00,,,,,,
,Techno First (Pvt) Ltd,,,,,,,,,,,,,,,,,,,,,,,,,,,,,0.00,,,,,,,,
,,,,Invoice,,01/17/2024,,AS010022,,,,,,Accounts Receivable,,Sal:EC,,A,,Paid,,,,,,,,"51,920.00",,"51,920.00",,0.00,,,,,,0.00
,,,,Payment,,01/17/2024,,Online TRF,,,,,,Accounts Receivable,,,,,,Paid,,Bank Deposit,,,,,,"-51,920.00",,0.00,,0.00,,,,,,0.00
,,,,Invoice,,11/12/2025,,AS010896,,,,,,Accounts Receivable,,Sal:RS,,A,,Paid,,,,,,,,"49,560.00",,"49,560.00",,0.00,,,,,,0.00
,,,,Payment,,01/13/2026,,Online TRF,,,,,,Accounts Receivable,,,,,,Paid,,Check,,,,,,"-49,560.00",,0.00,,0.00,,,,,,0.00
,Total Techno First (Pvt) Ltd,,,,,,,,,,,,,,,,,,,,,,,,,,,0.00,,0.00,,0.00,,,,,,
,Techno Mobile & CCTV,,,,,,,,,,,,,,,,,,,,,,,,,,,,,0.00,,,,,,,,
,,,,Invoice,,08/14/2025,,AS010754,,,,,,Accounts Receivable,,,,AR,,Paid,,,,,,,,"26,500.00",,"26,500.00",,0.00,,,,,,0.00
,,,,Payment,,09/25/2025,,Online TRF,,,,,,Accounts Receivable,,,,,,Paid,,Bank Deposit,,,,,,"-26,500.00",,0.00,,0.00,,,,,,0.00
,,,,Invoice,,10/09/2025,,AS010839,,,,,,Accounts Receivable,,Sal:RS,,AR,,Paid,,,,,,,,"6,100.00",,"6,100.00",,0.00,,,,,,0.00
,,,,Payment,,11/18/2025,,Online TRF,,,,,,Accounts Receivable,,,,,,Paid,,Bank Deposit,,,,,,"-6,100.00",,0.00,,0.00,,,,,,0.00
,,,,Invoice,,12/06/2025,,AS010951,,,,,,Accounts Receivable,,,,AR,,Paid,,,,,,,,"23,600.00",,"23,600.00",,0.00,,,,,,0.00
,,,,Payment,,02/09/2026,,Online TRF,,,,,,Accounts Receivable,,,,,,Paid,,Bank Deposit,,,,,,"-23,600.00",,0.00,,0.00,,,,,,0.00
,,,,Invoice,,03/07/2026,,AS011086,,,,,,Accounts Receivable,,,,AR,,Unpaid,,,,54,,,,"23,600.00",,"23,600.00",,0.00,,,,,,0.00
,Total Techno Mobile & CCTV,,,,,,,,,,,,,,,,,,,,,,,,,,,"23,600.00",,"23,600.00",,0.00,,,,,,
,Techtron Integrated Solutions (Pvt) Ltd,,,,,,,,,,,,,,,,,,,,,,,,,,,,,0.00,,,,,,,,
,,,,Invoice,,06/19/2024,,AS010181,,,,,,Accounts Receivable,,Sal:RS,,AS,,Paid,,,,,,,,"21,240.00",,"21,240.00",,0.00,,,,,,0.00
,,,,Invoice,,07/04/2024,,AS010202,,,,,,Accounts Receivable,,Sal:RS,,AS,,Paid,,,,,,,,"166,380.00",,"187,620.00",,0.00,,,,,,0.00
,,,,Invoice,,08/01/2024,,AS010232,,,,,,Accounts Receivable,,Sal:RS,,AS,,Paid,,,,,,,,"665,520.00",,"853,140.00",,0.00,,,,,,0.00
,,,,Payment,,08/05/2024,,395598,,,,,,Accounts Receivable,,,,,,Paid,,Check,,,,,,"-21,240.00",,"831,900.00",,0.00,,,,,,0.00
,,,,Invoice,,08/08/2024,,AS010243,,,,,,Accounts Receivable,,Sal:RS,,AS,,Paid,,,,,,,,"499,376.00",,"1,331,276.00",,0.00,,,,,,0.00
,,,,Payment,,08/13/2024,,395644,,,,,,Accounts Receivable,,,,,,Paid,,Check,,,,,,"-166,380.00",,"1,164,896.00",,0.00,,,,,,0.00
,,,,Payment,,09/04/2024,,412015,,,,,,Accounts Receivable,,,,,,Paid,,Check,,,,,,"-665,520.00",,"499,376.00",,0.00,,,,,,0.00
,,,,Payment,,09/19/2024,,412097,,,,,,Accounts Receivable,,,,,,Paid,,Check,,,,,,"-499,376.00",,0.00,,0.00,,,,,,0.00
,,,,Invoice,,12/06/2024,,AS010384,,,,,,Accounts Receivable,,Sal:EC,,AS,,Paid,,,,,,,,"132,160.00",,"132,160.00",,0.00,,,,,,0.00
,,,,Payment,,01/07/2025,,439911,,,,,,Accounts Receivable,,,,,,Paid,,Check,,,,,,"-132,160.00",,0.00,,0.00,,,,,,0.00
,,,,Invoice,,01/10/2025,,AS010428,,,,,,Accounts Receivable,,Sal:RS,,AS,,Paid,,,,,,,,"713,900.00",,"713,900.00",,0.00,,,,,,0.00
,,,,Invoice,,01/27/2025,,AS010457,,,,,,Accounts Receivable,,Sal:RS,,AS,,Paid,,,,,,,,"112,100.00",,"826,000.00",,0.00,,,,,,0.00
,,,,Payment,,03/04/2025,,451347,,,,,,Accounts Receivable,,,,,,Paid,,Check,,,,,,"-112,100.00",,"713,900.00",,0.00,,,,,,0.00
,,,,Payment,,03/04/2025,,451307,,,,,,Accounts Receivable,,,,,,Paid,,Check,,,,,,"-713,900.00",,0.00,,0.00,,,,,,0.00
,,,,Invoice,,04/22/2025,,AS010575,,,,,,Accounts Receivable,,Sal:RS,,AS,,Paid,,,,,,,,"154,580.00",,"154,580.00",,0.00,,,,,,0.00
,,,,Invoice,,05/22/2025,,AS010616,,,,,,Accounts Receivable,,Sal:RS,,AS,,Paid,,,,,,,,"285,560.00",,"440,140.00",,0.00,,,,,,0.00
,,,,Invoice,,06/06/2025,,AS010636,,,,,,Accounts Receivable,,Sal:RS,,AS,,Paid,,,,,,,,"136,201.50",,"576,341.50",,0.00,,,,,,0.00
,,,,Payment,,06/19/2025,,478623,,,,,,Accounts Receivable,,,,,,Paid,,Check,,,,,,"-154,580.00",,"421,761.50",,0.00,,,,,,0.00
,,,,Payment,,06/19/2025,,478713,,,,,,Accounts Receivable,,,,,,Paid,,Check,,,,,,"-285,560.00",,"136,201.50",,0.00,,,,,,0.00
,,,,Invoice,,06/26/2025,,AS010672,,,,,,Accounts Receivable,,Sal:RS,,AS,,Paid,,,,,,,,"938,100.00",,"1,074,301.50",,0.00,,,,,,0.00
,,,,Payment,,07/15/2025,,490274,,,,,,Accounts Receivable,,,,,,Paid,,Bank Deposit,,,,,,"-136,201.50",,"938,100.00",,0.00,,,,,,0.00
,,,,Invoice,,08/06/2025,,AS010746,,,,,,Accounts Receivable,,Sal:RS,,AS,,Paid,,,,,,,,"75,520.00",,"1,013,620.00",,0.00,,,,,,0.00
,,,,Invoice,,08/28/2025,,AS010779,,,,,,Accounts Receivable,,,,AS,,Paid,,,,,,,,"62,422.00",,"1,076,042.00",,0.00,,,,,,0.00
,,,,Payment,,09/16/2025,,506352,,,,,,Accounts Receivable,,,,,,Paid,,Check,,,,,,"-75,520.00",,"1,000,522.00",,0.00,,,,,,0.00
,,,,Payment,,10/09/2025,,506386,,,,,,Accounts Receivable,,,,,,Paid,,Check,,,,,,"-62,422.00",,"938,100.00",,0.00,,,,,,0.00
,,,,Credit Memo,,10/27/2025,,AS00118,,,,,,Accounts Receivable,,Sal:RS,,,,Paid,,,,,,,,"-938,100.00",,0.00,,0.00,,,,,,0.00
,,,,Invoice,,11/12/2025,,AS010897,,,,,,Accounts Receivable,,Sal:RS,,AS,,Paid,,,,,,,,"499,140.00",,"499,140.00",,0.00,,,,,,0.00
,,,,Payment,,12/30/2025,,522027,,,,,,Accounts Receivable,,,,,,Paid,,Check,,,,,,"-499,140.00",,0.00,,0.00,,,,,,0.00
,,,,Invoice,,02/09/2026,,AS011048,,,,,,Accounts Receivable,,Sal:RS,,AS,,Paid,,,,,,,,"79,060.00",,"79,060.00",,0.00,,,,,,0.00
,,,,Invoice,,02/11/2026,,AS011053,,,,,,Accounts Receivable,,Sal:RS,,AS,,Paid,,,,,,,,"158,120.00",,"237,180.00",,0.00,,,,,,0.00
,,,,Payment,,03/13/2026,,538286,,,,,,Accounts Receivable,,,,,,Paid,,Check,,,,,,"-237,180.00",,0.00,,0.00,,,,,,0.00
,,,,Invoice,,04/24/2026,,AS011161,,,,,,Accounts Receivable,,Sal:RS,,AS,,Unpaid,,,,6,,,,"20,000.00",,"20,000.00",,0.00,,,,,,0.00
,Total Techtron Integrated Solutions (Pvt) Ltd,,,,,,,,,,,,,,,,,,,,,,,,,,,"20,000.00",,"20,000.00",,0.00,,,,,,
,Tekki (Pvt) Ltd,,,,,,,,,,,,,,,,,,,,,,,,,,,,,0.00,,,,,,,,
,,,,Invoice,,07/01/2025,,AS010681,,,,,,Accounts Receivable,,,,AS,,Unpaid,,,,303,,,,"26,000.00",,"26,000.00",,0.00,,,,,,0.00
,,,,Invoice,,08/01/2025,,AS010736,,,,,,Accounts Receivable,,Sal:RS,,AS,,Unpaid,,,,272,,,,"23,600.00",,"49,600.00",,0.00,,,,,,0.00
,,,,Invoice,,12/08/2025,,AS010957,,,,,,Accounts Receivable,,Sal:RS,,AS,,Unpaid,,,,143,,,,"118,000.00",,"167,600.00",,0.00,,,,,,0.00
,,,,Invoice,,01/22/2026,,AS011026,,,,,,Accounts Receivable,,Sal:RS,,AS,,Unpaid,,,,98,,,,"23,600.00",,"191,200.00",,0.00,,,,,,0.00
,,,,Invoice,,03/26/2026,,AS011122,,,,,,Accounts Receivable,,Sal:RS,,AS,,Unpaid,,,,36,,,,"47,200.00",,"238,400.00",,0.00,,,,,,0.00
,Total Tekki (Pvt) Ltd,,,,,,,,,,,,,,,,,,,,,,,,,,,"238,400.00",,"238,400.00",,0.00,,,,,,
,Telasis Solutions (Pvt) Ltd,,,,,,,,,,,,,,,,,,,,,,,,,,,,,0.00,,,,,,,,
,,,,Invoice,,03/24/2026,,AS011117,,,,,,Accounts Receivable,,Sal:RS,,A,,Paid,,,,,,,,"875,751.75",,"875,751.75",,0.00,,,,,,0.00
,,,,Payment,,04/22/2026,,092922,,,,,,Accounts Receivable,,,,,,Paid,,Check,,,,,,"-875,751.75",,0.00,,0.00,,,,,,0.00
,Total Telasis Solutions (Pvt) Ltd,,,,,,,,,,,,,,,,,,,,,,,,,,,0.00,,0.00,,0.00,,,,,,
,The Buddhist Media Network,,,,,,,,,,,,,,,,,,,,,,,,,,,,,0.00,,,,,,,,
,,,,Invoice,,04/30/2026,,AS011173,,,,,,Accounts Receivable,,,,AD,,Unpaid,,,,,,,,"3,517,580.00",,"3,517,580.00",,0.00,,,,,,0.00
,,,,Payment,,04/30/2026,,069687,,,,,,Accounts Receivable,,,,,,Paid,,Check,,,,,,"-2,638,185.00",,"879,395.00",,0.00,,,,,,0.00
,Total The Buddhist Media Network,,,,,,,,,,,,,,,,,,,,,,,,,,,"879,395.00",,"879,395.00",,0.00,,,,,,
,The Central Hospital,,,,,,,,,,,,,,,,,,,,,,,,,,,,,0.00,,,,,,,,
,Total The Central Hospital,,,,,,,,,,,,,,,,,,,,,,,,,,,,,0.00,,0.00,,,,,,
,THE COMPUTER CENTER (PVT) LTD,,,,,,,,,,,,,,,,,,,,,,,,,,,,,"2,601,010.00",,,,,,,,
,,,,Payment,,02/19/2024,,367817,,,,,,Accounts Receivable,,,,,,Paid,,Check,,,,,,"-650,000.00",,"1,951,010.00",,0.00,,,,,,0.00
,,,,Payment,,02/19/2024,,367818,,,,,,Accounts Receivable,,,,,,Paid,,Check,,,,,,"-650,000.00",,"1,301,010.00",,0.00,,,,,,0.00
,,,,Payment,,02/19/2024,,367819,,,,,,Accounts Receivable,,,,,,Paid,,Check,,,,,,"-650,000.00",,"651,010.00",,0.00,,,,,,0.00
,,,,Payment,,02/19/2024,,367820,,,,,,Accounts Receivable,,,,,,Paid,,Check,,,,,,"-651,010.00",,0.00,,0.00,,,,,,0.00
,,,,Invoice,,03/28/2024,,AS010092,,,,,,Accounts Receivable,,Sal:RS,,AS,,Paid,,,,,,,,"25,806.60",,"25,806.60",,0.00,,,,,,0.00
,,,,Payment,,05/09/2024,,119404,,,,,,Accounts Receivable,,,,,,Paid,,Check,,,,,,"-25,806.60",,0.00,,0.00,,,,,,0.00
,,,,Invoice,,06/11/2024,,AS010172,,,,,,Accounts Receivable,,Sal:RS,,AS,,Paid,,,,,,,,"109,740.00",,"109,740.00",,0.00,,,,,,0.00
,,,,Payment,,07/10/2024,,752117,,,,,,Accounts Receivable,,,,,,Paid,,Check,,,,,,"-109,740.00",,0.00,,0.00,,,,,,0.00
,,,,Invoice,,09/04/2024,,AS010270,,,,,,Accounts Receivable,,Sal:RS,,AS,,Paid,,,,,,,,"405,920.00",,"405,920.00",,0.00,,,,,,0.00
,,,,Invoice,,09/12/2024,,AS010280,,,,,,Accounts Receivable,,Sal:RS,,AS,,Paid,,,,,,,,"69,856.00",,"475,776.00",,0.00,,,,,,0.00
,,,,Credit Memo,,10/03/2024,,AS00106,,,,,,Accounts Receivable,,Sal:RS,,,,Paid,,,,,,,,"-69,856.00",,"405,920.00",,0.00,,,,,,0.00
,,,,Payment,,10/04/2024,,171604,,,,,,Accounts Receivable,,,,,,Paid,,Check,,,,,,"-405,920.00",,0.00,,0.00,,,,,,0.00
,,,,Invoice,,10/11/2024,,AS010308,,,,,,Accounts Receivable,,Sal:RS,,AS,,Paid,,,,,,,,"245,440.00",,"245,440.00",,0.00,,,,,,0.00
,,,,Payment,,11/21/2024,,403330,,,,,,Accounts Receivable,,,,,,Paid,,Check,,,,,,"-122,720.00",,"122,720.00",,0.00,,,,,,0.00
,,,,Payment,,11/21/2024,,403331,,,,,,Accounts Receivable,,,,,,Paid,,Check,,,,,,"-122,720.00",,0.00,,0.00,,,,,,0.00
,,,,Invoice,,02/17/2025,,AS010485,,,,,,Accounts Receivable,,,,AS,,Paid,,,,,,,,"8,850.00",,"8,850.00",,0.00,,,,,,0.00
,,,,Invoice,,04/23/2025,,AS010576,,,,,,Accounts Receivable,,Sal:RS,,AS,,Paid,,,,,,,,"1,111,560.00",,"1,120,410.00",,0.00,,,,,,0.00
,,,,Invoice,,04/29/2025,,AS010586,,,,,,Accounts Receivable,,Sal:RS,,AS,,Paid,,,,,,,,"408,604.50",,"1,529,014.50",,0.00,,,,,,0.00
,,,,Invoice,,04/30/2025,,AS010589,,,,,,Accounts Receivable,,Sal:RS,,AS,,Paid,,,,,,,,"2,274,804.00",,"3,803,818.50",,0.00,,,,,,0.00
,,,,Payment,,05/26/2025,,968180,,,,,,Accounts Receivable,,,,,,Paid,,Check,,,,,,"-611,560.00",,"3,192,258.50",,0.00,,,,,,0.00
,,,,Payment,,05/26/2025,,968179,,,,,,Accounts Receivable,,,,,,Paid,,Check,,,,,,"-500,000.00",,"2,692,258.50",,0.00,,,,,,0.00
,,,,Payment,,06/17/2025,,273444,,,,,,Accounts Receivable,,,,,,Paid,,Check,,,,,,"-8,850.00",,"2,683,408.50",,0.00,,,,,,0.00
,,,,Payment,,06/23/2025,,273468,,,,,,Accounts Receivable,,,,,,Paid,,Check,,,,,,"-408,604.50",,"2,274,804.00",,0.00,,,,,,0.00
,,,,Payment,,06/23/2025,,273471,,,,,,Accounts Receivable,,,,,,Paid,,Check,,,,,,"-1,100,000.00",,"1,174,804.00",,0.00,,,,,,0.00
,,,,Payment,,06/23/2025,,273470,,,,,,Accounts Receivable,,,,,,Paid,,Check,,,,,,"-1,174,804.00",,0.00,,0.00,,,,,,0.00
,,,,Invoice,,10/30/2025,,AS010877,,,,,,Accounts Receivable,,Sal:RS,,AS,,Paid,,,,,,,,"2,924,040.00",,"2,924,040.00",,0.00,,,,,,0.00
,,,,Payment,,11/17/2025,,763464,,,,,,Accounts Receivable,,,,,,Paid,,Check,,,,,,"-750,000.00",,"2,174,040.00",,0.00,,,,,,0.00
,,,,Payment,,11/17/2025,,763465,,,,,,Accounts Receivable,,,,,,Paid,,Check,,,,,,"-1,000,000.00",,"1,174,040.00",,0.00,,,,,,0.00
,,,,Payment,,11/17/2025,,763466,,,,,,Accounts Receivable,,,,,,Paid,,Check,,,,,,"-1,174,040.00",,0.00,,0.00,,,,,,0.00
,,,,Invoice,,12/08/2025,,AS010953,,,,,,Accounts Receivable,,Sal:RS,,AS,,Paid,,,,,,,,"322,140.00",,"322,140.00",,0.00,,,,,,0.00
,,,,Payment,,01/12/2026,,182214,,,,,,Accounts Receivable,,,,,,Paid,,Check,,,,,,"-161,070.00",,"161,070.00",,0.00,,,,,,0.00
,,,,Payment,,01/12/2026,,182215,,,,,,Accounts Receivable,,,,,,Paid,,Check,,,,,,"-161,070.00",,0.00,,0.00,,,,,,0.00
,Total THE COMPUTER CENTER (PVT) LTD,,,,,,,,,,,,,,,,,,,,,,,,,,,"-2,601,010.00",,0.00,,0.00,,,,,,
,The Foto Cube,,,,,,,,,,,,,,,,,,,,,,,,,,,,,0.00,,,,,,,,
,,,,Invoice,,05/22/2025,,AS010615,,,,,,Accounts Receivable,,Sal:EC,,AD,,Paid,,,,,,,,"5,000.00",,"5,000.00",,0.00,,,,,,0.00
,,,,Payment,,07/16/2025,,Online TRF,,,,,,Accounts Receivable,,,,,,Paid,,Bank Deposit,,,,,,"-5,000.00",,0.00,,0.00,,,,,,0.00
,Total The Foto Cube,,,,,,,,,,,,,,,,,,,,,,,,,,,0.00,,0.00,,0.00,,,,,,
,THE MADHATTER (PVT) LTD,,,,,,,,,,,,,,,,,,,,,,,,,,,,,0.00,,,,,,,,
,Total THE MADHATTER (PVT) LTD,,,,,,,,,,,,,,,,,,,,,,,,,,,,,0.00,,0.00,,,,,,
,Thilini Prasadika,,,,,,,,,,,,,,,,,,,,,,,,,,,,,0.00,,,,,,,,
,Total Thilini Prasadika,,,,,,,,,,,,,,,,,,,,,,,,,,,,,0.00,,0.00,,,,,,
,THIS IS YOUR IT (PVT) LTD,,,,,,,,,,,,,,,,,,,,,,,,,,,,,"371,600.00",,,,,,,,
,,,,Payment,,01/05/2024,,Online TRF,,,,,,Accounts Receivable,,,,,,Paid,,Bank Deposit,,,,,,"-371,600.00",,0.00,,0.00,,,,,,0.00
,Total THIS IS YOUR IT (PVT) LTD,,,,,,,,,,,,,,,,,,,,,,,,,,,"-371,600.00",,0.00,,0.00,,,,,,
,Thread Works (Pvt) Ltd,,,,,,,,,,,,,,,,,,,,,,,,,,,,,0.00,,,,,,,,
,Total Thread Works (Pvt) Ltd,,,,,,,,,,,,,,,,,,,,,,,,,,,,,0.00,,0.00,,,,,,
,TIMEX GARMENTS (Pvt) LTD,,,,,,,,,,,,,,,,,,,,,,,,,,,,,0.00,,,,,,,,
,,,,Invoice,,08/25/2025,,AS010775,,,,,,Accounts Receivable,,Sal:RS,,AS,,Paid,,,,,,,,"166,380.00",,"166,380.00",,0.00,,,,,,0.00
,,,,Payment,,11/17/2025,,066497,,,,,,Accounts Receivable,,,,,,Paid,,Check,,,,,,"-166,380.00",,0.00,,0.00,,,,,,0.00
,Total TIMEX GARMENTS (Pvt) LTD,,,,,,,,,,,,,,,,,,,,,,,,,,,0.00,,0.00,,0.00,,,,,,
,Tokyo Cement Company,,,,,,,,,,,,,,,,,,,,,,,,,,,,,0.00,,,,,,,,
,Total Tokyo Cement Company,,,,,,,,,,,,,,,,,,,,,,,,,,,,,0.00,,0.00,,,,,,
,Touch Solution Systems (Private) Limited,,,,,,,,,,,,,,,,,,,,,,,,,,,,,0.00,,,,,,,,
,,,,Invoice,,05/10/2024,,AS010130,,,,,,Accounts Receivable,,Sal:RS,,A,,Paid,,,,,,,,"1,010,080.00",,"1,010,080.00",,0.00,,,,,,0.00
,,,,Payment,,05/10/2024,,Online TRF,,,,,,Accounts Receivable,,,,,,Paid,,Bank Deposit,,,,,,"-505,040.00",,"505,040.00",,0.00,,,,,,0.00
,,,,Payment,,07/04/2024,,Online TRF,,,,,,Accounts Receivable,,,,,,Paid,,Bank Deposit,,,,,,"-505,040.00",,0.00,,0.00,,,,,,0.00
,,,,Invoice,,07/17/2025,,AS010713,,,,,,Accounts Receivable,,Sal:RS,,A,,Paid,,,,,,,,"2,999,778.30",,"2,999,778.30",,0.00,,,,,,0.00
,,,,Payment,,07/17/2025,,604712,,,,,,Accounts Receivable,,,,,,Paid,,Check,,,,,,"-1,637,763.30",,"1,362,015.00",,0.00,,,,,,0.00
,,,,Payment,,09/01/2025,,604749,,,,,,Accounts Receivable,,,,,,Paid,,Check,,,,,,"-681,007.50",,"681,007.50",,0.00,,,,,,0.00
,,,,Payment,,09/29/2025,,604750,,,,,,Accounts Receivable,,,,,,Paid,,Bank Deposit,,,,,,"-681,007.50",,0.00,,0.00,,,,,,0.00
,Total Touch Solution Systems (Private) Limited,,,,,,,,,,,,,,,,,,,,,,,,,,,0.00,,0.00,,0.00,,,,,,
,Travel Center UK,,,,,,,,,,,,,,,,,,,,,,,,,,,,,0.00,,,,,,,,
,Total Travel Center UK,,,,,,,,,,,,,,,,,,,,,,,,,,,,,0.00,,0.00,,,,,,
,Triline Solutions (Pvt) Ltd,,,,,,,,,,,,,,,,,,,,,,,,,,,,,"250,000.00",,,,,,,,
,,,,Payment,,02/13/2024,,Cash,,,,,,Accounts Receivable,,,,,,Paid,,Cash,,,,,,"-10,000.00",,"240,000.00",,0.00,,,,,,0.00
,,,,Payment,,04/19/2024,,Cash,,,,,,Accounts Receivable,,,,,,Paid,,Cash,,,,,,"-10,000.00",,"230,000.00",,0.00,,,,,,0.00
,,,,Payment,,07/08/2024,,063747,,,,,,Accounts Receivable,,,,,,Paid,,Check,,,,,,"-20,000.00",,"210,000.00",,0.00,,,,,,0.00
,,,,Payment,,08/08/2024,,065052,,,,,,Accounts Receivable,,,,,,Paid,,Check,,,,,,"-20,000.00",,"190,000.00",,0.00,,,,,,0.00
,,,,Payment,,02/25/2025,,077488,,,,,,Accounts Receivable,,,,,,Paid,,Check,,,,,,"-20,000.00",,"170,000.00",,0.00,,,,,,0.00
,,,,Payment,,03/12/2026,,Online TRF,,,,,,Accounts Receivable,,,,,,Paid,,Bank Deposit,,,,,,"-5,000.00",,"165,000.00",,0.00,,,,,,0.00
,Total Triline Solutions (Pvt) Ltd,,,,,,,,,,,,,,,,,,,,,,,,,,,"-85,000.00",,"165,000.00",,0.00,,,,,,
,Tritech Engineers (Pvt) Ltd,,,,,,,,,,,,,,,,,,,,,,,,,,,,,0.00,,,,,,,,
,,,,Invoice,,10/03/2024,,AS010298,,,,,,Accounts Receivable,,Sal:EC,,AS,,Paid,,,,,,,,"8,850.00",,"8,850.00",,0.00,,,,,,0.00
,,,,Payment,,10/03/2024,,Bank Deposit,,,,,,Accounts Receivable,,,,,,Paid,,Bank Deposit,,,,,,"-8,850.00",,0.00,,0.00,,,,,,0.00
,Total Tritech Engineers (Pvt) Ltd,,,,,,,,,,,,,,,,,,,,,,,,,,,0.00,,0.00,,0.00,,,,,,
,TWINTECH HOLDINGS PVT LTD,,,,,,,,,,,,,,,,,,,,,,,,,,,,,0.00,,,,,,,,
,,,,Invoice,,02/18/2025,,AS010490,,,,,,Accounts Receivable,,Sal:RS,,AR,,Paid,,,,,,,,"66,481.20",,"66,481.20",,0.00,,,,,,0.00
,,,,Invoice,,02/18/2025,,AS010491,,,,,,Accounts Receivable,,Sal:RS,,AR,,Paid,,,,,,,,"55,483.60",,"121,964.80",,0.00,,,,,,0.00
,,,,Credit Memo,,08/01/2025,,AS00113,,,,,,Accounts Receivable,,Sal:RS,,,,Paid,,,,,,,,"-66,481.20",,"55,483.60",,0.00,,,,,,0.00
,,,,Credit Memo,,08/01/2025,,AS00114,,,,,,Accounts Receivable,,Sal:RS,,,,Paid,,,,,,,,"-55,483.60",,0.00,,0.00,,,,,,0.00
,Total TWINTECH HOLDINGS PVT LTD,,,,,,,,,,,,,,,,,,,,,,,,,,,0.00,,0.00,,0.00,,,,,,
,TYAX (PVT) LTD,,,,,,,,,,,,,,,,,,,,,,,,,,,,,"51,000.00",,,,,,,,
,,,,Payment,,01/08/2024,,471809,,,,,,Accounts Receivable,,,,,,Paid,,Check,,,,,,"-51,000.00",,0.00,,0.00,,,,,,0.00
,,,,Invoice,,04/01/2024,,AS010096,,,,,,Accounts Receivable,,Sal:RS,,AD,,Paid,,,,,,,,"53,100.00",,"53,100.00",,0.00,,,,,,0.00
,,,,Payment,,05/03/2024,,472123,,,,,,Accounts Receivable,,,,,,Paid,,Check,,,,,,"-53,100.00",,0.00,,0.00,,,,,,0.00
,,,,Invoice,,06/13/2024,,AS010175,,,,,,Accounts Receivable,,Sal:RS,,AD,,Paid,,,,,,,,"129,800.00",,"129,800.00",,0.00,,,,,,0.00
,,,,Payment,,07/22/2024,,472284,,,,,,Accounts Receivable,,,,,,Paid,,Check,,,,,,"-129,800.00",,0.00,,0.00,,,,,,0.00
,,,,Invoice,,09/20/2024,,AS010288,,,,,,Accounts Receivable,,Sal:RS,,AD,,Paid,,,,,,,,"148,680.00",,"148,680.00",,0.00,,,,,,0.00
,,,,Invoice,,10/03/2024,,AS010299,,,,,,Accounts Receivable,,Sal:RS,,AD,,Paid,,,,,,,,"705,640.00",,"854,320.00",,0.00,,,,,,0.00
,,,,Invoice,,10/16/2024,,AS010315,,,,,,Accounts Receivable,,Sal:RS,,AD,,Paid,,,,,,,,"59,000.00",,"913,320.00",,0.00,,,,,,0.00
,,,,Payment,,10/24/2024,,472535,,,,,,Accounts Receivable,,,,,,Paid,,Check,,,,,,"-148,680.00",,"764,640.00",,0.00,,,,,,0.00
,,,,Payment,,11/07/2024,,352820,,,,,,Accounts Receivable,,,,,,Paid,,Check,,,,,,"-352,820.00",,"411,820.00",,0.00,,,,,,0.00
,,,,Invoice,,11/12/2024,,AS010348,,,,,,Accounts Receivable,,Sal:RS,,AD,,Paid,,,,,,,,"115,640.00",,"527,460.00",,0.00,,,,,,0.00
,,,,Payment,,11/27/2024,,472495,,,,,,Accounts Receivable,,,,,,Paid,,Check,,,,,,"-352,820.00",,"174,640.00",,0.00,,,,,,0.00
,,,,General Journal,,12/02/2024,,,,,,,,Accounts Receivable,,,,,,Paid,,,,,,,,"352,820.00",,"527,460.00",,0.00,,,,,,0.00
,,,,Payment,,12/06/2024,,472597,,,,,,Accounts Receivable,,,,,,Paid,,Check,,,,,,"-352,820.00",,"174,640.00",,0.00,,,,,,0.00
,,,,Invoice,,12/12/2024,,AS010392,,,,,,Accounts Receivable,,Sal:RS,,AD,,Paid,,,,,,,,"26,550.00",,"201,190.00",,0.00,,,,,,0.00
,,,,Payment,,12/17/2024,,472582,,,,,,Accounts Receivable,,,,,,Paid,,Check,,,,,,"-59,000.00",,"142,190.00",,0.00,,,,,,0.00
,,,,Payment,,12/31/2024,,600704,,,,,,Accounts Receivable,,,,,,Paid,,Check,,,,,,"-115,640.00",,"26,550.00",,0.00,,,,,,0.00
,,,,Invoice,,01/20/2025,,AS010438,,,,,,Accounts Receivable,,Sal:RS,,AD,,Paid,,,,,,,,"253,110.00",,"279,660.00",,0.00,,,,,,0.00
,,,,Payment,,01/22/2025,,472688,,,,,,Accounts Receivable,,,,,,Paid,,Check,,,,,,"-26,550.00",,"253,110.00",,0.00,,,,,,0.00
,,,,Invoice,,01/23/2025,,AS010451,,,,,,Accounts Receivable,,Sal:RS,,AD,,Paid,,,,,,,,"575,250.00",,"828,360.00",,0.00,,,,,,0.00
,,,,Credit Memo,,01/27/2025,,AS00108,,,,,,Accounts Receivable,,Sal:RS,,,,Paid,,,,,,,,"-253,110.00",,"575,250.00",,0.00,,,,,,0.00
,,,,Invoice,,01/31/2025,,AS010466,,,,,,Accounts Receivable,,Sal:RS,,AD,,Paid,,,,,,,,"76,700.00",,"651,950.00",,0.00,,,,,,0.00
,,,,Payment,,02/25/2025,,472799,,,,,,Accounts Receivable,,,,,,Paid,,Check,,,,,,"-76,700.00",,"575,250.00",,0.00,,,,,,0.00
,,,,Payment,,03/07/2025,,472816,,,,,,Accounts Receivable,,,,,,Paid,,Check,,,,,,"-575,250.00",,0.00,,0.00,,,,,,0.00
,,,,Invoice,,03/11/2025,,AS010525,,,,,,Accounts Receivable,,Sal:RS,,AD,,Paid,,,,,,,,"165,200.00",,"165,200.00",,0.00,,,,,,0.00
,,,,Payment,,05/10/2025,,472933,,,,,,Accounts Receivable,,,,,,Paid,,Check,,,,,,"-165,200.00",,0.00,,0.00,,,,,,0.00
,,,,Invoice,,06/17/2025,,AS010654,,,,,,Accounts Receivable,,Sal:RS,,AD,,Paid,,,,,,,,"1,454,940.00",,"1,454,940.00",,0.00,,,,,,0.00
,,,,Payment,,07/19/2025,,473100,,,,,,Accounts Receivable,,,,,,Paid,,Check,,,,,,"-727,470.00",,"727,470.00",,0.00,,,,,,0.00
,,,,Payment,,07/28/2025,,473132,,,,,,Accounts Receivable,,,,,,Paid,,Check,,,,,,"-727,470.00",,0.00,,0.00,,,,,,0.00
,Total TYAX (PVT) LTD,,,,,,,,,,,,,,,,,,,,,,,,,,,"-51,000.00",,0.00,,0.00,,,,,,
,U N Lanka,,,,,,,,,,,,,,,,,,,,,,,,,,,,,0.00,,,,,,,,
,,,,Invoice,,03/05/2024,,AS010068,,,,,,Accounts Receivable,,Sal:RS,,AR,,Paid,,,,,,,,"39,000.00",,"39,000.00",,0.00,,,,,,0.00
,,,,Payment,,03/11/2024,,,,,,,,Accounts Receivable,,,,,,Paid,,Check,,,,,,"-39,000.00",,0.00,,0.00,,,,,,0.00
,Total U N Lanka,,,,,,,,,,,,,,,,,,,,,,,,,,,0.00,,0.00,,0.00,,,,,,
,UGA Escapes Management (Pvt) Ltd,,,,,,,,,,,,,,,,,,,,,,,,,,,,,0.00,,,,,,,,
,,,,Invoice,,01/31/2024,,AS010037,,,,,,Accounts Receivable,,Sal:EC,,AD,,Paid,,,,,,,,"8,850.00",,"8,850.00",,0.00,,,,,,0.00
,,,,Payment,,02/01/2024,,Online TRF,,,,,,Accounts Receivable,,,,,,Paid,,Bank Deposit,,,,,,"-8,850.00",,0.00,,0.00,,,,,,0.00
,Total UGA Escapes Management (Pvt) Ltd,,,,,,,,,,,,,,,,,,,,,,,,,,,0.00,,0.00,,0.00,,,,,,
,UI Technologies (Pvt) Ltd,,,,,,,,,,,,,,,,,,,,,,,,,,,,,0.00,,,,,,,,
,Total UI Technologies (Pvt) Ltd,,,,,,,,,,,,,,,,,,,,,,,,,,,,,0.00,,0.00,,,,,,
,UNISYS ENGINEERING,,,,,,,,,,,,,,,,,,,,,,,,,,,,,0.00,,,,,,,,
,,,,Invoice,,12/17/2025,,AS010967,,,,,,Accounts Receivable,,,,AD,,Paid,,,,,,,,"1,058,460.00",,"1,058,460.00",,0.00,,,,,,0.00
,,,,Payment,,12/17/2025,,Online TRF,,,,,,Accounts Receivable,,,,,,Paid,,Bank Deposit,,,,,,"-1,058,460.00",,0.00,,0.00,,,,,,0.00
,Total UNISYS ENGINEERING,,,,,,,,,,,,,,,,,,,,,,,,,,,0.00,,0.00,,0.00,,,,,,
,Unity Systems Solutions,,,,,,,,,,,,,,,,,,,,,,,,,,,,,0.00,,,,,,,,
,,,,Invoice,,05/31/2024,,AS010153,,,,,,Accounts Receivable,,Sal:RS,,AD,,Paid,,,,,,,,"159,300.00",,"159,300.00",,0.00,,,,,,0.00
,,,,Payment,,05/31/2024,,128651,,,,,,Accounts Receivable,,,,,,Paid,,Check,,,,,,"-159,300.00",,0.00,,0.00,,,,,,0.00
,,,,Invoice,,06/06/2024,,AS010163,,,,,,Accounts Receivable,,Sal:RS,,AD,,Paid,,,,,,,,"545,160.00",,"545,160.00",,0.00,,,,,,0.00
,,,,Payment,,06/07/2024,,666746,,,,,,Accounts Receivable,,,,,,Paid,,Check,,,,,,"-272,580.00",,"272,580.00",,0.00,,,,,,0.00
,,,,Payment,,06/07/2024,,666747,,,,,,Accounts Receivable,,,,,,Paid,,Check,,,,,,"-272,580.00",,0.00,,0.00,,,,,,0.00
,,,,Invoice,,06/14/2024,,AS010178,,,,,,Accounts Receivable,,Sal:RS,,AD,,Paid,,,,,,,,"266,680.00",,"266,680.00",,0.00,,,,,,0.00
,,,,Payment,,06/14/2024,,128602,,,,,,Accounts Receivable,,,,,,Paid,,Check,,,,,,"-166,680.00",,"100,000.00",,0.00,,,,,,0.00
,,,,Payment,,06/14/2024,,128603,,,,,,Accounts Receivable,,,,,,Paid,,Check,,,,,,"-100,000.00",,0.00,,0.00,,,,,,0.00
,,,,Invoice,,07/31/2024,,AS010230,,,,,,Accounts Receivable,,Sal:RS,,AD,,Paid,,,,,,,,"354,000.00",,"354,000.00",,0.00,,,,,,0.00
,,,,Invoice,,08/02/2024,,AS010237,,,,,,Accounts Receivable,,Sal:RS,,AD,,Paid,,,,,,,,"23,600.00",,"377,600.00",,0.00,,,,,,0.00
,,,,Payment,,08/20/2024,,135495,,,,,,Accounts Receivable,,,,,,Paid,,Check,,,,,,"-177,600.00",,"200,000.00",,0.00,,,,,,0.00
,,,,Payment,,08/20/2024,,135494,,,,,,Accounts Receivable,,,,,,Paid,,Check,,,,,,"-100,000.00",,"100,000.00",,0.00,,,,,,0.00
,,,,Payment,,08/20/2024,,135493,,,,,,Accounts Receivable,,,,,,Paid,,Check,,,,,,"-100,000.00",,0.00,,0.00,,,,,,0.00
,,,,Invoice,,08/01/2025,,AS010737,,,,,,Accounts Receivable,,Sal:RS,,AD,,Paid,,,,,,,,"109,740.00",,"109,740.00",,0.00,,,,,,0.00
,,,,Payment,,09/03/2025,,154458,,,,,,Accounts Receivable,,,,,,Paid,,Check,,,,,,"-109,740.00",,0.00,,0.00,,,,,,0.00
,,,,Invoice,,01/06/2026,,AS010999,,,,,,Accounts Receivable,,Sal:RS,,AD,,Paid,,,,,,,,"112,100.00",,"112,100.00",,0.00,,,,,,0.00
,,,,Payment,,02/26/2026,,Online TRF,,,,,,Accounts Receivable,,,,,,Paid,,Bank Deposit,,,,,,"-112,100.00",,0.00,,0.00,,,,,,0.00
,Total Unity Systems Solutions,,,,,,,,,,,,,,,,,,,,,,,,,,,0.00,,0.00,,0.00,,,,,,
,Univell Enterprise Solutions (Pvt) Ltd,,,,,,,,,,,,,,,,,,,,,,,,,,,,,0.00,,,,,,,,
,,,,Invoice,,08/21/2025,,AS010771,,,,,,Accounts Receivable,,Sal:RS,,AS,,Paid,,,,,,,,"816,560.00",,"816,560.00",,0.00,,,,,,0.00
,,,,Payment,,09/22/2025,,115344,,,,,,Accounts Receivable,,,,,,Paid,,Check,,,,,,"-816,560.00",,0.00,,0.00,,,,,,0.00
,Total Univell Enterprise Solutions (Pvt) Ltd,,,,,,,,,,,,,,,,,,,,,,,,,,,0.00,,0.00,,0.00,,,,,,
,US Computer Technologies,,,,,,,,,,,,,,,,,,,,,,,,,,,,,0.00,,,,,,,,
,Total US Computer Technologies,,,,,,,,,,,,,,,,,,,,,,,,,,,,,0.00,,0.00,,,,,,
,V S ONE (Pvt) Ltd,,,,,,,,,,,,,,,,,,,,,,,,,,,,,0.00,,,,,,,,
,Total V S ONE (Pvt) Ltd,,,,,,,,,,,,,,,,,,,,,,,,,,,,,0.00,,0.00,,,,,,
,VMIT SOLUTION (PVT) LTD,,,,,,,,,,,,,,,,,,,,,,,,,,,,,0.00,,,,,,,,
,,,,Invoice,,09/25/2024,,AS010292,,,,,,Accounts Receivable,,Sal:RS,,A,,Paid,,,,,,,,"144,196.00",,"144,196.00",,0.00,,,,,,0.00
,,,,Payment,,09/25/2024,,Online TRF,,,,,,Accounts Receivable,,,,,,Paid,,Bank Deposit,,,,,,"-144,196.00",,0.00,,0.00,,,,,,0.00
,Total VMIT SOLUTION (PVT) LTD,,,,,,,,,,,,,,,,,,,,,,,,,,,0.00,,0.00,,0.00,,,,,,
,VS Information Systems (Pvt) Ltd,,,,,,,,,,,,,,,,,,,,,,,,,,,,,"3,287,000.00",,,,,,,,
,,,,Payment,,01/03/2024,,475998,,,,,,Accounts Receivable,,,,,,Paid,,Check,,,,,,"-3,287,000.00",,0.00,,0.00,,,,,,0.00
,,,,Invoice,,02/08/2024,,AS010044,,,,,,Accounts Receivable,,Sal:RS,,A,,Paid,,,,,,,,"733,370.00",,"733,370.00",,0.00,,,,,,0.00
,,,,Invoice,,04/08/2024,,AS010102,,,,,,Accounts Receivable,,Sal:RS,,A,,Paid,,,,,,,,"614,780.00",,"1,348,150.00",,0.00,,,,,,0.00
,,,,Payment,,04/09/2024,,476694,,,,,,Accounts Receivable,,,,,,Paid,,Check,,,,,,"-733,370.00",,"614,780.00",,0.00,,,,,,0.00
,,,,Payment,,05/29/2024,,477170,,,,,,Accounts Receivable,,,,,,Paid,,Check,,,,,,"-614,780.00",,0.00,,0.00,,,,,,0.00
,,,,Invoice,,06/14/2024,,AS010177,,,,,,Accounts Receivable,,Sal:RS,,A,,Paid,,,,,,,,"210,040.00",,"210,040.00",,0.00,,,,,,0.00
,,,,Payment,,07/26/2024,,477602,,,,,,Accounts Receivable,,,,,,Paid,,Check,,,,,,"-210,040.00",,0.00,,0.00,,,,,,0.00
,,,,Invoice,,08/20/2024,,AS010251,,,,,,Accounts Receivable,,Sal:RS,,A,,Paid,,,,,,,,"2,596,000.00",,"2,596,000.00",,0.00,,,,,,0.00
,,,,Payment,,10/09/2024,,478034,,,,,,Accounts Receivable,,,,,,Paid,,Check,,,,,,"-2,596,000.00",,0.00,,0.00,,,,,,0.00
,,,,Invoice,,10/11/2024,,AS010310,,,,,,Accounts Receivable,,Sal:RS,,A,,Paid,,,,,,,,"777,620.00",,"777,620.00",,0.00,,,,,,0.00
,,,,Invoice,,12/04/2024,,AS010376,,,,,,Accounts Receivable,,Sal:RS,,A,,Paid,,,,,,,,"579,380.00",,"1,357,000.00",,0.00,,,,,,0.00
,,,,Invoice,,12/04/2024,,AS010377,,,,,,Accounts Receivable,,Sal:RS,,A,,Paid,,,,,,,,"394,120.00",,"1,751,120.00",,0.00,,,,,,0.00
,,,,Invoice,,12/09/2024,,AS010386,,,,,,Accounts Receivable,,Sal:RS,,A,,Paid,,,,,,,,"985,300.00",,"2,736,420.00",,0.00,,,,,,0.00
,,,,Payment,,12/13/2024,,478400,,,,,,Accounts Receivable,,,,,,Paid,,Check,,,,,,"-777,620.00",,"1,958,800.00",,0.00,,,,,,0.00
,,,,Payment,,01/10/2025,,478789,,,,,,Accounts Receivable,,,,,,Paid,,Check,,,,,,"-579,380.00",,"1,379,420.00",,0.00,,,,,,0.00
,,,,Payment,,01/31/2025,,478790,,,,,,Accounts Receivable,,,,,,Paid,,Check,,,,,,"-394,120.00",,"985,300.00",,0.00,,,,,,0.00
,,,,Payment,,02/19/2025,,478791,,,,,,Accounts Receivable,,,,,,Paid,,Check,,,,,,"-985,300.00",,0.00,,0.00,,,,,,0.00
,,,,Invoice,,06/17/2025,,AS010656,,,,,,Accounts Receivable,,Sal:RS,,A,,Paid,,,,,,,,"961,700.00",,"961,700.00",,0.00,,,,,,0.00
,,,,Payment,,08/15/2025,,480533,,,,,,Accounts Receivable,,,,,,Paid,,Check,,,,,,"-961,700.00",,0.00,,0.00,,,,,,0.00
,,,,Credit Memo,,09/10/2025,,AS00115,,,,,,Accounts Receivable,,Sal:RS,,,,Paid,,,,,,,,"-492,532.00",,"-492,532.00",,0.00,,,,,,0.00
,,,,Invoice,,09/11/2025,,AS010798,,,,,,Accounts Receivable,,Sal:RS,,A,,Paid,,,,,,,,"629,633.25",,"137,101.25",,0.00,,,,,,0.00
,,,,Invoice,,10/27/2025,,AS010866,,,,,,Accounts Receivable,,,,A,,Paid,,,,,,,,"1,225,813.50",,"1,362,914.75",,0.00,,,,,,0.00
,,,,Payment,,10/29/2025,,481081,,,,,,Accounts Receivable,,,,,,Paid,,Check,,,,,,"-137,101.25",,"1,225,813.50",,0.00,,,,,,0.00
,,,,Invoice,,11/07/2025,,AS010891,,,,,,Accounts Receivable,,Sal:RS,,A,,Paid,,,,,,,,"33,040.00",,"1,258,853.50",,0.00,,,,,,0.00
,,,,Invoice,,11/13/2025,,AS010902,,,,,,Accounts Receivable,,Sal:RS,,A,,Paid,,,,,,,,"3,497,511.15",,"4,756,364.65",,0.00,,,,,,0.00
,,,,Payment,,12/10/2025,,481389,,,,,,Accounts Receivable,,,,,,Paid,,Check,,,,,,"-1,225,813.50",,"3,530,551.15",,0.00,,,,,,0.00
,,,,Payment,,12/17/2025,,481320,,,,,,Accounts Receivable,,,,,,Paid,,Check,,,,,,"-33,040.00",,"3,497,511.15",,0.00,,,,,,0.00
,,,,Payment,,01/21/2026,,481535,,,,,,Accounts Receivable,,,,,,Paid,,Check,,,,,,"-3,497,511.15",,0.00,,0.00,,,,,,0.00
,,,,Invoice,,02/11/2026,,AS011052,,,,,,Accounts Receivable,,Sal:RS,,A,,Paid,,,,,,,,"746,718.75",,"746,718.75",,0.00,,,,,,0.00
,,,,Invoice,,02/20/2026,,AS011073,,,,,,Accounts Receivable,,,,A,,Paid,,,,,,,,"886,180.00",,"1,632,898.75",,0.00,,,,,,0.00
,,,,Invoice,,03/23/2026,,AS011113,,,,,,Accounts Receivable,,Sal:RS,,A,,Unpaid,,,,38,,,,"919,957.50",,"2,552,856.25",,0.00,,,,,,0.00
,,,,Payment,,04/03/2026,,482026,,,,,,Accounts Receivable,,,,,,Paid,,Check,,,,,,"-746,718.75",,"1,806,137.50",,0.00,,,,,,0.00
,,,,Payment,,04/10/2026,,482137,,,,,,Accounts Receivable,,,,,,Paid,,Check,,,,,,"-886,180.00",,"919,957.50",,0.00,,,,,,0.00
,Total VS Information Systems (Pvt) Ltd,,,,,,,,,,,,,,,,,,,,,,,,,,,"-2,367,042.50",,"919,957.50",,0.00,,,,,,
,We Effect Country Office,,,,,,,,,,,,,,,,,,,,,,,,,,,,,0.00,,,,,,,,
,,,,Invoice,,04/25/2025,,AS010583,,,,,,Accounts Receivable,,Sal:EC,,A,,Paid,,,,,,,,"10,030.00",,"10,030.00",,0.00,,,,,,0.00
,,,,Payment,,05/05/2025,,Online TRF,,,,,,Accounts Receivable,,,,,,Paid,,Bank Deposit,,,,,,"-10,030.00",,0.00,,0.00,,,,,,0.00
,Total We Effect Country Office,,,,,,,,,,,,,,,,,,,,,,,,,,,0.00,,0.00,,0.00,,,,,,
,Winfield Associates (Pvt) Ltd,,,,,,,,,,,,,,,,,,,,,,,,,,,,,0.00,,,,,,,,
,,,,Invoice,,06/25/2024,,AS010190,,,,,,Accounts Receivable,,Sal:RS,,AR,,Paid,,,,,,,,"197,050.56",,"197,050.56",,0.00,,,,,,0.00
,,,,Payment,,06/26/2024,,Online TRF,,,,,,Accounts Receivable,,,,,,Paid,,Check,,,,,,"-197,050.56",,0.00,,0.00,,,,,,0.00
,Total Winfield Associates (Pvt) Ltd,,,,,,,,,,,,,,,,,,,,,,,,,,,0.00,,0.00,,0.00,,,,,,
,WinSoft Technologies (Pvt)Ltd,,,,,,,,,,,,,,,,,,,,,,,,,,,,,0.00,,,,,,,,
,,,,Invoice,,03/04/2024,,AS010064,,,,,,Accounts Receivable,,Sal:RS,,AD,,Paid,,,,,,,,"967,600.00",,"967,600.00",,0.00,,,,,,0.00
,,,,Invoice,,03/08/2024,,AS010072,,,,,,Accounts Receivable,,Sal:RS,,AS,,Paid,,,,,,,,"111,510.00",,"1,079,110.00",,0.00,,,,,,0.00
,,,,Payment,,04/17/2024,,Online TRF,,,,,,Accounts Receivable,,,,,,Paid,,Bank Deposit,,,,,,"-50,000.00",,"1,029,110.00",,0.00,,,,,,0.00
,,,,Payment,,04/18/2024,,Online TRF,,,,,,Accounts Receivable,,,,,,Paid,,Bank Deposit,,,,,,"-50,000.00",,"979,110.00",,0.00,,,,,,0.00
,,,,Payment,,04/26/2024,,Online TRF,,,,,,Accounts Receivable,,,,,,Paid,,Bank Deposit,,,,,,"-100,000.00",,"879,110.00",,0.00,,,,,,0.00
,,,,Payment,,05/02/2024,,Online TRF,,,,,,Accounts Receivable,,,,,,Paid,,Bank Deposit,,,,,,"-200,000.00",,"679,110.00",,0.00,,,,,,0.00
,,,,Payment,,05/03/2024,,Online TRF,,,,,,Accounts Receivable,,,,,,Paid,,Bank Deposit,,,,,,"-200,000.00",,"479,110.00",,0.00,,,,,,0.00
,,,,Payment,,05/06/2024,,Online TRF,,,,,,Accounts Receivable,,,,,,Paid,,Bank Deposit,,,,,,"-200,000.00",,"279,110.00",,0.00,,,,,,0.00
,,,,Payment,,05/28/2024,,Online TRF,,,,,,Accounts Receivable,,,,,,Paid,,Bank Deposit,,,,,,"-279,110.00",,0.00,,0.00,,,,,,0.00
,,,,Invoice,,02/13/2025,,AS010479,,,,,,Accounts Receivable,,Sal:RS,,AD,,Paid,,,,,,,,"2,156,523.75",,"2,156,523.75",,0.00,,,,,,0.00
,,,,Payment,,03/12/2025,,037412,,,,,,Accounts Receivable,,,,,,Paid,,Check,,,,,,"-250,000.00",,"1,906,523.75",,0.00,,,,,,0.00
,,,,Payment,,03/12/2025,,037413,,,,,,Accounts Receivable,,,,,,Paid,,Check,,,,,,"-250,000.00",,"1,656,523.75",,0.00,,,,,,0.00
,,,,Payment,,03/12/2025,,037414,,,,,,Accounts Receivable,,,,,,Paid,,Check,,,,,,"-250,000.00",,"1,406,523.75",,0.00,,,,,,0.00
,,,,Payment,,03/12/2025,,037415,,,,,,Accounts Receivable,,,,,,Paid,,Check,,,,,,"-250,000.00",,"1,156,523.75",,0.00,,,,,,0.00
,,,,Payment,,03/12/2025,,037416,,,,,,Accounts Receivable,,,,,,Paid,,Check,,,,,,"-250,000.00",,"906,523.75",,0.00,,,,,,0.00
,,,,Payment,,03/12/2025,,037417,,,,,,Accounts Receivable,,,,,,Paid,,Check,,,,,,"-250,000.00",,"656,523.75",,0.00,,,,,,0.00
,,,,Payment,,03/12/2025,,037418,,,,,,Accounts Receivable,,,,,,Paid,,Check,,,,,,"-250,000.00",,"406,523.75",,0.00,,,,,,0.00
,,,,Payment,,03/12/2025,,037419,,,,,,Accounts Receivable,,,,,,Paid,,Check,,,,,,"-250,000.00",,"156,523.75",,0.00,,,,,,0.00
,,,,Payment,,03/12/2025,,037420,,,,,,Accounts Receivable,,,,,,Paid,,Check,,,,,,"-156,523.75",,0.00,,0.00,,,,,,0.00
,,,,Invoice,,05/21/2025,,AS010614,,,,,,Accounts Receivable,,Sal:RS,,AS,,Paid,,,,,,,,"302,080.00",,"302,080.00",,0.00,,,,,,0.00
,,,,Payment,,08/13/2025,,040167,,,,,,Accounts Receivable,,,,,,Paid,,Check,,,,,,"-100,000.00",,"202,080.00",,0.00,,,,,,0.00
,,,,Payment,,08/13/2025,,040168,,,,,,Accounts Receivable,,,,,,Paid,,Check,,,,,,"-100,000.00",,"102,080.00",,0.00,,,,,,0.00
,,,,Payment,,08/13/2025,,040169,,,,,,Accounts Receivable,,,,,,Paid,,Check,,,,,,"-102,080.00",,0.00,,0.00,,,,,,0.00
,,,,Invoice,,08/29/2025,,AS010781,,,,,,Accounts Receivable,,Sal:EC,,AS,,Unpaid,,,,244,,,,"59,000.00",,"59,000.00",,0.00,,,,,,0.00
,,,,Invoice,,09/20/2025,,AS010809,,,,,,Accounts Receivable,,Sal:EC,,AS,,Unpaid,,,,268,,,,"29,500.00",,"88,500.00",,0.00,,,,,,0.00
,Total WinSoft Technologies (Pvt)Ltd,,,,,,,,,,,,,,,,,,,,,,,,,,,"88,500.00",,"88,500.00",,0.00,,,,,,
,Wiscom Information Technology (Pvt) Ltd,,,,,,,,,,,,,,,,,,,,,,,,,,,,,0.00,,,,,,,,
,,,,Invoice,,03/08/2024,,AS010073,,,,,,Accounts Receivable,,Sal:RS,,AD,,Paid,,,,,,,,"6,500.00",,"6,500.00",,0.00,,,,,,0.00
,,,,Payment,,05/14/2024,,Cash,,,,,,Accounts Receivable,,,,,,Paid,,Cash,,,,,,"-6,500.00",,0.00,,0.00,,,,,,0.00
,,,,Invoice,,07/19/2025,,AS010720,,,,,,Accounts Receivable,,Sal:RS,,SM,,Paid,,,,,,,,"6,000.00",,"6,000.00",,0.00,,,,,,0.00
,,,,Payment,,07/31/2025,,434731,,,,,,Accounts Receivable,,,,,,Paid,,Check,,,,,,"-6,000.00",,0.00,,0.00,,,,,,0.00
,,,,Invoice,,08/18/2025,,AS010757,,,,,,Accounts Receivable,,Sal:RS,,SM,,Paid,,,,,,,,"12,500.00",,"12,500.00",,0.00,,,,,,0.00
,,,,Payment,,09/18/2025,,608799,,,,,,Accounts Receivable,,,,,,Paid,,Check,,,,,,"-12,500.00",,0.00,,0.00,,,,,,0.00
,,,,Invoice,,09/23/2025,,AS010813,,,,,,Accounts Receivable,,Sal:RS,,SM,,Paid,,,,,,,,"12,500.00",,"12,500.00",,0.00,,,,,,0.00
,,,,Payment,,10/20/2025,,792686,,,,,,Accounts Receivable,,,,,,Paid,,Check,,,,,,"-12,500.00",,0.00,,0.00,,,,,,0.00
,,,,Invoice,,10/21/2025,,AS010858,,,,,,Accounts Receivable,,Sal:RS,,SM,,Paid,,,,,,,,"12,500.00",,"12,500.00",,0.00,,,,,,0.00
,,,,Invoice,,11/18/2025,,AS010913,,,,,,Accounts Receivable,,Sal:RS,,SM,,Paid,,,,,,,,"12,500.00",,"25,000.00",,0.00,,,,,,0.00
,,,,Payment,,11/19/2025,,801923,,,,,,Accounts Receivable,,,,,,Paid,,Check,,,,,,"-12,500.00",,"12,500.00",,0.00,,,,,,0.00
,,,,Invoice,,12/20/2025,,AS010980,,,,,,Accounts Receivable,,Sal:RS,,SM,,Paid,,,,,,,,"12,500.00",,"25,000.00",,0.00,,,,,,0.00
,,,,Payment,,12/22/2025,,278155,,,,,,Accounts Receivable,,,,,,Paid,,Check,,,,,,"-12,500.00",,"12,500.00",,0.00,,,,,,0.00
,,,,Invoice,,01/21/2026,,AS011024,,,,,,Accounts Receivable,,Sal:RS,,SM,,Paid,,,,,,,,"12,500.00",,"25,000.00",,0.00,,,,,,0.00
,,,,Payment,,02/03/2026,,288352,,,,,,Accounts Receivable,,,,,,Paid,,Check,,,,,,"-12,500.00",,"12,500.00",,0.00,,,,,,0.00
,,,,Payment,,02/03/2026,,288370,,,,,,Accounts Receivable,,,,,,Paid,,Check,,,,,,"-12,500.00",,0.00,,0.00,,,,,,0.00
,,,,Invoice,,02/16/2026,,AS011061,,,,,,Accounts Receivable,,Sal:RS,,SM,,Paid,,,,,,,,"12,500.00",,"12,500.00",,0.00,,,,,,0.00
,,,,Invoice,,03/20/2026,,AS011110,,,,,,Accounts Receivable,,Sal:RS,,SM,,Paid,,,,,,,,"12,500.00",,"25,000.00",,0.00,,,,,,0.00
,,,,Payment,,03/26/2026,,473763,,,,,,Accounts Receivable,,,,,,Paid,,Bank Deposit,,,,,,"-12,500.00",,"12,500.00",,0.00,,,,,,0.00
,,,,Invoice,,04/21/2026,,AS011155,,,,,,Accounts Receivable,,Sal:RS,,SM,,Unpaid,,,,9,,,,"12,500.00",,"25,000.00",,0.00,,,,,,0.00
,,,,Payment,,04/22/2026,,691758,,,,,,Accounts Receivable,,,,,,Paid,,Check,,,,,,"-12,500.00",,"12,500.00",,0.00,,,,,,0.00
,Total Wiscom Information Technology (Pvt) Ltd,,,,,,,,,,,,,,,,,,,,,,,,,,,"12,500.00",,"12,500.00",,0.00,,,,,,
,X Press Solutions (Mr. Irfan),,,,,,,,,,,,,,,,,,,,,,,,,,,,,0.00,,,,,,,,
,,,,Invoice,,10/08/2025,,AS010837,,,,,,Accounts Receivable,,Sal:RS,,AS,,Unpaid,,,,204,,,,"30,488.00",,"30,488.00",,0.00,,,,,,0.00
,,,,Invoice,,01/13/2026,,AS011010,,,,,,Accounts Receivable,,Sal:EC,,AS,,Unpaid,,,,107,,,,"212,400.00",,"242,888.00",,0.00,,,,,,0.00
,Total X Press Solutions (Mr. Irfan),,,,,,,,,,,,,,,,,,,,,,,,,,,"242,888.00",,"242,888.00",,0.00,,,,,,
,ZEOS SOLUTIONS,,,,,,,,,,,,,,,,,,,,,,,,,,,,,"185,950.00",,,,,,,,
,Total ZEOS SOLUTIONS,,,,,,,,,,,,,,,,,,,,,,,,,,,,,"185,950.00",,0.00,,,,,,
,ZERENDIB MOTORS ENTERPRISE,,,,,,,,,,,,,,,,,,,,,,,,,,,,,0.00,,,,,,,,
,Total ZERENDIB MOTORS ENTERPRISE,,,,,,,,,,,,,,,,,,,,,,,,,,,,,0.00,,0.00,,,,,,
TOTAL,,,,,,,,,,,,,,,,,,,,,,,,,,,,"-574,579.87",,"25,775,116.75",,0.00,,,,,,
,,,,,,,,,,,,,,,,,,,,,,,,,,,,,,,,,,,,,,
