Type,Date,Num,Name,Item,Account,Rep,Sales Tax Code,Qty,Sales Price,Amount
Invoice,04/01/2025,AS010551,Base Hp (Pvt) Ltd,HDD:HAT3300-4T (Synology 4TB Plus HDD),Hard Drive,A,Taxable Sales,2.00,"45,000.00","90,000.00"
Invoice,04/01/2025,AS010551,Base Hp (Pvt) Ltd,512GB NVme G3 SSD (512GB NVMe Gen3 SSD),SSD,A,Taxable Sales,2.00,"11,000.00","22,000.00"
Invoice,04/01/2025,AS010552,Barclays Computers (Pvt) Ltd,Synology:DS423 (Synology DS423 4 Bay NAS),Synology,AS,Taxable Sales,2.00,"136,589.83","273,179.66"
Invoice,04/01/2025,AS010553,Barclays Computers (Pvt) Ltd,BDCOM:S1518-16P-330 (BDCOM S1518-16P-330 16Port Unmanaged Gigabit POE Switch),BDCOM,AR,Taxable Sales,1.00,"42,200.00","42,200.00"
Invoice,04/01/2025,AS010554,Liyakta Office Systems (Pvt) Ltd,Synology:DS223j (Synology DS223j  ),Synology,AD,Taxable Sales,1.00,"64,000.00","64,000.00"
Invoice,04/01/2025,AS010554,Liyakta Office Systems (Pvt) Ltd,HDD:HAT3300-2T (Synology 2TB Plus Hard Drive),Hard Drive,AD,Taxable Sales,2.00,"33,800.00","67,600.00"
Invoice,04/01/2025,AS010555,ARC ONE (Pvt) Ltd,HDD:12 TB NAS (12 TB Seagate Ironwolf NAS Hard Drive),Hard Drive,AD,Taxable Sales,1.00,"156,000.00","156,000.00"
Invoice,04/02/2025,AS010556,Rapidventure (Pvt) Ltd,Draytek:Vigor 2915 (Draytek Vigor 2915 Security Appliance),Draytek,AD,Taxable Sales,1.00,"38,500.00","38,500.00"
Invoice,04/02/2025,AS010556,Rapidventure (Pvt) Ltd,Draytek,Draytek,AD,Taxable Sales,1.00,"20,000.00","20,000.00"
Invoice,04/02/2025,AS010557,POWER HOUSE (PVT) LTD,HDD:HAT3310-16T (Synology 16TB Plus HDD),Hard Drive,A,Taxable Sales,4.00,"133,500.00","534,000.00"
Invoice,04/03/2025,AS010558,E-Net Integrated Solutions (Pvt) Ltd,BDCOM:S1200-8P2G (BDCOM S1200-8P2G Switch),BDCOM,AR,Non-Taxable Sales,1.00,"10,500.00","10,500.00"
Invoice,04/07/2025,AS010559,Base Hp (Pvt) Ltd,Synology:DS423 (Synology DS423 4 Bay NAS),Synology,A,Taxable Sales,1.00,"178,800.00","178,800.00"
Invoice,04/07/2025,AS010559,Base Hp (Pvt) Ltd,HDD:HAT3310-8T (Synology 8TB Plus Hard Drive),Hard Drive,A,Taxable Sales,2.00,"88,500.00","177,000.00"
Invoice,04/07/2025,AS010559,Base Hp (Pvt) Ltd,Acronis,Acronics,A,Taxable Sales,1.00,"444,000.00","444,000.00"
Invoice,04/07/2025,AS010560,Star Technology,BDCOM:GSFP-SX-D,BDCOM,AD,Non-Taxable Sales,2.00,"4,800.00","9,600.00"
Invoice,04/08/2025,AS010561,E Con Network (Pvt) Ltd,BDCOM:S1500-8P2G (BDCOM S1500-8P2G Switch),BDCOM,AR,Taxable Sales,20.00,"14,500.00","290,000.00"
Invoice,04/09/2025,AS010562,E-Net Integrated Solutions (Pvt) Ltd,BDCOM:S1500-24T (BDCOM S1500-24T Switch),BDCOM,AR,Non-Taxable Sales,1.00,"23,600.00","23,600.00"
Invoice,04/09/2025,AS010563,Enash Global (Pvt) Ltd,S2900-24P4X (BDCOM S2900-24P4X Switch),BDCOM,AD,Non-Taxable Sales,1.00,"163,400.00","163,400.00"
Invoice,04/09/2025,AS010563,Enash Global (Pvt) Ltd,BDCOM:GSFP-SX-D,BDCOM,AD,Non-Taxable Sales,2.00,,
Invoice,04/10/2025,AS010564,Data Management Systems (Pvt) Limited,Synology:RS1221RP+,Synology,A,Taxable Sales,1.00,"1,080,000.00","1,080,000.00"
Invoice,04/10/2025,AS010564,Data Management Systems (Pvt) Limited,HDD:HAT3310-8T (Synology 8TB Plus Hard Drive),Hard Drive,A,Taxable Sales,4.00,,
Invoice,04/10/2025,AS010564,Data Management Systems (Pvt) Limited,Synology:2 U Sliding Rail Kit,Synology,A,Taxable Sales,1.00,,
Invoice,04/10/2025,AS010565,Sampath I T Solutions Limited,Synology:DS923+ (Synology NAS DS923+ 4 Bay NAS),Synology,A,Taxable Sales,1.00,"212,625.00","212,625.00"
Invoice,04/10/2025,AS010565,Sampath I T Solutions Limited,HDD:HAT3300-4T (Synology 4TB Plus HDD),Hard Drive,A,Taxable Sales,3.00,"39,082.50","117,247.50"
Invoice,04/10/2025,AS010565,Sampath I T Solutions Limited,Synology:DS923+ (Synology NAS DS923+ 4 Bay NAS),Synology,A,Taxable Sales,1.00,"212,625.00","212,625.00"
Invoice,04/10/2025,AS010565,Sampath I T Solutions Limited,HDD:HAT3300-4T (Synology 4TB Plus HDD),Hard Drive,A,Taxable Sales,3.00,"39,082.50","117,247.50"
Invoice,04/11/2025,AS010566,MM Trade Stationers (Pvt) Ltd.,Synology:DS224+ (Synology DiskStation DS224+  2Bay),Synology,AR,Taxable Sales,1.00,"122,000.00","122,000.00"
Invoice,04/11/2025,AS010567,Fentons Ltd,Acronis:Acronis Cyber Backup (Acronis Cyber Backup),Acronics,A,Taxable Sales,12.00,"55,937.00","671,244.00"
Invoice,04/11/2025,AS010567,Fentons Ltd,Acronis:Acronis Cyber Backup (Acronis Cyber Backup),Acronics,A,Taxable Sales,2.00,"102,190.00","204,380.00"
Invoice,04/17/2025,AS010568,Hexar Evolution (Pvt) Ltd,Acronis:Acronis Cyber Backup (Acronis Cyber Backup),Acronics,AD,Taxable Sales,5.00,"218,000.00","1,090,000.00"
Invoice,04/17/2025,AS010569,Ceylinco General Insurance Limited,HDD:16TB Sea Exos (16 TB Seagate Exos Enterprise Hard Drives),Hard Drive,AS,Taxable Sales,2.00,"175,000.00","350,000.00"
Invoice,04/18/2025,AS010570,Data Management Systems (Pvt) Limited,MA (Maintenance  Agreement),Support and Maintenance,AS,Taxable Sales,1.00,"583,000.00","583,000.00"
Invoice,04/21/2025,AS010571,ABSOLUTE BUSINESS SOLUTIONS ( PVT) LTD,Acronis,Acronics,SM,Non-Taxable Sales,1.00,"2,000.00","2,000.00"
Invoice,04/21/2025,AS010572,ABSOLUTE BUSINESS SOLUTIONS ( PVT) LTD,Acronis,Acronics,SM,Non-Taxable Sales,1.00,"2,000.00","2,000.00"
Invoice,04/21/2025,AS010573,Base Hp (Pvt) Ltd,Synology:DS923+ (Synology NAS DS923+ 4 Bay NAS),Synology,AD,Taxable Sales,1.00,"227,000.00","227,000.00"
Invoice,04/21/2025,AS010573,Base Hp (Pvt) Ltd,HDD:HAT3300-6T (Synology 6TB Plus Hard Drive),Hard Drive,AD,Taxable Sales,4.00,"68,000.00","272,000.00"
Invoice,04/21/2025,AS010574,Softlogic Information Technologies (Pvt),Synology:RS1221+ (Synology  RS1221+  8Bay NAS),Synology,A,Taxable Sales,1.00,"524,000.00","524,000.00"
Invoice,04/21/2025,AS010574,Softlogic Information Technologies (Pvt),HDD:HAT3300-6T (Synology 6TB Plus Hard Drive),Hard Drive,A,Taxable Sales,6.00,"69,000.00","414,000.00"
Invoice,04/21/2025,AS010574,Softlogic Information Technologies (Pvt),Synology:Dual Port F2 Card,Synology,A,Taxable Sales,1.00,"127,000.00","127,000.00"
Invoice,04/21/2025,AS010574,Softlogic Information Technologies (Pvt),Synology:2 U Sliding Rail Kit,Synology,A,Taxable Sales,1.00,,
Invoice,04/22/2025,AS010575,Techtron Integrated Solutions (Pvt) Ltd,RAM,Hardware,AS,Taxable Sales,1.00,"131,000.00","131,000.00"
Invoice,04/23/2025,AS010576,THE COMPUTER CENTER (PVT) LTD,Synology:DS1522+ (Synology DiskStation DS1522+),Synology,AS,Taxable Sales,1.00,"292,000.00","292,000.00"
Invoice,04/23/2025,AS010576,THE COMPUTER CENTER (PVT) LTD,HDD:HAT3310-16T (Synology 16TB Plus HDD),Hard Drive,AS,Taxable Sales,5.00,"130,000.00","650,000.00"
Invoice,04/23/2025,AS010577,TechBio Distribution Lanka (Pvt) Ltd,HDD:HAT3310-16T (Synology 16TB Plus HDD),Hard Drive,A,Taxable Sales,4.00,"124,000.00","496,000.00"
Invoice,04/24/2025,AS010578,People's Merchant Finance PLC,MA (Maintenance  Agreement),Support and Maintenance,A,Non-Taxable Sales,1.00,"313,880.00","313,880.00"
Invoice,04/24/2025,AS010579,AL - ARAF HOTELS & RESORT (PVT) LTD,Hosting (Hosting),Support and Maintenance,AS,Taxable Sales,1.00,"3,030.00","3,030.00"
Invoice,04/24/2025,AS010580,LANKA COMMODITY BROKERS LTD,Services,Support and Maintenance,AS,Taxable Sales,1.00,"6,732.66","6,732.66"
Invoice,04/24/2025,AS010581,LANKA COMMODITY BROKERS LTD,Host Email,Support and Maintenance,AS,Taxable Sales,1.00,"18,473.91","18,473.91"
Invoice,04/24/2025,AS010582,LANKA MOUNT CASTLE (PVT) LTD,Host Email,Support and Maintenance,AS,Taxable Sales,1.00,"15,150.00","15,150.00"
Invoice,04/25/2025,AS010583,We Effect Country Office,Services,Support and Maintenance,A,Non-Taxable Sales,1.00,"10,030.00","10,030.00"
Invoice,04/25/2025,AS010584,Southern Technologies,BDCOM:S1006-4p-65 (BDCOM S1006-4p-65 Unmanaged 4 ports 10/100 PoE Ports and 2 Ports 10/100 NON PoE),BDCOM,AR,Non-Taxable Sales,1.00,"6,100.00","6,100.00"
Invoice,04/25/2025,AS010584,Southern Technologies,BDCOM:S1200-8P2G (BDCOM S1200-8P2G Switch),BDCOM,AR,Non-Taxable Sales,1.00,"10,600.00","10,600.00"
Invoice,04/26/2025,AS010585,Bharat Aponso,Draytek:Vigor 2927 (Draytek Vigor 2927 Security Appliance. Dual Wan),Draytek,AD,Non-Taxable Sales,1.00,"80,000.00","80,000.00"
Invoice,04/26/2025,AS010585,Bharat Aponso,Cyren Key (DrayTek Cyren Key),Other Sales,AD,Non-Taxable Sales,1.00,"20,000.00","20,000.00"
Invoice,04/29/2025,AS010586,THE COMPUTER CENTER (PVT) LTD,HDD:HAT5300-12T (Synology 12TB Enterprise Hard Drive),Hard Drive,AS,Taxable Sales,2.00,"171,000.00","342,000.00"
Invoice,04/29/2025,AS010587,Adapt Information Technologies,Synology:DS423+ (Synology DiskStation DS423+ 4Bay),Synology,A,Taxable Sales,1.00,"172,000.00","172,000.00"
Invoice,04/29/2025,AS010587,Adapt Information Technologies,HDD:HAT3300-4T (Synology 4TB Plus HDD),Hard Drive,A,Taxable Sales,4.00,"42,000.00","168,000.00"
Invoice,04/30/2025,AS010588,NSK Media Systems (Pvt) Ltd,BDCOM:S1500-16T (BDCOM S1500-16T Switch),BDCOM,AR,Non-Taxable Sales,1.00,"19,000.00","19,000.00"
Invoice,04/30/2025,AS010588,NSK Media Systems (Pvt) Ltd,BDCOM:S1000-8P2F (BDCOM POE S1000-8P2F  8Port 100M Switch),BDCOM,AR,Non-Taxable Sales,1.00,"8,100.00","8,100.00"
Invoice,04/30/2025,AS010589,THE COMPUTER CENTER (PVT) LTD,Synology:RS822RP+ (Synology Rackstation RS822RP+),Synology,AS,Taxable Sales,1.00,"952,000.00","952,000.00"
Invoice,04/30/2025,AS010589,THE COMPUTER CENTER (PVT) LTD,HDD:HAT3310-12T (12TB Synology Plus HDD),Hard Drive,AS,Taxable Sales,4.00,,0.00
Invoice,04/30/2025,AS010589,THE COMPUTER CENTER (PVT) LTD,Synology:RS822RP+ (Synology Rackstation RS822RP+),Synology,AS,Taxable Sales,1.00,"952,000.00","952,000.00"
Invoice,04/30/2025,AS010589,THE COMPUTER CENTER (PVT) LTD,HDD:HAT3310-12T (12TB Synology Plus HDD),Hard Drive,AS,Taxable Sales,4.00,,0.00
Invoice,04/30/2025,AS010589,THE COMPUTER CENTER (PVT) LTD,Synology:1 U Fixed Rail Kit,Synology,AS,Taxable Sales,2.00,,
Invoice,05/02/2025,AS010590,Ncinga (Pvt) Ltd,Synology:RS822RP+ (Synology Rackstation RS822RP+),Synology,A,Taxable Sales,1.00,"690,000.00","690,000.00"
Invoice,05/02/2025,AS010590,Ncinga (Pvt) Ltd,HDD:16TB Synology Ent (16TB Synology Enterprise Hard Drive),Hard Drive,A,Taxable Sales,4.00,"211,000.00","844,000.00"
Invoice,05/02/2025,AS010590,Ncinga (Pvt) Ltd,Synology:RS822RP+ (Synology Rackstation RS822RP+),Synology,A,Taxable Sales,1.00,"690,000.00","690,000.00"
Invoice,05/02/2025,AS010590,Ncinga (Pvt) Ltd,HDD:16TB Synology Ent (16TB Synology Enterprise Hard Drive),Hard Drive,A,Taxable Sales,4.00,"211,000.00","844,000.00"
Invoice,05/02/2025,AS010590,Ncinga (Pvt) Ltd,Synology:1 U Fixed Rail Kit,Synology,A,Taxable Sales,2.00,,
Invoice,05/02/2025,AS010591,Softlogic Information Technologies (Pvt),Synology:RS1221+ (Synology  RS1221+  8Bay NAS),Synology,A,Taxable Sales,1.00,"502,200.00","502,200.00"
Invoice,05/02/2025,AS010591,Softlogic Information Technologies (Pvt),HDD:8TB  ENT SATA (8 TB Enterprise Hard Drive),Hard Drive,A,Taxable Sales,7.00,"114,210.00","799,470.00"
Invoice,05/02/2025,AS010591,Softlogic Information Technologies (Pvt),Synology:1 U Fixed Rail Kit,Synology,A,Taxable Sales,1.00,,
Invoice,05/02/2025,AS010592,I M Solutions,BDCOM:S1500-24P2S-370 (S1500-24P2S-370 BDCOM Switch),BDCOM,AD,Taxable Sales,2.00,"62,000.00","124,000.00"
Invoice,05/02/2025,AS010593,RK Computers,BDCOM:S1200-16P2G1S (BDCOM 16Port 100M POE+ 2Port 1G RJ45 + 1 -Port GE SFP port Unmanaged POE Sw...,BDCOM,AR,Non-Taxable Sales,1.00,"23,540.00","23,540.00"
Invoice,05/07/2025,AS010594,Adapt Information Technologies,Acronis:Acronis Cyber Backup (Acronis Cyber Backup),Acronics,A,Taxable Sales,12.00,"12,800.00","153,600.00"
Invoice,05/08/2025,AS010595,Barclays Computers (Pvt) Ltd,BDCOM:S1000-8P2F (BDCOM POE S1000-8P2F  8Port 100M Switch),BDCOM,AR,Taxable Sales,3.00,"6,900.00","20,700.00"
Invoice,05/09/2025,AS010596,Southern Technologies,BDCOM:S1200-8P2G (BDCOM S1200-8P2G Switch),BDCOM,AR,Non-Taxable Sales,3.00,"10,600.00","31,800.00"
Invoice,05/09/2025,AS010597,Barclays Computers (Pvt) Ltd,Synology:DS223 (Synology Diskstation DS223  2Bay),Synology,AS,Taxable Sales,1.00,"94,000.00","94,000.00"
Invoice,05/09/2025,AS010597,Barclays Computers (Pvt) Ltd,Synology:DS423 (Synology DS423 4 Bay NAS),Synology,AS,Taxable Sales,1.00,"130,000.00","130,000.00"
Invoice,05/09/2025,AS010598,E Tech IT Solutions Pvt Ltd,Synology:DS223 (Synology Diskstation DS223  2Bay),Synology,AD,Taxable Sales,1.00,"97,000.00","97,000.00"
Invoice,05/09/2025,AS010598,E Tech IT Solutions Pvt Ltd,HDD:HAT3300-2T (Synology 2TB Plus Hard Drive),Hard Drive,AD,Taxable Sales,2.00,"37,000.00","74,000.00"
Invoice,05/09/2025,AS010599,Studio Lakdam,BDCOM:S1500-24T (BDCOM S1500-24T Switch),BDCOM,AD,Non-Taxable Sales,1.00,"26,500.00","26,500.00"
Invoice,05/14/2025,AS010600,Byte Bolster solution,Synology:RS1221RP+,Synology,AD,Non-Taxable Sales,1.00,"709,180.00","709,180.00"
Invoice,05/14/2025,AS010600,Byte Bolster solution,HDD:HAT3300-4T (Synology 4TB Plus HDD),Hard Drive,AD,Non-Taxable Sales,4.00,"53,100.00","212,400.00"
Invoice,05/14/2025,AS010600,Byte Bolster solution,Synology:1 U Fixed Rail Kit,Synology,AD,Non-Taxable Sales,1.00,,
Invoice,05/15/2025,AS010601,Barclays Computers (Pvt) Ltd,BDCOM:S1500-8P2G (BDCOM S1500-8P2G Switch),BDCOM,AR,Taxable Sales,2.00,"13,500.00","27,000.00"
Invoice,05/15/2025,AS010601,Barclays Computers (Pvt) Ltd,BDCOM:S1500-24T2S (S1500-24T2S BDCOM Switch),BDCOM,AR,Taxable Sales,1.00,"24,200.00","24,200.00"
Invoice,05/15/2025,AS010601,Barclays Computers (Pvt) Ltd,BDCOM:S1508E,BDCOM,AR,Taxable Sales,5.00,"5,000.00","25,000.00"
Invoice,05/15/2025,AS010601,Barclays Computers (Pvt) Ltd,BDCOM:S1500-16P2S (BDCOM S1500-16P2S POE Switch),BDCOM,AR,Taxable Sales,1.00,"40,000.00","40,000.00"
Invoice,05/16/2025,AS010602,Apex Business Solutions PVT Ltd.,BDCOM:S1500-16P2S (BDCOM S1500-16P2S POE Switch),BDCOM,AD,Taxable Sales,3.00,"39,000.00","117,000.00"
Invoice,05/16/2025,AS010603,TechBio Distribution Lanka (Pvt) Ltd,HDD:HAT3310-8T (Synology 8TB Plus Hard Drive),Hard Drive,A,Taxable Sales,1.00,"82,000.00","82,000.00"
Invoice,05/16/2025,AS010604,FT Soft (Pvt) Ltd,HDD:HAT3300-4T (Synology 4TB Plus HDD),Hard Drive,A,Taxable Sales,2.00,"45,000.00","90,000.00"
Credit Memo,05/19/2025,AS00111,Computerage (Pvt) Ltd,BDCOM:S1006-4p-65 (BDCOM S1006-4p-65 Unmanaged 4 ports 10/100 PoE Ports and 2 Ports 10/100 NON PoE),BDCOM,,Taxable Sales,-1.00,"5,930.00","-5,930.00"
Credit Memo,05/19/2025,AS00111,Computerage (Pvt) Ltd,BDCOM:S1500-8P2G (BDCOM S1500-8P2G Switch),BDCOM,,Taxable Sales,-2.00,"15,500.00","-31,000.00"
Credit Memo,05/19/2025,AS00111,Computerage (Pvt) Ltd,BDCOM:S1008 (BDCOM S1008 8 Port 10/100 BaseT Standard Switch),BDCOM,,Taxable Sales,-1.00,"3,300.00","-3,300.00"
Credit Memo,05/19/2025,AS00111,Computerage (Pvt) Ltd,BDCOM:S1024B (BDCOM S1024B 24 Port 100M BaseT 1U Rack Mounted),BDCOM,,Taxable Sales,-1.00,"16,400.00","-16,400.00"
Credit Memo,05/19/2025,AS00111,Computerage (Pvt) Ltd,BDCOM:S1508E,BDCOM,,Taxable Sales,-1.00,"5,350.00","-5,350.00"
Credit Memo,05/19/2025,AS00111,Computerage (Pvt) Ltd,BDCOM:S1010-8p-120 (BDCOM S1010-8p-120 Unmanaged 8 Port 10/100 PoE Ports and 2 Ports 10/100 NON ...,BDCOM,,Taxable Sales,-2.00,"16,050.00","-32,100.00"
Credit Memo,05/19/2025,AS00111,Computerage (Pvt) Ltd,BDCOM:S1500-24P2S-370 (S1500-24P2S-370 BDCOM Switch),BDCOM,,Taxable Sales,-1.00,"47,000.00","-47,000.00"
Invoice,05/19/2025,AS010605,ABC Computers,HDD:HAT5310-8T (Synology 8TB Enterprise Hard Drive),Hard Drive,AD,Taxable Sales,1.00,"124,000.00","124,000.00"
Invoice,05/20/2025,AS010606,ABSOLUTE BUSINESS SOLUTIONS ( PVT) LTD,Acronis,Acronics,SM,Non-Taxable Sales,1.00,"2,000.00","2,000.00"
Invoice,05/20/2025,AS010607,ABSOLUTE BUSINESS SOLUTIONS ( PVT) LTD,Acronis,Acronics,SM,Non-Taxable Sales,1.00,"2,000.00","2,000.00"
Invoice,05/20/2025,AS010608,LANKA COMMODITY BROKERS LTD,Host Email,Support and Maintenance,AS,Taxable Sales,1.00,"18,473.91","18,473.91"
Invoice,05/20/2025,AS010609,LANKA COMMODITY BROKERS LTD,Services,Support and Maintenance,AS,Taxable Sales,1.00,"6,732.66","6,732.66"
Invoice,05/20/2025,AS010610,LANKA MOUNT CASTLE (PVT) LTD,Host Email,Support and Maintenance,AS,Taxable Sales,1.00,"15,150.00","15,150.00"
Invoice,05/20/2025,AS010611,AL - ARAF HOTELS & RESORT (PVT) LTD,Hosting (Hosting),Support and Maintenance,AS,Taxable Sales,1.00,"3,030.00","3,030.00"
Invoice,05/20/2025,AS010612,Liyakta Office Systems (Pvt) Ltd,Synology:DS423 (Synology DS423 4 Bay NAS),Synology,AD,Taxable Sales,1.00,"139,000.00","139,000.00"
Invoice,05/20/2025,AS010612,Liyakta Office Systems (Pvt) Ltd,HDD:HAT3300-2T (Synology 2TB Plus Hard Drive),Hard Drive,AD,Taxable Sales,2.00,"37,000.00","74,000.00"
Invoice,05/21/2025,AS010613,Fentons Ltd,Accs (Accessories),Hardware,A,Taxable Sales,2.00,"10,000.00","20,000.00"
Invoice,05/21/2025,AS010614,WinSoft Technologies (Pvt)Ltd,HDD:HAT3310-16T (Synology 16TB Plus HDD),Hard Drive,AS,Taxable Sales,2.00,"128,000.00","256,000.00"
Invoice,05/22/2025,AS010615,The Foto Cube,Services,Support and Maintenance,AD,Non-Taxable Sales,1.00,"5,000.00","5,000.00"
Invoice,05/22/2025,AS010616,Techtron Integrated Solutions (Pvt) Ltd,HDD:12 TB NAS (12 TB Seagate Ironwolf NAS Hard Drive),Hard Drive,AS,Taxable Sales,2.00,"121,000.00","242,000.00"
Invoice,05/23/2025,AS010617,SUDARSHANA SENADHEERA ARCHITECTS (PVT) LT,Synology:C2 Cloud (Synology C2 Cloud Storage),Synology,AD,Taxable Sales,1.00,"33,000.00","33,000.00"
Invoice,05/23/2025,AS010618,Southern Technologies,BDCOM:S1200-8P2G (BDCOM S1200-8P2G Switch),BDCOM,AR,Non-Taxable Sales,1.00,"10,600.00","10,600.00"
Invoice,05/23/2025,AS010619,Cameralk (Pvt) Ltd,Draytek:Vigor 2927 (Draytek Vigor 2927 Security Appliance. Dual Wan),Draytek,AD,Taxable Sales,1.00,"70,000.00","70,000.00"
Invoice,05/24/2025,AS010620,ANVERALLY & SONS (PVT) LTD,Services,Support and Maintenance,A,Taxable Sales,1.00,"10,000.00","10,000.00"
Invoice,05/28/2025,AS010621,Fentons Ltd,RS2423RP+ (Synology RackStation RS2423RP+ 12Bay),Synology,A,Taxable Sales,1.00,"1,155,000.00","1,155,000.00"
Invoice,05/28/2025,AS010621,Fentons Ltd,HDD:8TB  ENT SATA (8 TB Enterprise Hard Drive),Hard Drive,A,Taxable Sales,6.00,"120,800.00","724,800.00"
Invoice,05/28/2025,AS010621,Fentons Ltd,480GB SATA SSD Synology (Synology 480GB SATA SSD -SAT5210),Hard Drive,A,Taxable Sales,2.00,"57,000.00","114,000.00"
Invoice,05/28/2025,AS010621,Fentons Ltd,Synology:2 U Sliding Rail Kit,Synology,A,Taxable Sales,1.00,,
Invoice,05/28/2025,AS010622,Survey Department,MA (Maintenance  Agreement),Support and Maintenance,AD,Taxable Sales,1.00,"178,575.00","178,575.00"
Invoice,05/28/2025,AS010623,SC Printing International (Pvt) Ltd,Accs (Accessories),Hardware,AS,Taxable Sales,1.00,"35,000.00","35,000.00"
Invoice,05/28/2025,AS010623,SC Printing International (Pvt) Ltd,Services,Support and Maintenance,AS,Taxable Sales,1.00,"20,000.00","20,000.00"
Invoice,05/28/2025,AS010623,SC Printing International (Pvt) Ltd,Discount,Sales Discount,AS,Taxable Sales,,"-10,000.00","-10,000.00"
Invoice,05/28/2025,AS010624,Star Technology,BDCOM:GSFP-SX-D,BDCOM,AR,Non-Taxable Sales,2.00,"4,700.00","9,400.00"
Invoice,05/29/2025,AS010625,Asiri Surgical Hospital,HDD:8TB  ENT SATA (8 TB Enterprise Hard Drive),Hard Drive,AS,Taxable Sales,1.00,"79,000.00","79,000.00"
Invoice,05/29/2025,AS010626,D. Samson Industries (Pvt) Ltd,Services,Support and Maintenance,AS,Taxable Sales,1.00,"10,000.00","10,000.00"
Invoice,05/30/2025,AS010627,Apex Business Solutions PVT Ltd.,Synology:DS925+ (Synology NAS DS925+ 4 Bay NAS),Synology,AD,Taxable Sales,1.00,"217,000.00","217,000.00"
Invoice,05/30/2025,AS010627,Apex Business Solutions PVT Ltd.,HDD:HAT3310-16T (Synology 16TB Plus HDD),Hard Drive,AD,Taxable Sales,4.00,"130,000.00","520,000.00"
Invoice,05/30/2025,AS010628,Mr.Chirath,Synology:DS223 (Synology Diskstation DS223  2Bay),Synology,A,Non-Taxable Sales,1.00,"106,332.75","106,332.75"
Invoice,05/30/2025,AS010628,Mr.Chirath,HDD:HAT3300-6T (Synology 6TB Plus Hard Drive),Hard Drive,A,Non-Taxable Sales,2.00,"71,685.00","143,370.00"
Invoice,06/02/2025,AS010629,Southern Technologies,BDCOM:S1200-8P2G (BDCOM S1200-8P2G Switch),BDCOM,AR,Non-Taxable Sales,2.00,"10,600.00","21,200.00"
Invoice,06/02/2025,AS010630,MAS Fabrics (Pvt) Ltd,Synology:RS822RP+ (Synology Rackstation RS822RP+),Synology,A,Taxable Sales,1.00,"824,000.00","824,000.00"
Invoice,06/02/2025,AS010630,MAS Fabrics (Pvt) Ltd,HDD:HAT3300-6T (Synology 6TB Plus Hard Drive),Hard Drive,A,Taxable Sales,3.00,"99,000.00","297,000.00"
Invoice,06/02/2025,AS010630,MAS Fabrics (Pvt) Ltd,Acronis,Acronics,A,Taxable Sales,1.00,"497,000.00","497,000.00"
Invoice,06/02/2025,AS010630,MAS Fabrics (Pvt) Ltd,Acronis,Acronics,A,Taxable Sales,2.00,"320,000.00","640,000.00"
Invoice,06/02/2025,AS010630,MAS Fabrics (Pvt) Ltd,Synology:1 U Fixed Rail Kit,Synology,A,Taxable Sales,1.00,,
Invoice,06/02/2025,AS010630,MAS Fabrics (Pvt) Ltd,Services,Support and Maintenance,A,Taxable Sales,1.00,"180,000.00","180,000.00"
Invoice,06/02/2025,AS010631,NSK Media Systems (Pvt) Ltd,BDCOM:S1500-24T (BDCOM S1500-24T Switch),BDCOM,AR,Non-Taxable Sales,1.00,"24,200.00","24,200.00"
Invoice,06/02/2025,AS010631,NSK Media Systems (Pvt) Ltd,BDCOM:S1200-16P2G1S (BDCOM 16Port 100M POE+ 2Port 1G RJ45 + 1 -Port GE SFP port Unmanaged POE Sw...,BDCOM,AR,Non-Taxable Sales,4.00,"24,190.00","96,760.00"
Invoice,06/02/2025,AS010632,M.A Sirimal Die Cutter Makers,Services,Support and Maintenance,AD,Non-Taxable Sales,1.00,"2,000.00","2,000.00"
Invoice,06/03/2025,AS010633,Base Hp (Pvt) Ltd,Synology:RS1221RP+,Synology,A,Taxable Sales,1.00,"663,000.00","663,000.00"
Invoice,06/03/2025,AS010633,Base Hp (Pvt) Ltd,HDD:HAT3310-12T (12TB Synology Plus HDD),Hard Drive,A,Taxable Sales,5.00,"116,000.00","580,000.00"
Invoice,06/03/2025,AS010633,Base Hp (Pvt) Ltd,Synology:2 U Sliding Rail Kit,Synology,A,Taxable Sales,1.00,,
Invoice,06/06/2025,AS010634,Ceylinco General Insurance Limited,MA (Maintenance  Agreement),Support and Maintenance,AS,Non-Taxable Sales,1.00,,
Invoice,06/06/2025,AS010634,Ceylinco General Insurance Limited,MA (Maintenance  Agreement),Support and Maintenance,AS,Taxable Sales,1.00,"202,608.00","202,608.00"
Invoice,06/06/2025,AS010634,Ceylinco General Insurance Limited,MA (Maintenance  Agreement),Support and Maintenance,AS,Taxable Sales,1.00,"202,608.00","202,608.00"
Invoice,06/06/2025,AS010634,Ceylinco General Insurance Limited,MA (Maintenance  Agreement),Support and Maintenance,AS,Taxable Sales,1.00,"202,608.00","202,608.00"
Invoice,06/06/2025,AS010635,Rapidventure (Pvt) Ltd,Draytek:Vigor 2915 (Draytek Vigor 2915 Security Appliance),Draytek,AD,Taxable Sales,1.00,"39,000.00","39,000.00"
Invoice,06/06/2025,AS010635,Rapidventure (Pvt) Ltd,Draytek,Draytek,AD,Taxable Sales,1.00,"20,000.00","20,000.00"
Invoice,06/06/2025,AS010636,Techtron Integrated Solutions (Pvt) Ltd,Synology:DS224+ (Synology DiskStation DS224+  2Bay),Synology,AS,Taxable Sales,1.00,"114,000.00","114,000.00"
Invoice,06/06/2025,AS010637,Barclays Computers (Pvt) Ltd,BDCOM:S1500-24T (BDCOM S1500-24T Switch),BDCOM,AR,Taxable Sales,2.00,"19,800.00","39,600.00"
Invoice,06/06/2025,AS010638,I M Solutions,BDCOM:S2528-C (24 Port 1G +4 Port SFP L2 Switch),BDCOM,AD,Taxable Sales,1.00,"60,000.00","60,000.00"
Invoice,06/06/2025,AS010639,Apex Business Solutions PVT Ltd.,BDCOM:S1500-24P2S (BDCOM S1500-24P2S Switch),BDCOM,AD,Taxable Sales,1.00,"64,000.00","64,000.00"
Invoice,06/11/2025,AS010640,TechBio Distribution Lanka (Pvt) Ltd,HDD:HAT3300-4T (Synology 4TB Plus HDD),Hard Drive,A,Taxable Sales,2.00,"44,000.00","88,000.00"
Invoice,06/11/2025,AS010641,Base Hp (Pvt) Ltd,Synology:DS223j (Synology DS223j  ),Synology,A,Taxable Sales,1.00,"62,000.00","62,000.00"
Invoice,06/11/2025,AS010641,Base Hp (Pvt) Ltd,HDD:HAT3300-4T (Synology 4TB Plus HDD),Hard Drive,A,Taxable Sales,2.00,"40,000.00","80,000.00"
Invoice,06/12/2025,AS010642,Elegant Knitting International,Software,Software,AS,Taxable Sales,112.00,"2,500.00","280,000.00"
Invoice,06/12/2025,AS010642,Elegant Knitting International,Cyren Key (DrayTek Cyren Key),Other Sales,AS,Taxable Sales,1.00,"51,200.00","51,200.00"
Invoice,06/12/2025,AS010643,Infinity IT Solutions,BDCOM:S1500-24T (BDCOM S1500-24T Switch),BDCOM,AR,Non-Taxable Sales,1.00,"23,600.00","23,600.00"
Invoice,06/12/2025,AS010643,Infinity IT Solutions,"BDCOM:S1516v1 (BDCOM S1516v1 Unmanaged 1Gb, 16 port  Switch)",BDCOM,AR,Non-Taxable Sales,1.00,"18,800.00","18,800.00"
Invoice,06/12/2025,AS010644,ICC Inernational Construction Consortium,BDCOM:S1500-8P2G (BDCOM S1500-8P2G Switch),BDCOM,AD,Taxable Sales,2.00,"14,500.00","29,000.00"
Invoice,06/12/2025,AS010644,ICC Inernational Construction Consortium,"BDCOM:S1516v1 (BDCOM S1516v1 Unmanaged 1Gb, 16 port  Switch)",BDCOM,AD,Taxable Sales,1.00,"18,000.00","18,000.00"
Invoice,06/13/2025,AS010645,LIZZY-B CANADA (PVT) LTD,Draytek:Vigor 2915 (Draytek Vigor 2915 Security Appliance),Draytek,AD,Taxable Sales,1.00,"43,000.00","43,000.00"
Invoice,06/13/2025,AS010645,LIZZY-B CANADA (PVT) LTD,Services,Support and Maintenance,AD,Taxable Sales,1.00,"5,000.00","5,000.00"
Invoice,06/13/2025,AS010646,Barclays Computers (Pvt) Ltd,Synology:DS223j (Synology DS223j  ),Synology,AS,Taxable Sales,3.00,"64,000.00","192,000.00"
Invoice,06/13/2025,AS010647,Barclays Computers (Pvt) Ltd,BDCOM:S1500-8P2G (BDCOM S1500-8P2G Switch),BDCOM,AR,Taxable Sales,1.00,"13,500.00","13,500.00"
Invoice,06/13/2025,AS010648,Pretec Systems,BDCOM:S1508E,BDCOM,AR,Non-Taxable Sales,2.00,"6,000.00","12,000.00"
Invoice,06/16/2025,AS010649,AL - ARAF HOTELS & RESORT (PVT) LTD,Hosting (Hosting),Support and Maintenance,AS,Taxable Sales,1.00,"3,030.00","3,030.00"
Invoice,06/16/2025,AS010650,LANKA COMMODITY BROKERS LTD,Services,Support and Maintenance,AS,Taxable Sales,1.00,"6,732.66","6,732.66"
Invoice,06/16/2025,AS010651,LANKA COMMODITY BROKERS LTD,Host Email,Support and Maintenance,AS,Taxable Sales,1.00,"18,473.91","18,473.91"
Invoice,06/16/2025,AS010652,LANKA MOUNT CASTLE (PVT) LTD,Host Email,Support and Maintenance,AS,Taxable Sales,1.00,"15,150.00","15,150.00"
Invoice,06/16/2025,AS010653,CK-CCTV Security System (pvt) Ltd,BDCOM:S1006-4p-65 (BDCOM S1006-4p-65 Unmanaged 4 ports 10/100 PoE Ports and 2 Ports 10/100 NON PoE),BDCOM,AR,Non-Taxable Sales,1.00,"6,100.00","6,100.00"
Invoice,06/16/2025,AS010653,CK-CCTV Security System (pvt) Ltd,BDCOM:S1000-8P2F (BDCOM POE S1000-8P2F  8Port 100M Switch),BDCOM,AR,Non-Taxable Sales,1.00,"8,150.00","8,150.00"
Invoice,06/16/2025,AS010653,CK-CCTV Security System (pvt) Ltd,BDCOM:S1200-16P2G1S (BDCOM 16Port 100M POE+ 2Port 1G RJ45 + 1 -Port GE SFP port Unmanaged POE Sw...,BDCOM,AR,Non-Taxable Sales,1.00,"23,750.00","23,750.00"
Invoice,06/17/2025,AS010654,TYAX (PVT) LTD,Synology:DS1821+ (Synology NAS DS1821+ 8 Bay NAS),Synology,AD,Taxable Sales,1.00,"507,000.00","507,000.00"
Invoice,06/17/2025,AS010654,TYAX (PVT) LTD,HDD:HAT3310-16T (Synology 16TB Plus HDD),Hard Drive,AD,Taxable Sales,6.00,"121,000.00","726,000.00"
Invoice,06/17/2025,AS010654,TYAX (PVT) LTD,Synology:Dual Port F2 Card,Synology,AD,Taxable Sales,1.00,,
Invoice,06/17/2025,AS010655,Studio Creative Minds,Synology:DS423+ (Synology DiskStation DS423+ 4Bay),Synology,AD,Non-Taxable Sales,1.00,"162,000.00","162,000.00"
Invoice,06/17/2025,AS010655,Studio Creative Minds,HDD:HAT3300-4T (Synology 4TB Plus HDD),Hard Drive,AD,Non-Taxable Sales,4.00,"59,000.00","236,000.00"
Invoice,06/17/2025,AS010656,VS Information Systems (Pvt) Ltd,Synology:RS422+ (Synology RackStation RS422+),Synology,A,Taxable Sales,1.00,"417,400.00","417,400.00"
Invoice,06/17/2025,AS010656,VS Information Systems (Pvt) Ltd,HDD:HAT3300-6T (Synology 6TB Plus Hard Drive),Hard Drive,A,Taxable Sales,4.00,"99,400.00","397,600.00"
Invoice,06/17/2025,AS010656,VS Information Systems (Pvt) Ltd,Synology:1 U Fixed Rail Kit,Synology,A,Taxable Sales,1.00,,
Invoice,06/18/2025,AS010657,Fentons Ltd,Synology:DS1621+ (Synology NAS DS1621+  6 Bay),Synology,A,Taxable Sales,4.00,"456,000.00","1,824,000.00"
Invoice,06/18/2025,AS010657,Fentons Ltd,Synology:Dual Port T2 Card,Synology,A,Taxable Sales,4.00,,
Invoice,06/18/2025,AS010657,Fentons Ltd,HDD:HAT3310-16T (Synology 16TB Plus HDD),Hard Drive,A,Taxable Sales,18.00,"169,400.00","3,049,200.00"
Invoice,06/19/2025,AS010658,ICC Inernational Construction Consortium,BDCOM:S1500-16P2S (BDCOM S1500-16P2S POE Switch),BDCOM,AD,Taxable Sales,1.00,"39,500.00","39,500.00"
Invoice,06/19/2025,AS010659,Apex Business Solutions PVT Ltd.,BDCOM:S1500-24P2S (BDCOM S1500-24P2S Switch),BDCOM,AD,Taxable Sales,1.00,"57,000.00","57,000.00"
Invoice,06/19/2025,AS010660,Barclays Computers (Pvt) Ltd,BDCOM:S1000-8P2F (BDCOM POE S1000-8P2F  8Port 100M Switch),BDCOM,AR,Taxable Sales,3.00,"6,900.00","20,700.00"
Invoice,06/19/2025,AS010661,Studio Creative Minds,BDCOM:S1508E,BDCOM,AD,Non-Taxable Sales,1.00,"7,000.00","7,000.00"
Invoice,06/19/2025,AS010662,Lakseya Digital Colour Lab &,HDD:HAT3300-2T (Synology 2TB Plus Hard Drive),Hard Drive,AD,Non-Taxable Sales,2.00,"41,000.00","82,000.00"
Invoice,06/19/2025,AS010663,Barclays Computers (Pvt) Ltd,Synology:DS423 (Synology DS423 4 Bay NAS),Synology,AS,Taxable Sales,1.00,"130,000.00","130,000.00"
Invoice,06/19/2025,AS010663,Barclays Computers (Pvt) Ltd,Synology:DS225+ (Synology DiskStation DS225+ 2Bay NAS),Synology,AS,Taxable Sales,2.00,"124,000.00","248,000.00"
Invoice,06/19/2025,AS010663,Barclays Computers (Pvt) Ltd,Synology:DS223 (Synology Diskstation DS223  2Bay),Synology,AS,Taxable Sales,1.00,"94,000.00","94,000.00"
Invoice,06/20/2025,AS010664,Gadgetbox,BDCOM:WAP2100-T618 (BDCOM WAP2100-T618),BDCOM,AR,Non-Taxable Sales,1.00,"24,090.00","24,090.00"
Invoice,06/23/2025,AS010665,KBSL Information Technologies Ltd,MA (Maintenance  Agreement),Support and Maintenance,A,Taxable Sales,1.00,"653,600.00","653,600.00"
Invoice,06/23/2025,AS010666,ABSOLUTE BUSINESS SOLUTIONS ( PVT) LTD,Acronis,Acronics,SM,Non-Taxable Sales,1.00,"2,000.00","2,000.00"
Invoice,06/23/2025,AS010667,ABSOLUTE BUSINESS SOLUTIONS ( PVT) LTD,Acronis,Acronics,SM,Non-Taxable Sales,1.00,"2,000.00","2,000.00"
Invoice,06/24/2025,AS010668,NOLIMIT,BDCOM:S1500-24T (BDCOM S1500-24T Switch),BDCOM,AR,Taxable Sales,3.00,"22,500.00","67,500.00"
Invoice,06/25/2025,AS010669,I M Solutions,BDCOM:S1500-24P2S-370 (S1500-24P2S-370 BDCOM Switch),BDCOM,AD,Taxable Sales,1.00,"62,000.00","62,000.00"
Invoice,06/25/2025,AS010670,Base Hp (Pvt) Ltd,Synology:DS925+ (Synology NAS DS925+ 4 Bay NAS),Synology,A,Taxable Sales,1.00,"218,000.00","218,000.00"
Invoice,06/25/2025,AS010670,Base Hp (Pvt) Ltd,HDD:HAT3300-6T (Synology 6TB Plus Hard Drive),Hard Drive,A,Taxable Sales,3.00,"63,000.00","189,000.00"
Invoice,06/26/2025,AS010671,Mr Amila Nuwan,BDCOM:S1000-8P2F (BDCOM POE S1000-8P2F  8Port 100M Switch),BDCOM,AR,Taxable Sales,2.00,"8,200.00","16,400.00"
Invoice,06/26/2025,AS010672,Techtron Integrated Solutions (Pvt) Ltd,Synology:DS1821+ (Synology NAS DS1821+ 8 Bay NAS),Synology,AS,Taxable Sales,1.00,"795,000.00","795,000.00"
Invoice,06/26/2025,AS010672,Techtron Integrated Solutions (Pvt) Ltd,HDD:HAT3310-16T (Synology 16TB Plus HDD),Hard Drive,AS,Taxable Sales,3.00,0.00,0.00
Invoice,06/26/2025,AS010673,Sourcecode-LK,Synology:DS225+ (Synology DiskStation DS225+ 2Bay NAS),Synology,AD,Taxable Sales,1.00,"247,800.00","247,800.00"
Invoice,06/26/2025,AS010673,Sourcecode-LK,HDD:HAT3300-4T (Synology 4TB Plus HDD),Hard Drive,AD,Taxable Sales,2.00,0.00,0.00
Invoice,06/27/2025,AS010674,Intelliglow Solutions (Pvt) Ltd,Synology:RS1221RP+,Synology,A,Taxable Sales,1.00,"628,000.00","628,000.00"
Invoice,06/27/2025,AS010674,Intelliglow Solutions (Pvt) Ltd,HDD:HAT3310-12T (12TB Synology Plus HDD),Hard Drive,A,Taxable Sales,4.00,"108,000.00","432,000.00"
Invoice,06/27/2025,AS010675,Intelliglow Solutions (Pvt) Ltd,Synology:RS1221RP+,Synology,A,Taxable Sales,1.00,"628,000.00","628,000.00"
Invoice,06/27/2025,AS010675,Intelliglow Solutions (Pvt) Ltd,HDD:HAT3310-12T (12TB Synology Plus HDD),Hard Drive,A,Taxable Sales,4.00,"108,000.00","432,000.00"
Invoice,06/27/2025,AS010675,Intelliglow Solutions (Pvt) Ltd,Synology:RS1221RP+,Synology,A,Taxable Sales,1.00,"628,000.00","628,000.00"
Invoice,06/27/2025,AS010675,Intelliglow Solutions (Pvt) Ltd,HDD:HAT3310-12T (12TB Synology Plus HDD),Hard Drive,A,Taxable Sales,4.00,"108,000.00","432,000.00"
Invoice,06/27/2025,AS010675,Intelliglow Solutions (Pvt) Ltd,Discount,Sales Discount,A,Taxable Sales,,"-16,000.00","-16,000.00"
Invoice,06/27/2025,AS010676,Apex Business Solutions PVT Ltd.,MA (Maintenance  Agreement),Support and Maintenance,AD,Taxable Sales,1.00,"152,000.00","152,000.00"
Invoice,06/30/2025,AS010677,Adapt Information Technologies,Synology:RS1221RP+,Synology,A,Taxable Sales,1.00,"647,000.00","647,000.00"
Invoice,06/30/2025,AS010677,Adapt Information Technologies,HDD:HAT3310-8T (Synology 8TB Plus Hard Drive),Hard Drive,A,Taxable Sales,4.00,"80,000.00","320,000.00"
Invoice,06/30/2025,AS010677,Adapt Information Technologies,Synology:2 U Sliding Rail Kit,Synology,A,Taxable Sales,1.00,,
Invoice,07/01/2025,AS010678,RK Computers,BDCOM:S1508E,BDCOM,AR,Non-Taxable Sales,1.00,"6,100.00","6,100.00"
Invoice,07/01/2025,AS010679,Alphasonic Technologies (Pvt) Ltd,Synology:DS925+ (Synology NAS DS925+ 4 Bay NAS),Synology,A,Taxable Sales,1.00,"214,000.00","214,000.00"
Invoice,07/01/2025,AS010680,Byte Bolster solution,Synology:DS423+ (Synology DiskStation DS423+ 4Bay),Synology,AD,Non-Taxable Sales,1.00,"378,860.00","378,860.00"
Invoice,07/01/2025,AS010680,Byte Bolster solution,HDD:HAT3300-2T (Synology 2TB Plus Hard Drive),Hard Drive,AD,Non-Taxable Sales,4.00,,
Invoice,07/01/2025,AS010681,Tekki (Pvt) Ltd,Accs (Accessories),Hardware,AS,Non-Taxable Sales,20.00,"1,300.00","26,000.00"
Invoice,07/02/2025,AS010682,Micro Technology Lanka (Pvt) Ltd,BDCOM:S1006-4p-65 (BDCOM S1006-4p-65 Unmanaged 4 ports 10/100 PoE Ports and 2 Ports 10/100 NON PoE),BDCOM,AR,Non-Taxable Sales,1.00,"6,018.00","6,018.00"
Invoice,07/02/2025,AS010682,Micro Technology Lanka (Pvt) Ltd,BDCOM:S1000-8P2F (BDCOM POE S1000-8P2F  8Port 100M Switch),BDCOM,AR,Non-Taxable Sales,1.00,"7,906.00","7,906.00"
Invoice,07/03/2025,AS010683,Tascon Technologies (Pvt) Ltd,Services,Support and Maintenance,A,Non-Taxable Sales,1.00,"20,060.00","20,060.00"
Invoice,07/03/2025,AS010684,Paramount Technology,BDCOM:S1008 (BDCOM S1008 8 Port 10/100 BaseT Standard Switch),BDCOM,AR,Non-Taxable Sales,2.00,"3,900.00","7,800.00"
Invoice,07/03/2025,AS010685,Barclays Computers (Pvt) Ltd,BDCOM:WAP2100-T512 (BDCOM WAP2100-T512),BDCOM,AR,Taxable Sales,2.00,"16,271.20","32,542.40"
Invoice,07/03/2025,AS010685,Barclays Computers (Pvt) Ltd,"BDCOM:S1516v1 (BDCOM S1516v1 Unmanaged 1Gb, 16 port  Switch)",BDCOM,AR,Taxable Sales,2.00,"16,000.00","32,000.00"
Invoice,07/03/2025,AS010685,Barclays Computers (Pvt) Ltd,BDCOM:S1500-16P2S (BDCOM S1500-16P2S POE Switch),BDCOM,AR,Taxable Sales,1.00,"38,135.50","38,135.50"
Invoice,07/03/2025,AS010685,Barclays Computers (Pvt) Ltd,BDCOM:S1500-24T (BDCOM S1500-24T Switch),BDCOM,AR,Taxable Sales,3.00,"19,800.00","59,400.00"
Invoice,07/03/2025,AS010685,Barclays Computers (Pvt) Ltd,BDCOM:S1200-8P2G (BDCOM S1200-8P2G Switch),BDCOM,AR,Taxable Sales,2.00,"8,500.00","17,000.00"
Invoice,07/03/2025,AS010686,Barclays Computers (Pvt) Ltd,Synology:DS223j (Synology DS223j  ),Synology,AS,Taxable Sales,1.00,"64,000.00","64,000.00"
Invoice,07/04/2025,AS010687,Supervision Technology (Pvt) Ltd,Draytek:Vigor 3910 (Draytek Vigor 3910 Security Appliance..Quad Wan),Draytek,AD,Taxable Sales,1.00,"297,000.00","297,000.00"
Invoice,07/04/2025,AS010688,CK-CCTV Security System (pvt) Ltd,BDCOM:S1006-4p-65 (BDCOM S1006-4p-65 Unmanaged 4 ports 10/100 PoE Ports and 2 Ports 10/100 NON PoE),BDCOM,AR,Non-Taxable Sales,2.00,"6,100.00","12,200.00"
Invoice,07/04/2025,AS010688,CK-CCTV Security System (pvt) Ltd,BDCOM:S1500-8P2G (BDCOM S1500-8P2G Switch),BDCOM,AR,Non-Taxable Sales,1.00,"15,800.00","15,800.00"
Invoice,07/04/2025,AS010688,CK-CCTV Security System (pvt) Ltd,BDCOM:S1008 (BDCOM S1008 8 Port 10/100 BaseT Standard Switch),BDCOM,AR,Non-Taxable Sales,2.00,"3,900.00","7,800.00"
Invoice,07/04/2025,AS010688,CK-CCTV Security System (pvt) Ltd,BDCOM:S1508E,BDCOM,AR,Non-Taxable Sales,2.00,"6,000.00","12,000.00"
Invoice,07/05/2025,AS010689,Sourcecode-LK,Synology:DS223 (Synology Diskstation DS223  2Bay),Synology,AD,Non-Taxable Sales,1.00,"201,780.00","201,780.00"
Invoice,07/05/2025,AS010689,Sourcecode-LK,HDD:HAT3300-2T (Synology 2TB Plus Hard Drive),Hard Drive,AD,Non-Taxable Sales,2.00,0.00,0.00
Invoice,07/05/2025,AS010690,Barclays Computers (Pvt) Ltd,Synology:DS223j (Synology DS223j  ),Synology,AS,Taxable Sales,1.00,"64,000.00","64,000.00"
Invoice,07/05/2025,AS010691,Barclays Computers (Pvt) Ltd,Synology:DS223j (Synology DS223j  ),Synology,AS,Taxable Sales,3.00,"64,000.00","192,000.00"
Invoice,07/07/2025,AS010692,A-Networks (Pvt) Ltd,HDD:HAT3300-4T (Synology 4TB Plus HDD),Hard Drive,AD,Taxable Sales,3.00,"43,000.00","129,000.00"
Invoice,07/07/2025,AS010693,M & A Distributors (Pvt) Ltd,Synology:DS223j (Synology DS223j  ),Synology,AD,Taxable Sales,1.00,"64,000.00","64,000.00"
Invoice,07/07/2025,AS010694,Barclays Computers (Pvt) Ltd,Synology:DS423 (Synology DS423 4 Bay NAS),Synology,AS,Taxable Sales,2.00,"130,000.00","260,000.00"
Invoice,07/08/2025,AS010695,SLT VisionCom (Pvt) Ltd,MA (Maintenance  Agreement),Support and Maintenance,A,Taxable Sales,1.00,"309,815.00","309,815.00"
Invoice,07/08/2025,AS010696,Alphasonic Technologies (Pvt) Ltd,Synology:DS223 (Synology Diskstation DS223  2Bay),Synology,A,Taxable Sales,1.00,"96,000.00","96,000.00"
Invoice,07/08/2025,AS010696,Alphasonic Technologies (Pvt) Ltd,HDD:HAT3300-2T (Synology 2TB Plus Hard Drive),Hard Drive,A,Taxable Sales,2.00,"36,000.00","72,000.00"
Credit Memo,07/09/2025,AS00112,Orikmo Technologies (Pvt) Ltd,BDCOM:GSFP-SX-D,BDCOM,,Taxable Sales,-8.00,"3,800.00","-30,400.00"
Invoice,07/09/2025,AS010697,BlueChip Technical Services(Pvt)Ltd,Rental,Other Sales,A,Taxable Sales,3.00,"15,000.00","45,000.00"
Invoice,07/11/2025,AS010698,TechCERT,Acronis,Acronics,AS,Taxable Sales,1.00,"19,850.00","19,850.00"
Invoice,07/11/2025,AS010698,TechCERT,Acronis,Acronics,AS,Taxable Sales,2.00,"24,800.00","49,600.00"
Invoice,07/11/2025,AS010699,Neo Solution,Acronis,Acronics,SM,Non-Taxable Sales,1.00,"1,500.00","1,500.00"
Invoice,07/11/2025,AS010700,EPG TECHNOLOGIES,BDCOM:S1008 (BDCOM S1008 8 Port 10/100 BaseT Standard Switch),BDCOM,AR,Non-Taxable Sales,3.00,"3,800.00","11,400.00"
Invoice,07/11/2025,AS010701,KRNS Contractor,BDCOM:S1008 (BDCOM S1008 8 Port 10/100 BaseT Standard Switch),BDCOM,AR,Non-Taxable Sales,2.00,"3,800.00","7,600.00"
Invoice,07/11/2025,AS010701,KRNS Contractor,BDCOM:S1508E,BDCOM,AR,Non-Taxable Sales,2.00,"6,000.00","12,000.00"
Invoice,07/14/2025,AS010702,SILVERLINE INFORMATION TECHNOLOGY PVT LTD,Synology:RS822RP+ (Synology Rackstation RS822RP+),Synology,A,Taxable Sales,1.00,"512,325.00","512,325.00"
Invoice,07/14/2025,AS010702,SILVERLINE INFORMATION TECHNOLOGY PVT LTD,Synology:1 U Fixed Rail Kit,Synology,A,Taxable Sales,1.00,,
Invoice,07/14/2025,AS010703,Rapidventure (Pvt) Ltd,Draytek:Vigor 2915 (Draytek Vigor 2915 Security Appliance),Draytek,AD,Taxable Sales,1.00,"64,000.00","64,000.00"
Invoice,07/14/2025,AS010703,Rapidventure (Pvt) Ltd,Draytek,Draytek,AD,Taxable Sales,1.00,"20,000.00","20,000.00"
Invoice,07/14/2025,AS010704,Green Digital Technologies (Pvt) Ltd,BDCOM:S1006-4p-65 (BDCOM S1006-4p-65 Unmanaged 4 ports 10/100 PoE Ports and 2 Ports 10/100 NON PoE),BDCOM,AR,Non-Taxable Sales,1.00,"6,000.00","6,000.00"
Invoice,07/15/2025,AS010705,Gadgetbox,HDD:HAT3300-4T (Synology 4TB Plus HDD),Hard Drive,SM,Non-Taxable Sales,2.00,"45,076.00","90,152.00"
Invoice,07/15/2025,AS010706,Chris and Mayu Photographers,HDD:HAT3300-6T (Synology 6TB Plus Hard Drive),Hard Drive,AD,Non-Taxable Sales,2.00,"74,000.00","148,000.00"
Invoice,07/15/2025,AS010707,RK Computers,BDCOM:S1008 (BDCOM S1008 8 Port 10/100 BaseT Standard Switch),BDCOM,AR,Non-Taxable Sales,2.00,"3,894.00","7,788.00"
Invoice,07/15/2025,AS010707,RK Computers,BDCOM:S1508E,BDCOM,AR,Non-Taxable Sales,2.00,"5,959.00","11,918.00"
Invoice,07/15/2025,AS010707,RK Computers,BDCOM:S1000-8P2F (BDCOM POE S1000-8P2F  8Port 100M Switch),BDCOM,AR,Non-Taxable Sales,1.00,"7,906.00","7,906.00"
Invoice,07/15/2025,AS010707,RK Computers,BDCOM:S1200-8P2G (BDCOM S1200-8P2G Switch),BDCOM,AR,Non-Taxable Sales,1.00,"10,384.00","10,384.00"
Invoice,07/16/2025,AS010708,Alphasonic Technologies (Pvt) Ltd,Synology:DS925+ (Synology NAS DS925+ 4 Bay NAS),Synology,A,Taxable Sales,1.00,"233,887.50","233,887.50"
Invoice,07/16/2025,AS010708,Alphasonic Technologies (Pvt) Ltd,HDD:HAT3300-4T (Synology 4TB Plus HDD),Hard Drive,A,Taxable Sales,2.00,"41,512.50","83,025.00"
Invoice,07/16/2025,AS010709,Synergy Ventures,Services,Support and Maintenance,AS,Non-Taxable Sales,1.00,"5,900.00","5,900.00"
Invoice,07/16/2025,AS010710,Netsys Solutions (Pvt) Ltd,Synology:RS1221RP+,Synology,A,Taxable Sales,1.00,"588,000.00","588,000.00"
Invoice,07/16/2025,AS010710,Netsys Solutions (Pvt) Ltd,HDD:HAT5310-8T (Synology 8TB Enterprise Hard Drive),Hard Drive,A,Taxable Sales,4.00,"109,000.00","436,000.00"
Invoice,07/16/2025,AS010710,Netsys Solutions (Pvt) Ltd,Synology:2 U Sliding Rail Kit,Synology,A,Taxable Sales,1.00,,
Invoice,07/17/2025,AS010711,Gadgetbox,Synology:RX1217RP (Synology RX1217 RP  12 Bay Expansion),Synology,AD,Non-Taxable Sales,1.00,"731,600.00","731,600.00"
Invoice,07/17/2025,AS010711,Gadgetbox,HDD:HAT3310-16T (Synology 16TB Plus HDD),Hard Drive,AD,Non-Taxable Sales,3.00,"136,880.00","410,640.00"
Invoice,07/17/2025,AS010711,Gadgetbox,Synology:2 U Sliding Rail Kit,Synology,AD,Non-Taxable Sales,1.00,"64,900.00","64,900.00"
Invoice,07/17/2025,AS010712,Adapt Information Technologies,Synology:RS822RP+ (Synology Rackstation RS822RP+),Synology,A,Taxable Sales,1.00,"482,000.00","482,000.00"
Invoice,07/17/2025,AS010712,Adapt Information Technologies,HDD:HAT3300-4T (Synology 4TB Plus HDD),Hard Drive,A,Taxable Sales,4.00,"42,000.00","168,000.00"
Invoice,07/17/2025,AS010712,Adapt Information Technologies,Discount,Sales Discount,A,Taxable Sales,,"-6,000.00","-6,000.00"
Invoice,07/17/2025,AS010712,Adapt Information Technologies,Synology:1 U Fixed Rail Kit,Synology,A,Taxable Sales,1.00,,
Invoice,07/17/2025,AS010713,Touch Solution Systems (Private) Limited,RS2423RP+ (Synology RackStation RS2423RP+ 12Bay),Synology,A,Taxable Sales,1.00,"1,138,000.00","1,138,000.00"
Invoice,07/17/2025,AS010713,Touch Solution Systems (Private) Limited,HDD:HAT3310-16T (Synology 16TB Plus HDD),Hard Drive,A,Taxable Sales,10.00,"114,000.00","1,140,000.00"
Invoice,07/17/2025,AS010713,Touch Solution Systems (Private) Limited,Synology:Single Port T1 Card,Synology,A,Taxable Sales,1.00,,
Invoice,07/17/2025,AS010713,Touch Solution Systems (Private) Limited,800GB Synology NVMe SSD (Synology 800GB M.2 SSD (SNV3510-800G) NVMe),Hard Drive,A,Taxable Sales,2.00,"116,400.00","232,800.00"
Invoice,07/17/2025,AS010713,Touch Solution Systems (Private) Limited,Synology:2 U Sliding Rail Kit,Synology,A,Taxable Sales,1.00,,
Invoice,07/18/2025,AS010714,Alphasonic Technologies (Pvt) Ltd,HDD:HAT3300-4T (Synology 4TB Plus HDD),Hard Drive,A,Taxable Sales,3.00,"42,525.00","127,575.00"
Invoice,07/18/2025,AS010715,Micro Solutions Information Systems (Pvt),Synology:DS425+ (Synology DiskStation DS425+ 4 Bay),Synology,A,Taxable Sales,1.00,"166,000.00","166,000.00"
Invoice,07/18/2025,AS010715,Micro Solutions Information Systems (Pvt),HDD:HAT3300-4T (Synology 4TB Plus HDD),Hard Drive,A,Taxable Sales,4.00,"42,000.00","168,000.00"
Invoice,07/19/2025,AS010716,AL - ARAF HOTELS & RESORT (PVT) LTD,Hosting (Hosting),Support and Maintenance,AS,Taxable Sales,1.00,"3,045.00","3,045.00"
Invoice,07/19/2025,AS010717,LANKA COMMODITY BROKERS LTD,Host Email,Support and Maintenance,AS,Taxable Sales,1.00,"18,565.37","18,565.37"
Invoice,07/19/2025,AS010718,LANKA COMMODITY BROKERS LTD,Services,Support and Maintenance,AS,Taxable Sales,1.00,"6,765.99","6,765.99"
Invoice,07/19/2025,AS010719,LANKA MOUNT CASTLE (PVT) LTD,Host Email,Support and Maintenance,AS,Taxable Sales,1.00,"15,225.00","15,225.00"
Invoice,07/19/2025,AS010720,Wiscom Information Technology (Pvt) Ltd,Acronis,Acronics,SM,Non-Taxable Sales,1.00,"6,000.00","6,000.00"
Invoice,07/21/2025,AS010721,Southern Technologies,BDCOM:S1200-8P2G (BDCOM S1200-8P2G Switch),BDCOM,AR,Non-Taxable Sales,1.00,"10,600.00","10,600.00"
Invoice,07/21/2025,AS010722,Cameralk (Pvt) Ltd,Synology:Power Adaptor (Power Adaptor),Hardware,AD,Taxable Sales,1.00,"40,000.00","40,000.00"
Invoice,07/22/2025,AS010723,Studio Lakdam,HDD:HAT3310-16T (Synology 16TB Plus HDD),Hard Drive,AD,Non-Taxable Sales,1.00,"163,000.00","163,000.00"
Invoice,07/23/2025,AS010724,MM Trade Stationers (Pvt) Ltd.,Synology:DS925+ (Synology NAS DS925+ 4 Bay NAS),Synology,AR,Taxable Sales,1.00,"210,000.00","210,000.00"
Invoice,07/24/2025,AS010725,ICC Inernational Construction Consortium,HDD:HAT3300-2T (Synology 2TB Plus Hard Drive),Hard Drive,AD,Taxable Sales,1.00,"39,000.00","39,000.00"
Invoice,07/24/2025,AS010726,Network Information Technologies (Pvt) Lt,Acronis,Acronics,AS,Taxable Sales,1.00,"228,415.09","228,415.09"
Invoice,07/24/2025,AS010727,ABSOLUTE BUSINESS SOLUTIONS ( PVT) LTD,Acronis,Acronics,SM,Non-Taxable Sales,1.00,"2,000.00","2,000.00"
Invoice,07/24/2025,AS010728,ABSOLUTE BUSINESS SOLUTIONS ( PVT) LTD,Acronis,Acronics,SM,Non-Taxable Sales,1.00,"2,000.00","2,000.00"
Invoice,07/25/2025,AS010729,Micro Technology Lanka (Pvt) Ltd,BDCOM:S1000-8P2F (BDCOM POE S1000-8P2F  8Port 100M Switch),BDCOM,AR,Non-Taxable Sales,2.00,"7,906.00","15,812.00"
Invoice,07/25/2025,AS010729,Micro Technology Lanka (Pvt) Ltd,BDCOM:S1508E,BDCOM,AR,Non-Taxable Sales,1.00,"5,959.00","5,959.00"
Invoice,07/28/2025,AS010730,Edge Networks (PVT) LTD,BDCOM:S1500-8P2G (BDCOM S1500-8P2G Switch),BDCOM,A,Taxable Sales,1.00,"13,700.00","13,700.00"
Invoice,07/28/2025,AS010731,Network Information Technologies (Pvt) Lt,Synology,Synology,AS,Taxable Sales,1.00,"15,250.00","15,250.00"
Invoice,07/28/2025,AS010732,Softlogic Life Insurance PLC,Services,Support and Maintenance,AS,Non-Taxable Sales,1.00,"35,400.00","35,400.00"
Invoice,07/28/2025,AS010733,NHK Holdings International (Pvt) Ltd,BDCOM:S1500-8P2G (BDCOM S1500-8P2G Switch),BDCOM,AR,Non-Taxable Sales,1.00,"16,110.00","16,110.00"
Invoice,07/29/2025,AS010734,Manons Cine Combines,Services,Support and Maintenance,AD,Non-Taxable Sales,1.00,"11,800.00","11,800.00"
Invoice,07/31/2025,AS010735,MARS Network (Pvt) Ltd,Synology:RS2821RP+ (Synology NAS RS2821RP+ 16 Bay NAS),Synology,A,Taxable Sales,1.00,"1,281,825.00","1,281,825.00"
Invoice,07/31/2025,AS010735,MARS Network (Pvt) Ltd,HDD:HAT3310-16T (Synology 16TB Plus HDD),Hard Drive,A,Taxable Sales,3.00,"124,537.50","373,612.50"
Invoice,07/31/2025,AS010735,MARS Network (Pvt) Ltd,Synology:2 U Sliding Rail Kit,Synology,A,Taxable Sales,1.00,,
Credit Memo,08/01/2025,AS00113,TWINTECH HOLDINGS PVT LTD,BDCOM:S1500-24T (BDCOM S1500-24T Switch),BDCOM,,Taxable Sales,-1.00,"19,900.00","-19,900.00"
Credit Memo,08/01/2025,AS00113,TWINTECH HOLDINGS PVT LTD,BDCOM:WAP2100-T512 (BDCOM WAP2100-T512),BDCOM,,Taxable Sales,-1.00,"15,790.00","-15,790.00"
Credit Memo,08/01/2025,AS00113,TWINTECH HOLDINGS PVT LTD,BDCOM:WAP2100-T618 (BDCOM WAP2100-T618),BDCOM,,Taxable Sales,-1.00,"20,650.00","-20,650.00"
Credit Memo,08/01/2025,AS00114,TWINTECH HOLDINGS PVT LTD,BDCOM:S1006-4p-65 (BDCOM S1006-4p-65 Unmanaged 4 ports 10/100 PoE Ports and 2 Ports 10/100 NON PoE),BDCOM,,Taxable Sales,-2.00,"5,100.00","-10,200.00"
Credit Memo,08/01/2025,AS00114,TWINTECH HOLDINGS PVT LTD,BDCOM:S1500-8P2G (BDCOM S1500-8P2G Switch),BDCOM,,Taxable Sales,-2.00,"13,360.00","-26,720.00"
Credit Memo,08/01/2025,AS00114,TWINTECH HOLDINGS PVT LTD,BDCOM:S1508E,BDCOM,,Taxable Sales,-2.00,"5,050.00","-10,100.00"
Invoice,08/01/2025,AS010736,Tekki (Pvt) Ltd,Rental,Other Sales,AS,Non-Taxable Sales,10.00,"2,360.00","23,600.00"
Invoice,08/01/2025,AS010737,Unity Systems Solutions,Synology:DS223 (Synology Diskstation DS223  2Bay),Synology,AD,Taxable Sales,1.00,"93,000.00","93,000.00"
Invoice,08/01/2025,AS010738,Micro Technology Lanka (Pvt) Ltd,Accs (Accessories),Hardware,AR,Non-Taxable Sales,60.00,60.00,"3,600.00"
Invoice,08/02/2025,AS010739,Barclays Computers (Pvt) Ltd,BDCOM:S1500-16P2S (BDCOM S1500-16P2S POE Switch),BDCOM,AR,Taxable Sales,1.00,"38,135.53","38,135.53"
Invoice,08/04/2025,AS010740,AL - ARAF HOTELS & RESORT (PVT) LTD,Hosting (Hosting),Support and Maintenance,AS,Taxable Sales,1.00,"3,045.00","3,045.00"
Invoice,08/04/2025,AS010741,I M Solutions,BDCOM:S1500-8P2G (BDCOM S1500-8P2G Switch),BDCOM,AD,Taxable Sales,12.00,"14,000.00","168,000.00"
Invoice,08/04/2025,AS010742,E Technology System (Pvt) Ltd,Synology:DS423 (Synology DS423 4 Bay NAS),Synology,AD,Taxable Sales,1.00,"129,000.00","129,000.00"
Invoice,08/05/2025,AS010743,Apex Business Solutions PVT Ltd.,BDCOM:S1500-24P2S (BDCOM S1500-24P2S Switch),BDCOM,AD,Taxable Sales,1.00,"57,000.00","57,000.00"
Invoice,08/05/2025,AS010744,MARS Network (Pvt) Ltd,RAM,Hardware,A,Taxable Sales,1.00,"32,000.00","32,000.00"
Invoice,08/06/2025,AS010745,NextGen Holdings,Synology:DS425+ (Synology DiskStation DS425+ 4 Bay),Synology,AD,Taxable Sales,1.00,"157,000.00","157,000.00"
Invoice,08/06/2025,AS010745,NextGen Holdings,HDD:HAT3310-8T (Synology 8TB Plus Hard Drive),Hard Drive,AD,Taxable Sales,3.00,"83,000.00","249,000.00"
Invoice,08/06/2025,AS010746,Techtron Integrated Solutions (Pvt) Ltd,Synology:DS223j (Synology DS223j  ),Synology,AS,Taxable Sales,1.00,"64,000.00","64,000.00"
Invoice,08/06/2025,AS010747,RK Computers,BDCOM:S1008 (BDCOM S1008 8 Port 10/100 BaseT Standard Switch),BDCOM,AR,Non-Taxable Sales,2.00,"3,894.00","7,788.00"
Invoice,08/06/2025,AS010747,RK Computers,BDCOM:S1508E,BDCOM,AR,Non-Taxable Sales,1.00,"5,959.00","5,959.00"
Invoice,08/07/2025,AS010748,D.Samson Industries (Pvt) Ltd,HDD:2 TB NAS (2 TB Seagate Ironwolf NAS Hard Drive),Hard Drive,AS,Taxable Sales,1.00,"57,000.00","57,000.00"
Invoice,08/11/2025,AS010749,BlueChip Technical Services(Pvt)Ltd,Rental,Other Sales,A,Taxable Sales,1.00,"15,000.00","15,000.00"
Invoice,08/12/2025,AS010750,Apex Business Solutions PVT Ltd.,Synology:DS1825+ (Synology Disktation DS1825+ NAS Unit),Synology,AD,Taxable Sales,1.00,"367,000.00","367,000.00"
Invoice,08/12/2025,AS010750,Apex Business Solutions PVT Ltd.,HDD:HAT3300-12T (12TB Synology Plus Hard Drive),Hard Drive,AD,Taxable Sales,2.00,"112,000.00","224,000.00"
Invoice,08/12/2025,AS010751,Premier IT Solutions (pvt) Ltd,HDD:HAT3300-4T (Synology 4TB Plus HDD),Hard Drive,AD,Taxable Sales,1.00,"42,500.00","42,500.00"
Invoice,08/13/2025,AS010752,Softlogic Information Technologies (Pvt),MA (Maintenance  Agreement),Support and Maintenance,A,Taxable Sales,1.00,"149,000.00","149,000.00"
Invoice,08/13/2025,AS010752,Softlogic Information Technologies (Pvt),24x7 Support (24x7 Support),Other Sales,A,Taxable Sales,1.00,"37,250.00","37,250.00"
Invoice,08/13/2025,AS010753,OAK INTEGRATED SYSTEMS PVT LTD,Acronis,Acronics,A,Taxable Sales,1.00,"192,000.00","192,000.00"
Invoice,08/14/2025,AS010754,Techno Mobile & CCTV,BDCOM:S1200-16P2G1S (BDCOM 16Port 100M POE+ 2Port 1G RJ45 + 1 -Port GE SFP port Unmanaged POE Sw...,BDCOM,AR,Non-Taxable Sales,1.00,"26,500.00","26,500.00"
Invoice,08/15/2025,AS010755,Southern Technologies,BDCOM:S1200-8P2G (BDCOM S1200-8P2G Switch),BDCOM,AR,Non-Taxable Sales,1.00,"10,500.00","10,500.00"
Invoice,08/18/2025,AS010756,Neo Solution,Acronis,Acronics,SM,Non-Taxable Sales,1.00,"1,500.00","1,500.00"
Invoice,08/18/2025,AS010757,Wiscom Information Technology (Pvt) Ltd,Acronis,Acronics,SM,Non-Taxable Sales,1.00,"12,500.00","12,500.00"
Invoice,08/18/2025,AS010758,ABSOLUTE BUSINESS SOLUTIONS ( PVT) LTD,Acronis,Acronics,SM,Non-Taxable Sales,1.00,"2,000.00","2,000.00"
Invoice,08/18/2025,AS010759,ABSOLUTE BUSINESS SOLUTIONS ( PVT) LTD,Acronis,Acronics,SM,Non-Taxable Sales,1.00,"2,000.00","2,000.00"
Invoice,08/18/2025,AS010760,Edge Networks (PVT) LTD,BDCOM:S1500-16P2S (BDCOM S1500-16P2S POE Switch),BDCOM,A,Taxable Sales,3.00,"39,500.00","118,500.00"
Invoice,08/18/2025,AS010761,LANKA COMMODITY BROKERS LTD,Services,Support and Maintenance,AS,Taxable Sales,1.00,"6,760.44","6,760.44"
Invoice,08/18/2025,AS010762,LANKA COMMODITY BROKERS LTD,Host Email,Support and Maintenance,AS,Taxable Sales,1.00,"18,550.12","18,550.12"
Invoice,08/18/2025,AS010763,LANKA MOUNT CASTLE (PVT) LTD,Host Email,Support and Maintenance,AS,Taxable Sales,1.00,"15,212.50","15,212.50"
Invoice,08/18/2025,AS010764,Softlogic Information Technologies (Pvt),Synology:RS822RP+ (Synology Rackstation RS822RP+),Synology,AD,Taxable Sales,1.00,"562,000.00","562,000.00"
Invoice,08/18/2025,AS010764,Softlogic Information Technologies (Pvt),HDD:HAT3300-4T (Synology 4TB Plus HDD),Hard Drive,AD,Taxable Sales,4.00,"59,000.00","236,000.00"
Invoice,08/18/2025,AS010764,Softlogic Information Technologies (Pvt),Synology:1 U Fixed Rail Kit,Synology,AD,Taxable Sales,1.00,,
Invoice,08/19/2025,AS010765,Debug Computer Peripherals (Pvt) Ltd,BDCOM:WAP2100-T618 (BDCOM WAP2100-T618),BDCOM,AD,Taxable Sales,1.00,"27,700.00","27,700.00"
Invoice,08/19/2025,AS010766,Phoenix Ogilvy (Pvt) Ltd,Synology:DS1825+ (Synology Disktation DS1825+ NAS Unit),Synology,AS,Taxable Sales,2.00,"367,000.00","734,000.00"
Invoice,08/19/2025,AS010766,Phoenix Ogilvy (Pvt) Ltd,HDD:HAT3310-8T (Synology 8TB Plus Hard Drive),Hard Drive,AS,Taxable Sales,8.00,"83,000.00","664,000.00"
Invoice,08/19/2025,AS010767,Southern Technologies,BDCOM:S1200-8P2G (BDCOM S1200-8P2G Switch),BDCOM,AR,Non-Taxable Sales,2.00,"10,500.00","21,000.00"
Invoice,08/19/2025,AS010768,Synergy Ventures,BDCOM:S1508E,BDCOM,AS,Non-Taxable Sales,1.00,"11,800.00","11,800.00"
Invoice,08/20/2025,AS010769,Pubudu Engineering (Pvt) Ltd,Synology:DS1520+ (Synology NAS DS1520+ 8GB  5 Bay NAS),Synology,AS,Taxable Sales,1.00,"282,000.00","282,000.00"
Invoice,08/20/2025,AS010769,Pubudu Engineering (Pvt) Ltd,Services,Support and Maintenance,AS,Taxable Sales,1.00,"10,000.00","10,000.00"
Invoice,08/20/2025,AS010769,Pubudu Engineering (Pvt) Ltd,Services,Support and Maintenance,AS,Taxable Sales,1.00,"10,000.00","10,000.00"
Invoice,08/20/2025,AS010769,Pubudu Engineering (Pvt) Ltd,Rental,Other Sales,AS,Taxable Sales,1.00,"30,000.00","30,000.00"
Invoice,08/20/2025,AS010769,Pubudu Engineering (Pvt) Ltd,Discount,Sales Discount,AS,Taxable Sales,,"-5,000.00","-5,000.00"
Invoice,08/21/2025,AS010770,Base Hp (Pvt) Ltd,HDD:HAT5310-8T (Synology 8TB Enterprise Hard Drive),Hard Drive,A,Taxable Sales,5.00,"114,000.00","570,000.00"
Invoice,08/21/2025,AS010770,Base Hp (Pvt) Ltd,Synology:RS3621RPxs,Synology,A,Taxable Sales,1.00,"1,427,000.00","1,427,000.00"
Invoice,08/21/2025,AS010770,Base Hp (Pvt) Ltd,Synology:2 U Sliding Rail Kit,Synology,A,Taxable Sales,1.00,,
Invoice,08/21/2025,AS010771,Univell Enterprise Solutions (Pvt) Ltd,Synology:DS1825+ (Synology Disktation DS1825+ NAS Unit),Synology,AS,Taxable Sales,1.00,"344,000.00","344,000.00"
Invoice,08/21/2025,AS010771,Univell Enterprise Solutions (Pvt) Ltd,HDD:HAT3310-8T (Synology 8TB Plus Hard Drive),Hard Drive,AS,Taxable Sales,4.00,"87,000.00","348,000.00"
Invoice,08/22/2025,AS010772,GTS Technology Solutions (pvt) Ltd,Synology:DS423 (Synology DS423 4 Bay NAS),Synology,A,Taxable Sales,1.00,"149,000.00","149,000.00"
Invoice,08/22/2025,AS010772,GTS Technology Solutions (pvt) Ltd,HDD:HAT3300-6T (Synology 6TB Plus Hard Drive),Hard Drive,A,Taxable Sales,3.00,"62,000.00","186,000.00"
Invoice,08/22/2025,AS010772,GTS Technology Solutions (pvt) Ltd,Discount,Sales Discount,A,Taxable Sales,,"-14,000.00","-14,000.00"
Invoice,08/23/2025,AS010773,Barclays Computers (Pvt) Ltd,Synology:DS423 (Synology DS423 4 Bay NAS),Synology,AS,Taxable Sales,2.00,"130,000.00","260,000.00"
Invoice,08/23/2025,AS010774,Barclays Computers (Pvt) Ltd,BDCOM:WAP2100-T512 (BDCOM WAP2100-T512),BDCOM,AR,Taxable Sales,1.00,"16,271.18","16,271.18"
Invoice,08/23/2025,AS010774,Barclays Computers (Pvt) Ltd,BDCOM:S1000-8P2F (BDCOM POE S1000-8P2F  8Port 100M Switch),BDCOM,AR,Taxable Sales,2.00,"6,900.00","13,800.00"
Invoice,08/23/2025,AS010774,Barclays Computers (Pvt) Ltd,BDCOM:S1508E,BDCOM,AR,Taxable Sales,10.00,"5,000.00","50,000.00"
Invoice,08/25/2025,AS010775,TIMEX GARMENTS (Pvt) LTD,HDD:HAT3300-4T (Synology 4TB Plus HDD),Hard Drive,AS,Taxable Sales,3.00,"47,000.00","141,000.00"
Invoice,08/27/2025,AS010776,Adventa Holdings (Pvt) Ltd,Synology:DS425+ (Synology DiskStation DS425+ 4 Bay),Synology,A,Taxable Sales,1.00,"185,000.00","185,000.00"
Invoice,08/27/2025,AS010776,Adventa Holdings (Pvt) Ltd,HDD:HAT3310-12T (12TB Synology Plus HDD),Hard Drive,A,Taxable Sales,4.00,"118,000.00","472,000.00"
Invoice,08/27/2025,AS010776,Adventa Holdings (Pvt) Ltd,Discount,Sales Discount,A,Taxable Sales,,"-13,000.00","-13,000.00"
Invoice,08/27/2025,AS010777,Brilliant Technologies,BDCOM:S1008 (BDCOM S1008 8 Port 10/100 BaseT Standard Switch),BDCOM,AR,Non-Taxable Sales,3.00,"3,900.00","11,700.00"
Invoice,08/27/2025,AS010778,Green City Global (pvt) Ltd,BDCOM:S1008 (BDCOM S1008 8 Port 10/100 BaseT Standard Switch),BDCOM,AR,Non-Taxable Sales,5.00,"3,970.00","19,850.00"
Invoice,08/27/2025,AS010778,Green City Global (pvt) Ltd,BDCOM:S1500-8T (BDCOM 8-Port Gigabit RJ45 Unmanaged Switch),BDCOM,AR,Non-Taxable Sales,10.00,"6,000.00","60,000.00"
Invoice,08/27/2025,AS010778,Green City Global (pvt) Ltd,BDCOM:S1500-16T (BDCOM S1500-16T Switch),BDCOM,AR,Non-Taxable Sales,1.00,"19,260.00","19,260.00"
Invoice,08/27/2025,AS010778,Green City Global (pvt) Ltd,BDCOM:S1500-24T (BDCOM S1500-24T Switch),BDCOM,AR,Non-Taxable Sales,1.00,"26,500.00","26,500.00"
Invoice,08/27/2025,AS010778,Green City Global (pvt) Ltd,BDCOM:WAP2100-T618 (BDCOM WAP2100-T618),BDCOM,AR,Non-Taxable Sales,1.00,"26,550.00","26,550.00"
Invoice,08/27/2025,AS010778,Green City Global (pvt) Ltd,Synology:DS423 (Synology DS423 4 Bay NAS),Synology,AR,Non-Taxable Sales,1.00,"153,000.00","153,000.00"
Invoice,08/28/2025,AS010779,Techtron Integrated Solutions (Pvt) Ltd,HDD:4TB Ent Toshiba (4TB Enterprise Toshiba HDD),Hard Drive,AS,Taxable Sales,1.00,"52,900.00","52,900.00"
Invoice,08/28/2025,AS010780,Green City Global (pvt) Ltd,Synology:DS225+ (Synology DiskStation DS225+ 2Bay NAS),Synology,AR,Non-Taxable Sales,1.00,"133,340.00","133,340.00"
Invoice,08/29/2025,AS010781,WinSoft Technologies (Pvt)Ltd,Rental,Other Sales,AS,Taxable Sales,2.00,"25,000.00","50,000.00"
Invoice,08/29/2025,AS010782,Southern Technologies,BDCOM:S1200-8P2G (BDCOM S1200-8P2G Switch),BDCOM,AR,Non-Taxable Sales,1.00,"10,500.00","10,500.00"
Invoice,08/30/2025,AS010783,Gadgetbox,Synology:DS225+ (Synology DiskStation DS225+ 2Bay NAS),Synology,AD,Non-Taxable Sales,1.00,"123,074.00","123,074.00"
Invoice,08/30/2025,AS010783,Gadgetbox,HDD:HAT3300-4T (Synology 4TB Plus HDD),Hard Drive,AD,Non-Taxable Sales,2.00,"44,368.00","88,736.00"
Invoice,09/01/2025,AS010784,MM Trade Stationers (Pvt) Ltd.,Synology:DS425+ (Synology DiskStation DS425+ 4 Bay),Synology,AR,Taxable Sales,1.00,"169,000.00","169,000.00"
Invoice,09/02/2025,AS010785,Barclays Computers (Pvt) Ltd,BDCOM:S2900-24S8C4X (BDCOM S2900-24S8C4X 16- Port Gigabit SFP+ 8-Port RJ45 L3-lite Managed Switch),BDCOM,AR,Taxable Sales,1.00,"135,000.00","135,000.00"
Invoice,09/03/2025,AS010786,Green City Global (pvt) Ltd,BDCOM:WAP2100-T618 (BDCOM WAP2100-T618),BDCOM,AR,Non-Taxable Sales,2.00,"26,550.00","53,100.00"
Invoice,09/03/2025,AS010787,Southern Technologies,BDCOM:S1200-8P2G (BDCOM S1200-8P2G Switch),BDCOM,AR,Non-Taxable Sales,1.00,"10,500.00","10,500.00"
Invoice,09/03/2025,AS010788,Barclays Computers (Pvt) Ltd,"BDCOM:S1516v1 (BDCOM S1516v1 Unmanaged 1Gb, 16 port  Switch)",BDCOM,AR,Taxable Sales,1.00,"16,000.00","16,000.00"
Invoice,09/03/2025,AS010788,Barclays Computers (Pvt) Ltd,BDCOM:S1500-16T (BDCOM S1500-16T Switch),BDCOM,AR,Taxable Sales,2.00,"16,450.00","32,900.00"
Invoice,09/04/2025,AS010789,FT Soft (Pvt) Ltd,Synology:DS223 (Synology Diskstation DS223  2Bay),Synology,A,Taxable Sales,1.00,"92,000.00","92,000.00"
Invoice,09/04/2025,AS010789,FT Soft (Pvt) Ltd,HDD:HAT3300-4T (Synology 4TB Plus HDD),Hard Drive,A,Taxable Sales,2.00,"41,000.00","82,000.00"
Invoice,09/04/2025,AS010790,Adapt Information Technologies,Synology:DS223 (Synology Diskstation DS223  2Bay),Synology,A,Taxable Sales,1.00,"94,000.00","94,000.00"
Invoice,09/04/2025,AS010790,Adapt Information Technologies,HDD:HAT3310-8T (Synology 8TB Plus Hard Drive),Hard Drive,A,Taxable Sales,2.00,"82,000.00","164,000.00"
Invoice,09/04/2025,AS010790,Adapt Information Technologies,Discount,Sales Discount,A,Taxable Sales,,"-3,000.00","-3,000.00"
Invoice,09/04/2025,AS010791,Call Lanka Telecom (Pvt) Ltd,BDCOM:S1500-8T (BDCOM 8-Port Gigabit RJ45 Unmanaged Switch),BDCOM,AS,Taxable Sales,2.00,"5,500.00","11,000.00"
Invoice,09/04/2025,AS010791,Call Lanka Telecom (Pvt) Ltd,BDCOM:WAP2100-T618 (BDCOM WAP2100-T618),BDCOM,AS,Taxable Sales,1.00,"23,000.00","23,000.00"
Invoice,09/08/2025,AS010792,I M Solutions,BDCOM:S1500-24P2S-370 (S1500-24P2S-370 BDCOM Switch),BDCOM,AD,Taxable Sales,3.00,"62,000.00","186,000.00"
Invoice,09/08/2025,AS010793,Sevenx Lanka (Pvt) Ltd,BDCOM:S1508E,BDCOM,AD,Taxable Sales,3.00,"5,500.00","16,500.00"
Invoice,09/08/2025,AS010794,Fentons Ltd,Acronis:Acronis Cyber Protect Home Offi (Acronis Cyber Protect Home Office),Acronics,A,Taxable Sales,2.00,"31,000.00","62,000.00"
Invoice,09/09/2025,AS010795,Softlogic Information Technologies (Pvt),HDD:HAT3310-12T (12TB Synology Plus HDD),Hard Drive,A,Taxable Sales,3.00,"107,000.00","321,000.00"
Credit Memo,09/10/2025,AS00115,VS Information Systems (Pvt) Ltd,Synology:RS422+ (Synology RackStation RS422+),Synology,,Taxable Sales,-1.00,"417,400.00","-417,400.00"
Invoice,09/10/2025,AS010796,BlueChip Technical Services(Pvt)Ltd,Rental,Other Sales,A,Taxable Sales,1.00,"15,000.00","15,000.00"
Invoice,09/10/2025,AS010797,Prime Lands (Pvt.) Ltd,HDD:HAT3300-4T (Synology 4TB Plus HDD),Hard Drive,A,Taxable Sales,1.00,"47,000.00","47,000.00"
Invoice,09/10/2025,AS010797,Prime Lands (Pvt.) Ltd,Services,Support and Maintenance,A,Taxable Sales,1.00,"10,000.00","10,000.00"
Invoice,09/11/2025,AS010798,VS Information Systems (Pvt) Ltd,Synology:RS822RP+ (Synology Rackstation RS822RP+),Synology,A,Taxable Sales,1.00,"533,587.50","533,587.50"
Invoice,09/11/2025,AS010799,Office Network (Pvt) Ltd,Synology:DS425+ (Synology DiskStation DS425+ 4 Bay),Synology,A,Taxable Sales,1.00,"165,000.00","165,000.00"
Invoice,09/11/2025,AS010799,Office Network (Pvt) Ltd,HDD:HAT3310-12T (12TB Synology Plus HDD),Hard Drive,A,Taxable Sales,2.00,"111,000.00","222,000.00"
Invoice,09/11/2025,AS010800,Edge Networks (PVT) LTD,Synology:DS225+ (Synology DiskStation DS225+ 2Bay NAS),Synology,A,Taxable Sales,1.00,"113,000.00","113,000.00"
Invoice,09/11/2025,AS010800,Edge Networks (PVT) LTD,HDD:HAT3310-8T (Synology 8TB Plus Hard Drive),Hard Drive,A,Taxable Sales,2.00,"83,000.00","166,000.00"
Invoice,09/12/2025,AS010801,ABC Computers,HDD:HAT5300-12T (Synology 12TB Enterprise Hard Drive),Hard Drive,AD,Taxable Sales,6.00,"176,500.00","1,059,000.00"
Invoice,09/12/2025,AS010802,Southern Technologies,BDCOM:S1200-8P2G (BDCOM S1200-8P2G Switch),BDCOM,AR,Non-Taxable Sales,3.00,"10,500.00","31,500.00"
Invoice,09/12/2025,AS010803,Smart IT Solution-Kekeirawa,BDCOM:S1008 (BDCOM S1008 8 Port 10/100 BaseT Standard Switch),BDCOM,AR,Non-Taxable Sales,2.00,"3,900.00","7,800.00"
Invoice,09/12/2025,AS010803,Smart IT Solution-Kekeirawa,BDCOM:S1016 (BDCOM S1016 16 Port 100M BaseT 1U Rack Mounted),BDCOM,AR,Non-Taxable Sales,1.00,"12,950.00","12,950.00"
Invoice,09/12/2025,AS010803,Smart IT Solution-Kekeirawa,BDCOM:S1024B (BDCOM S1024B 24 Port 100M BaseT 1U Rack Mounted),BDCOM,AR,Non-Taxable Sales,1.00,"19,300.00","19,300.00"
Invoice,09/12/2025,AS010803,Smart IT Solution-Kekeirawa,BDCOM:S1000-8P2F (BDCOM POE S1000-8P2F  8Port 100M Switch),BDCOM,AR,Non-Taxable Sales,1.00,"8,100.00","8,100.00"
Invoice,09/13/2025,AS010804,Apex Business Solutions PVT Ltd.,Acronis,Acronics,AD,Taxable Sales,1.00,"496,000.00","496,000.00"
Invoice,09/13/2025,AS010804,Apex Business Solutions PVT Ltd.,Acronis,Acronics,AD,Taxable Sales,1.00,,
Invoice,09/13/2025,AS010804,Apex Business Solutions PVT Ltd.,Acronis,Acronics,AD,Taxable Sales,1.00,,
Invoice,09/15/2025,AS010805,Adapt Information Technologies,HDD:HAT3310-12T (12TB Synology Plus HDD),Hard Drive,A,Taxable Sales,10.00,"111,000.00","1,110,000.00"
Invoice,09/15/2025,AS010805,Adapt Information Technologies,HDD:SAT5221-1920G (1.92TB Synology Enterprise SATA SSDs),Synology,A,Taxable Sales,3.00,"182,000.00","546,000.00"
Invoice,09/15/2025,AS010805,Adapt Information Technologies,Synology:2 U Sliding Rail Kit,Synology,A,Taxable Sales,1.00,,
Invoice,09/15/2025,AS010805,Adapt Information Technologies,Synology:RS2825RP+ (Synology RackStation RS2825RP+ 16 Bay NAS),Synology,A,Taxable Sales,1.00,"1,386,000.00","1,386,000.00"
Invoice,09/17/2025,AS010806,Electro Net,BDCOM:S1016 (BDCOM S1016 16 Port 100M BaseT 1U Rack Mounted),BDCOM,AD,Non-Taxable Sales,1.00,"14,000.00","14,000.00"
Invoice,09/17/2025,AS010807,Smart Stock (Pvt) Ltd,BDCOM:WAP2100-T618 (BDCOM WAP2100-T618),BDCOM,AR,Non-Taxable Sales,1.00,"26,500.00","26,500.00"
Invoice,09/18/2025,AS010808,NSK Media Systems (Pvt) Ltd,BDCOM:WAP2100-T512 (BDCOM WAP2100-T512),BDCOM,AR,Non-Taxable Sales,1.00,"21,500.00","21,500.00"
Invoice,09/18/2025,AS010808,NSK Media Systems (Pvt) Ltd,BDCOM:WAP2100-T618 (BDCOM WAP2100-T618),BDCOM,AR,Non-Taxable Sales,1.00,"28,000.00","28,000.00"
Invoice,09/20/2025,AS010809,WinSoft Technologies (Pvt)Ltd,Rental,Other Sales,AS,Taxable Sales,1.00,"25,000.00","25,000.00"
Invoice,09/22/2025,AS010810,Gennext (Pvt) Ltd,Synology:DS1525+ (Synology DiskStation DS1525+ 5Bay NAS),Synology,A,Taxable Sales,1.00,"256,162.50","256,162.50"
Invoice,09/22/2025,AS010810,Gennext (Pvt) Ltd,HDD:HAT3300-4T (Synology 4TB Plus HDD),Hard Drive,A,Taxable Sales,5.00,"40,500.00","202,500.00"
Invoice,09/23/2025,AS010811,Shenid IT Solutions,Synology:DS925+ (Synology NAS DS925+ 4 Bay NAS),Synology,AD,Non-Taxable Sales,1.00,"240,720.00","240,720.00"
Invoice,09/23/2025,AS010811,Shenid IT Solutions,HDD:HAT3310-12T (12TB Synology Plus HDD),Hard Drive,AD,Non-Taxable Sales,4.00,"132,160.00","528,640.00"
Invoice,09/23/2025,AS010812,Neo Solution,Acronis,Acronics,SM,Non-Taxable Sales,1.00,"1,500.00","1,500.00"
Invoice,09/23/2025,AS010813,Wiscom Information Technology (Pvt) Ltd,Acronis,Acronics,SM,Non-Taxable Sales,1.00,"12,500.00","12,500.00"
Invoice,09/23/2025,AS010814,ABSOLUTE BUSINESS SOLUTIONS ( PVT) LTD,Acronis,Acronics,SM,Non-Taxable Sales,1.00,"2,000.00","2,000.00"
Invoice,09/23/2025,AS010815,ABSOLUTE BUSINESS SOLUTIONS ( PVT) LTD,Acronis,Acronics,SM,Non-Taxable Sales,1.00,"2,000.00","2,000.00"
Invoice,09/23/2025,AS010816,Byte Bolster solution,BDCOM:S2528P (Ethernet POE Switch with 4GE TX/SFP combo ports and 24 GE PoE Ports),BDCOM,AD,Non-Taxable Sales,3.00,"118,000.00","354,000.00"
Invoice,09/23/2025,AS010817,LANKA COMMODITY BROKERS LTD,Host Email,Support and Maintenance,AS,Taxable Sales,1.00,"18,626.34","18,626.34"
Invoice,09/23/2025,AS010818,LANKA COMMODITY BROKERS LTD,Services,Support and Maintenance,AS,Taxable Sales,1.00,"6,788.21","6,788.21"
Invoice,09/23/2025,AS010819,LANKA MOUNT CASTLE (PVT) LTD,Host Email,Support and Maintenance,AS,Taxable Sales,1.00,"15,275.00","15,275.00"
Invoice,09/23/2025,AS010820,AL - ARAF HOTELS & RESORT (PVT) LTD,Hosting (Hosting),Support and Maintenance,AS,Taxable Sales,1.00,"3,055.00","3,055.00"
Invoice,09/24/2025,AS010821,Base Hp (Pvt) Ltd,Synology:DS925+ (Synology NAS DS925+ 4 Bay NAS),Synology,A,Taxable Sales,1.00,"202,000.00","202,000.00"
Invoice,09/24/2025,AS010821,Base Hp (Pvt) Ltd,HDD:HAT3310-16T (Synology 16TB Plus HDD),Hard Drive,A,Taxable Sales,4.00,"123,000.00","492,000.00"
Invoice,09/24/2025,AS010822,Base Hp (Pvt) Ltd,Synology:RS1221RP+,Synology,A,Taxable Sales,1.00,"605,500.00","605,500.00"
Invoice,09/24/2025,AS010822,Base Hp (Pvt) Ltd,HDD:HAT3310-8T (Synology 8TB Plus Hard Drive),Hard Drive,A,Taxable Sales,6.00,"82,083.33","492,499.98"
Invoice,09/24/2025,AS010822,Base Hp (Pvt) Ltd,Synology:2 U Sliding Rail Kit,Synology,A,Taxable Sales,1.00,,
Invoice,09/24/2025,AS010823,ARC ONE (Pvt) Ltd,Synology:DS425+ (Synology DiskStation DS425+ 4 Bay),Synology,AD,Taxable Sales,1.00,"196,000.00","196,000.00"
Invoice,09/24/2025,AS010823,ARC ONE (Pvt) Ltd,HDD:HAT3310-8T (Synology 8TB Plus Hard Drive),Hard Drive,AD,Taxable Sales,4.00,"83,000.00","332,000.00"
Invoice,09/24/2025,AS010823,ARC ONE (Pvt) Ltd,Discount,Sales Discount,AD,Taxable Sales,,"-7,000.00","-7,000.00"
Invoice,09/24/2025,AS010824,Barclays Computers (Pvt) Ltd,Synology:DS225+ (Synology DiskStation DS225+ 2Bay NAS),Synology,AS,Taxable Sales,1.00,"113,000.00","113,000.00"
Invoice,09/24/2025,AS010824,Barclays Computers (Pvt) Ltd,Synology:DS223j (Synology DS223j  ),Synology,AS,Taxable Sales,1.00,"64,000.00","64,000.00"
Invoice,09/24/2025,AS010824,Barclays Computers (Pvt) Ltd,Synology:DS423 (Synology DS423 4 Bay NAS),Synology,AS,Taxable Sales,2.00,"130,000.00","260,000.00"
Invoice,09/24/2025,AS010825,Openlink (PVT) Ltd,Synology:DS423 (Synology DS423 4 Bay NAS),Synology,A,Taxable Sales,1.00,"129,600.00","129,600.00"
Invoice,09/24/2025,AS010825,Openlink (PVT) Ltd,HDD:HAT3300-6T (Synology 6TB Plus Hard Drive),Hard Drive,A,Taxable Sales,4.00,"62,000.00","248,000.00"
Invoice,09/25/2025,AS010826,Adapt Information Technologies,Synology:RS822RP+ (Synology Rackstation RS822RP+),Synology,A,Taxable Sales,1.00,"464,000.00","464,000.00"
Invoice,09/25/2025,AS010826,Adapt Information Technologies,HDD:HAT3310-8T (Synology 8TB Plus Hard Drive),Hard Drive,A,Taxable Sales,4.00,"82,000.00","328,000.00"
Invoice,09/25/2025,AS010826,Adapt Information Technologies,Synology:1 U Fixed Rail Kit,Synology,A,Taxable Sales,1.00,,
Credit Memo,09/26/2025,AS00116,Green City Global (pvt) Ltd,Synology:DS225+ (Synology DiskStation DS225+ 2Bay NAS),Synology,,Non-Taxable Sales,-1.00,"133,340.00","-133,340.00"
Invoice,09/26/2025,AS010827,Berlin Engineering (PVT) LTD,BDCOM:S1518-16P-330 (BDCOM S1518-16P-330 16Port Unmanaged Gigabit POE Switch),BDCOM,AR,Non-Taxable Sales,1.00,"48,250.00","48,250.00"
Invoice,09/26/2025,AS010827,Berlin Engineering (PVT) LTD,BDCOM:WAP2100-T618 (BDCOM WAP2100-T618),BDCOM,AR,Non-Taxable Sales,2.00,"24,300.00","48,600.00"
Invoice,09/26/2025,AS010828,Network Information Technologies (Pvt) Lt,Synology:DS225+ (Synology DiskStation DS225+ 2Bay NAS),Synology,AS,Taxable Sales,1.00,"277,000.00","277,000.00"
Invoice,09/26/2025,AS010828,Network Information Technologies (Pvt) Lt,HDD:HAT3310-8T (Synology 8TB Plus Hard Drive),Hard Drive,AS,Taxable Sales,2.00,,
Invoice,09/29/2025,AS010829,GTS Technology Solutions (pvt) Ltd,Synology:DS1525+ (Synology DiskStation DS1525+ 5Bay NAS),Synology,A,Taxable Sales,1.00,"253,000.00","253,000.00"
Invoice,09/29/2025,AS010829,GTS Technology Solutions (pvt) Ltd,HDD:HAT3300-6T (Synology 6TB Plus Hard Drive),Hard Drive,A,Taxable Sales,3.00,"62,000.00","186,000.00"
Invoice,09/29/2025,AS010830,Ceylinco General Insurance Limited,MA (Maintenance  Agreement),Support and Maintenance,AS,Non-Taxable Sales,1.00,,
Invoice,09/29/2025,AS010830,Ceylinco General Insurance Limited,MA (Maintenance  Agreement),Support and Maintenance,AS,Taxable Sales,1.00,"518,600.00","518,600.00"
Invoice,09/29/2025,AS010830,Ceylinco General Insurance Limited,MA (Maintenance  Agreement),Support and Maintenance,AS,Taxable Sales,1.00,"568,520.00","568,520.00"
Invoice,09/29/2025,AS010830,Ceylinco General Insurance Limited,MA (Maintenance  Agreement),Support and Maintenance,AS,Taxable Sales,1.00,"568,520.00","568,520.00"
Invoice,09/29/2025,AS010831,Base Hp (Pvt) Ltd,Synology:DS1825+ (Synology Disktation DS1825+ NAS Unit),Synology,A,Taxable Sales,1.00,"452,000.00","452,000.00"
Invoice,09/29/2025,AS010831,Base Hp (Pvt) Ltd,HDD:HAT3300-6T (Synology 6TB Plus Hard Drive),Hard Drive,A,Taxable Sales,4.00,"62,000.00","248,000.00"
Invoice,09/29/2025,AS010831,Base Hp (Pvt) Ltd,Synology:Dual Port F2 Card,Synology,A,Taxable Sales,1.00,,
Invoice,10/01/2025,AS010832,J Teem Solutions,BDCOM:S1006-4p-65 (BDCOM S1006-4p-65 Unmanaged 4 ports 10/100 PoE Ports and 2 Ports 10/100 NON PoE),BDCOM,AR,Non-Taxable Sales,6.00,"6,100.00","36,600.00"
Invoice,10/01/2025,AS010832,J Teem Solutions,BDCOM:S1200-8P2G (BDCOM S1200-8P2G Switch),BDCOM,AR,Non-Taxable Sales,6.00,"10,600.00","63,600.00"
Invoice,10/02/2025,AS010833,Information Technologies & Enterprise Sol,Synology:RS2825RP+ (Synology RackStation RS2825RP+ 16 Bay NAS),Synology,A,Non-Taxable Sales,1.00,"1,464,763.35","1,464,763.35"
Invoice,10/02/2025,AS010833,Information Technologies & Enterprise Sol,HDD:HAT5310-20T (Synology 20TB Enterprise Hard Drive),Hard Drive,A,Non-Taxable Sales,6.00,"321,387.75","1,928,326.50"
Invoice,10/02/2025,AS010833,Information Technologies & Enterprise Sol,HDD:SAT5221-1920G (1.92TB Synology Enterprise SATA SSDs),Synology,A,Non-Taxable Sales,1.00,"203,107.50","203,107.50"
Invoice,10/02/2025,AS010833,Information Technologies & Enterprise Sol,Synology:2 U Sliding Rail Kit,Synology,A,Non-Taxable Sales,1.00,,
Invoice,10/02/2025,AS010834,Green City Global (pvt) Ltd,BDCOM:SFP+ SX,BDCOM,AR,Non-Taxable Sales,10.00,"9,200.00","92,000.00"
Invoice,10/04/2025,AS010835,Barclays Computers (Pvt) Ltd,Synology:DS423 (Synology DS423 4 Bay NAS),Synology,AS,Taxable Sales,1.00,"130,000.00","130,000.00"
Invoice,10/08/2025,AS010836,Ocnet Technologies,Synology:DS925+ (Synology NAS DS925+ 4 Bay NAS),Synology,AD,Non-Taxable Sales,1.00,"240,720.00","240,720.00"
Invoice,10/08/2025,AS010837,X Press Solutions (Mr. Irfan),Power Supply,Hardware,AS,Non-Taxable Sales,1.00,"14,160.00","14,160.00"
Invoice,10/08/2025,AS010837,X Press Solutions (Mr. Irfan),UPS,Hardware,AS,Non-Taxable Sales,1.00,"11,328.00","11,328.00"
Invoice,10/08/2025,AS010837,X Press Solutions (Mr. Irfan),Services,Support and Maintenance,AS,Non-Taxable Sales,1.00,"5,000.00","5,000.00"
Invoice,10/09/2025,AS010838,Green City Global (pvt) Ltd,BDCOM:SFP+ SX,BDCOM,AR,Non-Taxable Sales,20.00,"9,200.00","184,000.00"
Invoice,10/09/2025,AS010839,Techno Mobile & CCTV,BDCOM:S1006-4p-65 (BDCOM S1006-4p-65 Unmanaged 4 ports 10/100 PoE Ports and 2 Ports 10/100 NON PoE),BDCOM,AR,Non-Taxable Sales,1.00,"6,100.00","6,100.00"
Invoice,10/09/2025,AS010840,Micro Technology Lanka (Pvt) Ltd,BDCOM:S1200-16P2G1S (BDCOM 16Port 100M POE+ 2Port 1G RJ45 + 1 -Port GE SFP port Unmanaged POE Sw...,BDCOM,AR,Non-Taxable Sales,1.00,"23,750.00","23,750.00"
Invoice,10/09/2025,AS010840,Micro Technology Lanka (Pvt) Ltd,BDCOM:WAP2100-T618 (BDCOM WAP2100-T618),BDCOM,AR,Non-Taxable Sales,2.00,"26,750.00","53,500.00"
Invoice,10/10/2025,AS010841,Micro Technology Lanka (Pvt) Ltd,BDCOM:S1000-8P2F (BDCOM POE S1000-8P2F  8Port 100M Switch),BDCOM,AR,Non-Taxable Sales,2.00,"8,200.00","16,400.00"
Invoice,10/10/2025,AS010841,Micro Technology Lanka (Pvt) Ltd,Accs (Accessories),Hardware,AR,Non-Taxable Sales,10.00,350.00,"3,500.00"
Invoice,10/10/2025,AS010841,Micro Technology Lanka (Pvt) Ltd,Accs (Accessories),Hardware,AR,Non-Taxable Sales,10.00,600.00,"6,000.00"
Invoice,10/13/2025,AS010842,Gadgetbox,HDD:HAT3310-16T (Synology 16TB Plus HDD),Hard Drive,AR,Non-Taxable Sales,1.00,"132,986.00","132,986.00"
Invoice,10/14/2025,AS010843,E-Net Integrated Solutions (Pvt) Ltd,BDCOM:S1500-24T (BDCOM S1500-24T Switch),BDCOM,AR,Non-Taxable Sales,1.00,"23,750.00","23,750.00"
Invoice,10/14/2025,AS010843,E-Net Integrated Solutions (Pvt) Ltd,BDCOM:S1000-8P2F (BDCOM POE S1000-8P2F  8Port 100M Switch),BDCOM,AR,Non-Taxable Sales,1.00,"8,200.00","8,200.00"
Invoice,10/14/2025,AS010844,Green City Global (pvt) Ltd,BDCOM:SFP+ SX,BDCOM,AR,Non-Taxable Sales,10.00,"9,200.00","92,000.00"
Invoice,10/14/2025,AS010845,Southern Technologies,BDCOM:S1200-8P2G (BDCOM S1200-8P2G Switch),BDCOM,AR,Non-Taxable Sales,2.00,"10,500.00","21,000.00"
Invoice,10/14/2025,AS010846,AMTEC ELECTRONIC (PVT) LTD,BDCOM:S1200-16P2G1S (BDCOM 16Port 100M POE+ 2Port 1G RJ45 + 1 -Port GE SFP port Unmanaged POE Sw...,BDCOM,AR,Non-Taxable Sales,1.00,"23,800.00","23,800.00"
Invoice,10/14/2025,AS010847,Hexar Evolution (Pvt) Ltd,Acronis,Acronics,AD,Taxable Sales,10.00,"21,000.00","210,000.00"
Invoice,10/14/2025,AS010848,MARS Network (Pvt) Ltd,Acronis,Acronics,A,Taxable Sales,4.00,"196,000.00","784,000.00"
Invoice,10/15/2025,AS010849,Network Information Technologies (Pvt) Lt,Synology:C2 Cloud (Synology C2 Cloud Storage),Synology,AS,Taxable Sales,17.00,"30,620.00","520,540.00"
Invoice,10/15/2025,AS010850,Apex Business Solutions PVT Ltd.,Synology:DS223j (Synology DS223j  ),Synology,AD,Taxable Sales,1.00,"63,000.00","63,000.00"
Invoice,10/15/2025,AS010850,Apex Business Solutions PVT Ltd.,HDD:HAT3300-4T (Synology 4TB Plus HDD),Hard Drive,AD,Taxable Sales,2.00,"42,000.00","84,000.00"
Invoice,10/17/2025,AS010851,LANKA COMMODITY BROKERS LTD,Services,Support and Maintenance,AS,Taxable Sales,1.00,"6,804.88","6,804.88"
Invoice,10/17/2025,AS010852,LANKA COMMODITY BROKERS LTD,Host Email,Support and Maintenance,AS,Taxable Sales,1.00,"18,672.062","18,672.06"
Invoice,10/17/2025,AS010853,AL - ARAF HOTELS & RESORT (PVT) LTD,Hosting (Hosting),Support and Maintenance,AS,Taxable Sales,1.00,"3,062.50","3,062.50"
Invoice,10/17/2025,AS010854,LANKA MOUNT CASTLE (PVT) LTD,Host Email,Support and Maintenance,AS,Taxable Sales,1.00,"15,312.50","15,312.50"
Invoice,10/20/2025,AS010855,Asiri Hospital Matara (Pvt) Ltd,Services,Support and Maintenance,A,Non-Taxable Sales,1.00,"17,700.00","17,700.00"
Credit Memo,10/21/2025,AS00117,Neo Solution,Acronis,Acronics,,Non-Taxable Sales,-1.00,"1,500.00","-1,500.00"
Invoice,10/21/2025,AS010856,ABSOLUTE BUSINESS SOLUTIONS ( PVT) LTD,Acronis,Acronics,SM,Non-Taxable Sales,1.00,"2,000.00","2,000.00"
Invoice,10/21/2025,AS010857,ABSOLUTE BUSINESS SOLUTIONS ( PVT) LTD,Acronis,Acronics,SM,Non-Taxable Sales,1.00,"2,000.00","2,000.00"
Invoice,10/21/2025,AS010858,Wiscom Information Technology (Pvt) Ltd,Acronis,Acronics,SM,Non-Taxable Sales,1.00,"12,500.00","12,500.00"
Invoice,10/21/2025,AS010859,Debug Computer Peripherals (Pvt) Ltd,BDCOM:WAP2100-T512 (BDCOM WAP2100-T512),BDCOM,AD,Taxable Sales,1.00,"18,700.00","18,700.00"
Invoice,10/21/2025,AS010859,Debug Computer Peripherals (Pvt) Ltd,BDCOM:S1500-16T (BDCOM S1500-16T Switch),BDCOM,AD,Taxable Sales,1.00,"16,500.00","16,500.00"
Invoice,10/23/2025,AS010860,Apex Business Solutions PVT Ltd.,Synology:DS1525+ (Synology DiskStation DS1525+ 5Bay NAS),Synology,AD,Taxable Sales,1.00,"250,000.00","250,000.00"
Invoice,10/23/2025,AS010860,Apex Business Solutions PVT Ltd.,HDD:HAT3300-4T (Synology 4TB Plus HDD),Hard Drive,AD,Taxable Sales,5.00,"41,000.00","205,000.00"
Invoice,10/23/2025,AS010860,Apex Business Solutions PVT Ltd.,Synology:DS1525+ (Synology DiskStation DS1525+ 5Bay NAS),Synology,AD,Taxable Sales,1.00,"250,000.00","250,000.00"
Invoice,10/23/2025,AS010860,Apex Business Solutions PVT Ltd.,HDD:HAT3300-4T (Synology 4TB Plus HDD),Hard Drive,AD,Taxable Sales,5.00,"41,000.00","205,000.00"
Invoice,10/23/2025,AS010861,Green Digital Technologies (Pvt) Ltd,BDCOM:WAP2100-T512 (BDCOM WAP2100-T512),BDCOM,AR,Non-Taxable Sales,9.00,"20,000.00","180,000.00"
Invoice,10/23/2025,AS010861,Green Digital Technologies (Pvt) Ltd,BDCOM:WAP2100-T512 (BDCOM WAP2100-T512),BDCOM,AR,Non-Taxable Sales,1.00,"21,000.00","21,000.00"
Invoice,10/24/2025,AS010862,AMTEC ELECTRONIC (PVT) LTD,BDCOM:S1000-8P2F (BDCOM POE S1000-8P2F  8Port 100M Switch),BDCOM,AR,Non-Taxable Sales,1.00,"8,200.00","8,200.00"
Invoice,10/24/2025,AS010863,Apex Business Solutions PVT Ltd.,Synology:DS925+ (Synology NAS DS925+ 4 Bay NAS),Synology,AD,Taxable Sales,1.00,"210,000.00","210,000.00"
Invoice,10/24/2025,AS010863,Apex Business Solutions PVT Ltd.,HDD:HAT3310-12T (12TB Synology Plus HDD),Hard Drive,AD,Taxable Sales,3.00,"118,000.00","354,000.00"
Invoice,10/24/2025,AS010863,Apex Business Solutions PVT Ltd.,HDD:400GB Syno SSD (400GB Synology SSD M.2),Hard Drive,AD,Taxable Sales,2.00,"60,500.00","121,000.00"
Invoice,10/24/2025,AS010864,Green Digital Technologies (Pvt) Ltd,BDCOM:WAP2100-T512 (BDCOM WAP2100-T512),BDCOM,AR,Non-Taxable Sales,2.00,"20,000.00","40,000.00"
Credit Memo,10/27/2025,AS00118,Techtron Integrated Solutions (Pvt) Ltd,Synology:DS1821+ (Synology NAS DS1821+ 8 Bay NAS),Synology,,Taxable Sales,-1.00,"795,000.00","-795,000.00"
Credit Memo,10/27/2025,AS00118,Techtron Integrated Solutions (Pvt) Ltd,HDD:HAT3310-16T (Synology 16TB Plus HDD),Hard Drive,,Taxable Sales,-3.00,0.00,0.00
Invoice,10/27/2025,AS010865,Accura-Tech Accurate Technologies,Services,Support and Maintenance,AD,Non-Taxable Sales,1.00,"5,900.00","5,900.00"
Invoice,10/27/2025,AS010866,VS Information Systems (Pvt) Ltd,Synology:RS1221RP+,Synology,A,Taxable Sales,1.00,"552,825.00","552,825.00"
Invoice,10/27/2025,AS010866,VS Information Systems (Pvt) Ltd,HDD:HAT3310-16T (Synology 16TB Plus HDD),Hard Drive,A,Taxable Sales,4.00,"121,500.00","486,000.00"
Invoice,10/27/2025,AS010867,Base Hp (Pvt) Ltd,Synology:RS1221RP+,Synology,A,Taxable Sales,1.00,"902,000.00","902,000.00"
Invoice,10/27/2025,AS010867,Base Hp (Pvt) Ltd,HDD:HAT5300-4T (Synology 4TB Enterprise Hard Drive),Hard Drive,A,Taxable Sales,5.00,"72,000.00","360,000.00"
Invoice,10/27/2025,AS010867,Base Hp (Pvt) Ltd,Synology:RS1221RP+,Synology,A,Taxable Sales,1.00,"902,000.00","902,000.00"
Invoice,10/27/2025,AS010867,Base Hp (Pvt) Ltd,HDD:HAT5300-4T (Synology 4TB Enterprise Hard Drive),Hard Drive,A,Taxable Sales,5.00,"72,000.00","360,000.00"
Invoice,10/27/2025,AS010867,Base Hp (Pvt) Ltd,Synology:2 U Sliding Rail Kit,Synology,A,Taxable Sales,2.00,,
Invoice,10/27/2025,AS010867,Base Hp (Pvt) Ltd,Synology:Dual Port F2 Card,Synology,A,Taxable Sales,1.00,,
Invoice,10/27/2025,AS010867,Base Hp (Pvt) Ltd,Synology:Dual Port F2 Card,Synology,A,Taxable Sales,1.00,,
Invoice,10/27/2025,AS010867,Base Hp (Pvt) Ltd,BDCOM:SFP+ SX,BDCOM,A,Taxable Sales,4.00,,
Invoice,10/27/2025,AS010868,Green Digital Technologies (Pvt) Ltd,BDCOM:WAP2100-T512 (BDCOM WAP2100-T512),BDCOM,AR,Non-Taxable Sales,12.00,"20,000.00","240,000.00"
Invoice,10/27/2025,AS010869,Green Digital Technologies (Pvt) Ltd,BDCOM:WAP2100-T512 (BDCOM WAP2100-T512),BDCOM,AR,Non-Taxable Sales,2.00,"20,000.00","40,000.00"
Invoice,10/27/2025,AS010870,A-Networks (Pvt) Ltd,HDD:HAT3300-4T (Synology 4TB Plus HDD),Hard Drive,AD,Taxable Sales,1.00,"43,000.00","43,000.00"
Invoice,10/28/2025,AS010871,Apex Business Solutions PVT Ltd.,Synology:DS1525+ (Synology DiskStation DS1525+ 5Bay NAS),Synology,AD,Taxable Sales,1.00,"250,000.00","250,000.00"
Invoice,10/28/2025,AS010871,Apex Business Solutions PVT Ltd.,HDD:HAT3300-4T (Synology 4TB Plus HDD),Hard Drive,AD,Taxable Sales,3.00,"41,000.00","123,000.00"
Invoice,10/28/2025,AS010872,Barclays Computers (Pvt) Ltd,Synology:DS223j (Synology DS223j  ),Synology,AS,Taxable Sales,2.00,"64,000.00","128,000.00"
Invoice,10/28/2025,AS010872,Barclays Computers (Pvt) Ltd,Synology:DS423 (Synology DS423 4 Bay NAS),Synology,AS,Taxable Sales,2.00,"130,000.00","260,000.00"
Invoice,10/28/2025,AS010873,Barclays Computers (Pvt) Ltd,BDCOM:WAP2100-T512 (BDCOM WAP2100-T512),BDCOM,AR,Taxable Sales,2.00,"16,950.00","33,900.00"
Invoice,10/28/2025,AS010873,Barclays Computers (Pvt) Ltd,BDCOM:S1500-16P2S (BDCOM S1500-16P2S POE Switch),BDCOM,AR,Taxable Sales,1.00,"38,135.00","38,135.00"
Invoice,10/28/2025,AS010873,Barclays Computers (Pvt) Ltd,BDCOM:S1500-24T (BDCOM S1500-24T Switch),BDCOM,AR,Taxable Sales,5.00,"19,800.00","99,000.00"
Invoice,10/28/2025,AS010873,Barclays Computers (Pvt) Ltd,BDCOM:S1500-24T2S (S1500-24T2S BDCOM Switch),BDCOM,AR,Taxable Sales,1.00,"24,200.00","24,200.00"
Invoice,10/28/2025,AS010873,Barclays Computers (Pvt) Ltd,BDCOM:S1008 (BDCOM S1008 8 Port 10/100 BaseT Standard Switch),BDCOM,AR,Taxable Sales,3.00,"3,310.00","9,930.00"
Invoice,10/29/2025,AS010874,Priya Dharmarajah Spathodea,Services,Support and Maintenance,AD,Non-Taxable Sales,1.00,"8,000.00","8,000.00"
Invoice,10/29/2025,AS010875,NOLIMIT,Accs (Accessories),Hardware,AR,Taxable Sales,5.00,"1,694.915","8,474.58"
Invoice,10/29/2025,AS010876,Southern Technologies,BDCOM:S1200-8P2G (BDCOM S1200-8P2G Switch),BDCOM,AR,Non-Taxable Sales,2.00,"10,500.00","21,000.00"
Invoice,10/30/2025,AS010877,THE COMPUTER CENTER (PVT) LTD,Synology:RS3621RPxs,Synology,AS,Taxable Sales,1.00,"1,652,000.00","1,652,000.00"
Invoice,10/30/2025,AS010877,THE COMPUTER CENTER (PVT) LTD,HDD:HAT5310-8T (Synology 8TB Enterprise Hard Drive),Hard Drive,AS,Taxable Sales,7.00,"118,000.00","826,000.00"
Invoice,10/30/2025,AS010877,THE COMPUTER CENTER (PVT) LTD,HDD:400GB Syno SSD (400GB Synology SSD M.2),Hard Drive,AS,Taxable Sales,2.00,,
Invoice,10/30/2025,AS010877,THE COMPUTER CENTER (PVT) LTD,Synology:M2D20 (Synology M2D20 Adapter Card),Hardware,AS,Taxable Sales,1.00,,
Invoice,10/30/2025,AS010877,THE COMPUTER CENTER (PVT) LTD,Synology:Dual Port F2 Card,Synology,AS,Taxable Sales,1.00,,
Invoice,10/30/2025,AS010877,THE COMPUTER CENTER (PVT) LTD,Synology:2 U Sliding Rail Kit,Synology,AS,Taxable Sales,1.00,,
Invoice,10/30/2025,AS010878,EPG TECHNOLOGIES,BDCOM:S1500-8T (BDCOM 8-Port Gigabit RJ45 Unmanaged Switch),BDCOM,AR,Non-Taxable Sales,3.00,"5,850.00","17,550.00"
Invoice,10/30/2025,AS010879,Fentons Ltd,Synology:RS1221RP+,Synology,A,Taxable Sales,1.00,"640,000.00","640,000.00"
Invoice,10/30/2025,AS010879,Fentons Ltd,HDD:HAT3300-4T (Synology 4TB Plus HDD),Hard Drive,A,Taxable Sales,3.00,"40,000.00","120,000.00"
Invoice,10/30/2025,AS010879,Fentons Ltd,480GB SATA SSD Synology (Synology 480GB SATA SSD -SAT5210),Hard Drive,A,Taxable Sales,2.00,"56,700.00","113,400.00"
Invoice,10/30/2025,AS010879,Fentons Ltd,Synology:2 U Sliding Rail Kit,Synology,A,Taxable Sales,1.00,,
Invoice,10/30/2025,AS010880,Fentons Ltd,Synology:C2 Cloud (Synology C2 Cloud Storage),Synology,A,Taxable Sales,1.00,"330,000.00","330,000.00"
Invoice,10/30/2025,AS010881,Micro Technology Lanka (Pvt) Ltd,BDCOM:S1000-8P2F (BDCOM POE S1000-8P2F  8Port 100M Switch),BDCOM,AR,Non-Taxable Sales,1.00,"8,200.00","8,200.00"
Invoice,10/31/2025,AS010882,MARS Network (Pvt) Ltd,Synology:RS1221RP+,Synology,A,Taxable Sales,1.00,"637,000.00","637,000.00"
Invoice,10/31/2025,AS010882,MARS Network (Pvt) Ltd,HDD:HAT3310-8T (Synology 8TB Plus Hard Drive),Hard Drive,A,Taxable Sales,4.00,"82,000.00","328,000.00"
Invoice,10/31/2025,AS010882,MARS Network (Pvt) Ltd,Synology:2 U Sliding Rail Kit,Synology,A,Taxable Sales,1.00,,
Invoice,10/31/2025,AS010883,A-Networks (Pvt) Ltd,Synology:DS425+ (Synology DiskStation DS425+ 4 Bay),Synology,AD,Taxable Sales,1.00,"196,000.00","196,000.00"
Invoice,10/31/2025,AS010883,A-Networks (Pvt) Ltd,HDD:HAT3310-8T (Synology 8TB Plus Hard Drive),Hard Drive,AD,Taxable Sales,2.00,"83,000.00","166,000.00"
Invoice,10/31/2025,AS010883,A-Networks (Pvt) Ltd,Discount,Sales Discount,AD,Taxable Sales,,"-7,000.00","-7,000.00"
Invoice,10/31/2025,AS010884,Base Hp (Pvt) Ltd,HDD:HAT3300-6T (Synology 6TB Plus Hard Drive),Hard Drive,A,Taxable Sales,6.00,"62,775.00","376,650.00"
Invoice,10/31/2025,AS010885,LK Domain Registry,HDD:HAT3310-8T (Synology 8TB Plus Hard Drive),Hard Drive,AS,Taxable Sales,2.00,"83,000.00","166,000.00"
Invoice,11/03/2025,AS010886,E-Net Integrated Solutions (Pvt) Ltd,BDCOM:S1500-24T (BDCOM S1500-24T Switch),BDCOM,AR,Non-Taxable Sales,3.00,"23,750.00","71,250.00"
Invoice,11/03/2025,AS010887,DOT INK (PVT) LTD,BDCOM:S2528P (Ethernet POE Switch with 4GE TX/SFP combo ports and 24 GE PoE Ports),BDCOM,AR,Taxable Sales,1.00,"98,000.00","98,000.00"
Invoice,11/03/2025,AS010887,DOT INK (PVT) LTD,S2900-24P4X (BDCOM S2900-24P4X Switch),BDCOM,AR,Taxable Sales,1.00,"125,000.00","125,000.00"
Credit Memo,11/04/2025,AS00119,A-Networks (Pvt) Ltd,Synology:DS425+ (Synology DiskStation DS425+ 4 Bay),Synology,,Taxable Sales,-1.00,"196,000.00","-196,000.00"
Credit Memo,11/04/2025,AS00119,A-Networks (Pvt) Ltd,HDD:HAT3310-8T (Synology 8TB Plus Hard Drive),Hard Drive,,Taxable Sales,-2.00,"83,000.00","-166,000.00"
Credit Memo,11/04/2025,AS00119,A-Networks (Pvt) Ltd,Discount,Sales Discount,,Taxable Sales,,"-7,000.00","7,000.00"
Invoice,11/04/2025,AS010888,A-Networks (Pvt) Ltd,Synology:DS925+ (Synology NAS DS925+ 4 Bay NAS),Synology,AD,Taxable Sales,1.00,"231,000.00","231,000.00"
Invoice,11/04/2025,AS010888,A-Networks (Pvt) Ltd,HDD:HAT3320-8T (Synology 8TB Plus Hard Drive),Hard Drive,AD,Taxable Sales,2.00,"83,000.00","166,000.00"
Invoice,11/04/2025,AS010888,A-Networks (Pvt) Ltd,Discount,Sales Discount,AD,Taxable Sales,,"-5,000.00","-5,000.00"
Invoice,11/06/2025,AS010889,GTS Technology Solutions (pvt) Ltd,Synology:DS423 (Synology DS423 4 Bay NAS),Synology,A,Taxable Sales,1.00,"128,000.00","128,000.00"
Invoice,11/06/2025,AS010889,GTS Technology Solutions (pvt) Ltd,HDD:HAT3300-6T (Synology 6TB Plus Hard Drive),Hard Drive,A,Taxable Sales,3.00,"62,000.00","186,000.00"
Invoice,11/06/2025,AS010890,Network Information Technologies (Pvt) Lt,Synology:DS1825+ (Synology Disktation DS1825+ NAS Unit),Synology,AS,Taxable Sales,1.00,"365,000.00","365,000.00"
Invoice,11/06/2025,AS010890,Network Information Technologies (Pvt) Lt,HDD:HAT3310-16T (Synology 16TB Plus HDD),Hard Drive,AS,Taxable Sales,1.00,"125,000.00","125,000.00"
Invoice,11/07/2025,AS010891,VS Information Systems (Pvt) Ltd,Synology:License Pack 1 (Synology Camera License Pack 1),Synology,A,Taxable Sales,2.00,"14,000.00","28,000.00"
Invoice,11/07/2025,AS010892,KBSL Information Technologies Ltd,MA (Maintenance  Agreement),Support and Maintenance,A,Taxable Sales,1.00,"188,000.00","188,000.00"
Invoice,11/11/2025,AS010893,Barclays Computers (Pvt) Ltd,BDCOM:WAP2100-T512 (BDCOM WAP2100-T512),BDCOM,AR,Taxable Sales,2.00,"16,950.00","33,900.00"
Invoice,11/11/2025,AS010894,MM Trade Stationers (Pvt) Ltd.,Synology:DS425+ (Synology DiskStation DS425+ 4 Bay),Synology,AR,Taxable Sales,1.00,"167,500.00","167,500.00"
Invoice,11/11/2025,AS010895,Barclays Computers (Pvt) Ltd,BDCOM:S1500-24T2S (S1500-24T2S BDCOM Switch),BDCOM,AR,Taxable Sales,2.00,"24,200.00","48,400.00"
Invoice,11/12/2025,AS010896,Techno First (Pvt) Ltd,HDD:HAT3300-4T (Synology 4TB Plus HDD),Hard Drive,A,Taxable Sales,1.00,"42,000.00","42,000.00"
Invoice,11/12/2025,AS010897,Techtron Integrated Solutions (Pvt) Ltd,Synology:DS925+ (Synology NAS DS925+ 4 Bay NAS),Synology,AS,Taxable Sales,1.00,"423,000.00","423,000.00"
Invoice,11/12/2025,AS010897,Techtron Integrated Solutions (Pvt) Ltd,HDD:HAT3300-2T (Synology 2TB Plus Hard Drive),Hard Drive,AS,Taxable Sales,2.00,,
Invoice,11/12/2025,AS010897,Techtron Integrated Solutions (Pvt) Ltd,Synology:SNV3400-400G (SNV3400-400G M.2 NVMe SSD),Synology,AS,Taxable Sales,2.00,,
Invoice,11/12/2025,AS010898,Base Hp (Pvt) Ltd,Synology:DS425+ (Synology DiskStation DS425+ 4 Bay),Synology,A,Taxable Sales,1.00,"165,000.00","165,000.00"
Invoice,11/12/2025,AS010898,Base Hp (Pvt) Ltd,HDD:HAT3320-8T (Synology 8TB Plus Hard Drive),Hard Drive,A,Taxable Sales,4.00,"82,000.00","328,000.00"
Invoice,11/13/2025,AS010899,Debug Computer Peripherals (Pvt) Ltd,BDCOM:WAP2100-T512 (BDCOM WAP2100-T512),BDCOM,AD,Taxable Sales,1.00,"18,500.00","18,500.00"
Invoice,11/13/2025,AS010900,TechCERT,Acronis,Acronics,AS,Taxable Sales,1.00,"24,800.00","24,800.00"
Invoice,11/13/2025,AS010901,LK Domain Registry,Acronis,Acronics,AS,Taxable Sales,1.00,"24,800.00","24,800.00"
Invoice,11/13/2025,AS010902,VS Information Systems (Pvt) Ltd,RS2423RP+ (Synology RackStation RS2423RP+ 12Bay),Synology,A,Taxable Sales,1.00,"1,125,000.00","1,125,000.00"
Invoice,11/13/2025,AS010902,VS Information Systems (Pvt) Ltd,HDD:HAT3310-12T (12TB Synology Plus HDD),Hard Drive,A,Taxable Sales,12.00,"151,200.00","1,814,400.00"
Invoice,11/13/2025,AS010902,VS Information Systems (Pvt) Ltd,Synology:Dual Port F2 Card,Synology,A,Taxable Sales,1.00,,
Invoice,11/13/2025,AS010902,VS Information Systems (Pvt) Ltd,BDCOM,BDCOM,A,Taxable Sales,2.00,,
Invoice,11/13/2025,AS010902,VS Information Systems (Pvt) Ltd,Synology:2 U Sliding Rail Kit,Synology,A,Taxable Sales,1.00,,
Invoice,11/13/2025,AS010902,VS Information Systems (Pvt) Ltd,Discount,Sales Discount,A,Taxable Sales,,"-12,000.00","-12,000.00"
Invoice,11/13/2025,AS010903,Chris and Mayu Photographers,HDD:HAT3300-6T (Synology 6TB Plus Hard Drive),Hard Drive,AD,Non-Taxable Sales,1.00,"74,000.00","74,000.00"
Invoice,11/13/2025,AS010904,American College Of Higher Education,Draytek:Vigor 2915 (Draytek Vigor 2915 Security Appliance),Draytek,AR,Non-Taxable Sales,1.00,"47,200.00","47,200.00"
Invoice,11/14/2025,AS010905,LIZZY-B CANADA (PVT) LTD,Draytek:Vigor 2962 (Draytek Vigor 2962),Draytek,AD,Taxable Sales,1.00,"150,000.00","150,000.00"
Invoice,11/14/2025,AS010906,Barclays Computers (Pvt) Ltd,BDCOM:S1000-8P2F (BDCOM POE S1000-8P2F  8Port 100M Switch),BDCOM,AR,Taxable Sales,1.00,"7,000.00","7,000.00"
Invoice,11/17/2025,AS010907,ABSOLUTE BUSINESS SOLUTIONS ( PVT) LTD,Acronis,Acronics,SM,Non-Taxable Sales,1.00,"2,000.00","2,000.00"
Invoice,11/17/2025,AS010908,ABSOLUTE BUSINESS SOLUTIONS ( PVT) LTD,Acronis,Acronics,SM,Non-Taxable Sales,1.00,"2,000.00","2,000.00"
Invoice,11/18/2025,AS010909,LANKA MOUNT CASTLE (PVT) LTD,Host Email,Support and Maintenance,AS,Taxable Sales,1.00,"15,525.00","15,525.00"
Invoice,11/18/2025,AS010910,LANKA COMMODITY BROKERS LTD,Host Email,Support and Maintenance,AS,Taxable Sales,1.00,"18,931.18","18,931.18"
Invoice,11/18/2025,AS010911,LANKA COMMODITY BROKERS LTD,Services,Support and Maintenance,AS,Taxable Sales,1.00,"6,899.31","6,899.31"
Invoice,11/18/2025,AS010912,AL - ARAF HOTELS & RESORT (PVT) LTD,Hosting (Hosting),Support and Maintenance,AS,Taxable Sales,1.00,"3,105.00","3,105.00"
Invoice,11/18/2025,AS010913,Wiscom Information Technology (Pvt) Ltd,Acronis,Acronics,SM,Non-Taxable Sales,1.00,"12,500.00","12,500.00"
Invoice,11/18/2025,AS010914,Openlink (PVT) Ltd,Synology:DS925+ (Synology NAS DS925+ 4 Bay NAS),Synology,A,Taxable Sales,1.00,"238,000.00","238,000.00"
Invoice,11/18/2025,AS010914,Openlink (PVT) Ltd,HDD:HAT3300-6T (Synology 6TB Plus Hard Drive),Hard Drive,A,Taxable Sales,4.00,"62,000.00","248,000.00"
Invoice,11/18/2025,AS010915,LEOsys Corporation (Pvt) Ltd.,Synology:DS925+ (Synology NAS DS925+ 4 Bay NAS),Synology,A,Taxable Sales,1.00,"202,000.00","202,000.00"
Invoice,11/18/2025,AS010915,LEOsys Corporation (Pvt) Ltd.,HDD:HAT3300-2T (Synology 2TB Plus Hard Drive),Hard Drive,A,Taxable Sales,2.00,"35,000.00","70,000.00"
Invoice,11/18/2025,AS010916,Barclays Computers (Pvt) Ltd,BDCOM:S1000-8P2F (BDCOM POE S1000-8P2F  8Port 100M Switch),BDCOM,AR,Taxable Sales,3.00,"7,000.00","21,000.00"
Invoice,11/19/2025,AS010917,LK Domain Registry,HDD:HAT3300-4T (Synology 4TB Plus HDD),Hard Drive,AS,Taxable Sales,1.00,"58,000.00","58,000.00"
Invoice,11/19/2025,AS010918,Millennium I.T.E.S.P (Pvt) Ltd,MA (Maintenance  Agreement),Support and Maintenance,AD,Taxable Sales,1.00,"205,000.00","205,000.00"
Invoice,11/19/2025,AS010918,Millennium I.T.E.S.P (Pvt) Ltd,Services,Support and Maintenance,AD,Taxable Sales,1.00,"41,000.00","41,000.00"
Invoice,11/20/2025,AS010919,Gadgetbox,BDCOM:WAP2100-T618 (BDCOM WAP2100-T618),BDCOM,AD,Non-Taxable Sales,2.00,"20,650.00","41,300.00"
Invoice,11/20/2025,AS010920,Green City Global (pvt) Ltd,BDCOM:WAP2100-T618 (BDCOM WAP2100-T618),BDCOM,AR,Non-Taxable Sales,1.00,"26,000.00","26,000.00"
Invoice,11/20/2025,AS010920,Green City Global (pvt) Ltd,Synology:DS423 (Synology DS423 4 Bay NAS),Synology,AR,Non-Taxable Sales,1.00,"153,000.00","153,000.00"
Invoice,11/21/2025,AS010921,Giga Foods (Pvt)  Ltd,Draytek:Vigor 2915 (Draytek Vigor 2915 Security Appliance),Draytek,AR,Taxable Sales,6.00,"40,000.00","240,000.00"
Invoice,11/21/2025,AS010921,Giga Foods (Pvt)  Ltd,BDCOM:WAP2100-T512 (BDCOM WAP2100-T512),BDCOM,AR,Taxable Sales,8.00,"19,500.00","156,000.00"
Invoice,11/21/2025,AS010921,Giga Foods (Pvt)  Ltd,Implementation & configuration,Support and Maintenance,AR,Taxable Sales,6.00,"20,000.00","120,000.00"
Invoice,11/21/2025,AS010922,DATAVERSE IT SOLUTIONS (PVT)LTD,BDCOM:S1016 (BDCOM S1016 16 Port 100M BaseT 1U Rack Mounted),BDCOM,AR,Non-Taxable Sales,3.00,"12,000.00","36,000.00"
Invoice,11/21/2025,AS010922,DATAVERSE IT SOLUTIONS (PVT)LTD,BDCOM:S1024B (BDCOM S1024B 24 Port 100M BaseT 1U Rack Mounted),BDCOM,AR,Non-Taxable Sales,3.00,"19,000.00","57,000.00"
Invoice,11/24/2025,AS010923,Base Hp (Pvt) Ltd,Synology:DS1821+ (Synology NAS DS1821+ 8 Bay NAS),Synology,A,Taxable Sales,1.00,"317,000.00","317,000.00"
Invoice,11/24/2025,AS010923,Base Hp (Pvt) Ltd,HDD:HAT3320-8T (Synology 8TB Plus Hard Drive),Hard Drive,A,Taxable Sales,4.00,"81,000.00","324,000.00"
Invoice,11/25/2025,AS010924,Ideal Network System,Synology:RS822RP+ (Synology Rackstation RS822RP+),Synology,AD,Non-Taxable Sales,1.00,"623,000.00","623,000.00"
Invoice,11/25/2025,AS010924,Ideal Network System,HDD:HAT3300-2T (Synology 2TB Plus Hard Drive),Hard Drive,AD,Non-Taxable Sales,2.00,,
Invoice,11/25/2025,AS010924,Ideal Network System,Synology:1 U Fixed Rail Kit,Synology,AD,Non-Taxable Sales,1.00,,
Invoice,11/26/2025,AS010925,AMTEC ELECTRONIC (PVT) LTD,BDCOM:S1200-16P2G1S (BDCOM 16Port 100M POE+ 2Port 1G RJ45 + 1 -Port GE SFP port Unmanaged POE Sw...,BDCOM,AR,Non-Taxable Sales,2.00,"23,850.00","47,700.00"
Invoice,11/26/2025,AS010926,Barclays Computers (Pvt) Ltd,Synology:DS223j (Synology DS223j  ),Synology,AR,Taxable Sales,2.00,"64,000.00","128,000.00"
Invoice,11/26/2025,AS010927,Softlogic Information Technologies (Pvt),Synology:DS423 (Synology DS423 4 Bay NAS),Synology,A,Taxable Sales,1.00,"128,000.00","128,000.00"
Invoice,11/26/2025,AS010927,Softlogic Information Technologies (Pvt),HDD:HAT3310-12T (12TB Synology Plus HDD),Hard Drive,A,Taxable Sales,3.00,"111,000.00","333,000.00"
Invoice,11/26/2025,AS010927,Softlogic Information Technologies (Pvt),Synology:DS423 (Synology DS423 4 Bay NAS),Synology,A,Taxable Sales,1.00,"128,000.00","128,000.00"
Invoice,11/26/2025,AS010927,Softlogic Information Technologies (Pvt),HDD:HAT3310-16T (Synology 16TB Plus HDD),Hard Drive,A,Taxable Sales,4.00,"123,000.00","492,000.00"
Invoice,11/27/2025,AS010928,Barclays Computers (Pvt) Ltd,Synology:DS223 (Synology Diskstation DS223  2Bay),Synology,AS,Taxable Sales,2.00,"93,000.00","186,000.00"
Invoice,11/27/2025,AS010929,Barclays Computers (Pvt) Ltd,BDCOM:WAP2100-T512 (BDCOM WAP2100-T512),BDCOM,AR,Taxable Sales,1.00,"16,950.00","16,950.00"
Invoice,11/27/2025,AS010929,Barclays Computers (Pvt) Ltd,BDCOM:WAP2100-T618 (BDCOM WAP2100-T618),BDCOM,AR,Taxable Sales,2.00,"22,000.00","44,000.00"
Invoice,11/27/2025,AS010930,Barclays Computers (Pvt) Ltd,HDD:HAT3320-8T (Synology 8TB Plus Hard Drive),Hard Drive,AS,Taxable Sales,2.00,"98,000.00","196,000.00"
Invoice,11/27/2025,AS010931,Barclays Computers (Pvt) Ltd,Synology:DS223 (Synology Diskstation DS223  2Bay),Synology,AS,Taxable Sales,1.00,"86,500.00","86,500.00"
Invoice,11/27/2025,AS010932,British Cosmetics (Pvt) Ltd,MA (Maintenance  Agreement),Support and Maintenance,AD,Taxable Sales,1.00,"100,000.00","100,000.00"
Invoice,11/28/2025,AS010933,First Capital Holdings PLC,MA (Maintenance  Agreement),Support and Maintenance,AD,Taxable Sales,1.00,"292,000.00","292,000.00"
Invoice,11/28/2025,AS010934,First Capital Holdings PLC,MA (Maintenance  Agreement),Support and Maintenance,AD,Taxable Sales,1.00,"65,000.00","65,000.00"
Invoice,11/28/2025,AS010935,First Capital Holdings PLC,MA (Maintenance  Agreement),Support and Maintenance,AD,Taxable Sales,1.00,"172,000.00","172,000.00"
Invoice,12/01/2025,AS010936,Metropolitan Technologies (Pvt) Ltd,Synology:DS1525+ (Synology DiskStation DS1525+ 5Bay NAS),Synology,AD,Taxable Sales,1.00,"480,000.00","480,000.00"
Invoice,12/01/2025,AS010936,Metropolitan Technologies (Pvt) Ltd,HDD:HAT3310-12T (12TB Synology Plus HDD),Hard Drive,AD,Taxable Sales,2.00,,
Invoice,12/01/2025,AS010936,Metropolitan Technologies (Pvt) Ltd,Synology:DS1525+ (Synology DiskStation DS1525+ 5Bay NAS),Synology,AD,Taxable Sales,1.00,"592,000.00","592,000.00"
Invoice,12/01/2025,AS010936,Metropolitan Technologies (Pvt) Ltd,HDD:HAT3310-12T (12TB Synology Plus HDD),Hard Drive,AD,Taxable Sales,3.00,,
Invoice,12/01/2025,AS010937,Base Hp (Pvt) Ltd,Synology:DS425+ (Synology DiskStation DS425+ 4 Bay),Synology,A,Taxable Sales,1.00,"198,000.00","198,000.00"
Invoice,12/01/2025,AS010937,Base Hp (Pvt) Ltd,HDD:HAT3300-4T (Synology 4TB Plus HDD),Hard Drive,A,Taxable Sales,4.00,"42,500.00","170,000.00"
Invoice,12/01/2025,AS010938,Base Hp (Pvt) Ltd,Synology:DS1525+ (Synology DiskStation DS1525+ 5Bay NAS),Synology,A,Taxable Sales,1.00,"335,000.00","335,000.00"
Invoice,12/01/2025,AS010938,Base Hp (Pvt) Ltd,HDD:HAT3300-4T (Synology 4TB Plus HDD),Hard Drive,A,Taxable Sales,3.00,"41,000.00","123,000.00"
Invoice,12/01/2025,AS010938,Base Hp (Pvt) Ltd,Synology:Single Port T1 Card,Synology,A,Taxable Sales,1.00,,
Invoice,12/01/2025,AS010939,Byte Bolster solution,HDD:HAT3300-4T (Synology 4TB Plus HDD),Hard Drive,AD,Taxable Sales,4.00,"45,000.00","180,000.00"
Invoice,12/01/2025,AS010940,GTS Technology Solutions (pvt) Ltd,Synology:DS223 (Synology Diskstation DS223  2Bay),Synology,A,Taxable Sales,1.00,"92,000.00","92,000.00"
Invoice,12/01/2025,AS010940,GTS Technology Solutions (pvt) Ltd,HDD:HAT3300-6T (Synology 6TB Plus Hard Drive),Hard Drive,A,Taxable Sales,2.00,"62,000.00","124,000.00"
Invoice,12/01/2025,AS010940,GTS Technology Solutions (pvt) Ltd,Discount,Sales Discount,A,Taxable Sales,,"-6,000.00","-6,000.00"
Invoice,12/01/2025,AS010941,Alphasonic Technologies (Pvt) Ltd,Synology:RS822RP+ (Synology Rackstation RS822RP+),Synology,A,Taxable Sales,1.00,"468,787.50","468,787.50"
Invoice,12/01/2025,AS010941,Alphasonic Technologies (Pvt) Ltd,Synology:1 U Fixed Rail Kit,Synology,A,Taxable Sales,1.00,,
Invoice,12/02/2025,AS010942,NetCore Solutions,Draytek:Vigor 3910 (Draytek Vigor 3910 Security Appliance..Quad Wan),Draytek,A,Non-Taxable Sales,1.00,"352,230.00","352,230.00"
Invoice,12/03/2025,AS010943,T&D Associates,HDD:HAT3300-2T (Synology 2TB Plus Hard Drive),Hard Drive,AD,Non-Taxable Sales,4.00,"42,480.00","169,920.00"
Invoice,12/03/2025,AS010944,T&D Associates,Synology:DS423 (Synology DS423 4 Bay NAS),Synology,AD,Non-Taxable Sales,1.00,"152,220.00","152,220.00"
Invoice,12/03/2025,AS010944,T&D Associates,HDD:HAT3300-2T (Synology 2TB Plus Hard Drive),Hard Drive,AD,Non-Taxable Sales,2.00,"42,480.00","84,960.00"
Invoice,12/03/2025,AS010944,T&D Associates,Discount,Sales Discount,AD,Non-Taxable Sales,,"-5,000.00","-5,000.00"
Invoice,12/03/2025,AS010945,Content Management & Solutions (Pvt) Ltd,MA (Maintenance  Agreement),Support and Maintenance,AD,Taxable Sales,1.00,"191,000.00","191,000.00"
Invoice,12/03/2025,AS010946,Content Management & Solutions (Pvt) Ltd,MA (Maintenance  Agreement),Support and Maintenance,AD,Taxable Sales,1.00,"164,000.00","164,000.00"
Invoice,12/03/2025,AS010947,I7 Computers,Synology:DS223 (Synology Diskstation DS223  2Bay),Synology,AD,Non-Taxable Sales,1.00,"109,740.00","109,740.00"
Invoice,12/05/2025,AS010948,MAS Fabrics (Pvt) Ltd,MA (Maintenance  Agreement),Support and Maintenance,A,Non-Taxable Sales,1.00,,
Invoice,12/05/2025,AS010948,MAS Fabrics (Pvt) Ltd,Acronis,Acronics,A,Taxable Sales,1.00,"563,157.00","563,157.00"
Invoice,12/05/2025,AS010948,MAS Fabrics (Pvt) Ltd,Acronis,Acronics,A,Taxable Sales,2.00,"364,736.50","729,473.00"
Invoice,12/05/2025,AS010948,MAS Fabrics (Pvt) Ltd,Synology:RS2418RP+ (Synology RackStation RS2418RP+),Synology,A,Taxable Sales,1.00,"1,018,465.00","1,018,465.00"
Invoice,12/05/2025,AS010949,Micro Technology Lanka (Pvt) Ltd,BDCOM:S1200-16P2G1S (BDCOM 16Port 100M POE+ 2Port 1G RJ45 + 1 -Port GE SFP port Unmanaged POE Sw...,BDCOM,AR,Non-Taxable Sales,1.00,"23,600.00","23,600.00"
Invoice,12/06/2025,AS010950,Grace Lanka Apperals (Pvt) Ltd,Services,Support and Maintenance,AS,Taxable Sales,1.00,"15,000.00","15,000.00"
Invoice,12/06/2025,AS010950,Grace Lanka Apperals (Pvt) Ltd,Draytek:Vigor 2927 (Draytek Vigor 2927 Security Appliance. Dual Wan),Draytek,AS,Taxable Sales,1.00,"73,000.00","73,000.00"
Invoice,12/06/2025,AS010951,Techno Mobile & CCTV,BDCOM:S1200-16P2G1S (BDCOM 16Port 100M POE+ 2Port 1G RJ45 + 1 -Port GE SFP port Unmanaged POE Sw...,BDCOM,AR,Non-Taxable Sales,1.00,"23,600.00","23,600.00"
Credit Memo,12/08/2025,AS00120,E-Net Integrated Solutions (Pvt) Ltd,BDCOM:S1500-24T (BDCOM S1500-24T Switch),BDCOM,,Non-Taxable Sales,-2.00,"23,750.00","-47,500.00"
Invoice,12/08/2025,AS010952,E-Net Integrated Solutions (Pvt) Ltd,BDCOM:S1500-24T (BDCOM S1500-24T Switch),BDCOM,AR,Non-Taxable Sales,1.00,"23,750.00","23,750.00"
Invoice,12/08/2025,AS010953,THE COMPUTER CENTER (PVT) LTD,Synology:DS423 (Synology DS423 4 Bay NAS),Synology,AS,Taxable Sales,1.00,"129,000.00","129,000.00"
Invoice,12/08/2025,AS010953,THE COMPUTER CENTER (PVT) LTD,HDD:HAT3300-2T (Synology 2TB Plus Hard Drive),Hard Drive,AS,Taxable Sales,4.00,"36,000.00","144,000.00"
Invoice,12/08/2025,AS010954,Gadgetbox,HDD:HAT3310-16T (Synology 16TB Plus HDD),Hard Drive,AD,Non-Taxable Sales,1.00,"170,746.00","170,746.00"
Invoice,12/08/2025,AS010955,Rapidventure (Pvt) Ltd,Draytek:Vigor 2915 (Draytek Vigor 2915 Security Appliance),Draytek,AD,Taxable Sales,1.00,"38,500.00","38,500.00"
Invoice,12/08/2025,AS010956,Supervision Technology (Pvt) Ltd,Draytek:Vigor 2915 (Draytek Vigor 2915 Security Appliance),Draytek,AD,Taxable Sales,2.00,"39,000.00","78,000.00"
Invoice,12/08/2025,AS010957,Tekki (Pvt) Ltd,Rental,Other Sales,AS,Non-Taxable Sales,50.00,"2,360.00","118,000.00"
Invoice,12/09/2025,AS010958,Debug Computer Peripherals (Pvt) Ltd,Synology:RS1221RP+,Synology,AD,Taxable Sales,1.00,"712,000.00","712,000.00"
Invoice,12/09/2025,AS010958,Debug Computer Peripherals (Pvt) Ltd,HDD:HAT3310-12T (12TB Synology Plus HDD),Hard Drive,AD,Taxable Sales,3.00,"112,000.00","336,000.00"
Invoice,12/09/2025,AS010958,Debug Computer Peripherals (Pvt) Ltd,Synology:2 U Sliding Rail Kit,Synology,AD,Taxable Sales,1.00,,
Invoice,12/09/2025,AS010959,AMTEC ELECTRONIC (PVT) LTD,BDCOM:S1500-8T (BDCOM 8-Port Gigabit RJ45 Unmanaged Switch),BDCOM,AR,Non-Taxable Sales,1.00,"6,000.00","6,000.00"
Credit Memo,12/10/2025,AS00121,Apex Business Solutions PVT Ltd.,BDCOM:S1500-24P2S (BDCOM S1500-24P2S Switch),BDCOM,,Taxable Sales,-1.00,"7,000.00","-7,000.00"
Invoice,12/10/2025,AS010960,Rapidventure (Pvt) Ltd,Draytek:Vigor 2915 (Draytek Vigor 2915 Security Appliance),Draytek,AD,Taxable Sales,1.00,"38,500.00","38,500.00"
Invoice,12/10/2025,AS010961,Network Information Technologies (Pvt) Lt,Synology:RS422+ (Synology RackStation RS422+),Synology,AS,Taxable Sales,1.00,"413,505.00","413,505.00"
Invoice,12/10/2025,AS010961,Network Information Technologies (Pvt) Lt,HDD:HAT3300-6T (Synology 6TB Plus Hard Drive),Hard Drive,AS,Taxable Sales,2.00,,
Invoice,12/10/2025,AS010961,Network Information Technologies (Pvt) Lt,Synology:1 U Fixed Rail Kit,Synology,AS,Taxable Sales,1.00,,
Invoice,12/12/2025,AS010962,M Concepts Holdings (Pvt) Ltd,HDD:HAT3300-4T (Synology 4TB Plus HDD),Hard Drive,A,Non-Taxable Sales,1.00,"64,900.00","64,900.00"
Invoice,12/15/2025,AS010963,Allied Techno Services Pvt Ltd,Synology:Power Adaptor (Power Adaptor),Hardware,AD,Taxable Sales,1.00,"35,000.00","35,000.00"
Invoice,12/16/2025,AS010964,Penta Technology Solutions (Pvt) Ltd,BDCOM:WAP2100-T618 (BDCOM WAP2100-T618),BDCOM,AD,Non-Taxable Sales,1.00,"26,550.00","26,550.00"
Invoice,12/16/2025,AS010964,Penta Technology Solutions (Pvt) Ltd,Implementation & configuration,Support and Maintenance,AD,Non-Taxable Sales,1.00,"10,000.00","10,000.00"
Credit Memo,12/17/2025,AS00122,Penta Technology Solutions (Pvt) Ltd,BDCOM:WAP2100-T618 (BDCOM WAP2100-T618),BDCOM,,Non-Taxable Sales,-1.00,"26,550.00","-26,550.00"
Credit Memo,12/17/2025,AS00122,Penta Technology Solutions (Pvt) Ltd,Implementation & configuration,Support and Maintenance,,Non-Taxable Sales,-1.00,"10,000.00","-10,000.00"
Invoice,12/17/2025,AS010965,LANKA COMMODITY BROKERS LTD,Host Email,Support and Maintenance,AS,Taxable Sales,1.00,"19,068.37","19,068.37"
Invoice,12/17/2025,AS010966,LANKA COMMODITY BROKERS LTD,Services,Support and Maintenance,AS,Taxable Sales,1.00,"6,949.31","6,949.31"
Invoice,12/17/2025,AS010967,UNISYS ENGINEERING,Synology:DS1825+ (Synology Disktation DS1825+ NAS Unit),Synology,AD,Non-Taxable Sales,1.00,"454,300.00","454,300.00"
Invoice,12/17/2025,AS010967,UNISYS ENGINEERING,HDD:HAT3310-12T (12TB Synology Plus HDD),Hard Drive,AD,Non-Taxable Sales,4.00,"151,040.00","604,160.00"
Invoice,12/17/2025,AS010968,LANKA MOUNT CASTLE (PVT) LTD,Host Email,Support and Maintenance,AS,Taxable Sales,1.00,"15,637.50","15,637.50"
Invoice,12/17/2025,AS010969,AL - ARAF HOTELS & RESORT (PVT) LTD,Hosting (Hosting),Support and Maintenance,AS,Taxable Sales,1.00,"3,127.50","3,127.50"
Invoice,12/17/2025,AS010970,Penta Technology Solutions (Pvt) Ltd,Draytek:DrayTek AP 912C (DrayTek  VigorAP 912C Ceiling -mount AP),Draytek,AD,Non-Taxable Sales,1.00,"30,000.00","30,000.00"
Invoice,12/17/2025,AS010970,Penta Technology Solutions (Pvt) Ltd,Implementation & configuration,Support and Maintenance,AD,Non-Taxable Sales,1.00,"10,000.00","10,000.00"
Invoice,12/18/2025,AS010971,Studio Lakdam,HDD:14TB ENT SATA (14TB Seagate Enterprise Hard Drive),Hard Drive,AD,Non-Taxable Sales,1.00,"161,660.00","161,660.00"
Invoice,12/18/2025,AS010972,Debug Computer Peripherals (Pvt) Ltd,BDCOM:S1500-24T (BDCOM S1500-24T Switch),BDCOM,AD,Taxable Sales,2.00,"20,500.00","41,000.00"
Invoice,12/18/2025,AS010973,Green City Global (pvt) Ltd,Synology:DS225+ (Synology DiskStation DS225+ 2Bay NAS),Synology,AR,Non-Taxable Sales,1.00,"167,560.00","167,560.00"
Invoice,12/18/2025,AS010974,Data Management Systems (Pvt) Limited,MA (Maintenance  Agreement),Support and Maintenance,A,Taxable Sales,1.00,"452,000.00","452,000.00"
Invoice,12/18/2025,AS010975,LK Domain Registry,MA (Maintenance  Agreement),Support and Maintenance,AS,Taxable Sales,1.00,"336,000.00","336,000.00"
Invoice,12/19/2025,AS010976,Adapt Information Technologies,Synology:RS822RP+ (Synology Rackstation RS822RP+),Synology,A,Taxable Sales,1.00,"439,000.00","439,000.00"
Invoice,12/19/2025,AS010976,Adapt Information Technologies,HDD:HAT3320-8T (Synology 8TB Plus Hard Drive),Hard Drive,A,Taxable Sales,4.00,"90,000.00","360,000.00"
Invoice,12/19/2025,AS010976,Adapt Information Technologies,Synology:1 U Fixed Rail Kit,Synology,A,Taxable Sales,1.00,,
Invoice,12/19/2025,AS010977,LK Domain Registry,MA (Maintenance  Agreement),Support and Maintenance,AS,Taxable Sales,1.00,"214,000.00","214,000.00"
Invoice,12/19/2025,AS010978,Apex Business Solutions PVT Ltd.,MA (Maintenance  Agreement),Support and Maintenance,AD,Taxable Sales,1.00,"544,000.00","544,000.00"
Invoice,12/19/2025,AS010978,Apex Business Solutions PVT Ltd.,MA (Maintenance  Agreement),Support and Maintenance,AD,Taxable Sales,1.00,"333,000.00","333,000.00"
Invoice,12/20/2025,AS010979,Electro Net,BDCOM:S1024B (BDCOM S1024B 24 Port 100M BaseT 1U Rack Mounted),BDCOM,AD,Non-Taxable Sales,1.00,"19,000.00","19,000.00"
Invoice,12/20/2025,AS010980,Wiscom Information Technology (Pvt) Ltd,Acronis,Acronics,SM,Non-Taxable Sales,1.00,"12,500.00","12,500.00"
Invoice,12/20/2025,AS010981,ABSOLUTE BUSINESS SOLUTIONS ( PVT) LTD,Acronis,Acronics,SM,Non-Taxable Sales,1.00,"2,000.00","2,000.00"
Invoice,12/20/2025,AS010982,ABSOLUTE BUSINESS SOLUTIONS ( PVT) LTD,Acronis,Acronics,SM,Non-Taxable Sales,1.00,"2,000.00","2,000.00"
Invoice,12/22/2025,AS010983,Micro Technology Lanka (Pvt) Ltd,BDCOM:S1000-8P2F (BDCOM POE S1000-8P2F  8Port 100M Switch),BDCOM,AR,Non-Taxable Sales,2.00,"8,200.00","16,400.00"
Invoice,12/22/2025,AS010983,Micro Technology Lanka (Pvt) Ltd,BDCOM:S1500-8T (BDCOM 8-Port Gigabit RJ45 Unmanaged Switch),BDCOM,AR,Non-Taxable Sales,3.00,"6,000.00","18,000.00"
Invoice,12/22/2025,AS010983,Micro Technology Lanka (Pvt) Ltd,BDCOM:WAP2100-T618 (BDCOM WAP2100-T618),BDCOM,AR,Non-Taxable Sales,1.00,"26,750.00","26,750.00"
Invoice,12/22/2025,AS010983,Micro Technology Lanka (Pvt) Ltd,Accs (Accessories),Hardware,AR,Non-Taxable Sales,15.00,300.00,"4,500.00"
Invoice,12/23/2025,AS010984,Barclays Computers (Pvt) Ltd,BDCOM:S1000-8P2F (BDCOM POE S1000-8P2F  8Port 100M Switch),BDCOM,AR,Taxable Sales,3.00,"7,000.00","21,000.00"
Invoice,12/24/2025,AS010985,Debug Computer Peripherals (Pvt) Ltd,Draytek:Vigor P2282x (DrayTek Vigor Switch P2282x),Draytek,AD,Taxable Sales,1.00,"139,000.00","139,000.00"
Invoice,12/24/2025,AS010986,Fentons Ltd,Synology:RS822RP+ (Synology Rackstation RS822RP+),Synology,A,Taxable Sales,1.00,"503,000.00","503,000.00"
Invoice,12/24/2025,AS010986,Fentons Ltd,HDD:HAT3300-6T (Synology 6TB Plus Hard Drive),Hard Drive,A,Taxable Sales,4.00,"75,000.00","300,000.00"
Invoice,12/24/2025,AS010986,Fentons Ltd,Synology:1 U Fixed Rail Kit,Synology,A,Taxable Sales,1.00,,
Invoice,12/24/2025,AS010986,Fentons Ltd,Discount,Sales Discount,A,Taxable Sales,,"-30,000.00","-30,000.00"
Invoice,12/24/2025,AS010987,Network Information Technologies (Pvt) Lt,Synology:DS225+ (Synology DiskStation DS225+ 2Bay NAS),Synology,AS,Taxable Sales,1.00,"188,628.75","188,628.75"
Invoice,12/24/2025,AS010987,Network Information Technologies (Pvt) Lt,HDD:HAT3300-2T (Synology 2TB Plus Hard Drive),Hard Drive,AS,Taxable Sales,2.00,,
Invoice,12/24/2025,AS010988,Barclays Computers (Pvt) Ltd,BDCOM:WAP2100-T618 (BDCOM WAP2100-T618),BDCOM,AR,Taxable Sales,5.00,"22,000.00","110,000.00"
Invoice,12/26/2025,AS010989,MARS Network (Pvt) Ltd,Acronis,Acronics,A,Taxable Sales,1.00,"198,000.00","198,000.00"
Invoice,12/29/2025,AS010990,Rangiri Srilanka Media Networks,HDD:4TB Ent Toshiba (4TB Enterprise Toshiba HDD),Hard Drive,AS,Taxable Sales,3.00,"67,000.00","201,000.00"
Invoice,12/29/2025,AS010991,Sell-X Computers (Pvt) Ltd,Synology:DS425+ (Synology DiskStation DS425+ 4 Bay),Synology,AD,Taxable Sales,1.00,"167,000.00","167,000.00"
Invoice,12/29/2025,AS010991,Sell-X Computers (Pvt) Ltd,HDD:HAT3300-4T (Synology 4TB Plus HDD),Hard Drive,AD,Taxable Sales,2.00,"55,000.00","110,000.00"
Invoice,12/29/2025,AS010992,IT Shop,Draytek:Vigor 2915 (Draytek Vigor 2915 Security Appliance),Draytek,AD,Non-Taxable Sales,2.00,"45,430.00","90,860.00"
Invoice,12/29/2025,AS010993,Base Hp (Pvt) Ltd,Synology:DS223 (Synology Diskstation DS223  2Bay),Synology,A,Taxable Sales,1.00,"98,000.00","98,000.00"
Invoice,12/29/2025,AS010993,Base Hp (Pvt) Ltd,HDD:HAT3300-2T (Synology 2TB Plus Hard Drive),Hard Drive,A,Taxable Sales,2.00,"37,000.00","74,000.00"
Invoice,12/29/2025,AS010994,IT Shop,Draytek:Vigor 2915 (Draytek Vigor 2915 Security Appliance),Draytek,AD,Non-Taxable Sales,3.00,"45,430.00","136,290.00"
Credit Memo,12/30/2025,AS00123,Green Digital Technologies (Pvt) Ltd,BDCOM:WAP2100-T512 (BDCOM WAP2100-T512),BDCOM,,Non-Taxable Sales,-2.00,"20,000.00","-40,000.00"
Invoice,12/31/2025,AS010995,Barclays Computers (Pvt) Ltd,Synology:DS223j (Synology DS223j  ),Synology,AS,Taxable Sales,3.00,"65,400.00","196,200.00"
Invoice,12/31/2025,AS010995,Barclays Computers (Pvt) Ltd,Synology:DS223 (Synology Diskstation DS223  2Bay),Synology,AS,Taxable Sales,3.00,"95,400.00","286,200.00"
Invoice,12/31/2025,AS010995,Barclays Computers (Pvt) Ltd,Synology:DS423 (Synology DS423 4 Bay NAS),Synology,AS,Taxable Sales,1.00,"133,347.46","133,347.46"
Invoice,01/02/2026,AS010996,CEAT Kelani International Tyres (Pvt)Ltd,HDD:HAT3300-4T (Synology 4TB Plus HDD),Hard Drive,AD,Taxable Sales,1.00,"48,000.00","48,000.00"
Invoice,01/05/2026,AS010997,Adapt Information Technologies,Synology:RS422+ (Synology RackStation RS422+),Synology,A,Taxable Sales,1.00,"292,000.00","292,000.00"
Invoice,01/05/2026,AS010997,Adapt Information Technologies,HDD:HAT3320-8T (Synology 8TB Plus Hard Drive),Hard Drive,A,Taxable Sales,4.00,"82,000.00","328,000.00"
Invoice,01/05/2026,AS010997,Adapt Information Technologies,Synology:1 U Fixed Rail Kit,Synology,A,Taxable Sales,1.00,,
Invoice,01/05/2026,AS010998,Fazaal Bath Studio,Services,Support and Maintenance,AS,Non-Taxable Sales,1.00,"8,850.00","8,850.00"
Invoice,01/06/2026,AS010999,Unity Systems Solutions,Synology:DS223 (Synology Diskstation DS223  2Bay),Synology,AD,Taxable Sales,1.00,"95,000.00","95,000.00"
Invoice,01/06/2026,AS011000,POWER HOUSE (PVT) LTD,HDD:HAT3300-12T (12TB Synology Plus Hard Drive),Hard Drive,A,Taxable Sales,1.00,"131,000.00","131,000.00"
Invoice,01/07/2026,AS011001,Barclays Computers (Pvt) Ltd,BDCOM:S1500-8T (BDCOM 8-Port Gigabit RJ45 Unmanaged Switch),BDCOM,AR,Taxable Sales,10.00,"5,000.00","50,000.00"
Invoice,01/07/2026,AS011002,Ascension Technologies (Pvt) Ltd,Synology:DS423 (Synology DS423 4 Bay NAS),Synology,AD,Taxable Sales,1.00,"129,000.00","129,000.00"
Invoice,01/07/2026,AS011002,Ascension Technologies (Pvt) Ltd,HDD:HAT3320-8T (Synology 8TB Plus Hard Drive),Hard Drive,AD,Taxable Sales,2.00,"98,000.00","196,000.00"
Invoice,01/09/2026,AS011003,Allied Techno Services Pvt Ltd,Synology:RS822RP+ (Synology Rackstation RS822RP+),Synology,AD,Taxable Sales,1.00,"553,000.00","553,000.00"
Invoice,01/09/2026,AS011003,Allied Techno Services Pvt Ltd,HDD:HAT3300-4T (Synology 4TB Plus HDD),Hard Drive,AD,Taxable Sales,4.00,"57,000.00","228,000.00"
Invoice,01/09/2026,AS011003,Allied Techno Services Pvt Ltd,Synology:1 U Fixed Rail Kit,Synology,AD,Taxable Sales,1.00,,
Invoice,01/09/2026,AS011004,Debug Computer Peripherals (Pvt) Ltd,Synology:DS925+ (Synology NAS DS925+ 4 Bay NAS),Synology,AD,Taxable Sales,1.00,"268,000.00","268,000.00"
Invoice,01/09/2026,AS011004,Debug Computer Peripherals (Pvt) Ltd,HDD:HAT3310-12T (12TB Synology Plus HDD),Hard Drive,AD,Taxable Sales,4.00,"127,000.00","508,000.00"
Invoice,01/09/2026,AS011005,Barclays Computers (Pvt) Ltd,BDCOM:S1000-8P2F (BDCOM POE S1000-8P2F  8Port 100M Switch),BDCOM,AR,Taxable Sales,2.00,"7,000.00","14,000.00"
Invoice,01/09/2026,AS011006,Mr. Nirosh (Rayfor),BDCOM:WAP2100-T618 (BDCOM WAP2100-T618),BDCOM,AR,Non-Taxable Sales,2.00,"26,500.00","53,000.00"
Invoice,01/09/2026,AS011007,Mr. Nipun Dissanayake,BDCOM:WAP2100-T512 (BDCOM WAP2100-T512),BDCOM,AR,Non-Taxable Sales,2.00,"20,532.00","41,064.00"
Invoice,01/12/2026,AS011008,E Con Network (Pvt) Ltd,HDD:HAT3310-16T (Synology 16TB Plus HDD),Hard Drive,AR,Taxable Sales,3.00,"169,000.00","507,000.00"
Invoice,01/12/2026,AS011009,Rapidventure (Pvt) Ltd,BDCOM:GSFP-SX-D,BDCOM,AD,Taxable Sales,2.00,"4,000.00","8,000.00"
Invoice,01/13/2026,AS011010,X Press Solutions (Mr. Irfan),PC,Hardware,AS,Taxable Sales,1.00,"180,000.00","180,000.00"
Invoice,01/13/2026,AS011011,MTV Channel (Pvt) Ltd,Rental,Other Sales,AS,Taxable Sales,2.00,"275,000.00","550,000.00"
Invoice,01/13/2026,AS011012,MTV Channel (Pvt) Ltd,Rental,Other Sales,AS,Taxable Sales,2.00,"275,000.00","550,000.00"
Invoice,01/14/2026,AS011013,Sevenx Lanka (Pvt) Ltd,BDCOM:S1508E,BDCOM,AD,Taxable Sales,2.00,"5,500.00","11,000.00"
Invoice,01/14/2026,AS011014,TechCERT,Acronis,Acronics,AS,Taxable Sales,1.00,"20,480.00","20,480.00"
Invoice,01/14/2026,AS011014,TechCERT,Acronis,Acronics,AS,Taxable Sales,2.00,"25,600.00","51,200.00"
Invoice,01/16/2026,AS011015,Barclays Computers (Pvt) Ltd,Synology:DS423 (Synology DS423 4 Bay NAS),Synology,AS,Taxable Sales,2.00,"133,347.50","266,695.00"
Invoice,01/21/2026,AS011016,E-Net Integrated Solutions (Pvt) Ltd,BDCOM:S1500-24T (BDCOM S1500-24T Switch),BDCOM,AR,Non-Taxable Sales,2.00,"23,750.00","47,500.00"
Invoice,01/21/2026,AS011017,T&D Associates,RAM,Hardware,AD,Non-Taxable Sales,1.00,"47,200.00","47,200.00"
Invoice,01/21/2026,AS011018,LANKA COMMODITY BROKERS LTD,Services,Support and Maintenance,AS,Taxable Sales,1.00,"6,949.31","6,949.31"
Invoice,01/21/2026,AS011019,LANKA COMMODITY BROKERS LTD,Host Email,Support and Maintenance,AS,Taxable Sales,1.00,"19,068.37","19,068.37"
Invoice,01/21/2026,AS011020,LANKA MOUNT CASTLE (PVT) LTD,Host Email,Support and Maintenance,AS,Taxable Sales,1.00,"15,637.50","15,637.50"
Invoice,01/21/2026,AS011021,AL - ARAF HOTELS & RESORT (PVT) LTD,Hosting (Hosting),Support and Maintenance,AS,Taxable Sales,1.00,"3,127.50","3,127.50"
Invoice,01/21/2026,AS011022,ABSOLUTE BUSINESS SOLUTIONS ( PVT) LTD,Acronis,Acronics,SM,Non-Taxable Sales,1.00,"2,000.00","2,000.00"
Invoice,01/21/2026,AS011023,ABSOLUTE BUSINESS SOLUTIONS ( PVT) LTD,Acronis,Acronics,SM,Non-Taxable Sales,1.00,"2,000.00","2,000.00"
Invoice,01/21/2026,AS011024,Wiscom Information Technology (Pvt) Ltd,Acronis,Acronics,SM,Non-Taxable Sales,1.00,"12,500.00","12,500.00"
Invoice,01/22/2026,AS011025,Office Network (Pvt) Ltd,Synology:RS1221RP+,Synology,A,Taxable Sales,1.00,"1,772,887.50","1,772,887.50"
Invoice,01/22/2026,AS011025,Office Network (Pvt) Ltd,HDD:HAT3310-16T (Synology 16TB Plus HDD),Hard Drive,A,Taxable Sales,6.00,,
Invoice,01/22/2026,AS011025,Office Network (Pvt) Ltd,Synology:2 U Sliding Rail Kit,Synology,A,Taxable Sales,1.00,,
Invoice,01/22/2026,AS011026,Tekki (Pvt) Ltd,Rental,Other Sales,AS,Non-Taxable Sales,10.00,"2,360.00","23,600.00"
Invoice,01/22/2026,AS011027,M.A Sirimal Die Cutter Makers,Services,Support and Maintenance,AD,Non-Taxable Sales,1.00,"7,500.00","7,500.00"
Invoice,01/22/2026,AS011028,Rangiri Srilanka Media Networks,HDD:4TB Ent Toshiba (4TB Enterprise Toshiba HDD),Hard Drive,AS,Taxable Sales,1.00,"67,000.00","67,000.00"
Invoice,01/22/2026,AS011029,Millennium I.T.E.S.P (Pvt) Ltd,MA (Maintenance  Agreement),Support and Maintenance,AD,Taxable Sales,1.00,"185,000.00","185,000.00"
Invoice,01/22/2026,AS011029,Millennium I.T.E.S.P (Pvt) Ltd,MA (Maintenance  Agreement),Support and Maintenance,AD,Taxable Sales,1.00,"119,000.00","119,000.00"
Invoice,01/22/2026,AS011029,Millennium I.T.E.S.P (Pvt) Ltd,Services,Support and Maintenance,AD,Taxable Sales,1.00,"61,000.00","61,000.00"
Invoice,01/22/2026,AS011029,Millennium I.T.E.S.P (Pvt) Ltd,Discount,Sales Discount,AD,Taxable Sales,,"-11,000.00","-11,000.00"
Invoice,01/22/2026,AS011029,Millennium I.T.E.S.P (Pvt) Ltd,MA (Maintenance  Agreement),Support and Maintenance,AD,Taxable Sales,1.00,"88,000.00","88,000.00"
Invoice,01/22/2026,AS011029,Millennium I.T.E.S.P (Pvt) Ltd,Services,Support and Maintenance,AD,Taxable Sales,1.00,"17,600.00","17,600.00"
Invoice,01/23/2026,AS011030,MM Trade Stationers (Pvt) Ltd.,Synology:DS1525+ (Synology DiskStation DS1525+ 5Bay NAS),Synology,AR,Taxable Sales,1.00,"260,000.00","260,000.00"
Invoice,01/28/2026,AS011031,CNMS Holdings (Pvt) Ltd,Draytek:Vigor 2927 (Draytek Vigor 2927 Security Appliance. Dual Wan),Draytek,AD,Taxable Sales,1.00,"64,000.00","64,000.00"
Invoice,01/28/2026,AS011031,CNMS Holdings (Pvt) Ltd,Implementation & configuration,Support and Maintenance,AD,Taxable Sales,1.00,"15,000.00","15,000.00"
Invoice,01/28/2026,AS011032,Barclays Computers (Pvt) Ltd,BDCOM:S1500-16T (BDCOM S1500-16T Switch),BDCOM,AR,Taxable Sales,2.00,"16,450.00","32,900.00"
Invoice,01/28/2026,AS011032,Barclays Computers (Pvt) Ltd,BDCOM:S1500-16P2S (BDCOM S1500-16P2S POE Switch),BDCOM,AR,Taxable Sales,1.00,"38,135.00","38,135.00"
Invoice,01/28/2026,AS011033,Barclays Computers (Pvt) Ltd,BDCOM:WAP2100-T618 (BDCOM WAP2100-T618),BDCOM,AR,Taxable Sales,2.00,"22,000.00","44,000.00"
Invoice,01/29/2026,AS011034,MARS Network (Pvt) Ltd,Synology:DS223 (Synology Diskstation DS223  2Bay),Synology,A,Taxable Sales,1.00,"91,000.00","91,000.00"
Invoice,01/29/2026,AS011034,MARS Network (Pvt) Ltd,HDD:HAT3300-4T (Synology 4TB Plus HDD),Hard Drive,A,Taxable Sales,2.00,"54,000.00","108,000.00"
Invoice,01/29/2026,AS011035,DMS Electronics (Pvt) Ltd Division 02,Synology:RS822RP+ (Synology Rackstation RS822RP+),Synology,A,Taxable Sales,1.00,"635,000.00","635,000.00"
Invoice,01/29/2026,AS011035,DMS Electronics (Pvt) Ltd Division 02,HDD:HAT3300-4T (Synology 4TB Plus HDD),Hard Drive,A,Taxable Sales,3.00,,
Invoice,01/29/2026,AS011035,DMS Electronics (Pvt) Ltd Division 02,Synology:1 U Fixed Rail Kit,Synology,A,Taxable Sales,1.00,,
Invoice,01/29/2026,AS011036,Network Information Technologies (Pvt) Lt,MA (Maintenance  Agreement),Support and Maintenance,AS,Taxable Sales,1.00,"94,000.00","94,000.00"
Invoice,01/29/2026,AS011037,Softlogic Information Technologies (Pvt),SA3410 (Synology Rack Station SA3410 12 Bay),Synology,A,Taxable Sales,1.00,"2,396,587.50","2,396,587.50"
Invoice,01/29/2026,AS011037,Softlogic Information Technologies (Pvt),HDD:HAT5300-12T (Synology 12TB Enterprise Hard Drive),Hard Drive,A,Taxable Sales,8.00,"194,400.00","1,555,200.00"
Invoice,01/29/2026,AS011037,Softlogic Information Technologies (Pvt),960G SATA SSD Synology (Synology 960GB SATA SSD - SAT-5221 960G),Hard Drive,A,Taxable Sales,2.00,"105,300.00","210,600.00"
Invoice,01/29/2026,AS011037,Softlogic Information Technologies (Pvt),Synology:Dual Port F2 Card,Synology,A,Taxable Sales,1.00,,
Invoice,01/29/2026,AS011037,Softlogic Information Technologies (Pvt),SFP+ M/M 10G (BDCOM SFP + Multi mode 10G 300M Transceiver),BDCOM,A,Taxable Sales,4.00,"16,000.00","64,000.00"
Invoice,01/29/2026,AS011037,Softlogic Information Technologies (Pvt),Accs (Accessories),Hardware,A,Taxable Sales,4.00,"6,500.00","26,000.00"
Invoice,01/29/2026,AS011037,Softlogic Information Technologies (Pvt),Accs (Accessories),Hardware,A,Taxable Sales,2.00,"7,200.00","14,400.00"
Invoice,01/29/2026,AS011037,Softlogic Information Technologies (Pvt),Synology:2 U Sliding Rail Kit,Synology,A,Taxable Sales,1.00,,
Invoice,01/30/2026,AS011038,Information Technologies & Enterprise Sol,Synology:DS425+ (Synology DiskStation DS425+ 4 Bay),Synology,A,Non-Taxable Sales,1.00,"347,672.25","347,672.25"
Invoice,01/30/2026,AS011038,Information Technologies & Enterprise Sol,HDD:HAT3300-2T (Synology 2TB Plus Hard Drive),Hard Drive,A,Non-Taxable Sales,4.00,"41,816.25","167,265.00"
Invoice,01/30/2026,AS011038,Information Technologies & Enterprise Sol,HDD:400GB Syno SSD (400GB Synology SSD M.2),Hard Drive,A,Non-Taxable Sales,2.00,,
Invoice,01/30/2026,AS011039,Studio Focus,Accs (Accessories),Hardware,AD,Non-Taxable Sales,1.00,"35,000.00","35,000.00"
Invoice,01/31/2026,AS011040,Mahendra Fernando,Accs (Accessories),Hardware,AS,Non-Taxable Sales,1.00,"8,850.00","8,850.00"
Invoice,01/31/2026,AS011041,Fentons Ltd,Acronis:Acronis Cyber Protect Home Offi (Acronis Cyber Protect Home Office),Acronics,A,Taxable Sales,1.00,"33,000.00","33,000.00"
Invoice,02/02/2026,AS011042,DATAVERSE IT SOLUTIONS (PVT)LTD,BDCOM:S1500-24P2S (BDCOM S1500-24P2S Switch),BDCOM,AR,Non-Taxable Sales,1.00,"67,850.00","67,850.00"
Credit Memo,02/03/2026,AS00124,CNMS Holdings (Pvt) Ltd,Draytek:Vigor 2927 (Draytek Vigor 2927 Security Appliance. Dual Wan),Draytek,,Taxable Sales,-1.00,"64,000.00","-64,000.00"
Credit Memo,02/03/2026,AS00124,CNMS Holdings (Pvt) Ltd,Implementation & configuration,Support and Maintenance,,Taxable Sales,-1.00,"15,000.00","-15,000.00"
Invoice,02/03/2026,AS011043,Pretec Systems,BDCOM:WAP2100-WG300 (BDCOM WAP2100-WG300 Wireless Router),BDCOM,AR,Non-Taxable Sales,1.00,"6,000.00","6,000.00"
Invoice,02/03/2026,AS011044,Barclays Computers (Pvt) Ltd,BDCOM:WAP2100-T618 (BDCOM WAP2100-T618),BDCOM,AR,Taxable Sales,2.00,"22,000.00","44,000.00"
Credit Memo,02/05/2026,AS00125,T&D Associates,RAM,Hardware,,Non-Taxable Sales,-1.00,"47,200.00","-47,200.00"
Invoice,02/05/2026,AS011045,MTV Channel (Pvt) Ltd,HDD:2TB SSD EVo (2TB Samsung 870 Evo SATA SSDs),Hard Drive,AS,Taxable Sales,2.00,"102,000.00","204,000.00"
Invoice,02/06/2026,AS011046,Barclays Computers (Pvt) Ltd,BDCOM:S1000-8P2F (BDCOM POE S1000-8P2F  8Port 100M Switch),BDCOM,AR,Taxable Sales,3.00,"7,000.00","21,000.00"
Invoice,02/06/2026,AS011046,Barclays Computers (Pvt) Ltd,BDCOM:WAP2100-T512 (BDCOM WAP2100-T512),BDCOM,AR,Taxable Sales,2.00,"16,950.00","33,900.00"
Invoice,02/06/2026,AS011047,J Teem Solutions,BDCOM:GSFP-LX-10-D (BDCOM 1GE SFP Single-mode),BDCOM,AR,Non-Taxable Sales,4.00,"4,700.00","18,800.00"
Invoice,02/09/2026,AS011048,Techtron Integrated Solutions (Pvt) Ltd,HDD:4TB Ent Toshiba (4TB Enterprise Toshiba HDD),Hard Drive,AS,Taxable Sales,1.00,"67,000.00","67,000.00"
Invoice,02/10/2026,AS011049,A-Networks (Pvt) Ltd,Synology:DS1825+ (Synology Disktation DS1825+ NAS Unit),Synology,AD,Taxable Sales,1.00,"379,000.00","379,000.00"
Invoice,02/10/2026,AS011049,A-Networks (Pvt) Ltd,HDD:HAT3310-12T (12TB Synology Plus HDD),Hard Drive,AD,Taxable Sales,6.00,"132,000.00","792,000.00"
Invoice,02/10/2026,AS011049,A-Networks (Pvt) Ltd,Discount,Sales Discount,AD,Taxable Sales,,"-15,000.00","-15,000.00"
Invoice,02/10/2026,AS011050,NSK Media Systems (Pvt) Ltd,BDCOM:S1500-8T (BDCOM 8-Port Gigabit RJ45 Unmanaged Switch),BDCOM,AR,Non-Taxable Sales,1.00,"6,000.00","6,000.00"
Invoice,02/10/2026,AS011051,Mr. Nipun Dissanayake,BDCOM:WAP2100-T512 (BDCOM WAP2100-T512),BDCOM,AR,Non-Taxable Sales,1.00,"21,000.00","21,000.00"
Invoice,02/11/2026,AS011052,VS Information Systems (Pvt) Ltd,Synology:RS822RP+ (Synology Rackstation RS822RP+),Synology,A,Taxable Sales,1.00,"468,787.50","468,787.50"
Invoice,02/11/2026,AS011052,VS Information Systems (Pvt) Ltd,HDD:HAT3300-4T (Synology 4TB Plus HDD),Hard Drive,A,Taxable Sales,3.00,"54,675.00","164,025.00"
Invoice,02/11/2026,AS011052,VS Information Systems (Pvt) Ltd,Synology:1 U Fixed Rail Kit,Synology,A,Taxable Sales,1.00,,
Invoice,02/11/2026,AS011052,VS Information Systems (Pvt) Ltd,C13-14 Power cable (C13-14 Power cable),Other Sales,A,Taxable Sales,2.00,,
Invoice,02/11/2026,AS011053,Techtron Integrated Solutions (Pvt) Ltd,HDD:4TB Ent Toshiba (4TB Enterprise Toshiba HDD),Hard Drive,AS,Taxable Sales,2.00,"67,000.00","134,000.00"
Invoice,02/12/2026,AS011054,Studio Dreambox,HDD:HAT3320-8T (Synology 8TB Plus Hard Drive),Hard Drive,AD,Non-Taxable Sales,1.00,"119,000.00","119,000.00"
Invoice,02/13/2026,AS011055,Barclays Computers (Pvt) Ltd,BDCOM:WAP2100-T618 (BDCOM WAP2100-T618),BDCOM,AR,Taxable Sales,2.00,"22,000.00","44,000.00"
Invoice,02/13/2026,AS011056,AMTEC ELECTRONIC (PVT) LTD,BDCOM:S1200-16P2G1S (BDCOM 16Port 100M POE+ 2Port 1G RJ45 + 1 -Port GE SFP port Unmanaged POE Sw...,BDCOM,AR,Non-Taxable Sales,2.00,"23,600.00","47,200.00"
Invoice,02/16/2026,AS011057,LANKA COMMODITY BROKERS LTD,Services,Support and Maintenance,AS,Taxable Sales,1.00,"6,938.20","6,938.20"
Invoice,02/16/2026,AS011058,LANKA COMMODITY BROKERS LTD,Host Email,Support and Maintenance,AS,Taxable Sales,1.00,"19,037.88","19,037.88"
Invoice,02/16/2026,AS011059,LANKA MOUNT CASTLE (PVT) LTD,Host Email,Support and Maintenance,AS,Taxable Sales,1.00,"15,612.50","15,612.50"
Invoice,02/16/2026,AS011060,AL - ARAF HOTELS & RESORT (PVT) LTD,Hosting (Hosting),Support and Maintenance,AS,Taxable Sales,1.00,"3,122.50","3,122.50"
Invoice,02/16/2026,AS011061,Wiscom Information Technology (Pvt) Ltd,Acronis,Acronics,SM,Non-Taxable Sales,1.00,"12,500.00","12,500.00"
Invoice,02/16/2026,AS011062,ABSOLUTE BUSINESS SOLUTIONS ( PVT) LTD,Acronis,Acronics,SM,Non-Taxable Sales,1.00,"2,000.00","2,000.00"
Invoice,02/16/2026,AS011063,ABSOLUTE BUSINESS SOLUTIONS ( PVT) LTD,Acronis,Acronics,SM,Non-Taxable Sales,1.00,"2,000.00","2,000.00"
Invoice,02/16/2026,AS011064,CNMS Holdings (Pvt) Ltd,Accs (Accessories),Hardware,AD,Taxable Sales,1.00,"20,000.00","20,000.00"
Invoice,02/16/2026,AS011065,Green Digital Technologies (Pvt) Ltd,BDCOM:WAP2100-T512 (BDCOM WAP2100-T512),BDCOM,AR,Non-Taxable Sales,3.00,"20,000.00","60,000.00"
Invoice,02/16/2026,AS011066,Green Digital Technologies (Pvt) Ltd,BDCOM:WAP2100-T512 (BDCOM WAP2100-T512),BDCOM,AR,Non-Taxable Sales,3.00,"20,000.00","60,000.00"
Invoice,02/17/2026,AS011067,Metropolitan Technologies (Pvt) Ltd,Synology:DS425+ (Synology DiskStation DS425+ 4 Bay),Synology,AD,Taxable Sales,1.00,"196,000.00","196,000.00"
Invoice,02/17/2026,AS011067,Metropolitan Technologies (Pvt) Ltd,HDD:16TB Synology Ent (16TB Synology Enterprise Hard Drive),Hard Drive,AD,Taxable Sales,2.00,"236,000.00","472,000.00"
Invoice,02/17/2026,AS011067,Metropolitan Technologies (Pvt) Ltd,Discount,Sales Discount,AD,Taxable Sales,,"-5,000.00","-5,000.00"
Invoice,02/18/2026,AS011068,Prime Pulse Solutions (Pvt) Ltd,BDCOM:S1500-16P2S (BDCOM S1500-16P2S POE Switch),BDCOM,AD,Taxable Sales,1.00,"40,000.00","40,000.00"
Invoice,02/18/2026,AS011068,Prime Pulse Solutions (Pvt) Ltd,BDCOM:S1500-8P2G (BDCOM S1500-8P2G Switch),BDCOM,AD,Taxable Sales,1.00,"14,000.00","14,000.00"
Invoice,02/18/2026,AS011069,Liyakta Office Systems (Pvt) Ltd,Synology:DS425+ (Synology DiskStation DS425+ 4 Bay),Synology,AD,Taxable Sales,1.00,"173,000.00","173,000.00"
Invoice,02/18/2026,AS011069,Liyakta Office Systems (Pvt) Ltd,HDD:HAT3300-4T (Synology 4TB Plus HDD),Hard Drive,AD,Taxable Sales,4.00,"57,000.00","228,000.00"
Invoice,02/18/2026,AS011069,Liyakta Office Systems (Pvt) Ltd,Discount,Sales Discount,AD,Taxable Sales,,"-18,000.00","-18,000.00"
Invoice,02/18/2026,AS011070,Prime Pulse Solutions (Pvt) Ltd,Accs (Accessories),Hardware,AD,Taxable Sales,1.00,"8,000.00","8,000.00"
Invoice,02/19/2026,AS011071,AMTEC ELECTRONIC (PVT) LTD,BDCOM:S1000-8P2F (BDCOM POE S1000-8P2F  8Port 100M Switch),BDCOM,AR,Non-Taxable Sales,3.00,"8,200.00","24,600.00"
Invoice,02/20/2026,AS011072,DATAVERSE IT SOLUTIONS (PVT)LTD,BDCOM:WAP2100-T618 (BDCOM WAP2100-T618),BDCOM,AR,Non-Taxable Sales,1.00,"26,500.00","26,500.00"
Invoice,02/20/2026,AS011073,VS Information Systems (Pvt) Ltd,HDD:HAT3310-16T (Synology 16TB Plus HDD),Hard Drive,A,Taxable Sales,5.00,"150,200.00","751,000.00"
Invoice,02/21/2026,AS011074,I M Solutions,BDCOM:S1500-24P2S-370 (S1500-24P2S-370 BDCOM Switch),BDCOM,AD,Taxable Sales,1.00,"62,000.00","62,000.00"
Invoice,02/21/2026,AS011074,I M Solutions,BDCOM:S1500-24T2S (S1500-24T2S BDCOM Switch),BDCOM,AD,Taxable Sales,1.00,"24,980.00","24,980.00"
Invoice,02/23/2026,AS011075,E Con Network (Pvt) Ltd,HDD:HAT3300-4T (Synology 4TB Plus HDD),Hard Drive,AR,Taxable Sales,2.00,"57,300.00","114,600.00"
Invoice,02/26/2026,AS011076,Liyakta Office Systems (Pvt) Ltd,Synology:DS225+ (Synology DiskStation DS225+ 2Bay NAS),Synology,AD,Taxable Sales,1.00,"116,000.00","116,000.00"
Invoice,02/27/2026,AS011077,Base Hp (Pvt) Ltd,HDD:6 TB NAS (6 TB Seagate Ironwolf NAS Hard Drive),Hard Drive,A,Taxable Sales,1.00,"87,000.00","87,000.00"
Invoice,02/27/2026,AS011078,Information Technologies & Enterprise Sol,Synology:RX1217RP (Synology RX1217 RP  12 Bay Expansion),Synology,A,Non-Taxable Sales,1.00,"881,725.50","881,725.50"
Invoice,02/27/2026,AS011078,Information Technologies & Enterprise Sol,HDD:HAT5310-20T (Synology 20TB Enterprise Hard Drive),Hard Drive,A,Non-Taxable Sales,4.00,"339,010.32","1,356,041.28"
Invoice,02/27/2026,AS011078,Information Technologies & Enterprise Sol,Synology:2 U Sliding Rail Kit,Synology,A,Non-Taxable Sales,1.00,,
Invoice,02/28/2026,AS011079,Network Information Technologies (Pvt) Lt,Services,Support and Maintenance,AS,Taxable Sales,1.00,"200,000.00","200,000.00"
Credit Memo,03/03/2026,AS00126,Green Digital Technologies (Pvt) Ltd,BDCOM:WAP2100-T512 (BDCOM WAP2100-T512),BDCOM,,Non-Taxable Sales,-3.00,"20,000.00","-60,000.00"
Credit Memo,03/03/2026,AS00127,Green Digital Technologies (Pvt) Ltd,BDCOM:WAP2100-T512 (BDCOM WAP2100-T512),BDCOM,,Non-Taxable Sales,-3.00,"20,000.00","-60,000.00"
Invoice,03/03/2026,AS011080,Barclays Computers (Pvt) Ltd,BDCOM:S1500-16T (BDCOM S1500-16T Switch),BDCOM,AR,Taxable Sales,1.00,"16,450.00","16,450.00"
Invoice,03/03/2026,AS011080,Barclays Computers (Pvt) Ltd,BDCOM:S1500-24T2S (S1500-24T2S BDCOM Switch),BDCOM,AR,Taxable Sales,1.00,"24,200.00","24,200.00"
Invoice,03/03/2026,AS011081,Barclays Computers (Pvt) Ltd,Synology:DS225+ (Synology DiskStation DS225+ 2Bay NAS),Synology,AS,Taxable Sales,2.00,"116,000.00","232,000.00"
Invoice,03/03/2026,AS011082,NOLIMIT,BDCOM:S1500-24T2S (S1500-24T2S BDCOM Switch),BDCOM,AR,Taxable Sales,2.00,"27,500.00","55,000.00"
Credit Memo,03/05/2026,AS00128,I M Solutions,BDCOM:S1500-24P2S-370 (S1500-24P2S-370 BDCOM Switch),BDCOM,,Taxable Sales,-1.00,"62,000.00","-62,000.00"
Credit Memo,03/05/2026,AS00128,I M Solutions,BDCOM:S1500-24T2S (S1500-24T2S BDCOM Switch),BDCOM,,Taxable Sales,-1.00,"24,980.00","-24,980.00"
Invoice,03/05/2026,AS011083,Prime Pulse Solutions (Pvt) Ltd,BDCOM:S1500-8T (BDCOM 8-Port Gigabit RJ45 Unmanaged Switch),BDCOM,AD,Taxable Sales,1.00,"5,000.00","5,000.00"
Invoice,03/06/2026,AS011084,Penguin Shipping Enterprises (Pvt) Ltd.,HDD:HAT3320-8T (Synology 8TB Plus Hard Drive),Hard Drive,AD,Non-Taxable Sales,2.00,"119,180.00","238,360.00"
Invoice,03/06/2026,AS011085,Chama Computers (Pvt) Ltd,BDCOM:S1500-16T (BDCOM S1500-16T Switch),BDCOM,AD,Taxable Sales,1.00,"16,500.00","16,500.00"
Invoice,03/07/2026,AS011086,Techno Mobile & CCTV,BDCOM:S1200-16P2G1S (BDCOM 16Port 100M POE+ 2Port 1G RJ45 + 1 -Port GE SFP port Unmanaged POE Sw...,BDCOM,AR,Non-Taxable Sales,1.00,"23,600.00","23,600.00"
Invoice,03/09/2026,AS011087,MARS Network (Pvt) Ltd,Synology:DS925+ (Synology NAS DS925+ 4 Bay NAS),Synology,A,Taxable Sales,1.00,"204,000.00","204,000.00"
Invoice,03/09/2026,AS011087,MARS Network (Pvt) Ltd,HDD:HAT3320-8T (Synology 8TB Plus Hard Drive),Hard Drive,A,Taxable Sales,5.00,"96,300.00","481,500.00"
Invoice,03/09/2026,AS011088,KBSL Information Technologies Ltd,Synology:RS2825RP+ (Synology RackStation RS2825RP+ 16 Bay NAS),Synology,A,Taxable Sales,1.00,"1,768,837.50","1,768,837.50"
Invoice,03/09/2026,AS011088,KBSL Information Technologies Ltd,HDD:HAT3310-16T (Synology 16TB Plus HDD),Hard Drive,A,Taxable Sales,7.00,"162,405.00","1,136,835.00"
Invoice,03/09/2026,AS011088,KBSL Information Technologies Ltd,Synology:2 U Sliding Rail Kit,Synology,A,Taxable Sales,1.00,,
Invoice,03/09/2026,AS011089,MARS Network (Pvt) Ltd,Synology:DS223 (Synology Diskstation DS223  2Bay),Synology,A,Taxable Sales,1.00,"93,150.00","93,150.00"
Invoice,03/10/2026,AS011090,Intek Solutions,BDCOM:S1500-24T (BDCOM S1500-24T Switch),BDCOM,AD,Non-Taxable Sales,2.00,"24,190.00","48,380.00"
Invoice,03/11/2026,AS011091,Tech Crop Solutions (Pvt) Ltd,Synology:DS1825+ (Synology Disktation DS1825+ NAS Unit),Synology,AD,Taxable Sales,1.00,"379,000.00","379,000.00"
Invoice,03/11/2026,AS011091,Tech Crop Solutions (Pvt) Ltd,HDD:2 TB NAS (2 TB Seagate Ironwolf NAS Hard Drive),Hard Drive,AD,Taxable Sales,3.00,"36,000.00","108,000.00"
Invoice,03/11/2026,AS011092,Smart Moves & Repairs,Synology:DS425+ (Synology DiskStation DS425+ 4 Bay),Synology,AD,Non-Taxable Sales,1.00,"197,060.00","197,060.00"
Invoice,03/11/2026,AS011092,Smart Moves & Repairs,HDD:2 TB NAS (2 TB Seagate Ironwolf NAS Hard Drive),Hard Drive,AD,Non-Taxable Sales,2.00,"42,480.00","84,960.00"
Invoice,03/11/2026,AS011092,Smart Moves & Repairs,Draytek:Vigor 2927 (Draytek Vigor 2927 Security Appliance. Dual Wan),Draytek,AD,Non-Taxable Sales,1.00,"75,520.00","75,520.00"
Invoice,03/11/2026,AS011093,Adapt Information Technologies,Synology:DS425+ (Synology DiskStation DS425+ 4 Bay),Synology,A,Taxable Sales,1.00,"171,000.00","171,000.00"
Invoice,03/11/2026,AS011093,Adapt Information Technologies,HDD:2 TB NAS (2 TB Seagate Ironwolf NAS Hard Drive),Hard Drive,A,Taxable Sales,2.00,"36,000.00","72,000.00"
Invoice,03/13/2026,AS011094,LANKA MOUNT CASTLE (PVT) LTD,Host Email,Support and Maintenance,AS,Taxable Sales,1.00,"15,712.50","15,712.50"
Invoice,03/13/2026,AS011095,AMTEC ELECTRONIC (PVT) LTD,BDCOM:S1500-8P2G (BDCOM S1500-8P2G Switch),BDCOM,AR,Non-Taxable Sales,3.00,"15,900.00","47,700.00"
Invoice,03/13/2026,AS011096,Debug Computer Peripherals (Pvt) Ltd,BDCOM:S1500-16T (BDCOM S1500-16T Switch),BDCOM,AD,Taxable Sales,1.00,"18,000.00","18,000.00"
Invoice,03/14/2026,AS011097,Green City Global (pvt) Ltd,BDCOM:SFP+ SX,BDCOM,AR,Non-Taxable Sales,24.00,"9,200.00","220,800.00"
Invoice,03/16/2026,AS011098,Softlogic Information Technologies (Pvt),Synology:DS1525+ (Synology DiskStation DS1525+ 5Bay NAS),Synology,A,Taxable Sales,1.00,"265,275.00","265,275.00"
Invoice,03/16/2026,AS011098,Softlogic Information Technologies (Pvt),HDD:HAT3310-12T (12TB Synology Plus HDD),Hard Drive,A,Taxable Sales,2.00,"128,587.50","257,175.00"
Invoice,03/16/2026,AS011099,Studio Dreambox,Synology:DS1825+ (Synology Disktation DS1825+ NAS Unit),Synology,AD,Non-Taxable Sales,1.00,"447,000.00","447,000.00"
Invoice,03/17/2026,AS011100,Supervision Technology (Pvt) Ltd,Draytek:Vigor 2915 (Draytek Vigor 2915 Security Appliance),Draytek,AD,Taxable Sales,4.00,"39,000.00","156,000.00"
Invoice,03/18/2026,AS011101,J Teem Solutions,BDCOM:S1200-8P2G (BDCOM S1200-8P2G Switch),BDCOM,AR,Non-Taxable Sales,5.00,"11,000.00","55,000.00"
Invoice,03/18/2026,AS011101,J Teem Solutions,BDCOM:S1200-16P2G1S (BDCOM 16Port 100M POE+ 2Port 1G RJ45 + 1 -Port GE SFP port Unmanaged POE Sw...,BDCOM,AR,Non-Taxable Sales,1.00,"23,800.00","23,800.00"
Invoice,03/18/2026,AS011101,J Teem Solutions,BDCOM:S1500-8P2G (BDCOM S1500-8P2G Switch),BDCOM,AR,Non-Taxable Sales,5.00,"16,500.00","82,500.00"
Invoice,03/18/2026,AS011101,J Teem Solutions,BDCOM S1500-4P2G (BDCOM S1500-4P2G Switch),BDCOM,AR,Non-Taxable Sales,5.00,"11,000.00","55,000.00"
Invoice,03/19/2026,AS011102,Openlink (PVT) Ltd,HDD:HAT3310-12T (12TB Synology Plus HDD),Hard Drive,A,Taxable Sales,4.00,"151,000.00","604,000.00"
Invoice,03/19/2026,AS011103,Adapt Information Technologies,Synology:DS423 (Synology DS423 4 Bay NAS),Synology,A,Taxable Sales,1.00,"132,000.00","132,000.00"
Invoice,03/19/2026,AS011103,Adapt Information Technologies,HDD:HAT3300-6T (Synology 6TB Plus Hard Drive),Hard Drive,A,Taxable Sales,4.00,"90,000.00","360,000.00"
Invoice,03/19/2026,AS011104,Information Technologies & Enterprise Sol,HDD:HAT5310-20T (Synology 20TB Enterprise Hard Drive),Hard Drive,A,Non-Taxable Sales,2.00,"363,440.00","726,880.00"
Invoice,03/19/2026,AS011105,Mr Amila Nuwan,BDCOM:S1500-8T (BDCOM 8-Port Gigabit RJ45 Unmanaged Switch),BDCOM,AR,Non-Taxable Sales,1.00,"6,200.00","6,200.00"
Invoice,03/20/2026,AS011106,Prime Pulse Solutions (Pvt) Ltd,Synology:RS822RP+ (Synology Rackstation RS822RP+),Synology,AD,Taxable Sales,1.00,"621,000.00","621,000.00"
Invoice,03/20/2026,AS011106,Prime Pulse Solutions (Pvt) Ltd,HDD:HAT3320-8T (Synology 8TB Plus Hard Drive),Hard Drive,AD,Taxable Sales,4.00,"103,000.00","412,000.00"
Invoice,03/20/2026,AS011106,Prime Pulse Solutions (Pvt) Ltd,Synology:1 U Fixed Rail Kit,Synology,AD,Taxable Sales,1.00,,
Invoice,03/20/2026,AS011106,Prime Pulse Solutions (Pvt) Ltd,Synalyzer Software (Synalyzer Software),Software,AD,Taxable Sales,1.00,,
Invoice,03/20/2026,AS011107,LANKA COMMODITY BROKERS LTD,Host Email,Support and Maintenance,AS,Taxable Sales,1.00,"19,190.31","19,190.31"
Invoice,03/20/2026,AS011108,LANKA COMMODITY BROKERS LTD,Services,Support and Maintenance,AS,Taxable Sales,1.00,"6,993.75","6,993.75"
Invoice,03/20/2026,AS011109,AL - ARAF HOTELS & RESORT (PVT) LTD,Hosting (Hosting),Support and Maintenance,AS,Taxable Sales,1.00,"3,147.50","3,147.50"
Invoice,03/20/2026,AS011110,Wiscom Information Technology (Pvt) Ltd,Acronis,Acronics,SM,Non-Taxable Sales,1.00,"12,500.00","12,500.00"
Invoice,03/20/2026,AS011111,ABSOLUTE BUSINESS SOLUTIONS ( PVT) LTD,Acronis,Acronics,SM,Non-Taxable Sales,1.00,"2,000.00","2,000.00"
Invoice,03/20/2026,AS011112,ABSOLUTE BUSINESS SOLUTIONS ( PVT) LTD,Acronis,Acronics,SM,Non-Taxable Sales,1.00,"2,000.00","2,000.00"
Invoice,03/23/2026,AS011113,VS Information Systems (Pvt) Ltd,Synology:DS425+ (Synology DiskStation DS425+ 4 Bay),Synology,A,Taxable Sales,1.00,"192,375.00","192,375.00"
Invoice,03/23/2026,AS011113,VS Information Systems (Pvt) Ltd,HDD:2TB SSD 225S (2TB SSD225S Transcend),Hard Drive,A,Taxable Sales,2.00,"293,625.00","587,250.00"
Invoice,03/23/2026,AS011114,AlloT Technologies (Pvt) Ltd,BDCOM:S1500-16P2S (BDCOM S1500-16P2S POE Switch),BDCOM,AD,Taxable Sales,2.00,"39,500.00","79,000.00"
Invoice,03/23/2026,AS011114,AlloT Technologies (Pvt) Ltd,BDCOM:S1500-8P2G (BDCOM S1500-8P2G Switch),BDCOM,AD,Taxable Sales,2.00,"12,000.00","24,000.00"
Invoice,03/23/2026,AS011115,Fazaal Ceramics,Services,Support and Maintenance,AS,Non-Taxable Sales,2.00,"5,900.00","11,800.00"
Invoice,03/24/2026,AS011116,Anexta Business Solutions (Pvt) Ltd,BDCOM:S1500-8T (BDCOM 8-Port Gigabit RJ45 Unmanaged Switch),BDCOM,AD,Taxable Sales,1.00,"5,500.00","5,500.00"
Invoice,03/24/2026,AS011117,Telasis Solutions (Pvt) Ltd,RS822+ (Synology Rack Station RS822+),Synology,A,Taxable Sales,1.00,"442,000.00","442,000.00"
Invoice,03/24/2026,AS011117,Telasis Solutions (Pvt) Ltd,HDD:HAT3320-8T (Synology 8TB Plus Hard Drive),Hard Drive,A,Taxable Sales,3.00,"97,000.00","291,000.00"
Invoice,03/24/2026,AS011117,Telasis Solutions (Pvt) Ltd,Synology:1 U Fixed Rail Kit,Synology,A,Taxable Sales,1.00,,
Invoice,03/25/2026,AS011118,Barclays Computers (Pvt) Ltd,Synology:DS423 (Synology DS423 4 Bay NAS),Synology,AS,Taxable Sales,2.00,"133,300.00","266,600.00"
Invoice,03/25/2026,AS011119,Barclays Computers (Pvt) Ltd,BDCOM:WAP2100-T512 (BDCOM WAP2100-T512),BDCOM,AR,Taxable Sales,1.00,"16,950.00","16,950.00"
Invoice,03/25/2026,AS011119,Barclays Computers (Pvt) Ltd,BDCOM:S1500-24T (BDCOM S1500-24T Switch),BDCOM,AR,Taxable Sales,2.00,"20,000.00","40,000.00"
Invoice,03/25/2026,AS011119,Barclays Computers (Pvt) Ltd,S1000-4P2F (BDCOM S1000-4P2F Switch),BDCOM,AR,Taxable Sales,3.00,"5,300.00","15,900.00"
Invoice,03/25/2026,AS011119,Barclays Computers (Pvt) Ltd,BDCOM:S1500-8P2G (BDCOM S1500-8P2G Switch),BDCOM,AR,Taxable Sales,2.00,"13,200.00","26,400.00"
Invoice,03/25/2026,AS011119,Barclays Computers (Pvt) Ltd,BDCOM:S1500-8T (BDCOM 8-Port Gigabit RJ45 Unmanaged Switch),BDCOM,AR,Taxable Sales,10.00,"5,000.00","50,000.00"
Invoice,03/25/2026,AS011119,Barclays Computers (Pvt) Ltd,BDCOM:S1000-8P2F (BDCOM POE S1000-8P2F  8Port 100M Switch),BDCOM,AR,Taxable Sales,3.00,"7,000.00","21,000.00"
Invoice,03/25/2026,AS011119,Barclays Computers (Pvt) Ltd,BDCOM:S1200-8P2G (BDCOM S1200-8P2G Switch),BDCOM,AR,Taxable Sales,2.00,"9,200.00","18,400.00"
Invoice,03/25/2026,AS011119,Barclays Computers (Pvt) Ltd,BDCOM S1500-5T (BDCOM S1500-5T Switch),BDCOM,AR,Taxable Sales,4.00,"3,700.00","14,800.00"
Invoice,03/25/2026,AS011119,Barclays Computers (Pvt) Ltd,BDCOM S1500-4P2G (BDCOM S1500-4P2G Switch),BDCOM,AR,Taxable Sales,2.00,"9,400.00","18,800.00"
Invoice,03/25/2026,AS011120,Berlin Engineering (PVT) LTD,BDCOM:WAP2100-T512 (BDCOM WAP2100-T512),BDCOM,AR,Non-Taxable Sales,1.00,"21,000.00","21,000.00"
Invoice,03/25/2026,AS011120,Berlin Engineering (PVT) LTD,BDCOM:S1500-8P2G (BDCOM S1500-8P2G Switch),BDCOM,AR,Non-Taxable Sales,1.00,"17,500.00","17,500.00"
Invoice,03/25/2026,AS011121,E-Net Integrated Solutions (Pvt) Ltd,BDCOM S1500-4P2G (BDCOM S1500-4P2G Switch),BDCOM,AR,Non-Taxable Sales,1.00,"11,000.00","11,000.00"
Invoice,03/26/2026,AS011122,Tekki (Pvt) Ltd,Rental,Other Sales,AS,Non-Taxable Sales,20.00,"2,360.00","47,200.00"
Invoice,03/27/2026,AS011123,Call Lanka Telecom (Pvt) Ltd,Synology:DS423 (Synology DS423 4 Bay NAS),Synology,AS,Taxable Sales,1.00,"267,440.00","267,440.00"
Invoice,03/27/2026,AS011123,Call Lanka Telecom (Pvt) Ltd,HDD:HAT3300-4T (Synology 4TB Plus HDD),Hard Drive,AS,Taxable Sales,2.00,,
Invoice,03/27/2026,AS011124,Adapt Information Technologies,Acronis,Acronics,A,Taxable Sales,1.00,"213,000.00","213,000.00"
Invoice,03/30/2026,AS011125,Data Management Systems (Pvt) Limited,Synology:DS925+ (Synology NAS DS925+ 4 Bay NAS),Synology,A,Taxable Sales,1.00,"275,000.00","275,000.00"
Invoice,03/30/2026,AS011125,Data Management Systems (Pvt) Limited,HDD:HAT3300-6T (Synology 6TB Plus Hard Drive),Hard Drive,A,Taxable Sales,4.00,"75,000.00","300,000.00"
Invoice,03/30/2026,AS011126,Southern Technologies,BDCOM:S1200-8P2G (BDCOM S1200-8P2G Switch),BDCOM,AR,Non-Taxable Sales,5.00,"10,600.00","53,000.00"
Invoice,03/30/2026,AS011127,BlueChip Technical Services(Pvt)Ltd,Rental,Other Sales,A,Taxable Sales,1.00,"70,000.00","70,000.00"
Invoice,03/30/2026,AS011128,MM Trade Stationers (Pvt) Ltd.,HDD:HAT3310-16T (Synology 16TB Plus HDD),Hard Drive,AR,Taxable Sales,2.00,"226,500.00","453,000.00"
Invoice,03/30/2026,AS011129,E Technology System (Pvt) Ltd,Synology:DS425+ (Synology DiskStation DS425+ 4 Bay),Synology,AD,Taxable Sales,1.00,"173,000.00","173,000.00"
Invoice,03/30/2026,AS011130,Dilru Production (Pvt) Ltd,BDCOM:S1500-24T (BDCOM S1500-24T Switch),BDCOM,AD,Non-Taxable Sales,1.00,"26,550.00","26,550.00"
Invoice,03/30/2026,AS011131,Hexar Evolution (Pvt) Ltd,Synology:DS925+ (Synology NAS DS925+ 4 Bay NAS),Synology,AD,Taxable Sales,1.00,"211,000.00","211,000.00"
Invoice,03/30/2026,AS011131,Hexar Evolution (Pvt) Ltd,HDD:HAT3320-8T (Synology 8TB Plus Hard Drive),Hard Drive,AD,Taxable Sales,2.00,"115,000.00","230,000.00"
Invoice,03/30/2026,AS011131,Hexar Evolution (Pvt) Ltd,Synalyzer Software (Synalyzer Software),Software,AD,Taxable Sales,1.00,,
Invoice,03/30/2026,AS011132,Call Lanka Telecom (Pvt) Ltd,BDCOM:WAP2100-T512 (BDCOM WAP2100-T512),BDCOM,AS,Taxable Sales,3.00,"17,650.00","52,950.00"
Invoice,03/30/2026,AS011132,Call Lanka Telecom (Pvt) Ltd,BDCOM:S1500-8P2G (BDCOM S1500-8P2G Switch),BDCOM,AS,Taxable Sales,3.00,"13,650.00","40,950.00"
Invoice,03/30/2026,AS011133,Berlin Engineering (PVT) LTD,BDCOM:S1500-24P2S-370 (S1500-24P2S-370 BDCOM Switch),BDCOM,AR,Non-Taxable Sales,1.00,"72,500.00","72,500.00"
Invoice,03/31/2026,AS011134,Enico Chemical Industries Pvt Ltd,Acronis Antivirus (Acronis Advanced Antivirus Enpoint Detection & Response (EDR)),Acronics,AD,Taxable Sales,1.00,"3,600.00","3,600.00"
,,,,,,,,,,"163,448,510.37"
,,,,,,,,,,
