ListID,Name,FullName,CompanyName,ContactName,Email,Phone,AltPhone,Fax,BillAddress,BillCity,BillState,BillZip,BillCountry,ShipAddress,ShipCity,ShipState,ShipZip,ShipCountry,CustomerType,Terms,SalesRep,Balance,TotalBalance,CreditLimit,AccountNumber,ResaleNumber,VatNumber,TinNumber,IsVatRegistered,TaxItemRef,TaxCodeRef,IsActive,Notes
800001DB-1305862871,.,.,,,,,,,,,,,,,,,,,,,,0.00,0.00,0,,,,,0,Non VAT,Tax,0,
80000226-1347514216,".FRONTIER AUTOMOTIVES (PVT) LTD.,",".FRONTIER AUTOMOTIVES (PVT) LTD.,",,,,,,,".FRONTIER AUTOMOTIVES (PVT) LTD.,",,,,,,,,,,,,,0.00,0.00,0,,,,,0,,Tax,1,
80000399-1500954757,000,000,,,,,,,000,,,,,,,,,,,,AD,0.00,0.00,0,,,,,0,,Tax,1,
80000408-1522672306,0Lakvijaya Power Station,0Lakvijaya Power Station,,,,,,,0Lakvijaya Power Station,,,,,,,,,,,,,0.00,0.00,0,,,,,0,,Tax,1,
8000051E-1629524292,1,1,Cancel Invoice,,,,,,Cancel Invoice,,,,,,,,,,,,,0.00,0.00,0,,,,,0,VAT15%,Tax,1,
80000215-1334644260,2CHRISTIAN AID,2CHRISTIAN AID,,,,,,,2CHRISTIAN AID,,,,,,,,,,,,,0.00,0.00,0,,,,,0,,Tax,1,
80000497-1563782123,361 Degrees (Pvt) Ltd,361 Degrees (Pvt) Ltd,361 Degrees (Pvt) Ltd,,,,,,"361 Degrees (Pvt) Ltd, 185/1 Sri Gnanendra Mawatha",Nawala,,,,,,,,,,,A,0.00,0.00,0,,,,,0,Non VAT,Tax,1,
80000519-1625822394,579 Holdings,579 Holdings,579 Holdings,,,,,,"579 Holdings, 78/1 , Welyaya Road, Navinna,",Maharagama,,,,,,,,,,,AD,13800.00,13800.00,0,,,,,0,VAT15%,Tax,1,
8000022D-1351141822,6Maharaja Entertainments (PVT)Ltd,6Maharaja Entertainments (PVT)Ltd,,,,,,,6Maharaja Entertainments (PVT)Ltd,,,,,,,,,,,,,0.00,0.00,0,,,,,0,,Tax,1,
800003DA-1513143517,99X Technology Limited,99X Technology Limited,,,,,,,"99X Technology Limited, No 65 Walukarama Road,",Colombo 03,,,,,,,,,,,L,0.00,0.00,0,,,,,0,Non VAT,Tax,1,
800003B6-1506574228,a-Design Studio,a-Design Studio,,,,,,,"a-Design Studio, 38 , Haig Road ,",,Haig,,,,,,,,,,AD,0.00,0.00,0,,,,,0,Non VAT,Tax,1,
80000018-1238680044,A.BAUR & COMPANY,A.BAUR & COMPANY,A.BAUR & COMPANY,,,,,,"A.BAUR & COMPANY, SALES & DISTRIBUTION DEPT., HEALTH CARE DIVISION",COLOMBO 14,,,,,,,,,,,,0.00,0.00,0,A.B,,,,0,,,1,
8000045E-1546578184,A & F Holdings ( Aasaf),A & F Holdings ( Aasaf),,,,,,,"A & F Holdings, 365 Grandpass Road,",Colombo 14.,,,,,,,,,,,AS,0.00,0.00,0,,,,,0,VAT15%,Tax,1,
800003DE-1513827608,A J & Son,A J & Son,A J & Son,,,,,,"A J & Son, , No.44, Ketawalamulla Lane, , Dematagoda Road,",Colombo 06,,,,,,,,,,,AD,0.00,0.00,0,,,,,0,Non VAT,Tax,1,
80000017-1238680043,A ONE INTERNET CAFE,A ONE INTERNET CAFE,A ONE INTERNET CAFE,,,,,,A ONE INTERNET CAFE,,,,,,,,,,,,,0.00,0.00,0,A-ONE,,,,0,,,1,
800003DB-1513229025,A S IT Solutions,A S IT Solutions,,,,,,,A S IT Solutions,,,,,,,,,,,,A,0.00,0.00,0,,,,,0,Non VAT,Tax,1,
80000325-1473920577,Abans Electricals PLC,Abans Electricals PLC,,,,,,,"Abans Electricals PLC, No 498 , Galle Road,",Colombo 03,,,,,,,,,,,AD,0.00,0.00,0,,,,,0,Non VAT,Tax,1,
80000326-1473929105,"Abans Electricals PLC, Service Dep","Abans Electricals PLC, Service Dep",,,,,,,"Abans Electricals PLC, Service Department, , 506 B, Galle Road,",Wellawatta.,,,,,,,,,,,AD,0.00,0.00,0,,,,,0,Non VAT,Tax,1,
80000487-1559283795,Abans PLC.,Abans PLC.,Abans PLC,,,,,,"Abans PLC, 3rd Floor, No. 498, , Galle Road,",Colombo 03,,,,,,,,,,,L,0.00,0.00,0,,,,,0,VAT15%,Tax,1,
80000277-1395143388,ABC,ABC,ABC,,,,,,ABC,,,,,,,,,,,,AS,0.00,0.00,0,,,,,0,Non VAT,Tax,1,
800001C0-1291258609,ABC Computers,ABC Computers,ABC Computers,,,,,,"ABC Computers (Pvt) Ltd., 48 Ward Place,",Colombo 07,,,,,,,,,,Due on receipt,AS,0.00,0.00,0,,,,,0,Non VAT,Tax,1,
8000001A-1238680044,ABC TRADE & INVESTMENTS (PVT) LTD,ABC TRADE & INVESTMENTS (PVT) LTD,ABC TRADE & INVESTMENTS (PVT) LTD,Jayaseelan,info@abcsrilanka.biz,5877700,,2677284,"ABC Trade & Invesments (Pvt)Ltd, No 3. Bandaranayakapura Road",Rajagiriya,,,,,,,,,,Due on receipt,AS,0.00,0.00,0,ABC,,,,0,,,1,
80000420-1528956551,Abercrombie & Kent (Pvt) Ltd,Abercrombie & Kent (Pvt) Ltd,,,,,,,"Abercrombie & Kent (Pvt) Ltd, Level 17 , Access tower, , 278/4, Union Place, Colombo 02",VAT No,,114150460-700,,,,,,,,,AD,0.00,0.00,0,,,,,0,Non VAT,Tax,1,
800004E8-1598612493,Abeygunawardene Associates (PVT) Ltd,Abeygunawardene Associates (PVT) Ltd,Abeygunawardene Associates (PVT) Ltd,,,,,,"Abeygunawardene Associates (PVT) Ltd, No- 29, Purana Road, , Wattegedara",Maharagama,,,,,,,,,,,AD,0.00,0.00,0,,,,,0,Non VAT,Tax,1,
8000001C-1238680044,ACA IT PARK,ACA IT PARK,ACA IT PARK,MR. SRIKANTH,,2470519,,,"MR. SRIKANTH, ACA IT PARK",248 GEORGE R.,DE,,,,,,,,,,,0.00,0.00,0,ACA,,,,0,,,1,
8000026A-1389928682,Access Projects,Access Projects,Access Projects,,,,,,Access Projects,,,,,,,,,,,,AS,0.00,0.00,0,,,,,0,Non VAT,...,1,
800002BD-1434521014,Access Projects (Pvt)Ltd,Access Projects (Pvt)Ltd,Access Projects (Pvt)Ltd,,,,,,"Access Projects (Pvt)Ltd, No:40, , Park Lane,",Rajagiriya,,,,"Head Office, ",Rajagiriya,,,,,,AS,0.00,0.00,0,,,,,0,Non VAT,Tax,1,
800004CE-1583922054,Accura-Tech Accurate Technologies,Accura-Tech Accurate Technologies,Accura-Tech Accurate Technologies,,,,,,"Accura-Tech Accurate Technologies, No 48, IBM building II , , 3rd Floor, , Nawam Mawatha,",Colombo 2.,,,,,,,,,,,,0.00,0.00,0,,,,,0,Non VAT,Tax,1,
800002A1-1417149779,Ace Apparels (Pvt) Ltd,Ace Apparels (Pvt) Ltd,Ace Apparels (Pvt) Ltd,,,,,,"Ace Apparels (Pvt) Ltd, Lot No 01, EPZ, Koggala,",Habaraduwa.,,,,,,,,,,,dil,0.00,0.00,0,,,,,0,NBT 1%,Tax,1,
800001F7-1316576521,Ace International Express (pvt) Ltd,Ace International Express (pvt) Ltd,"ACE INTERNATIONAL EXPRESS (PVT) LTD.,",,,,,,"ACE INTERNATIONAL EXPRESS (PVT) LTD., , 315, Vauxhall Street,",Colombo 02.,,,,,,,,,,Due on receipt,SS,0.00,0.00,0,,,,,0,Non VAT,Tax,1,
800001E5-1311313629,Ace Power Embilipitiya (pvt) Ltd,Ace Power Embilipitiya (pvt) Ltd,"ACE POWER EMBILIPITIYA (PVT) LTD.,",,,,,,"ACE POWER EMBILIPITIYA (PVT) LTD., , 305, Vauxhall Street,",Colombo 02.,,,,,,,,,,Due on receipt,SS,0.00,0.00,0,,,,,0,Non VAT,Tax,1,
80000481-1556605158,Acecam (Pvt) Ltd,Acecam (Pvt) Ltd,Acecam (Pvt) Ltd,,,,,,"Acecam (Pvt) Ltd, 419-2/1 Galle Rd,",Colombo 03,,,,,,,,,,,A,0.00,0.00,0,,,,,0,Non VAT,Tax,1,
80000517-1623385831,ACSYS NETWORKS PRIVATE LIMITED,ACSYS NETWORKS PRIVATE LIMITED,ACSYS NETWORKS PRIVATE LIMITED,,,,,,"ACSYS NETWORKS PRIVATE LIMITED, Level 12, Parkland Building, , No.33, Park Street,",Colombo 02,,,,,,,,,,,A,0.00,0.00,0,,,,,0,Non VAT,Tax,1,
800004F4-1603777260,Adapt Information Technologies (Pvt) Ltd,Adapt Information Technologies (Pvt) Ltd,Adapt Information Technologies (Pvt) Ltd,,,,,,"Adapt Information Technologies (Pvt) Ltd, No 106, Bernards Business Park, , Dutugemunu St,",Dehiwala-Mount Lavinia,,,,,,,,,,,A,640834.00,640834.00,0,,,,,0,Non VAT,Tax,1,
8000001D-1238680044,ADVANCE DIGITAL SYSTEMS,ADVANCE DIGITAL SYSTEMS,ADVANCE DIGITAL SYSTEMS,,,2949839,,2949839,"ADVANCE DIGITAL SYSTEMS, 15A, FIRST FLOOR, , STATION ROAD, HENDELLA JUNCTION",WATTALA,,,,,,,,,,,,0.00,0.00,0,AD,,,,0,,,1,
80000395-1500034129,Advance Network Technologies (Pvt)Ltd,Advance Network Technologies (Pvt)Ltd,,,,,,,"Advance Network Technologies(Pvt)Ltd, No 145, Kithulampitiya Road, , Uluwitike",Galle.,,,,,,,,,,,A,0.00,0.00,0,,,,,0,Non VAT,Tax,1,
800001B7-1286535762,Advanced Micro Technology,Advanced Micro Technology,Advanced Micro Technology (Pvt) Ltd,,,,,,"Advanced Micro Technology (Pvt) Ltd, 563/17, Sarasavi Mawatha, , Nawala Road,",Rajagirya,,,,,,,,,,Due on receipt,SS,0.00,0.00,0,,,,,0,Non VAT,Tax,1,
800003F9-1520224241,ADZ Insurance Brokers(Pvt) Ltd,ADZ Insurance Brokers(Pvt) Ltd,,,,,,,"ADZ Insurance Brokers(Pvt) Ltd, No 140, Vauxhall Street, , Colombo 02",VAT No,,114255742-700,,,,,,,,,AD,0.00,0.00,0,,,,,0,Non VAT,Tax,1,
800001C9-1293981158,Aepona - valistar,Aepona - valistar,AePONA Int Lanka (pvt) Ltd,,,,,,"AEPONA INTERNATIONAL LANKA (PVT) LTD., , 4th Floor, 123 Bauddhaloka Mawatha, ",Colombo 04,,00400,,,,,,,,Net 30,SS,0.00,0.00,0,,,,,0,Non VAT,Tax,1,
8000022A-1349674534,Aero Lanka Enterprises,Aero Lanka Enterprises,Aero Lanka Enterprises,,,,,,"Aero Lanka Enterprises, , 323, 2/5, , Old Moor Street,",colombo 12.,,,,,,,,,,,,0.00,0.00,0,,,,,0,Non VAT,Tax,1,
8000029D-1413875554,AG International (PTE)Ltd,AG International (PTE)Ltd,AG International (PTE)Ltd,,,,,,"AG International (PTE)Ltd, No:112-114, , Braybrooke Place,",Colombo 02,,,,,,,,,,,dil,0.00,0.00,0,,,,,0,NBT 1%,Tax,1,
8000001F-1238680044,AIIT COMPUTER CENTRE & COMMUNICATION,AIIT COMPUTER CENTRE & COMMUNICATION,AIIT COMPUTER CENTRE & COMMUNICATION,,,,,,"AIIT COMPUTER CENTRE & COMMUNICATION, 26, MUTHUWELLA MW,",COLOMBO 15.,,,,,,,,,,,,0.00,0.00,0,AIIT,,,,0,,,1,
80000020-1238680044,AIR COM,AIR COM,AIR COM,,,,,,AIR COM,,,,,,,,,,,,,0.00,0.00,0,AIR,,,,0,,,1,
800002F9-1456557348,Airport & Aviation Services(Sri Lanka)Ltd,Airport & Aviation Services(Sri Lanka)Ltd,Airport & Aviation Services(Sri Lanka)Ltd,,,,,,"Airport & Aviation Services(Sri Lanka)Ltd, Head Of IT, IT Division, , Bandaranayaike International Airport,",Katunayake.,,,,,,,,,,,dil,0.00,0.00,0,,,,,0,NBT 1%,Tax,1,
800002A0-1417145884,Aitken Spence (Garment) Ltd,Aitken Spence (Garment) Ltd,Aitken Spence (Garment) Ltd,,purchasing@aitkenspence.lk,342247386 -2248923/4,,3422447387,"Aitken Spence (Garment) Ltd, No:222, , Agalawattta Road,",Matugama.,,,,,,,,,,,,0.00,0.00,0,,,,,0,NBT 1%,Tax,1,
8000030B-1462348980,Aitken Spence Apparels (Pvt) Ltd,Aitken Spence Apparels (Pvt) Ltd,Aitken Spence Apparels (Pvt) Ltd,,purchasing@aitkenspence.lk,0912234083,,,"Aitken Spence Apparels (Pvt) Ltd, Lot No 7, , Export Processing Zone, , Koggala,",Habaraduwa.,,,,,,,,,,,dil,0.00,0.00,0,,,,,0,Non VAT,...,1,
800001F8-1316576762,Aitken Spence Cargo (pvt) Ltd,Aitken Spence Cargo (pvt) Ltd,"AITKEN SPENCE CARGO (PVT) LTD.,",,,,,,"AITKEN SPENCE CARGO (PVT) LTD., , 315, Vauxhall Street,",Colombo 02.,,,,,,,,,,Due on receipt,L,0.00,0.00,0,,,,,0,Non VAT,Tax,1,
80000208-1323761785,Aitken Spence PLC,Aitken Spence PLC,Aitken Spence PLC,,,,,,"Aitken Spence PLC, Finance Division, , Aitken Spence Towers, , 305, Vauxhall Street,",Colombo 02,,,,Aitken Spence PLC,Colombo 02,,,,,Due on receipt,dil,0.00,0.00,0,,,,,0,Non VAT,...,1,
80000232-1358418892,Aitken Spence Power,Aitken Spence Power,Aitken Spence Power,2308308,,,,2345132,"Aitken Spence Power, , Ace Power Embilipitiya Pvt Ltd, No:305, , Vauxhall Street,",Colombo 02.,,,,,,,,,,,AS,0.00,0.00,0,,,,,0,Non VAT,...,1,
80000285-1403767048,Aitken Spence Printing & Packaging(Pvt)Lt,Aitken Spence Printing & Packaging(Pvt)Lt,Aitken Spence Printing & Packaging(Pvt)Lt,,,2976312,,2976314,"Aitken Spence Printing & Packaging(Pvt)Lt, No:90, , St.Rjta's Estate, , Mawaramandiya,",Siyambalape.,,,,,,,,,,,AS,0.00,0.00,0,,,,,0,Non VAT,...,1,
800001D7-1303379385,Aitken Spence Shipping Ltd.,Aitken Spence Shipping Ltd.,AITKEN SPENCE SHIPPING LTD.,,,,,,"AITKEN SPENCE SHIPPING LTD., No: 315, Vauxhall street,",Colombo 02.,,,,,,,,,,,,0.00,0.00,0,,,,,0,Non VAT,Tax,1,
8000021F-1342676003,Aitken Spence Travels (Private)Limited.,Aitken Spence Travels (Private)Limited.,Aitken Sepence Travels (Private)Limited,,,,,,"Aitken Spence Travels (Private)Limited, , Aitken Spence Towers II, , No:315, , Vauxhall Street,",Colombo 2.,,,,,,,,,,,AS,0.00,0.00,0,,,,,0,Non VAT,Tax,1,
80000021-1238680044,AJITH,AJITH,AJITH,,,,,,"AJITH, PUTTALAM",,,,,,,,,,,,,0.00,0.00,0,AJI,,,,0,,,1,
800001C3-1292578208,Ajith Samaranayake,Ajith Samaranayake,,Ajith Samaranayake,,0777302130,,,"Ajith Samaranayake, 75/4 Kynsey Road,",Colombo 08,,,,,,,,,,Due on receipt,AS,0.00,0.00,0,,,,,0,Non VAT,Tax,1,
8000030E-1466401240,Akbar Brothers (Pvt) Ltd,Akbar Brothers (Pvt) Ltd,,,,,,,"Akbar Brothers (Pvt) Ltd,  # 334 , T B Jayah Mawatha, , Colombo 10,",Sri Lanka.,,,,,,,,,,,A,0.00,0.00,0,,,,,0,Non VAT,Tax,1,
80000022-1238680044,AKNY COMPUTERS,AKNY COMPUTERS,AKNY COMPUTERS,SHAMELA I. THOMAS,AKNYCOMPUTERS@GMAIL.COM,2807070,,2807071,"SHAMELA I. THOMAS, AKNY COMPUTERS, 27, NARAHENPITA ROAD,",NAWALA,,,,,,,,,,,,0.00,0.00,0,AKNY,,,,0,,,1,
80000522-1631915952,Akoit Solutions,Akoit Solutions,,,,,,,"Akoit Solutions, No 142E/1, Kandy Rd",Warakapola,,,,,,,,,,,AD,0.00,0.00,0,,,,,0,,Tax,1,
800003AC-1505106777,Aliya Resort & Spa,Aliya Resort & Spa,,,,,,,"Aliya Resort & Spa, Avudangawa",Sigiriya,,,,,,,,,,,L,0.00,0.00,0,,,,,0,Non VAT,Tax,1,
8000001E-1238680044,ALLIANCE FRANCAISE,ALLIANCE FRANCAISE,ALLIANCE FRANCAISE,MR. NIROSHAN,,2688735,,,"MR. NIROSHAN, ALLIANCE FRANCAISE, 11, BARNES PLACE,",COLOMBO 07.,,,,,,,,,,,,0.00,0.00,0,AF,,,,0,,,1,
8000025A-1383539467,Alliance Media Company (Pvt) Ltd,Alliance Media Company (Pvt) Ltd,Alliance Media Company (Pvt) Ltd,Hisham Mohamed.N,hisham@alliancemedia.lk,2300755,,,"Alliance Media Company (Pvt) Ltd., No 02, Hunupitiya Cross Road,",Colombo 02,,,,,,,,,,,D,0.00,0.00,0,,,,,0,Non VAT,...,1,
8000039C-1501650734,Alpha Industries,Alpha Industries,,,,,,,"Alpha Industries (Pvt) Ltd, Iceland Building, 49/16, Galle Road",Colombo 03,,,,,,,,,,,L,0.00,0.00,0,,,,,0,Non VAT,Tax,1,
8000026E-1393301210,Amana Global Limited,Amana Global Limited,Amana Global Limited,,,,,,"Amana Global Limited, No:06, , Glen Aber Place,",colombo 04,,,,,,,,,,,AS,0.00,0.00,0,,,,,0,VAT15%,Tax,1,
800003D4-1512373957,Amana Holdings,Amana Holdings,,,,,,,"Amana Holdings, No 6, Glen Aber Place",,Glen,,,,,,,,,,AS,22600.00,22600.00,0,,,,,0,VAT15%,Tax,1,
800002C9-1438168539,American Premium Water Systems (Pvt)Ltd,American Premium Water Systems (Pvt)Ltd,,,stores@apwssl.com,0117-400780,0117677113,,"American Premium Water Systems (Pvt)Ltd, Level 06, , No:281, , R.A.De Mel Mawatha,",Colombo 03.,,,,,,,,,,,A,0.00,0.00,0,,,,,0,VAT15%,Tax,1,
800002C4-1437637651,American Water,American Water,American Water,,,,,,"American Water, Level-06, #281, R.A.De Mel Mawatha,",Colombo 03,,,,,,,,,,,dil,0.00,0.00,0,,,,,0,NBT 1%,Tax,1,
80000023-1238680044,AMGA VIDEO & COMMUNICATION,AMGA VIDEO & COMMUNICATION,AMGA VIDEO & COMMUNICATION,,,,,,"AMGA VIDEO & COMMUNICATION, 616 PERADENIYA RD. KANDY",,,,,,,,,,,,,0.00,0.00,0,AMGA,,,,0,,,1,
80000025-1238680044,AMMAN@CAFE,AMMAN@CAFE,AMMAN@CAFE,,,,,,"AMMAN@CAFE, 388A, BASE LINE ROAD, , DEMATAGODA,",COLOMBO 09.,,,,,,,,,,,,0.00,0.00,0,AMMAN,,,,0,,,1,
800003EA-1516078599,AMW Computers (Pvt) Ltd,AMW Computers (Pvt) Ltd,,,,,,,"A M W Computers (Pvt) Ltd, No 06c, Station Road , , Negombo.",VAT No,,174921091-700,,,,,,,,,L,0.00,0.00,0,,,,,0,Non VAT,Tax,1,
80000363-1488945818,Analytical Instruments (Pvt) Ltd,Analytical Instruments (Pvt) Ltd,,,,,,,"Analytical Instruments (Pvt) Ltd, No 100, Elvitigala Mawatha,",Colombo 08,,,,,,,,,,,AD,0.00,0.00,0,,,,,0,Non VAT,Tax,1,
800002A5-1418284424,And Beyond,And Beyond,And Beyond,,nigel.hay@andBeyondindia.com,0115-289570,,,"And Beyond, No:140, , Vauxhall Street, 2nd Floor,","AEC Building, Colombo 02",,,,,,,,,,,AD,0.00,0.00,0,,,,,0,Non VAT,...,1,
8000019F-1272866238,APL,APL,APL Lanka (Private) Limited,Anton Fernando,,,,,"APL Lanka (pvt)Ltd, , No:8, 3rd Floor, York Arcade Bldg, , Leyden Bastian Road,",Colombo 01.,,,,APL Lanka (Private) Limited,Colombo 1,,,,,,E,0.00,0.00,0,,,,,0,Non VAT,...,1,
8000033B-1481024168,APL Logistics,APL Logistics,,,,,,,"APL Logistics Lanka Freight Forwarding, (Pvt) Ltd, No 8, 3/3, York Arcade Building, Leyden Bastian Road,",Colombo 01,,,,,,,,,,,A,0.00,0.00,0,,,,,0,Non VAT,Tax,1,
80000028-1238680044,APS COMPUTERS,APS COMPUTERS,APS COMPUTERS,,,,,,"APS COMPUTERS, 35 1/1, 7TH CROSS STREET,",,7TH,,,,,,,,,,,0.00,0.00,0,APS,,,,0,,,1,
80000206-1322458322,Arc Tech,Arc Tech,Arc Tech Lanka (Pvt) Ltd.,,,,,,"Arc Tech Lanka (Pvt) Ltd., 108/4, Rosmead Place",Colombo 07.,,,,,,,,,,Due on receipt,RZ,0.00,0.00,0,,,,,0,NBT,Tax,1,
8000002A-1238680044,ARPICO FINANCE CO.(LTD),ARPICO FINANCE CO.(LTD),ARPICO FINANCE CO.(LTD),,,,,,"ARPICO FINANCE COMPANY PLC, No 146 , HAVELOCK ROAD,",COLOMBO 05,,,,,,,,,,,A,0.00,0.00,0,AR,,,,0,,,1,
800002A3-1417690379,AS IT Solution,AS IT Solution,AS IT Solution,,,,,,"AS IT Solution, No:134/B, , Dewala Road, , Makuluduwa,",Piliyandala,,,,,,,,,,,,0.00,0.00,0,,,,,0,Non VAT,Tax,1,
800003A2-1502979993,Asia broadcasting cop (Hiru Tv),Asia broadcasting cop (Hiru Tv),,,,,,,"Asia Broadcasting corporation (pvt)Ltd, Level 37","East Tower, Word Tradr Center",Word,,,,,,,,,,L,0.00,0.00,0,,,,,0,Non VAT,Tax,1,
800001AD-1280293193,Asia Capital,Asia Capital,Asia Capital Ltd,,,,,,"ASIA CAPITAL PLC., , 21-01, West Tower, , World Trade Center, , Echelon Square,",Colombo 01.,,,,Asia Capital Ltd,Colombo 01,,,,,Due on receipt,DL,0.00,0.00,0,,,,,0,Non VAT,Tax,1,
80000213-1332827379,Asia Digital Entertainment (Pvt)Ltd,Asia Digital Entertainment (Pvt)Ltd,,,,,,,"Asia Digital Entertainment (Pvt)Ltd, Level 21, West Tower, , World Trade Center, , Enhelon Square,",Colombo 01.,,,,,,,,,,,SM,0.00,0.00,0,,,,,0,,Tax,1,
8000020D-1330060378,Asia Disital Entertainment (Pvt)Ltd,Asia Disital Entertainment (Pvt)Ltd,ASIA DISITAL ENTERTAINMENT (PVT)LTD,,,,,,"ASIA DISITAL ENTERTAINMENT (PVT)LTD, Level 21, West Tower, , WTC, Echelon Squre,",Colombo 01,,,,,,,,,,Net 30,SM,0.00,0.00,0,,,,,0,Non VAT,Tax,1,
80000367-1490074950,Asia Pacific Technology Systems (Pvt) Ltd,Asia Pacific Technology Systems (Pvt) Ltd,,Inoka,,0115738070,,,"Asia Pacific Technology Systems (Pvt) Ltd, 422/3, Galle Road, , Colombo-03",VAT No,,174747784-700,,,,,,,,,AD,0.00,0.00,0,,,,,0,VAT15%,...,1,
8000002C-1238680045,"ASIAN ALLIANCE INSURANCE CO LTD.,","ASIAN ALLIANCE INSURANCE CO LTD.,","ASIAN ALLIANCE INSURANCE CO LTD.,",,,,,,"ASIAN ALLIANCE INSURANCE CO LTD., , 7th Floor, Millenium House, , 46/58, Nawam Mawatha,",Colombo 02.,,,,,,,,,,Due on receipt,dil,0.00,0.00,0,ASA,,,,0,NBT 1%,Tax,1,
800002D4-1443681624,"ASIAN ALLIANCE INSURANCE PLC.,","ASIAN ALLIANCE INSURANCE PLC.,",,,,,,,"ASIAN ALLIANCE INSURANCE PLC., , No:283, , R.A.De Mel Mawatha,",Colombo 03,,,,,,,,,,,dil,0.00,0.00,0,,,,,0,NBT 1%,Tax,1,
8000002D-1238680045,ASIAN COMPUTERS,ASIAN COMPUTERS,ASIAN COMPUTERS,MR. LALIT,,2595854,,2505235,"MR. LALIT, ASIAN COMPUTERS, UNITIPLAZA",COLOMBO 04,,,,,,,,,,,,0.00,0.00,0,ASI,,,,0,,,1,
800004E5-1598004068,Asian Group of Companies,Asian Group of Companies,Asian Group of Companies,,,,,,"Asian Group of Companies (Pvt) Ltd, No.47 Maha Vidyalaya Mawatha",Colombo13,,,,,,,,,,,A,0.00,0.00,0,,,,,0,Non VAT,Tax,1,
80000212-1331805658,ASIAN MEDIA PUBLICATION (PVT)LTD,ASIAN MEDIA PUBLICATION (PVT)LTD,Asian Media Publications (Pvt)Ltd,,,0112522555,,0112529233,"Asian Media Publications (Pvt)Ltd, No:185, Grandpass Road,",Colombo 14.,,,,,,,,,,,dil,0.00,0.00,0,,,,,0,NBT 1%,Tax,1,
800001CB-1296462745,Asian Office Solutions,Asian Office Solutions,Asian Office Solutions,,,,,,"Asian Office Solutions, 69 Delkanda Plaza,",Nugegoda,,,,,,,,,,Due on receipt,AS,0.00,0.00,0,,,,,0,Non VAT,Tax,1,
80000362-1488430974,Asian Paints (Lanka) Limited,Asian Paints (Lanka) Limited,,,,,,,"Asian Paints (Lanka) Limited, No 81, Koralawella Road,",Moratuwa.,,,,,,,,,,,AD,0.00,0.00,0,,,,,0,Non VAT,Tax,1,
8000002E-1238680045,ASIANA PUBLISHERS (PVT) LTD,ASIANA PUBLISHERS (PVT) LTD,ASIANA PUBLISHERS (PVT) LTD,,,,,,ASIANA PUBLISHERS (PVT) LTD,,,,,,,,,,,,,0.00,0.00,0,ASIA,,,,0,,,1,
80000194-1264150925,Asiri,Asiri,Asiri Surgical Hospital PLC,,,,,,"ASIRI SURGICAL HOSPITALS PLC., , 21, Kirimandala Mawatha, , Narahenpita,",Colombo 05.,,,,Asiri Surgical Hospital PLC,Colombo 5,,,,,Due on receipt,AS,34000.00,34000.00,0,,,,,0,Non VAT,Tax,1,
80000199-1267338359,Asiri Hospital PLC,Asiri Hospital PLC,Asiri Hospital PLC,Sangeeth,,07772972518,,,"ASIRI HOSPITAL HOLDINGS PLC, ,  181, Kirula Rd, Narahenpita, , Colombo 05,",Sri Lanka.,,,,Asiri Hospital PLC,Colombo 05,,,Sri Lanka,,Due on receipt,AS,0.00,0.00,0,,,,,0,VAT15%,...,1,
80000030-1238680045,ASP NET,ASP NET,ASP NET,,,,,,"ASP NET, MODARA",COLOMBO 15,,,,,,,,,,,,0.00,0.00,0,ASP NET,,,,0,,,1,
8000002F-1238680045,ASP WORLD TECH WAY INTERNET CAFE,ASP WORLD TECH WAY INTERNET CAFE,ASP WORLD TECH WAY INTERNET CAFE,,,,,,"ASP WORLD TECH WAY INTERNET CAFE, WATTALA",,,,,,,,,,,,,0.00,0.00,0,ASP,,,,0,,,1,
80000175-1242631097,AssetLine,AssetLine,AssetLine Leasing Company Ltd.,,,,,,"AssetLine Leasing Company Ltd., No. 46/12, "" Sayuru Sevana"", , Nawam Mawatha,",Colombo 02,,,,AssetLine Leasing Company Ltd.,Colombo 02,,,,,Due on receipt,AS,0.00,0.00,0,,,,,0,NBT,Tax,1,
8000027B-1395637381,Assetline Leasing Company Limited,Assetline Leasing Company Limited,,,,,,,"Assetline Leasing Company Limited, 120, 120A, Pannipitiya Road,",,120A,,,,,,,,,,AS,0.00,0.00,0,,,,,0,Non VAT,Tax,1,
800002E1-1449287614,Associated Electrical Corporation Limited,Associated Electrical Corporation Limited,Associated Electrical Corporation Limited,,,,,,"Associated Electrical Corporation Limited, No:140 A, , Vauxhall Street,",Colombo 02.,,,,,,,,,,,dil,2500.00,2500.00,0,,,,,0,NBT 1%,Tax,1,
80000355-1486961267,Associated Resoorts Developers (Pvt)Ltd,Associated Resoorts Developers (Pvt)Ltd,,,,,,,"Associated Resorts Developers (Pvt)Ltd, No 49/16, Iceland Building, Colombo 3",VAT No,,114418552-700,,,,,,,,,L,0.00,0.00,0,,,,,0,VAT15%,Tax,1,
8000044B-1540013519,Aston Electronics,Aston Electronics,Aston Electronics,,,,,,Aston Electronics,,,,,,,,,,,,L,0.00,0.00,0,,,,,0,Non VAT,Tax,1,
800001A7-1278686965,ATG Ceylon (Pvt) Ltd,ATG Ceylon (Pvt) Ltd,ATG Ceylon (Pvt) Ltd,,,,,,"ATG CEYLON (PVT) LTD., , Spur Road 7, , Phase II, IPZ,",Katunayake.,,,,,,,,,,Due on receipt,dil,0.00,0.00,0,,,,,0,NBT 1%,Tax,1,Cancelled Invoice-AS005018
800002D8-1445227270,ATG Occupational (Pvt) Ltd,ATG Occupational (Pvt) Ltd,ATG Occupational (Pvt) Ltd,,local@atg-glovesolutions.com,0114838900,,0112259317,"ATG Occupational (Pvt) Ltd, Spur Road 7, , Phase 2, , IPZ,",Katunayake.,,,,,,,,,,,AD,0.00,0.00,0,,,,,0,Non VAT,Tax,1,
80000500-1611656588,Athee,Athee,Mr. Athee,,,,,,"Mr. Athee, 108 1/4 W.A Silva Mawata",Colombo 06,,,,,,,,,,,AD,0.00,0.00,0,,,,,0,Non VAT,Tax,1,
80000031-1238680045,ATHULA,ATHULA,ATHULA,,,,,,ATHULA,,,,,,,,,,,,,0.00,0.00,0,ATHULA,,,,0,,,1,
80000201-1319169176,Austin Management Limited,Austin Management Limited,"AUSTIN MANAGEMENT LIMITED.,",,,,,,"AUSTIN MANAGEMENT LIMITED., , 30/84, Perera Gardens, , Pelawatte,",Battaramulla.,,,,,,,,,,Due on receipt,Y,0.00,0.00,0,,,,MANAGEMENT,0,Non VAT,Tax,1,
80000032-1238680045,AUSTIN MANAGEMENT PVT LTD,AUSTIN MANAGEMENT PVT LTD,AUSTIN MANAGEMENT PVT LTD,,,,,,"AUSTIN MANAGEMENT PVT LTD, 30/84, PERERA GARDENS, OFF PERERA MAWATHA","PALAWATTE, BATTARAMULLA",,,,,,,,,,,,0.00,0.00,0,AUS,,,MANAGEMENT,0,,,1,
80000343-1483675785,Authenticities Pvt Ltd,Authenticities Pvt Ltd,,,,,,,"Authenticities Pvt Ltd, Mr Prabath",,,,,,,,,,,,L,0.00,0.00,0,,,,,0,Non VAT,Tax,1,
800001FB-1317883722,Autogrill Lanka Limited,Autogrill Lanka Limited,"AUTOGRILL LANKA LIMITED.,",,,,,,"AUTOGRILL LANKA LIMITED., , 4th Floor, York Arcade Building, ","8-4/1, Leyden Bastian Road",Leyden,,,,,,,,,Due on receipt,Y,0.00,0.00,0,,,,,0,Non VAT,Tax,1,
8000048D-1560427070,Avery Dennison Lanka (Pvt) Ltd,Avery Dennison Lanka (Pvt) Ltd,Avery Dennison Lanka (Pvt) Ltd,,,,,,"Avery Dennison Lanka (Pvt) Ltd, Block B, EPZ",Biyagama,,,,,,,,,,,A,0.00,0.00,0,,,,,0,Non VAT,Tax,1,
800001A1-1274335126,Avian,Avian,Avian Technologies,,Ruvini@avian.lk,0773 693160,,,"AVIAN TECHNOLOGIES (PVT) LTD., , 549, Nawala Road, , Rajagiriya.",VAT No -,,114470422-700,,Avian Technologies (Pvt) Ltd,Rajagiriya.,,,,,Due on receipt,A,730015.00,730015.00,0,,,,,0,Non VAT,...,1,
800001DE-1308040424,Avis Engineering & Construction (Pvt)Limi,Avis Engineering & Construction (Pvt)Limi,Avis Engineering & Construction (Pvt)Limi,,,,,,"Avis Engineering & Construction (Pvt)Limi, No:401/6  Kotte Road, , Pitta Kotte,",Sri Lanka.,,,,,,,,,,Due on receipt,SS,0.00,0.00,0,,,,,0,Non VAT,Tax,1,
80000410-1523336458,Ayurvie  Weligama (PVT) Ltd,Ayurvie  Weligama (PVT) Ltd,Ayurvie  Weligama (PVT) Ltd,,,,,,"Ayurvie  Weligama (PVT) Ltd, LE CUBE","No. 130, High Level Rd",High,,,,,,,,,,L,0.00,0.00,0,,,,,0,Non VAT,Tax,1,
80000033-1238680045,AZAD,AZAD,AZAD,,,,,,"AZAD, DEMATAGODA",,,,,,,,,,,,,0.00,0.00,0,AZAD,,,,0,,,1,
8000044C-1540613042,B.M. Amal perera,B.M. Amal perera, B.M. Amal perera,,,,,," B.M. Amal perera, Dummalasooriya  RD, Murukandiya",Bingiriya.,,,,,,,,,End User,,L,0.00,0.00,0,,,,,0,Non VAT,Non,1,
800002D5-1444381698,Ballys Limited,Ballys Limited,Ballys Limited,,,,,,"Ballys Limited, No:34, , D.R Wijewardana Mawath,",Colombo 10,,,,,,,,,,,AS,0.00,0.00,0,,,,,0,Non VAT,...,1,
8000028A-1406806945,Barclays Computers (Pvt) Ltd,Barclays Computers (Pvt) Ltd,Barclays Computers (Pvt) Ltd,,,0117-510510,,0117-510509,"Barclays Computers (Pvt) Ltd, No:42, , Galle Road,",Colombo 04,,,,,,,,,,,AS,216800.00,216800.00,0,,,,,0,Non VAT,...,1,
8000003A-1238680045,BARCLAYS TRADING,BARCLAYS TRADING,BARCLAYS TRADING,,,,,,"BARCLAYS TRADING, 42, , GALLE ROAD,",COLOMBO 4.,,,,,,,,,,,,0.00,0.00,0,BG0001,,,,0,,,1,
80000314-1468040608,Barefoot (Pvt)Ltd,Barefoot (Pvt)Ltd,,,,,,,"Barefoot (Pvt)Ltd, #704 , Galle Road,",Colombo 03,,,,,,,,,,,A,0.00,0.00,0,,,,,0,Non VAT,Tax,1,
80000309-1461921125,Base Hp (Pvt) Ltd,Base Hp (Pvt) Ltd,Base Hp (Pvt) Ltd,,info@basehp.lk,,,0112-506633,"Base Hp (Pvt) Ltd, No:36A, , Gower Street, , Colombo 05",VAT No,,114629480-700,,,,,,,,,A,24500.00,24500.00,0,,,,,0,Non VAT,...,1,
80000284-1403580549,Bell Solutions (Pvt)Ltd,Bell Solutions (Pvt)Ltd,Bell Solutions (Pvt)Ltd,,,0115-322550,,0115-530633,"Bell Solutions (Pvt)Ltd, Mr.Shiran Rasika, Lanka Bell Office complex","No:344, Galle Road, Colombo 03",Galle Road,,,,,,,,,,dil,0.00,0.00,0,,,,,0,NBT 1%,Tax,1,
80000036-1238680045,BENEDICTSONS (PVT) LTD,BENEDICTSONS (PVT) LTD,BENEDICTSONS (PVT) LTD,,,,,,"BENEDICTSONS (PVT) LTD, 221 1/2 Sri Sangaraja Mawatha, , Colombo 10",VAT,,114118206-700,,,,,,,,Due on receipt,AS,0.00,0.00,0,BE,,,,0,VAT,,1,
80000382-1495773648,Bernard Botejue Industries Ltd,Bernard Botejue Industries Ltd,Bernard Botejue Industries Ltd,,,,,,"Bernard Botejue Industries Ltd, 106/4, Dutugamunu Street, Dehiwala",VAT No104024831-7000,,,,,,,,,,,L,0.00,0.00,0,,,104024831-7000,,1,VAT15%,Tax,1,
80000037-1238680045,BERTTYS,BERTTYS,BERTTYS,,,,,,"BERTTYS, 380 GALLE RD COL03",,,,,,,,,,,,,0.00,0.00,0,BER,,,,0,,,1,
80000038-1238680045,BERUWALA,BERUWALA,BERUWALA,,,,,,BERUWALA,,,,,,,,,,,,,0.00,0.00,0,BERUWALA,,,,0,,,1,
80000039-1238680045,BEST CENTER,BEST CENTER,BEST CENTER,MR. HAZMADEEN,,"0777 311899, 2445640",,,"MR. HAZMADEEN, BEST CENTER, 116, PRINCE STREET",COLOMBO 01,,,,,,,,,,,,0.00,0.00,0,BEST,,,,0,,,1,
8000046F-1552393579,Beyond Computer System,Beyond Computer System,Beyond Computer System,,,,,,"Beyond Computer System, 44B, Wijaya Kumarathunga, Mawatha,",Colombo 05,,,,,,,,,,,L,0.00,0.00,0,,,,,0,Non VAT,Tax,1,
80000489-1559883372,Beyond Computer Systems (Pvt) Ltd,Beyond Computer Systems (Pvt) Ltd,,,,,,,"Beyond Computer Systems (Pvt) Ltd, No 44/15, Edmonton Road, Kirulapona",Colombo 06,,,,,,,,,,,L,0.00,0.00,0,,,,,0,Non VAT,Tax,1,
80000337-1478662464,Bio Foods (Pvt) Ltd,Bio Foods (Pvt) Ltd,,,,,,,"Bio Foods (Pvt) Ltd, No 04, Kumudu Mawatha, , Primrose Garden,",Kandy.,,,,,,,,,,,L,0.00,0.00,0,,,,,0,Non VAT,Tax,1,
800001BB-1288671852,BLMM,BLMM,Boehm Leckner Multi Moulds (Pvt) Ltd,,,,,,"Boehm+Leckner Multi Moulds (Pvt) Ltd, 33 Ring Road, PhaseII, KEPZ",Katunayake,,,,,,,,,,Net 30,dil,0.00,0.00,0,,,,,0,NBT 1%,Tax,1,
8000003C-1238680045,BLUE THEN NET CAFE,BLUE THEN NET CAFE,BLUE THEN NET CAFE,,,,,,"BLUE THEN NET CAFE, 123D CHURCH RD MATTAKKULIYA COL.15",,,,,,,,,,,,,0.00,0.00,0,BLUE,,,,0,,,1,
8000003B-1238680045,BLUE TREAD NET CAFE,BLUE TREAD NET CAFE,BLUE TREAD NET CAFE,,,,,,BLUE TREAD NET CAFE,,,,,,,,,,,,,0.00,0.00,0,BLU,,,,0,,,1,
80000319-1469785922,BlueChip Technical Services(Pvt)Ltd,BlueChip Technical Services(Pvt)Ltd,,,,,,,"BlueChip Technical Services(Pvt)Ltd, #110 Nawala Road,",Nugegoda.,,,,,,,,,,,A,0.00,0.00,0,,,,,0,Non VAT,Tax,1,
80000282-1401874593,BlueScope Lysaght Lanka Pvt.Ltd,BlueScope Lysaght Lanka Pvt.Ltd,BlueScope Lysaght Lanka Pvt.Ltd,,admin@bluescopesteel.lk,0112-400611,,0112-400618,"BlueScope Lysaght Lanka Pvt.Ltd, No:26 & 27, , Sapugaskanda Industrial Estate, , Pattiwila Road,",Sapugaskanda.,,,,,,,,,,,dil,0.00,0.00,0,,,,,0,Non VAT,...,1,
8000032C-1476164799,BOEHM + LECKNER MULTI MOULDS,BOEHM + LECKNER MULTI MOULDS,,,,,,,"BOEHM + LECKNER MULTI MOULDS, 33, Ring Road, , Phase ll, KEPZ,",Katunayaka.,,,,,,,,,,,L,0.00,0.00,0,,,,,0,Non VAT,Tax,1,
80000448-1539660125,BOEHM + LECKNER MULTI MOULDS (PVT) Ltd,BOEHM + LECKNER MULTI MOULDS (PVT) Ltd,BOEHM + LECKNER MULTI MOULDS (PVT) Ltd,,,,,,"BOEHM + LECKNER MULTI MOULDS (PVT) Ltd, 33, Ring Road, , Phase II, KEPZ",Katunayake,,,,,,,,,End User,,N,0.00,0.00,0,,,,,0,VAT15%,Tax,1,
8000025D-1384935720,Brandix Lanka Limited,Brandix Lanka Limited,Brandix Lanka Limited,,,,,,"Brandix Lanka Limited, 409, Galle Road,",Colombo 03,,,,,,,,,,,AS,0.00,0.00,0,,,,,0,Non VAT,...,1,
80000492-1561954940,British Cosmetics (PVT) Ltd,British Cosmetics (PVT) Ltd,British Cosmetics (PVT) Ltd,,,,,,"British Cosmetics (PVT) Ltd, No, 52/2 , Samagi Mawatha, Galthude",Panadura,,,,,,,,,,,AD,0.00,0.00,0,,,,,0,Non VAT,Tax,1,
800001B6-1285909833,British School,British School,International Education Systems (Pvt) Ltd,,,,,,"International Education Systems (Pvt) Ltd, 63 Elvitigala Mawatha",Colombo 08,,,,International Education Systems (Pvt) Ltd,Colombo 08,,,,,Due on receipt,DL,0.00,0.00,0,,,,,0,Non VAT,Tax,1,
80000376-1494766552,Bureau Veritas Consumer Products,Bureau Veritas Consumer Products,,,,,,,"Bureau Veritas Consumer Products, Services Lanka (Pvt) Ltd, No 570 , Galle Road, Katubedda.",VAT No,,114149780-700,,,,,,,,,AS,0.00,0.00,0,,,,,0,Non VAT,Tax,1,
8000003D-1238680045,C BRIDGE SOFTWARE SOLUTIONS,C BRIDGE SOFTWARE SOLUTIONS,C BRIDGE SOFTWARE SOLUTIONS,,,,,,"C BRIDGE SOFTWARE SOLUTIONS, 118 AVERYWATTA ROAD",WATTALA,,,,,,,,,,,,0.00,0.00,0,C B,,,,0,,,1,
80000461-1547701763,C Lab Tec System,C Lab Tec System,,,,,,,"C Lab Tec System, # 56 , Kanthasawamy Kovil Road",,Kanthasawamy,,,,,,,,,,L,0.00,0.00,0,,,,,0,Non VAT,Tax,1,
800004A4-1566473655,C3 Digital Signage Solutions (Pvt) Ltd,C3 Digital Signage Solutions (Pvt) Ltd,C3 Digital Signage Solutions (Pvt) Ltd,,,,,,"C3 Digital Signage Solutions (Pvt) Ltd, 618 1/1, Galle Road",Colombo 03,,,,,,,,,,,AS,0.00,0.00,0,,,,,0,Non VAT,Tax,1,
8000003E-1238680045,CALL LANKA INTERNET CAFE,CALL LANKA INTERNET CAFE,CALL LANKA INTERNET CAFE,MRS. GAMMAMPILA,,2812997,,,"MRS. GAMMAMPILA, CALL LANKA INTERNET CAFE","160A, HIGH LEVEL ROAD",HIGH,,,,,,,,,,,0.00,0.00,0,CALL,,,,0,,,1,
80000446-1539151996,CameraLK (PVT) Ltd,CameraLK (PVT) Ltd,CameraLK (PVT) Ltd,,,,,,"CameraLK (PVT) Ltd, 263, Highlevel Road,",Colombo 05,,,,,,,,,End User,,L,277000.00,277000.00,0,,,,,0,Non VAT,Tax,1,
8000028D-1407990952,Cape Weligama (Pvt)Ltd,Cape Weligama (Pvt)Ltd,Cape Weligama (Pvt)Ltd,,,0114-822000,,0114-822001,"Cape Weligama (Pvt)Ltd, No:46/38, , Nawam Mawatha,",colombo 02.,,,,,,,,,,,dil,0.00,0.00,0,,,,,0,NBT 1%,Tax,1,
80000218-1336452304,CAPITAL ALLIANCE GROUP,CAPITAL ALLIANCE GROUP,"Capial Alliance Group,",,,,,,"Capital Alliance Group, , Level 5, , ""Millennium House"", 46/58 Navam Mawatha,",Colombo 2.,,,,,,,,,,Due on receipt,A,0.00,0.00,0,,,,,0,Non VAT,...,1,
8000030D-1466152599,Care Lable Industries (Pvt) Ltd,Care Lable Industries (Pvt) Ltd,,,,,,,"Care Lable Industries(Pvt)Ltd, #311/A , Makola Road, , Kiribathgoda,",Sri Lanka.,,,,,,,,,,,AD,0.00,0.00,0,,,,,0,Non VAT,Tax,1,
8000030C-1466151376,Care Lable Industries (pvt)Ltd,Care Lable Industries (pvt)Ltd,,,,,,,"# 311/A,",,Makola Road,,Sri Lanka,,,,,,,,,0.00,0.00,0,,,,,0,Non VAT,Tax,1,
800002C2-1435568959,Cargills (Ceylon) PLC,Cargills (Ceylon) PLC,Cargills (Ceylon) PLC,0112329331,,,,,"Cargills (Ceylon) PLC, CCL- Head Office, No:40, York Street",Colombo 01,,,,,,,,,,,AS,0.00,0.00,0,,,,,0,VAT15%,Tax,1,
80000387-1496964717,Cargills Bank Ltd,Cargills Bank Ltd,,,,,,,"Cargills Bank Ltd, No 695, Galle Road,",Colombo 03,,,,,,,,,,Due on receipt,A,70000.00,70000.00,0,,,,,0,Non VAT,Tax,1,
80000178-1245299278,CARITAS,CARITAS,CARITAS SRILANKA,,,,,,"CARITAS SRILANKA -SEDEC, #133 Kynsey Road,",Colombo 08,,,,,,,,,,Due on receipt,E,0.00,0.00,0,,,,,0,Non VAT,Non,1,
80000211-1331722606,CARITAS - HUDEC JAFFNA,CARITAS - HUDEC JAFFNA,Caritas Hudec Jaffna,,,,,,"Caritas Hudec Jaffna, No:14, Mathews Road, , Deogu Street, , Jaffna,",Sri Lanka.,,,,,,,,,,Due on receipt,R,0.00,0.00,0,,,,,0,Non VAT,Tax,1,
800001C4-1292651003,Caritas - Kandy Setic,Caritas - Kandy Setic,SETIK (JPHDHR Secretariat - Caritas Kandy,,,,,,"SETIK (JPHDHR Secretariat)-Caritas Kandy, 255/50, Dr. C. D. L Fernando Mawatha,",,Dr. C. D. L,,,,,,,,,Due on receipt,SS,0.00,0.00,0,,,,,0,VAT,Tax,1,
8000040F-1523332391,Carmart (PVT) Limited,Carmart (PVT) Limited,Carmart (PVT) Limited,,,,,,"Carmart (PVT) Limited, No, 424 Union Place,",,424,,,,,,,,,,AD,0.00,0.00,0,,,,,0,Non VAT,Tax,1,
80000040-1238680045,CASH SALE,CASH SALE,CASH SALE,,,,,,CASH SALE,,,,,,,,,,,Due on receipt,,0.00,0.00,0,CASH,,,,0,,,1,
8000036B-1490331498,Cash Sales,Cash Sales,,,,,,,Cash,,,,,,,,,,,,,0.00,0.00,0,,,,,0,Non VAT,Tax,1,
800003B1-1505541793,CBL Foods International (Pvt) Ltd,CBL Foods International (Pvt) Ltd,CBL Foods International (Pvt) Ltd,,,,,,"CBL Foods International (Pvt) Ltd, P. O. Box 01, , Habarakada Road,",Ranala,,,,,,,,,,,L,0.00,0.00,0,,,,,0,Non VAT,Tax,1,
80000254-1380515372,CCS Lanka Pvt Ltd,CCS Lanka Pvt Ltd,CCS Lanka Pvt Ltd,,,0094-314871500,,,"CCS Lanka Pvt Ltd, Base Line Road, Daluwakotuwa",Kochchikade,,,,,,,,,,,L,0.00,0.00,0,,,,,0,Non VAT,Tax,1,
8000045F-1546858480,Ceat Kelani International Types (PVT) LTD,Ceat Kelani International Types (PVT) LTD,Ceat Kelani International Types (PVT) Ltd,,,,,,"Ceat Kelani International Types (PVT) Ltd, Nungamugoda",Kelaniya,,,,,,,,,,,A,0.00,0.00,0,,,,,0,Non VAT,Tax,1,
80000459-1543902811,CEB - Ampitiya,CEB - Ampitiya,CEB - Ampitiya,,,,,,"DGM (AHME), Ceylon Electricity Board, , 40/20A, Ampitiya Road,",Kandy,,,,,,,,,,,A,0.00,0.00,0,,,,,0,Non VAT,Tax,1,
80000501-1612250772,CEB - Distribution Division 01,CEB - Distribution Division 01,CEB - Distribution Division 01,,,,,,"Ceylon Electricity Board, Distribution Division 01, 4th Floor","No 340 , R.A.De Mel Mawatha",R.A.De,,,,,,,,,,A,0.00,0.00,0,,,,,0,Non VAT,Tax,1,
800004ED-1600858275,CEB - Kelanitissa,CEB - Kelanitissa,,,,,,,"Ceylon Electricity Board, Kelanitissa Power Station",New Kelani Bridge Road,,,,,,,,,,,A,0.00,0.00,0,,,,,0,Non VAT,Tax,1,
800004B8-1576208353,CEB -Wellampitiya,CEB -Wellampitiya,,,,,,,"Ceylon Electricity Board, Deputy General Manager, Generation Headquarters, Kelani Bridge Road",Wellampitiya,,,,,,,,,,,A,0.00,0.00,0,,,,,0,Non VAT,Tax,1,
8000040A-1522674454,CEB Head Office,CEB Head Office,,,,,,,"CEB Head Office-,  Asset Management Office","No. 50, Sri Chittampalam A Gard",Sri Chittampalam A,,,,,,,,,,A,0.00,0.00,0,,,,,0,Non VAT,Tax,1,
80000434-1536040826,CEB Head Office- IT,CEB Head Office- IT,,,,,,,"CEB Head Office, Deputy General Manager, , Information Technology, , Ground Floor","No 50,Sir Chittampalam A Gardin",,,,,,,,,,,A,0.00,0.00,0,,,,,0,Non VAT,Tax,1,
80000449-1539676385,CEB Ranembe- Randenigala,CEB Ranembe- Randenigala,,,,,,,"Chief Enginer, Randenigala Power Station, Ceylon Electricity Board, P.O. Box 05, Rantembe",Randenigala,,,,,,,,,,,A,0.00,0.00,0,,,,,0,VAT15%,Tax,1,
800003EF-1518525218,Cenmetrix (Pvt) Ltd,Cenmetrix (Pvt) Ltd,,,,,,,"Cenmetrix (Pvt) Ltd, No 18, Elibank Road,",Colonbo 05,,,,,,,,,,,L,0.00,0.00,0,,,,,0,Non VAT,Tax,1,
800001AA-1279679621,Central Hospital,Central Hospital,Central Hospital (Pvt) Ltd.,,,,,,"CENTRAL HOSPITAL (PVT) LTD., , 114, Norris Canal Road,",,Norris,,,Central Hospital (Pvt) Ltd.,Colombo 10,,,,,Due on receipt,AS,0.00,0.00,0,,,,,0,VAT15%,...,1,
8000033F-1481798735,Centre For Research And Development,Centre For Research And Development,,,,,,,"Centre For Research And Development, Ministry of Defence, Mahenawatta, , Moragahahena Road,","Pitipana, Homagama.",,,,,,,,,,,L,0.00,0.00,0,,,,,0,VAT15%,Tax,1,
8000032A-1475306408,Certis Lanka Technology & Consultancy,Certis Lanka Technology & Consultancy,,,,,,,"Certis Lanka, Technology & Consultancy(Pvt) Ltd",No15,DE,,,,,,,,,,A,0.00,0.00,0,,,,,0,Non VAT,Tax,1,
800004E9-1599041476,Cey Container Service (Pvt) Ltd,Cey Container Service (Pvt) Ltd,Cey Container Service (Pvt) Ltd,,,,,,"Cey Container Service (Pvt) Ltd, 6th floor, No 1, Alfred House Avenue,",Colombo 03,,,,,,,,,,,AD,0.00,0.00,0,,,,,0,Non VAT,Tax,1,
80000365-1489377635,Ceylinco General Insurance Limited,Ceylinco General Insurance Limited,,,,,,,"Ceylinco General Insurance Limited, IT Department, , # 69 , Ceylinco House, Level 5, Janadhipathi Mawatha",Colombo 01,,,,,,,,,,,AS,0.00,0.00,0,,,,,0,Non VAT,Tax,1,
800001EC-1313743371,Ceylinco Insurance-Motor Department,Ceylinco Insurance-Motor Department,"CEYLINCO INSURANCE PLC.,",,,,,,"CEYLINCO INSURANCE PLC., , ( Motor Department ), 69, Janadhipathi Mawatha,",Colombo 01.,,,,,,,,,,,,0.00,0.00,0,,,,,0,Non VAT,Tax,1,
800001ED-1313744106,Ceylinco Insurance-Nerve Center none moto,Ceylinco Insurance-Nerve Center none moto,"CEYLINCO INSURANCE CO. LTD.,",,,,,,"CEYLINCO INSURANCE CO. LTD., , (Nerve Center none motor 3th floor), 69, Janadhipathi Mawatha,",Colombo 01.,,,,,,,,,,Due on receipt,AS,0.00,0.00,0,,,,,0,Non VAT,Tax,1,
80000042-1238680046,Ceylinco Insurance Co. Ltd.,Ceylinco Insurance Co. Ltd.,Ceylinco Insurance Co. Ltd.,Bonnie Fernando,Bonnie@ceyins.lk,4702717,,,"CEYLINCO INSURANCE PLC., , 69, Janadhipathi Mawatha, , 9th Floor,",Colombo 01.,,,,,,,,,,Due on receipt,AS,0.00,0.00,0,Ceylincoin,,,,0,VAT15%,...,1,
800002C0-1435299257,Ceylon  Electricity Board-Kolonnawa,Ceylon  Electricity Board-Kolonnawa,,,,,,,"Ceylon  Electricity Board, Generation Headquarters, , New Kelani Bridge Road,",Kolonnawa.,,,,,,,,,,,dil,0.00,0.00,0,,,,,0,NBT 1%,Tax,1,
80000361-1488369763,Ceylon Beveraage Can (Pvt) Ltd,Ceylon Beveraage Can (Pvt) Ltd,,,,,,,"Ceylon Beverage Can (Pvt) Ltd, No 54, Sarasavi Lane, , Castle Street,",Colombo 08.,,,,,,,,,,,AS,0.00,0.00,0,,,,,0,Non VAT,...,1,
8000023D-1363945289,Ceylon Chocolates Limited,Ceylon Chocolates Limited,,,,,,,"Ceylon Chocolates Limited, , No:223, , Bloemendhal Road,",Colombo.,,,,,,,,,,,Har,0.00,0.00,0,,,,,0,NBT,Tax,1,
800001BE-1290324902,Ceylon Continental,Ceylon Continental,Hotel Services (Ceylon) PLC,,,,,,"HOTEL SERVICES (CEYLON) PLC., , 48 Janadhipathi Mawatha,",Colombo 01.,,,,,,,,,,Due on receipt,AS,0.00,0.00,0,,,,,0,Non VAT,...,1,
8000027D-1396507872,Ceylon Electricity Board,Ceylon Electricity Board,Ceylon Electricity Board,,,,,,"Ceylon Electricity Board, Randenigala Power Station,",Randenigala.,,,,,,,,,,,dil,0.00,0.00,0,,,,,0,Non VAT,...,1,
80000317-1469168562,Ceylon Electricity Board-col city,Ceylon Electricity Board-col city,,,,,,,"Ceylon Electricity Board, Colombo City, Mr. S.S.K Rathnayake, 4th Floor,","#340, R. A. De Mel Mawatha",R. A. De,,,,,,,,,,A,0.00,0.00,0,,,,,0,VAT15%,Tax,1,
800002C1-1435299468,Ceylon Electricity Board-Kolonnawa,Ceylon Electricity Board-Kolonnawa,Ceylon Electricity Board-Kolonnawa,,,,,,"Ceylon Electricity Board-Kolonnawa, DGM (Thermal Complex), Ceylon Electricity Board.Po Box 04, Generation HQ Building,","New Kelani Bridge Rd, Kolonnawa",,,,,,,,,,,dil,0.00,0.00,0,,,,,0,NBT 1%,Tax,1,
8000051D-1628679317,Ceylon Electricity Board - Colombo City,Ceylon Electricity Board - Colombo City,Ceylon Electricity Board - Colombo City,,,,,,"Ceylon Electricity Board - Colombo City, Colombo City Control Center, 23, Claessen Place, Keppetipola Road,",Colombo 05,,,,,,,,,,,A,35000.00,35000.00,0,,,,,0,Non VAT,Tax,1,
80000341-1482383643,Ceylon Electricity Board - Ethulkotte,Ceylon Electricity Board - Ethulkotte,Ceylon Electricity Board - Ethulkotte,,,,,,"Ceylon Electricity Board, Deputy General Manager, (C & C) DD3, Ceylon Electricity Board,","3rd Floor, No 644",,,,,,,,,,,A,0.00,0.00,0,,,,,0,Non VAT,Tax,1,
800003C6-1509347316,Ceylon Electricity Board Kandy,Ceylon Electricity Board Kandy,,,,,,,"DGM (Generation Protection), Ceylon Electricity Board, , 40/20A, Ampitiya Road,",Kandy.,,,,,,,,,,,A,0.00,0.00,0,,,,,0,Non VAT,Tax,1,
8000030F-1466998758,Ceylon Royal Teas (Pvt)Ltd,Ceylon Royal Teas (Pvt)Ltd,,,,,,,"Ceylon Royal Teas (Pvt) Ltd, # 02 , Industrial Complex, , Katuwana Road,",Homagama.,,,,,,,,,,,AD,0.00,0.00,0,,,,,0,Non VAT,Tax,1,
800001A5-1277187505,Ceylon Tea Services - Dilma,Ceylon Tea Services - Dilma,Ceylon Tea Services (Pvt) Ltd.,,,,,,"Ceylon Tea Services (Pvt) Ltd., No. 111, Negambo Rd.",Peliyagoda.,,,,,,,,,,,AS,0.00,0.00,0,,,,,0,NBT,Tax,1,
800002BE-1435121147,Ceylone Electricity Board-Kolonnawa,Ceylone Electricity Board-Kolonnawa,Ceylone Electricity Board-Kolonnawa,,,,,,"Ceylone Electricity Board-Kolonnawa, DGM (Thermal Complex)Ceylon Electricity B, PO BoX 04, Generation H.Q.Building","New Kelani Bridge Rd, Kolonnawa",,,,,,,,,,,dil,0.00,0.00,0,,,,,0,NBT 1%,Tax,1,
80000505-1613711032,CeyNet Software Solutions (Pvt) Ltd,CeyNet Software Solutions (Pvt) Ltd,CeyNet Software Solutions (Pvt) Ltd,,,,,,"CeyNet Software Solutions (Pvt) Ltd, No 312 , 3rd Floor, , Galle Road,",Mount Lavinia-10370,,,,,,,,,,,A,0.00,0.00,0,,,,,0,Non VAT,Tax,1,
80000358-1487052590,CHEC Port City Colombo (Pvt)Ltd,CHEC Port City Colombo (Pvt)Ltd,,,,,,,"CHEC Port City Colombo (Pvt)Ltd, Central Point Building, , 54 , Chatham Street,",Colombo 01,,,,,,,,,,,L,0.00,0.00,0,,,,,0,VAT15%,Tax,1,
800002AD-1424921840,China Harbour Engineering Company Ltd,China Harbour Engineering Company Ltd,China Harbour Engineering Company Ltd,Nalin,srilanka@chec.lk,0112-470998-9,,0112-470997,"China Harbour Engineering Company Ltd, Level 32, East Tower, World Trade Centre, Enchelon Square,",Colombo 01,,,,,,,,,,,AS,0.00,0.00,0,,,,,0,Non VAT,...,1,
800004D1-1585550383,CHINT Energy (Pvt) ltd,CHINT Energy (Pvt) ltd,,,muneer@synergyventures.lk,,,,"CHINT Energy (Pvt) ltd, No 113 Havelock Rd,",Colombo 05,,,,,,,,,,,AS,508835.50,508835.50,0,,,,,0,Non VAT,Tax,1,
800003DD-1513681440,Chris and Mayu Photographers,Chris and Mayu Photographers,,,,,,,"Chris and Mayu Photographers, 58/4, DeMel Road, Lakshapathiya",Moratuwa,,,,,,,,,,,AD,-21.00,-21.00,0,,,,,0,VAT15%,Tax,1,
80000045-1238680046,CHRISTIAN AID,CHRISTIAN AID,CHRISTIAN AID,Adrian,ascharenguivel@christian-aid.lk,2506253,,2503256,"CHRISTIAN AID., , 73/3A, Isipathana Mawatha",Colombo 05.,,,,,,,,,,Due on receipt,AS,0.00,0.00,0,CHR,,,,0,Non VAT,,1,
80000368-1490169960,Christo Martinez (Pvt) Limited,Christo Martinez (Pvt) Limited,,,,,,,"Christo Martinez (Pvt) Limited, No 975 , Kadawatha Road,",Ragama.,,,,,,,,,,,A,0.00,0.00,0,,,,,0,Non VAT,Tax,1,
800003C5-1508907395,CIRCA Technology Services,CIRCA Technology Services,CIRCA Technology Services,,,,,,"CIRCA Technology Services, , 172/B,",,Borella Road,,Sri Lanka,,,,,,,,L,0.00,0.00,0,,,,,0,Non VAT,Tax,1,
80000046-1238680046,CITY NET CAFE,CITY NET CAFE,CITY NET CAFE,,,,,,"CITY NET CAFE, 433 ALUTHMAWATHA ROAD",COLOMBO 15,,,,,,,,,,,,0.00,0.00,0,CITY,,,,0,,,1,
80000191-1263379382,citylaps,citylaps,CityLaps,,,,,,"CityLaps, 14, Sri Dhamma Mawatha,",,Sri,,,CityLaps,,Sri,,,,Net 15,SS,0.00,0.00,0,,,,,0,Non VAT,Tax,1,
800003FD-1520929756,Clock Inn Colombo,Clock Inn Colombo,,,,,,,"Clock Inn Colombo, No 457 , Galle Road",Colombo 03,,,,,,,,,,,L,0.00,0.00,0,,,,,0,Non VAT,Tax,1,
80000047-1238680046,COLOMBO @ COLOMBO PVT LTD,COLOMBO @ COLOMBO PVT LTD,COLOMBO @ COLOMBO PVT LTD,,,,,,"COLOMBO @ COLOMBO PVT LTD, 132/1BIGH LEVEL ROAD",NUGEGODA,,,,,,,,,,,,0.00,0.00,0,COL,,,,0,,,1,
800003FC-1520927614,Colombo Centre For Cognitive Computing (P,Colombo Centre For Cognitive Computing (P,,,,,,,"Colombo Centre For Cognitive Computing, (Pvt) Ltd, Bellatrix Building, Orion City","No 752/5, Dr Danister De Silva ",Dr Danister De,,,,,,,,,,A,0.00,0.00,0,,,,,0,..,Tax,1,
800003EB-1516100245,Colombo Court Hotel & Spa,Colombo Court Hotel & Spa,,,,,,,"Colombo Court Hotel & Spa, No 36, Temple Lane, Colombo 03",VAT No -114726800-7000,,,,,,,,,,,N,0.00,0.00,0,,,114726800-7000,,1,VAT15%,Tax,1,
80000222-1344315233,Colombo Institutute Of Reseach,Colombo Institutute Of Reseach,Colombo Institutute Of Reseach,,,,,,"Colombo Institutute Of Reseach,",,,,,,,,,,,,,0.00,0.00,0,,,,,0,VAT,Tax,1,
800001C1-1291625164,Commercial Bank of Ceylon PLC,Commercial Bank of Ceylon PLC,Commercial Bank of Ceylon PLC,,,,,,"COMMERCIAL BANK PLC., , 4th Floor 21, Bristol Steet,",Colombo 01.,,,,,,,,,,Due on receipt,DL,0.00,0.00,0,,,,,0,Non VAT,Tax,1,
80000050-1238680046,COMMUNITY TRUST FUND,COMMUNITY TRUST FUND,COMMUNITY TRUST FUND,,,,,,"COMMUNITY TRUST FUND, NO.30, , SERVICE ROAD,",PUTTALAM,,,,,,,,,,,,0.00,0.00,0,CTF,,,,0,,,1,
80000048-1238680046,COMNET COMPUTER,COMNET COMPUTER,COMNET COMPUTER,,,,,,"COMNET COMPUTER, NO 3-17 MAJESTIC CITY",COLOMBO 4,,,,,,,,,,,,0.00,0.00,0,COM,,,,0,,,1,
80000049-1238680046,COMPUTER DESIGN & TECHNOLOGY,COMPUTER DESIGN & TECHNOLOGY,COMPUTER DESIGN & TECHNOLOGY,,,,,,"COMPUTER DESIGN & TECHNOLOGY, 112A, D.S. SENANAYAKA MW.",,D.S.,,,,,,,,,,,0.00,0.00,0,COMPDESIGN,,,,0,,,1,
80000052-1238680047,COMPUTER ZONE (PVT) LTD,COMPUTER ZONE (PVT) LTD,COMPUTER ZONE (PVT) LTD,ABBAS,COMPUTERZONE@EUREKA.LK,"5349493, 5349633",,5372600,"ABBAS, COMPUTER ZONE (PVT) LTD, 121, LEVEL 2, , HUNUPITIYA LAKE ROAD,",COLOMBO 02,,,,,,,,,,,,0.00,0.00,0,CZ0001,,,,0,,,1,
800003C2-1508218017,Connaissance De Ceylon,Connaissance De Ceylon,,,,,,,"Connaissance De Ceylon, No 130, High Level Road",,High,,,,,,,,,,Z,106000.00,106000.00,0,,,,,0,Non VAT,Tax,1,
800002FC-1456982362,Consolidated Business Systems Limited,Consolidated Business Systems Limited,Consolidated Business Systems Limited,,,0115-553922,,,"Consolidated Business Systems Limited, No:184/2, , Kaoline Refinery Road, , Werahera,",Boralesgamuwa.,,,,,,,,,,,A,0.00,0.00,0,,,,,0,VAT15%,Tax,1,
8000004A-1238680046,CONTINENTAL FASHIONS,CONTINENTAL FASHIONS,The MadHatter (Pvt) Ltd.,,,2939354,,2931290,"THE MADHATTER (PVT) LTD., 127/1, PALLIYAWATTE, , HENDALA,",WATTALA.,,,,THE MADHATTER (PVT) LTD.,WATTALA.,,,,,Due on receipt,AS,0.00,0.00,0,CONF,,,,0,VAT,,1,
80000417-1525924824,Contrinex,Contrinex,Contrinex Ceylon (pvt) Ltd,,,,,,"Contrinex Ceylon (pvt) Ltd, 191 Hekitta Road",11300 WATTALA,,,,,,,,,,,N,0.00,0.00,0,,,,,0,Non VAT,Tax,1,
80000288-1405502376,Control Union Inspections (Pvt)Ltd,Control Union Inspections (Pvt)Ltd,Control Union Inspections(Pvt)Ltd,Sumith Ponnamperuma,cusrilanka@controlunion.com,0770132812,0112-678607,0112-678610,"Control Union Inspections(Pvt)Ltd, No:36/2A, Sir Marcus Fernando Mawatha",Colombo 07,,,,,,,,,,,Rk,0.00,0.00,0,,,,,0,Non VAT,...,1,
800003B2-1505543012,Convenience Foods ( Lanka ) PLC,Convenience Foods ( Lanka ) PLC,Convenience Foods ( Lanka ) PLC,,,,,,"Convenience Foods ( Lanka ) PLC, 133, Off Borupana Road, , Kandawala,",Rathmalana,,,,,,,,,,,L,0.00,0.00,0,,,,,0,Non VAT,Tax,1,
8000038E-1498817192,Cool planet,Cool planet,,,,,,,"Cool Planet, No 30, Sandathenna Mawatha, , Kosswatte",Battaramulla.,,,,,,,,,,,L,0.00,0.00,0,,,,,0,Non VAT,Tax,1,
800001A3-1275886712,Cotton Collecton,Cotton Collecton,Cotton Collection (Pvt) Ltd.,,,,,,"COTTON COLLECTIONS (PVT) LTD., , 08, Jawatta Road,",Colombo 05.,,,,Cotton Collection (Pvt) Ltd.,Colombo 05,,,,,Due on receipt,SS,0.00,0.00,0,,,,,0,Non VAT,Tax,1,
800004FC-1609413073,Crayon Software Lanka (Private) Ltd,Crayon Software Lanka (Private) Ltd,Crayon Software Lanka (Private) Ltd,,,,,,"Crayon Software Lanka (Private) Ltd, NO 12,",,St Kildas Lane,,Sri Lanka,,,,,,,,AD,0.00,0.00,0,,,,,0,Non VAT,Tax,1,
80000223-1346643711,Creative Electronic (pvt)Ltd,Creative Electronic (pvt)Ltd,Creative Electronic (pvt)Ltd,Mr.Wasantha Guruge,,0777533020,,,"Creative Electronic (pvt)Ltd, , No:122/01, , Alvitigala Mawatha,",Colombo 08.,,,,,,,,,,,,0.00,0.00,0,,,,,0,Non VAT,Tax,1,
8000004B-1238680046,CREATIVE EYE,CREATIVE EYE,CREATIVE EYE,,,0777180567,,2507878,"CREATIVE EYE, NO.34.35 MILAGIRIYA MARKET, BAMBALAPITIYA",COLOMBO - 04,,,,,,,,,,,,0.00,0.00,0,CR,,,,0,,,1,
800004AE-1571285754,Creative Information Technologies,Creative Information Technologies,Creative Information Technologies Pvt Ltd,,,,,,"Creative Information Technologies Pvt Ltd, No 453, T.B Jayah Mawatha",,T.B,,,,,,,,,,DC,0.00,0.00,0,,,,,0,Non VAT,Tax,1,
8000004C-1238680046,CREATIVE WAY,CREATIVE WAY,CREATIVE WAY,,,,,,"CREATIVE WAY, 34/35, , MILAGIRIYA MARKET",COLOMBO 04,,,,,,,,,,,,0.00,0.00,0,CRE,,,,0,,,1,
8000004D-1238680046,CRESCENT LAPIDARY,CRESCENT LAPIDARY,CRESCENT LAPIDARY,,,,,,"CRESCENT LAPIDARY, 451/1, , HAVELOCK ROAD",COLOMBO 06,,,,,,,,,,,,0.00,0.00,0,CRESCENT,,,,0,,,1,
8000004E-1238680046,CRESENT GEMS,CRESENT GEMS,CRESENT GEMS,MR. SHAREEK,,,,,"MR. SHAREEK, CRESENT GEMS",GALLE ROAD,MT,,,,,,,,,,,0.00,0.00,0,CRESENT,,,,0,,,1,
8000004F-1238680046,CRICI INFO,CRICI INFO,CRICI INFO,,,,,,"CRICI INFO, 1C 6th LANE,",COLOMBO 03,,,,,,,,,,,,0.00,0.00,0,CRIC,,,,0,,,1,
8000026B-1391404717,CS Sri Lanka,CS Sri Lanka,CS Sri Lanka,,,,,,CS,,,,Sri Lanka,,,,,,,,AS,0.00,0.00,0,,,,,0,Non VAT,...,1,
80000264-1388549652,CSN,CSN,Carlton Sports Netwoek (Pvt) Ltd,,,,,,"Carlton Sports Netwoek (Pvt) Ltd, No:236/1, Denzil Kobbekaduwa Mawatha,",Battaramulla,,,,,,,,,,,AS,0.00,0.00,0,,,,,0,Non VAT,...,1,
80000051-1238680046,CYBER AGE,CYBER AGE,CYBER AGE,,,,,,"CYBER AGE, 11/3RD FLOOR",KANDY,,,,,,,,,,,,0.00,0.00,0,CYBER AGE,,,,0,,,1,
80000041-1238680045,CYBER CITY INTERNET CAFE,CYBER CITY INTERNET CAFE,CYBER CITY INTERNET CAFE,,niroshlk@gmail.com,0714933294,,,"CYBER CITY INTERNET CAFE, NO. 561/29, , NEW BUS STAND",ANURADHAPURA,,,,,,,,,,,,0.00,0.00,0,CC,,,,0,,,1,
8000024E-1377141820,D.G.M (A.M.H.E)CEB,D.G.M (A.M.H.E)CEB,D.G.M (A.M.H.E)CEB,,,,,,"D.G.M (A.M.H.E)CEB, 40/20A, Ampitiya Road,",Kandy,,,,,,,,,,,D,0.00,0.00,0,,,,,0,NBT,Tax,1,
800001CF-1301485977,D.Samson & Sons (pvt) ltd,D.Samson & Sons (pvt) ltd,D.SAMSON & SONS (PVT) LTD.,,info@dsisamson.com,0114 728 800,,0112 440 890,"D.SAMSON & SONS (PVT) LTD., NO:110, Kumaran Rathanam Road,",,Kumaran,,,,,,,,,,Y,0.00,0.00,0,,,,,0,Non VAT,Tax,1,
800001CE-1301484575,D.SAMSON & SONS (PVT) LTD.,D.SAMSON & SONS (PVT) LTD.,,,,0114 728 800,,0112 440 890,"No:110, Kumaran Rathnam Road,",,Kumaran,,,,,,,,,Due on receipt,SS,0.00,0.00,0,,,,,0,Non VAT,Tax,0,
800004DF-1592910116,D.Samson Industries (Pvt) Ltd,D.Samson Industries (Pvt) Ltd,D.Samson Industries (Pvt) Ltd,,,,,,"D.Samson Industries (Pvt) Ltd, PO Box - 46, D.Samson, Rajapaksha Mawatha, , Bataduwa,",Galle,,,Sri Lanka,,,,,,,,AS,0.00,0.00,0,,,,,0,Non VAT,Tax,1,
800003D9-1512728341,D & W Associates International (Pvt) Ltd,D & W Associates International (Pvt) Ltd,D & W Associates International (Pvt) Ltd,,,,,,"D & W Associates International (Pvt) Ltd, 163/1, Araliya Patumaga, Bellanwila,",Boralesgamuwa,,,Sri Lanka,,,,,,,,L,0.00,0.00,0,,,,,0,Non VAT,Tax,1,
80000521-1631914421,D C L Engineering (Private) Limited,D C L Engineering (Private) Limited,,,,,,,"D C L Engineering (Private) Limited, Level 01,",,"No. 21/1/1, Koswatta ",,Sri Lanka,,,,,,,,AS,0.00,0.00,0,,,,,0,,Non,1,
80000496-1562673684,D Samson & Sons (Pvt) Ltd,D Samson & Sons (Pvt) Ltd,D Samson & Sons (Pvt) Ltd,,,,,,"D Samson & Sons (Pvt) Ltd, 257, High Level Road, , Nawinna,",Maharagama,,,,,,,,,,,A,0.00,0.00,0,,,,,0,Non VAT,Tax,1,
80000416-1525842890,D Tech (Pvt) Ltd,D Tech (Pvt) Ltd,,,,,,,"D Tech (Pvt) Ltd, No 27A , Amarasekara Mawatha",Colombo 05,,,,,,,,,,,A,0.00,0.00,0,,,,,0,Non VAT,Tax,1,
80000053-1238680047,D3 INTERNET CAFE,D3 INTERNET CAFE,D3 INTERNET CAFE,,,,,,"D3 INTERNET CAFE, KOTAHENA STREET",COLOMBO 13,,,,,,,,,,,,0.00,0.00,0,D3,,,,0,,,1,
80000353-1486542377,Dakshitha Thamanegama,Dakshitha Thamanegama,,,,,,,"Dakshitha Thamanegama, No 37/A , Nalandarama Road",Nugegoda,,,,,,,,,,,AD,0.00,0.00,0,,,,,0,Non VAT,Tax,1,
800001CC-1297670970,Dart,Dart,Dart Global Logistics (Pvt) Ltd,,,,,,"Dart Global Logistics (Pvt) Ltd, 260, Sri Ramanathan Mawatha",,Sri,,,,,,,,,Net 30,AS,0.00,0.00,0,,,,,0,Non VAT,Tax,1,
80000453-1542272624,Data E Net Computer Systems (Pvt) Ltd,Data E Net Computer Systems (Pvt) Ltd,Data E Net Computer Systems (Pvt) Ltd,,,,,,"Data E Net Computer Systems (Pvt) Ltd, No 264, Peradeniya Road, , Kandy",VAT No,,114802573-700,,,,,,,,,L,-4.00,-4.00,0,,,,,0,VAT15%,Tax,1,
8000044F-1541567834,Data Management Systems (Pvt) Limited,Data Management Systems (Pvt) Limited,Data Management Systems (Pvt) Limited,,,,,,"Data Management Systems (Pvt) Limited, 221/5,",,Dharmapala Mawatha,,Sri Lanka,Hemasiri Karunanayake,221/5,", Dharmapala Mawatha",,Sri Lanka,End User,,AS,0.00,0.00,0,,,,,0,Non VAT,Tax,1,
8000005D-1238680047,DATA NET SYSTEMS,DATA NET SYSTEMS,DATA NET SYSTEMS,,,,,,"DATA NET SYSTEMS, 250C 1/1, GALLE ROAD",BAMBALAPITIYA,,,,,,,,,,,,0.00,0.00,0,DNET,,,,0,,,1,
80000456-1543212809,Data one Solutions (Pvt) Ltd,Data one Solutions (Pvt) Ltd,Data one Solutions (Pvt) Ltd,,,,,,"Data one Solutions (Pvt) Ltd, No 28, Sulaiman Terrace,",Colombo 05,,,,,,,,,,,A,0.00,0.00,0,,,,,0,Non VAT,Tax,1,
80000515-1620627915,Datalink Solutions (PVT) Ltd,Datalink Solutions (PVT) Ltd,Datalink Solutions (PVT) Ltd,,,,,,"Datalink Solutions (PVT) Ltd, No 773, Kadawatha Road ,",,Kadawatha,,,,,,,,,,AD,0.00,0.00,0,,,,,0,Non VAT,Tax,1,
80000452-1542260357,David Pieris Holdings (PVT) Ltd,David Pieris Holdings (PVT) Ltd,David Pieris Holdings (PVT) Ltd,,,,,,"David Pieris Holdings (PVT) Ltd, 75, Hyde Park Corner,",,Hyde,,,,,,,,,,AS,0.00,0.00,0,,,,,0,Non VAT,Tax,1,
800002C5-1437640960,David Pieris Information Technologies Lt,David Pieris Information Technologies Lt,,Nuwan,harshana@dptec.lk,0114700555,,,"David Pieris Information Technologies, (Pvt)  Ltd, 753, Pannipitiya Road,",Battaramulla.,,,,,,,,,,,AS,0.00,0.00,0,,,,,0,,...,1,
8000005E-1238680047,"DAVID PIERIS MOTOR CO. LTD.,","DAVID PIERIS MOTOR CO. LTD.,","DAVID PIERIS MOTOR CO. LTD.,",,,,,,"DAVID PIERIS MOTOR CO. LTD., , 120, 120A Pannipitiya Road,",,120A,,,,,,,,,Due on receipt,Y,0.00,0.00,0,DPMC,,,,0,VAT,,1,
80000207-1323326983,DAVID PIERIS MOTOR CO (LANKA) LIMITED,DAVID PIERIS MOTOR CO (LANKA) LIMITED,David Pieris Motor Company (Lanka) Ltd.,,,,,,"David Pieris Motor Co. (Pvt) Ltd., 75, Hyde Park Corner,",,Hyde,,,,,,,,,Due on receipt,AS,0.00,0.00,0,,,,,0,Non VAT,Tax,1,
800002A2-1417166901,David Pierise Information Technologies Lt,David Pierise Information Technologies Lt,David Pierise Information Technologies Lt,,,4700555,,,"David Pierise Information Technologies Lt, 753, pannipitiya Road, , Battaramulla.",VAT No,,114199567-700,,,,,,,,,AS,0.00,0.00,0,,,,,0,VAT15%,...,1,
80000290-1409282154,DB Automation (Pvt) Ltd,DB Automation (Pvt) Ltd,DB Automation (Pvt) Ltd,,info@dbautomation.lk,0114-513963,0112-506448,0114-513894,"DB Automation (Pvt) Ltd, No:48, Nandana Gardens, , Bambalapitiya",Colombo 04,,,,,,,,,,,E,0.00,0.00,0,,,,,0,NBT 1%,Tax,1,
800002F7-1456292252,Debug Computer Peripherals (Pvt) Ltd,Debug Computer Peripherals (Pvt) Ltd,Debug Computer Peripherals (Pvt) Ltd,,,,,,"Debug Computer Peripherals (Pvt) Ltd, No:58, 42nd Lane, , Wellawatte,",colombo 06,,,,,,,,,,,dil,0.00,0.00,0,,,,,0,Non VAT,...,1,
80000057-1238680047,DEE LANKA (PVT) LTD,DEE LANKA (PVT) LTD,DEE LANKA (PVT) LTD,,,,,,"DEE LANKA (PVT) LTD, 120, 122 VINALANKARA MAWATHA",,122,,,,,,,,,,,0.00,0.00,0,DEE,,,,0,,,1,
800003FB-1520912342,Delmage Forsyth & Co. Ltd,Delmage Forsyth & Co. Ltd,,,,,,,"Delmage Forsyth & Co. Ltd, No 101, Vinayalankara Mw",Colombo 10,,,,,,,,,,,AD,0.00,0.00,0,,,,,0,Non VAT,Tax,1,
80000334-1478069630,Denipitiya Studio,Denipitiya Studio,,,Accounts@activelk.com,,,,"Denipitiya Studio, No 82/2, Miriswatta,",Gampaha,,,,,,,,,,,AD,-85000.00,-85000.00,0,,,,,0,Non VAT,Tax,1,
80000056-1238680047,DENSHUN INDUSTRIES LTD,DENSHUN INDUSTRIES LTD,DENSHUN INDUSTRIES LTD,Mr. Aboo Yoosuf,info@dehshun.com,4401777,,4406083,"DENSHUN INDUSTRIES LTD, 363/2, RAJASINGHE MW, , HEWAGAMA,",KADUWELA,,,,,,,,,,Due on receipt,AS,0.00,0.00,0,DE0001,,,,0,Non VAT,,1,
8000033D-1481196622,Department of Agriculture,Department of Agriculture,,,,,,,"Department of Agriculture, , Audio Visual Centre, , Gannoruwa,",Peradeniya.,,,,,,,,,,,L,0.00,0.00,0,,,,,0,VAT15%,Non,1,
800004BB-1576666765,Department of Health Services - Southern,Department of Health Services - Southern,Department of Health Services - Southern,,,,,,"Department of Health Services -, Southern Province, Chairman, Procurement Committee","15A, Lower Dickson Road",Lower,,,,,,,,,,AS,0.00,0.00,0,,,,,0,Non VAT,Tax,1,
80000265-1388641181,Deputy General Manager,Deputy General Manager,Deputy General Manager (Mahaweli Comlex),,,,,,"Deputy General Manager (Mahaweli Comlex), Ceylon Electricity Board, , Ampitiya Road,",Kandy.,,,,,,,,,,,dil,0.00,0.00,0,,,,,0,NBT,Tax,1,
80000055-1238680047,DESIGN HUT,DESIGN HUT,DESIGN HUT,,,,,,"DESIGN HUT, 315/2C, SURAWAPOLA",PILIYANDALA,,,,,,,,,,,,0.00,0.00,0,DE,,,,0,,,1,
80000176-1242966523,DFCC BANK,DFCC BANK,DFCC Bank,,,,,,"DFCC Bank, 73/5 Galle Road,",Colombo 03.,,,,,,,,,,Due on receipt,SS,0.00,0.00,0,,,,,0,Non VAT,Tax,1,
80000058-1238680047,DHAWALAGIRI CYBER CAFE,DHAWALAGIRI CYBER CAFE,DHAWALAGIRI CYBER CAFE,,,,,,"DHAWALAGIRI CYBER CAFE, 433/2",MARADANA,,,,,,,,,,,,0.00,0.00,0,DHAWA,,,,0,,,1,
800001BD-1289982792,Dialog,Dialog,DIalog Axiata PLC,,,,,,"DIALOG AXIATA PLC., , 475, Union Place,",Colombo 02,,,,,,,,,,Due on receipt,AS,0.00,0.00,0,,,,,0,NBT 1%,Tax,1,
800002E0-1449230231,Dialog Axiata PLC,Dialog Axiata PLC,Dialog Axiata PLC,,,,,,"Dialog Axiata PLC, No:475, , 4th Floor, Kit Building, , Union Place, Colombo 2.",VAT No,,114115991-700,,,,,,,,,L,0.00,0.00,0,,,,,0,VAT15%,...,1,
800002CF-1442208830,Dialog Broadband Network (Pvt) Ltd.,Dialog Broadband Network (Pvt) Ltd.,,,,,,,"Dialog Broadband Network (Pvt) Ltd., No:475, Union Place,",Colombo 02,,,,,,,,,,,AS,0.00,0.00,0,,,,,0,,...,1,
800002CD-1441179828,Dialog Broadband PLC,Dialog Broadband PLC,Dialog Broadband PLC,,,,,,"Dialog Broadband PLC, No:475, Union Place,",Colombo 02,,,,,,,,,,,,0.00,0.00,0,,,,,0,Non VAT,...,1,
80000234-1358920080,Digital Commerce Lanka (Pvt) Ltd,Digital Commerce Lanka (Pvt) Ltd,Digital Commerce Lanka (Pvt) Ltd,,,,,,"Digital Commerce Lanka (Pvt) Ltd, , No:176/1, , Thimbirigasyaya Road, , Colombo 05.",VAT No,,174895813-700,,,,,,,,,AS,0.00,0.00,0,,,,,0,VAT15%,...,1,
800002B1-1427354261,Digital Mobility Solutions Lanka (pvt)Ltd,Digital Mobility Solutions Lanka (pvt)Ltd,Digital Mobility Solutions Lanka (pvt)Ltd,Musharaf,,0753333109,,,"Digital Mobility Solutions Lanka (pvt)Ltd, No:309 , , High- Level  Road, , Colombo 06",VAT No-,,174034419-700,,,,,,,,,AS,0.00,0.00,0,,,,,0,VAT15%,...,1,
80000403-1521615923,Digital Post Services,Digital Post Services,,,,,,,"Digital Post Services (Pvt) Ltd, 7A 1/1, Koranelis Mawatha, Madiwela Road",Kotte,,10100,,,,,,,,,AD,0.00,0.00,0,,,,,0,Non VAT,Tax,1,
800004C6-1580708358,Digitech Holdings (pvt) Ltd,Digitech Holdings (pvt) Ltd,Digitech Holdings (Pvt) Ltd,,,,,,"Digitech Holdings (Pvt) Ltd, No.566/A , Thalahahena Junction,",Baththaramulla,,,,,,,,,,,A,0.00,0.00,0,,,,,0,Non VAT,Tax,1,
800001AB-1279957166,Dil Cinema,Dil Cinema,Dil Films International Pvt Ltd,,,,,,"Dil Films International Pvt Ltd, 517/8 Kaduwela Road, , Talangama North",Battaramulla,,,,Dil Films International Pvt Ltd,Battaramulla,,,,,Due on receipt,AS,0.00,0.00,0,,,,,0,Non VAT,...,1,
80000059-1238680047,DILARSHAD ENTERPRISE,DILARSHAD ENTERPRISE,DILARSHAD ENTERPRISE,MR. DILARSHAD,ARSHAD@DILARSHAD.COM,"2698440,2670796",,2699828,"MR. DILARSHAD, DILARSHAD ENTERPRISE, 49, ROSMEAD PLACE, , CINNAMON GARDEN,",COLOMBO 07.,,,,,,,,,,Due on receipt,AS,0.00,0.00,0,DILA,,,,0,VAT,VAT,1,
8000005A-1238680047,DILSHAN,DILSHAN,DILSHAN,,,,,,DILSHAN,,,,,,,,,,,,,0.00,0.00,0,DILSHAN,,,,0,,,1,
80000255-1380770896,DIPPED Products Plc,DIPPED Products Plc,DIPPED Products Plc,,,2683964-7,,2699018,"DIPPED Products Plc, 400, Deans Road,",Colombo 10.,,,,,,,,,,,AS,0.00,0.00,0,,,,,0,NBT,Tax,1,
8000040D-1523245740,DKW Aqua International (Pvt) Ltd,DKW Aqua International (Pvt) Ltd,,,,,,,"DKW Aqua International (Pvt) Ltd, No 90/1  Canal Road, , Hendala, Wattala.",Vat No,,114639966-700,,,,,,,,,A,0.00,0.00,0,,,,,0,VAT15%,Tax,1,
8000005C-1238680047,DMPC DISSANAYAKE,DMPC DISSANAYAKE,DMPC DISSANAYAKE,,,,,,"DMPC DISSANAYAKE, CHAAMINDA AGENCY POST OFFICE",ANURADAPURA,,,,,,,,,,,,0.00,0.00,0,DMPC,,,,0,,,1,
80000202-1319181543,DP Technologies (pvt) Ltd,DP Technologies (pvt) Ltd,"DP TECHNOLOGIES (PVT) LTD.,",,,,,,"David Pieris Information Technologies Ltd, 753, Pannipitiya Road,",Battaramulla.,,,,,,,,,,Due on receipt,AS,0.00,0.00,0,,,,,0,Non VAT,...,1,
80000516-1622611861,DPL Holdings Pvt Ltd,DPL Holdings Pvt Ltd,DPL Holdings Pvt Ltd,,,,,,"DPL Holdings Pvt Ltd, Abeyrathne Mawatha,",Boralesgamuwa,,,,,,,,,,,AS,0.00,0.00,0,,,,,0,Non VAT,Tax,1,
80000270-1394088978,DPMC Assetline Holdings (Pvt) Ltd,DPMC Assetline Holdings (Pvt) Ltd,DPMC Assetline Holdings (Pvt) Ltd,,,,,,"DPMC Assetline Holdings (Pvt) Ltd, No:120, 120A, Pannipitiya Road,",Battaramulla,,,,,,,,,,,AS,0.00,0.00,0,,,,,0,NBT,Tax,1,
80000442-1539055852,DPS Software Pvt Ltd,DPS Software Pvt Ltd,DPS Software Pvt Ltd,,,,,,"DPS Software Pvt Ltd, L2-15, Reality Plaza,",Ja-Ela,,,,,,,,,,,N,0.00,0.00,0,,,,,0,VAT15%,Tax,1,
800004C0-1578562078,Dr. Dilan Croos,Dr. Dilan Croos,Dr. Dilan Croos,,,,,,"Dr. Dilan Croos, No. 35, Semathu Garden, Katuvapitiya,",Negombo,,,,,,,,,,,AD,0.00,0.00,0,,,,,0,Non VAT,Non,1,
8000018F-1262923884,DSI,DSI,D. Samson Industries (Pvt ) Ltd.,Ragith Gamage,gamager@dsifootwear.com,091-2234597,,,"D. Samson Industries (Pvt ) Ltd., PO BOX 46, Bataduwa,",Galle,,,,D. Samson Industries (Pvt ) Ltd.,Galle,,,,,Due on receipt,AS,0.00,0.00,0,,,,,0,Non VAT,...,1,
8000005F-1238680047,DSI - SAMSON RUBBER INDUSTRIES (PVT) LTD,DSI - SAMSON RUBBER INDUSTRIES (PVT) LTD,DSI - SAMSON RUBBER INDUSTRIES (PVT) LTD,,,2926065,,,"DSI - SAMSON RUBBER INDUSTRIES (PVT) LTD, JINASENA MAWATHA, , MAHARA",KADAWATHA,,,,,,,,,,,,0.00,0.00,0,DSI,,,,0,,,1,
80000295-1410420850,DTech (Pvt) Ltd,DTech (Pvt) Ltd,DTech (Pvt) Ltd,,info@dtech.lk,0112-148200,,0112-148480,"DTech (Pvt) Ltd, No:110, , Kumaran Rathnam Road",colombo 02,,,,,,,,,,,AS,0.00,0.00,0,,,,,0,Non VAT,...,1,
80000054-1238680047,DUAL CREATIONS,DUAL CREATIONS,DUAL CREATIONS,,,0773461515,,,"DUAL CREATIONS, 89A, 1/2, HOSPITAL ROAD,",,1/2,,,,,,,,,,,0.00,0.00,0,DC,,,,0,,,1,
80000061-1238680047,DUM COMMUNICATION,DUM COMMUNICATION,DUM COMMUNICATION,,,,,,"DUM COMMUNICATION, 301, DAM STREET ,",,DAM,,,,,,,,,,,0.00,0.00,0,DUM,,,,0,,,1,
800001AE-1280550762,Durdans,Durdans,Ceylon Hospitals PLC,,,,,,"Ceylon Hospitals PLC, Durdans Hospital, #03 Alfred Place,",Colombo 03,,,,Ceylon Hospitals PLC,Colombo 03,,,,,Due on receipt,SS,0.00,0.00,0,,,,,0,Non VAT,Tax,1,
80000060-1238680047,DYN TECH ENTERPRISES,DYN TECH ENTERPRISES,DYN TECH ENTERPRISES,,,0714813614,,2934720,"DYN TECH ENTERPRISES, 115, Negombo Road, , Wattala.",VAT No -,,409251447-700,,,,,,,,,A,0.00,0.00,0,DT,,,,0,Non VAT,,1,
8000045A-1544166993,DYNAMIC SOLUTIONS,DYNAMIC SOLUTIONS,DYNAMIC SOLUTIONS,,,,,,"DYNAMIC SOLUTIONS, 199/7A, Maldeniya Watta, ",Pannipitiya,Sri Lanka,10230,,,,,,,,,L,0.00,0.00,0,,,,,0,Non VAT,Tax,1,
8000031E-1471508822,E- Com Solutions (Pvt) Ltd,E- Com Solutions (Pvt) Ltd,,,,,,,"E - Com Solutions (pvt) Ltd, No 204/1, Kaduwela Road,",Battaramulla,,,,,,,,,,,A,0.00,0.00,0,,,,,0,VAT15%,Tax,1,
80000065-1238680047,E-GLOBE SOLUTIONS,E-GLOBE SOLUTIONS,E-GLOBE SOLUTIONS,MR. RAJEEW,,4718517,,4795633,"MR. RAJEEW, E-GLOBE SOLUTIONS, 15, WALUKARAMA ROAD,",COLOMBO 03.,,,,,,,,,,,,0.00,0.00,0,EGLOBE,,,,0,,,1,
8000052A-1693975524,E-Net Integrated Solutions (Pvt.) Ltd,E-Net Integrated Solutions (Pvt.) Ltd,,,,,,,"E-Net Integrated Solutions (Pvt.) Ltd, No.178/C, , Neelammahara Road,",Boralesgamuwa.,,,,,,,,,,,A,98000.00,98000.00,0,,,,,0,Non VAT,Tax,1,
80000064-1238680047,E-WORLD,E-WORLD,E-WORLD,NIMAL RAJ,,071 4806207,,,"NIMAL RAJ, E-WORLD, 6/14 GALPOTHA STREET, KOTAHENA",COLOMBO 13,,,,,,,,,,,,0.00,0.00,0,E-WORLD,,,,0,,,1,
80000235-1360134115,E Logic Lanka,E Logic Lanka,E Logic Lanka,,sunil@elogiclanka.com,,,,"E Logic Lanka, No:305/9, 1/1, , Nawala Road, Rajegiriya,",2nd floor of NSB Bank Building.,,,,,,,,,,,dil,0.00,0.00,0,,,,,0,NBT 1%,Tax,1,
80000063-1238680047,E SOLUTIONS,E SOLUTIONS,E SOLUTIONS,,,,,,"E SOLUTIONS, WELLAWATTA",,,,,,,,,,,,,0.00,0.00,0,E SOL,,,,0,,,1,
800002E7-1450782805,EAP Broadcasting Company Ltd,EAP Broadcasting Company Ltd,EAP Broadcasting Company Ltd,,,0112-599650,,,"EAP Broadcasting Company Ltd, No:676, , Galle Road,",Colombo 03,,,,,,,,,,,dil,-15000.00,-15000.00,0,,,,,0,Non VAT,...,1,
800001D0-1301549416,EAP Network (pvt) ltd,EAP Network (pvt) ltd,EAP NETWORKS (PVT) LTD.,,,0112 503 818,,0112 503 788,"EAP NETWORKS (PVT) LTD., 676, Galle Road, , Colombo 03,",Sri Lanka.,,,,,,,,,,Due on receipt,AS,0.00,0.00,0,,,,,0,Non VAT,Tax,1,
80000196-1266032970,Earrow,Earrow,EArrow (Private) Limited,,,,,,"EARROW (PVT)LTD, , 1-2/1 Deanstone House, , Galle Road,",Colombo 03.,,,,,,,,,,Due on receipt,AS,0.00,0.00,0,,,,,0,Non VAT,...,1,
800001F0-1314592177,ebase asia,ebase asia,"EBASE ASIA (PRIVATE) LIMITED.,",,,,,,"Share Colombo Services (Pvt) Ltd,  No 752/5",Dr Danister,DE,,,,,,,,,,L,0.00,0.00,0,,,,,0,Non VAT,...,1,
80000216-1335418766,EDGEWARE (PVT)LTD,EDGEWARE (PVT)LTD,Edgeware (Pvt)Ltd,Ms.Kaushalya,,0117-390940,,,"Edgeware (Pvt)Ltd, , No:114/1/1, , W.A.Silva Mawatha,",Colombo 06.,,,,,,,,,,,RZ,0.00,0.00,0,,,,,0,Non VAT,Tax,1,
8000031F-1471608808,Editing Table Studio,Editing Table Studio,,,,,,,"Editing Table Studio, 56 B307, Sri Jayawardenapura",Kotte.,,,,,,,,,,,AD,0.00,0.00,0,,,,,0,Non VAT,Tax,1,
80000372-1491535013,EEE Tech Services,EEE Tech Services,EEE Technological Services,,,,,,"EEE Technological Services, 422/6A,",,Bodhiya Road,,Sri Lanka,,,,,,,,A,0.00,0.00,0,,,,,0,Non VAT,Tax,1,
800004AD-1571122022,EFL Headquarters (Pvt) Ltd,EFL Headquarters (Pvt) Ltd,EFL Headquarters (Pvt) Ltd,,,,,,"EFL Headquarters (Pvt) Ltd, No 10, Milepost avenue,",Colombo 3.,,,,,,,,,,,AD,0.00,0.00,0,,,,,0,Non VAT,Tax,1,
800004A0-1565954535,EITS,EITS,Enterprise IT Solutions (Pvt) Ltd,,,,,,"Enterprise IT Solutions (Pvt) Ltd, 32/2-2/1 Nandimithra Place,",Colombo 06,,,,,,,,,,,,20055736.18,20055736.18,0,,,,,0,Non VAT,Tax,1,
80000415-1525327255,EL Toro Roofing Products Ltd,EL Toro Roofing Products Ltd,,,,,,,"EL Toro Roofing Products Ltd, No 752, Dr Danister De Silva Mawatha, Colombo 9.",VAT No,,139051017-700,,,,,,,,,L,0.00,0.00,0,,,,,0,Non VAT,Tax,1,
800001E1-1310961775,Elcardo Indusrties (pvt) Ltd,Elcardo Indusrties (pvt) Ltd,"ELCARDO INDUSTRIES (PVT) LTD.,",,,0772 519 133,,,"ELCARDO INDUSTRIES (PVT) LTD., , 42, Narahenpita Road,",Nawala.,,,,,,,,,,Due on receipt,RZ,0.00,0.00,0,,,,,0,Non VAT,Tax,1,
8000048A-1560234844,Electro Cheval Lanka (Pvt) Ltd,Electro Cheval Lanka (Pvt) Ltd,Electro Cheval Lanka (Pvt) Ltd,,,,,,"Electro Cheval Lanka (Pvt) Ltd, No. 44/1 Peterson Lane",Colombo,,,,,,,,,,,L,0.00,0.00,0,,,,,0,Non VAT,Tax,1,
8000044D-1540882941,Electro Net,Electro Net,Electro Net,,,,,,"Electro Net, No.45/1, Ernet Place, , Laxsha Pathiya",Moratuwa.,,,,,,,,,,,AD,41400.00,41400.00,0,,,,,0,VAT15%,Tax,1,
80000508-1615878575,Elegant Knitting International,Elegant Knitting International,Elegant Knitting International,,,,,,"Elegant Knitting International, 03B Biyagama",Export Processing Zone,,,,,,,,,,,AS,0.00,0.00,0,,,,,0,Non VAT,Tax,1,
8000036C-1490774805,Elegent Knitting (Pvt) Ltd,Elegent Knitting (Pvt) Ltd,,,,,,,"Elegent Knitting (Pvt) Ltd, No 202, Canal Road, Elkanda , Handala",Wattala.,,,,,,,,,,,AS,0.00,0.00,0,,,,,0,VAT15%,Tax,1,
80000318-1469590855,Elegent Media Solutions,Elegent Media Solutions,,,,,,,"Elegent Media Solutions, #341/1A Thalawathugoda Road",Kotte,,,,,,,,,,,AD,0.00,0.00,0,,,,,0,VAT15%,Tax,1,
800002AC-1424667122,Embassy Of Italy in Sri Lanka and Maldive,Embassy Of Italy in Sri Lanka and Maldive,Embassy Of Italy in Sri Lanka and Maldive,,,,,,"Embassy Of Italy in Sri Lanka and Maldive, No:55, Jawatta Road,",Colombo,,,,,,,,,,,AS,0.00,0.00,0,,,,,0,Non VAT,...,1,
800004F6-1605078585,Embassy of The Republic of Indonesia,Embassy of The Republic of Indonesia,Embassy of The Republic of Indonesia,,,,,,"Embassy of The Republic of Indonesia, 400/50 Sarana Road, , Off Budhaloka Mawatha",Colombo 07.,,,,,,,,,,,AS,0.00,0.00,0,,,,,0,Non VAT,Tax,1,
800002AE-1425015807,Empire Leather,Empire Leather,Empire Leather,,,,,,Empire Leather,,,,,,,,,,,,AS,0.00,0.00,0,,,,,0,Non VAT,...,1,
8000052C-1709785158,Enash Global (Pvt) Ltd,Enash Global (Pvt) Ltd,,,,,,,"Enash Global (Pvt) Ltd, No 259/7/B/1, , Kadawala Road, Erauwala,",Pannipitiya.,,,,,,,,,,,AD,111510.00,111510.00,0,,,,,0,Non VAT,Non,1,
800004F1-1601891741,Enext technology (Pvt) Ltd,Enext technology (Pvt) Ltd,,,,,,,"Enext Technology (Pvt) Ltd, No-6/A, 3rd Land, , Pita Kotte,",kotte.,,,,,,,,,,,AS,0.00,0.00,0,,,,,0,Non VAT,Tax,1,
8000043B-1537350845,ENTEC COMPUTER SYSTEMS (PVT) LTD,ENTEC COMPUTER SYSTEMS (PVT) LTD,ENTEC COMPUTER SYSTEMS (PVT) LTD,,,,,,"ENTEC COMPUTER SYSTEMS (PVT) LTD, No.19 1/1, Buthgamuwa Road,",Gothatuwa New Town,,,,,,,,,End User,,AD,0.00,0.00,0,,,,,0,Non VAT,Tax,1,
800004A5-1567237814,Enterprise IT Solutions (Pvt) Ltd,Enterprise IT Solutions (Pvt) Ltd,,,,,,,"Enterprise IT Solutions (Pvt) Ltd, 32/2-2/1, Nandimitra Place",Colombo 06,,,,,,,,,,,,0.00,0.00,0,,,,,0,Non VAT,Tax,1,
80000332-1477632335,Enterprise Technology (Pvt)Ltd,Enterprise Technology (Pvt)Ltd,,,,,,,"Enterprise Technology (Pvt)Ltd,  No 1 B, Dharmaraja Mawatha, , off Alfred House Avanue,",Colombo 03.,,,,,,,,,,,L,0.00,0.00,0,,,,,0,Non VAT,Tax,1,
800002A6-1419320121,Entrust & Title,Entrust & Title,Entrust & Title,,,,,,"Entrust & Title, 443/4, , Malwattha Road, , Nawala,",Rajagiriya.,,,,,,,,,,,E,0.00,0.00,0,,,,,0,Non VAT,...,1,
80000383-1495797207,Epro Technologies (Pvt) Ltd,Epro Technologies (Pvt) Ltd,Epro Technologies (Pvt) Ltd,,,,,,"Epro Office Solutions (Pvt) Ltd, 171/29, Koswatte Road, , Nawala,",Rajagiriya,,,,,,,,,,,L,0.00,0.00,0,,,,,0,Non VAT,Tax,1,
80000067-1238680047,EPSI COMPUTERS,EPSI COMPUTERS,EPSI COMPUTERS,,,,,2372371,"EPSI COMPUTERS, 403 1/1 GALLE ROAD",COLOMBO 3.,,,,,,,,,,,,0.00,0.00,0,EPSI,,,,0,,,1,
80000187-1256786932,Estella - Sherwood,Estella - Sherwood,Estella Group of Companies Pvt. Ltd.,,estellagroup@gmail.com,2947376,,,"Estella Group of Companies Pvt. Ltd., 189/7 Asiri Uyana, , Kerawalapitiya,",Wattala.,,,,Estella Group of Companies Pvt. Ltd.,Wattala.,,,,,,,0.00,0.00,0,,,,,0,Non VAT,Tax,1,
8000041A-1527481539,ETEL Solutions (Pvt) Ltd,ETEL Solutions (Pvt) Ltd,ETEL Solutions (Pvt) Ltd,,,,,,"ETEL Solutions (Pvt) Ltd, BQ 2/6, Matha Road,",Colombo 8,,,,,,,,,,,L,49500.00,49500.00,0,,,,,0,Non VAT,Tax,1,
8000035B-1487247874,Eternal Asia Lanka (Pvt) Ltd,Eternal Asia Lanka (Pvt) Ltd,,,,,,,"Eternal Asia Lanka (Pvt) Ltd, No :Unit 901G, 7 th Floor, Unity Plaza",Colombo 04,,,,,,,,,,,L,0.00,0.00,0,,,,,0,Non VAT,Tax,1,
80000296-1410506802,Eureka Technology Partners (Pvt)Ltd,Eureka Technology Partners (Pvt)Ltd,Eureka Technology Partners (Pvt)Ltd,,,,,,"Eureka Technology Partners (Pvt)Ltd, 3rd Floor, , 321, , Galle Road,",Colombo 03,,,,,,,,,,,AS,0.00,0.00,0,,,,,0,Non VAT,...,1,
8000047A-1554262915,Euro Asia Construction and Development (P,Euro Asia Construction and Development (P,Euro Asia Construction and Development (P,,,,,,"Euro Asia Construction, and Development (Pvt) Ltd, No.110 , Isipathana Mawatha",Colombo 5.,,,,,,,,,,,AD,0.00,0.00,0,,,,,0,Non VAT,Tax,1,
800003CE-1510634748,Evoke International (Pvt)Ltd,Evoke International (Pvt)Ltd,,,,,,,"Evoke International (Pvt)Ltd, No 120/A , Barnes Place , , Colombo 07",VAT No,,114649279-700,,,,,,,,,A,0.00,0.00,0,,,,,0,VAT15%,Tax,1,
8000025E-1385695526,EWIS Systems (Pvt) Ltd,EWIS Systems (Pvt) Ltd,EWIS Systems (Pvt) Ltd,,,0117720720,,,"EWIS Systems (Pvt) Ltd, Methodist Central Bldg, 2nd floor, , 252, Galle Road,",colombo 03,,,,,,,,,,,D,0.00,0.00,0,,,,,0,Non VAT,...,1,
800004E1-1595418139,Excello Developers (PVT) Ltd,Excello Developers (PVT) Ltd,Excello Developers (PVT) Ltd,,,,,,"Excello Developers (PVT) Ltd, No, 14, 37th Lane,",,14,,,,,,,,,,AD,0.00,0.00,0,,,,,0,Non VAT,Tax,1,
8000006A-1238680048,EXPO AVIATION PVT LTD,EXPO AVIATION PVT LTD,EXPO AVIATION PVT LTD,,,2372134,,,"EXPO AVIATION PVT LTD, 466, GALLE ROAD,",COLOMBO 03.,,,,,,,,,,,,0.00,0.00,0,EXPO,,,,0,,,1,
800003BF-1507702303,Expo International (Pvt) Ltd.,Expo International (Pvt) Ltd.,Expo International (Pvt) Ltd.,,,,,,"Expo International (Pvt) Ltd., No. 10, Mile Post Avenue,",,Mile,,,,,,,,,,AD,0.00,0.00,0,,,,,0,Non VAT,Tax,1,
80000066-1238680047,EXPO LANKA (PVT) LTD,EXPO LANKA (PVT) LTD,EXPO LANKA (PVT) LTD,,,,,,EXPO LANKA (PVT) LTD,,,,,,,,,,,,AD,0.00,0.00,0,EL,,,,0,,,1,
80000062-1238680047,EXPO LANKA COMMODOTIES,EXPO LANKA COMMODOTIES,EXPO LANKA COMMODOTIES,,,,,,EXPO LANKA COMMODOTIES,,,,,,,,,,,,,0.00,0.00,0,E,,,,0,,,1,
8000006B-1238680048,"EXPOLANKA HOLDINGS LTD.,","EXPOLANKA HOLDINGS LTD.,","EXPOLANKA HOLDINGS LTD.,",,,,,,"EXPOLANKA HOLDINGS LTD., , 83/4 DHARMAPALA MAWATHA",COLOMBO 7,,,,,,,,,,,,0.00,0.00,0,EXPO H,,,,0,,,1,
80000069-1238680048,EXPRESS NEWSPAPERS (CEYLON) LTD,EXPRESS NEWSPAPERS (CEYLON) LTD,EXPRESS NEWSPAPERS (CEYLON) LTD,,,2320881-3 / 5322700,,2327827 / 2439987,"EXPRESS NEWSPAPERS (CEYLON) LTD., , 185, Grandpass Road,",Colombo 14.,,,,,,,,,,Due on receipt,AD,0.00,0.00,0,EXPNEWS,,,,0,Non VAT,,1,
8000043F-1537953136,Exterme Computer Technologies Pvt Ltd,Exterme Computer Technologies Pvt Ltd,Exterme Computer Technologies Pvt Ltd,,,0372234370,,,"Extreme Computer Technologies Pvt Ltd, B12, MCK Super Market, , Perakumba Street",Kurunegala,,,,,,,,,,,L,0.00,0.00,0,,,,,0,VAT15%,Tax,1,
80000068-1238680048,EXTREME COMPUTERS,EXTREME COMPUTERS,EXTREME COMPUTERS,,,,,,"EXTREME COMPUTERS, NO. 291, D.S. SENANAYAKE STREET,",,D.S.,,,,,,,,,,,0.00,0.00,0,EX,,,,0,,,1,
80000333-1478068104,F T Soft (Pvt)Ltd,F T Soft (Pvt)Ltd,,,,,,,"F T Soft (Pvt) Ltd, No 91-4/1, , Galle Road,",Colombo 04.,,,,,,,,,,,A,0.00,0.00,0,,,,,0,Non VAT,Tax,1,
80000386-1496636245,Fairfirst Insurance Limited,Fairfirst Insurance Limited,,,,,,,"Fairfirst Insurance Limited, No 33, St Michaels Road",,St,,,,,,,,,,A,220348.00,220348.00,0,,,,,0,Non VAT,Tax,1,
80000260-1386052007,Family Care Hospital (Pvt) Ltd,Family Care Hospital (Pvt) Ltd,Family Care Hospital (Pvt) Ltd,,,,,,"Family Care Hospital (Pvt) Ltd, Dr.Deepal Wijesooriya, Nagoda,",Kalutara.,,,,,,,,,,,D,0.00,0.00,0,,,,,0,Non VAT,...,1,
8000024C-1374564068,Fazaal Ceramics,Fazaal Ceramics,Fazaal Ceramics,,,,,,"Fazaal Ceramics, No:196/1, Nawala Road,",Nawala,,,,,,,,,,,AS,130025.00,130025.00,0,,,,,0,Non VAT,...,1,
800002BB-1433746037,Fazaal Hardware(Pvt)Ltd,Fazaal Hardware(Pvt)Ltd,Fazaal Hardware(Pvt)Ltd,,,,,,"Fazaal Hardware(Pvt)Ltd, No:37, Matara Road,",Galle.,,,,,,,,,,,AS,63250.00,63250.00,0,,,,,0,VAT15%,...,1,
80000173-1242199776,FCCISL,FCCISL,Fed. of Chambers of Commerce & Ind. of SL,,,,,,"Fed. of Chambers of Commerce & Ind. of SL, Level 3, 53, Vauxhall Lane,",,53,,,Fed. of Chambers of Commerce & Ind. of SL,,53,,,,Due on receipt,SS,0.00,0.00,0,,,,,0,Non VAT,Tax,1,
80000121-1238680057,FERNANDO TELE SERVICES (PVT) LTD,FERNANDO TELE SERVICES (PVT) LTD,FERNANDO TELE SERVICES (PVT) LTD,,,,,,"FERNANDO TELE SERVICES (PVT) LTD, #63, GALLE JUNCTION, HEKITTA ROAD",WATTALA,,,,,,,,,,,,0.00,0.00,0,TELE,,,,0,,,1,
80000474-1553159682,Finco Technologies Pvt Ltd,Finco Technologies Pvt Ltd,Finco Technologies Pvt Ltd,,info@fintech.lk,,,,"Finco Technologies Pvt Ltd, No 16,",,5th Lane Galle Road,,Sri Lanka,,,,,,,,L,0.00,0.00,0,,,,,0,Non VAT,Tax,1,
80000472-1553140665,Fineline Technology,Fineline Technology,Fineline Technology,,,,,,"Fineline Technology, 281/21D Samagi Mawatha, Kerawalapitiya Road","Hendala, Wattala",,,,,,,,,,,A,0.00,0.00,0,,,,,0,VAT15%,Tax,1,
800003A3-1503301984,Finlays Colombo Limited (Welisara),Finlays Colombo Limited (Welisara),,,,,,,"Finlays Colombo Limited, 309/6, Negombo Road, Welisara",VAt No,,124007798-700,,,,,,,,,L,0.00,0.00,0,,,,,0,VAT15%,Tax,1,
8000029C-1411723182,Finlays Colombo PLC,Finlays Colombo PLC,Finlays Colombo PLC,,,0114-25200,,,"Finlays Colombo Limited, No:186, , Vauxhall Street,",Colombo 02,,,,,,,,,,,L,0.00,0.00,0,,,,,0,Non VAT,Tax,1,
800004F2-1601977651,Firefist insurance Limited,Firefist insurance Limited,,,,,,,"Fairfirst Insurance Limited, No 33, St Michaels Road",,St,,,,,,,,,,A,0.00,0.00,0,,,,,0,,Tax,1,
80000392-1499418227,First Capital Holdings PLC,First Capital Holdings PLC,,,,,,,"First Capital Holdings PLC, No 02 Deal Place",Colombo 03,,,,,,,,,,,AD,0.00,0.00,0,,,,,0,Non VAT,Tax,1,
80000259-1383192270,FITIS,FITIS,FITIS,,,,,,"FITIS, ,  65, 1st Floor, , Bartleet House,",Braybrooke Place,CO,,,,,,,,,,AS,0.00,0.00,0,,,,,0,VAT15%,...,1,
800001F4-1315905162,FKC Asia (pvt) Ltd,FKC Asia (pvt) Ltd,"FKC ASIA (PVT) LTD.,",,,,,,"FKC ASIA (PVT) LTD., , Sayuru Sewana, South wing, , 4th Floor, , Nawam Mawatha,",Colombo 02.,,,,,,,,,,Due on receipt,SS,0.00,0.00,0,,,,,0,Non VAT,Tax,1,
800004CA-1582195652,Flix11 (Private) Limited,Flix11 (Private) Limited,Flix11 (Private) Limited,,,,,,"Flix11 (Private) Limited, 753, Pannipitiya Road,",Battaramulla.,,,,,,,,,,,A,0.00,0.00,0,,,,,0,Non VAT,Tax,1,
8000006E-1238680048,FOCUS NET CAFE,FOCUS NET CAFE,FOCUS NET CAFE,,,0777737672,,,"FOCUS NET CAFE, COLOMBO 06",,,,,,,,,,,,,0.00,0.00,0,FOCU,,,,0,,,1,
8000006F-1238680048,FOCUS TECHNOLOGY,FOCUS TECHNOLOGY,FOCUS TECHNOLOGY,,,,,,"FOCUS TECHNOLOGY, KANDY ROAD",NITTAMBUVA,,,,,,,,,,,,0.00,0.00,0,FOCUS,,,,0,,,1,
800004D7-1590560202,Fortress Developers (Pvt) Ltd,Fortress Developers (Pvt) Ltd,Fortress Developers (Pvt.) Ltd,,,,,,"Fortress Developers (Pvt) Ltd., 28 Galle Rd,",Dehiwala-Mount Lavinia,,,,,,,,,,,AS,0.00,0.00,0,,,,,0,Non VAT,Tax,1,
8000049C-1565334260,Foto First Colour Lab,Foto First Colour Lab,Foto First Colour Lab,,,,,,"Foto First Colour Lab, No. 51 Kurunegala",Colombo Road,,,,,,,,,,,AD,0.00,0.00,0,,,,,0,Non VAT,Tax,1,
8000018C-1261395443,FPA,FPA,Family Planning Association of SL,,,,,,"Family Planning Association of SL, #37/27 Bullers Lane,",Colombo 07,,,,Family Planning Association of SL,Colombo 07,,,,,Due on receipt,dil,0.00,0.00,0,,,,,0,Non VAT,...,1,
8000000F-1237878817,FR,FR,,,,,,,,,,,,,,,,,,Due on receipt,AS,0.00,0.00,0,,,,,0,VAT,Tax,0,
8000006D-1238680048,FREIGHT CARE,FREIGHT CARE,FREIGHT CARE,,,,,,"FREIGHT CARE, 40A KUMARATHUNGE MUNIDASA MAWATHA",COLOMBO 3,,,,,,,,,,,,0.00,0.00,0,FC,,,,0,,,1,
80000252-1379063936,FRONTIER AUTOMOTIVES (PVT) LTD,FRONTIER AUTOMOTIVES (PVT) LTD,,,,,,,FRONTIER AUTOMOTIVES (PVT) LTD,,,,,,,,,,,,,0.00,0.00,0,,,,,0,,Tax,1,
80000071-1238680048,"FRONTIER AUTOMOTIVES (PVT) LTD.,","FRONTIER AUTOMOTIVES (PVT) LTD.,","FRONTIER AUTOMOTIVES (PVT) LTD.,",MR. YAPA,shamindra@frontierautomotive.com,"4715510,4720710",,"4518776, 4714511SR","FRONTIER AUTOMOTIVES (PVT) LTD., , 271, Galle Road,",Colombo 03.,,,,,,,,,,Due on receipt,AS,-4480.00,-4480.00,0,FRONTIER,,,,0,Non VAT,...,1,
800004C7-1581327866,FT Soft (Pvt) Ltd,FT Soft (Pvt) Ltd,FT Soft (Pvt) Ltd,,,,,,"FT Soft (Pvt) Ltd, 91- 4/1, Galle Road,",Colombo 04,,,,,,,,,,,A,0.00,0.00,0,,,,,0,Non VAT,Tax,1,
800003C7-1509362630,Fujitec Lanka (Pvt)Ltd,Fujitec Lanka (Pvt)Ltd,,,,,,,"Fujitec Lanka (Pvt)Ltd,  No 24/1, ,  Dudley Senanayaka Mawatha, , Colombo 08.",VAT,,174016887-700,,,,,,,,,L,0.00,0.00,0,,,,,0,VAT15%,Tax,1,
80000072-1238680048,FUSIS,FUSIS,FUSIS,,,,,,"FUSIS, 7 FLOWER AVENUE",COLOMBO 7,,,,,,,,,,,,0.00,0.00,0,FUSIS,,,,0,,,1,
80000524-1631916919,GAC Shipping Ltd,GAC Shipping Ltd,,,,,,,"GAC Shipping Ltd, 284 Vauxhall St,",Colombo 02,,,,,,,,,,,A,47980.00,47980.00,0,,,,,0,,Tax,1,
800002D0-1442460476,Galle Face Hotel,Galle Face Hotel,Galle Face Hotel,,,,,,"Galle Face Hotel, No:2, , Galle Road,",Colombo 03,,,,,,,,,,,AS,0.00,0.00,0,,,,,0,NBT 1%,Tax,1,
80000073-1238680048,GAMAGE.COM,GAMAGE.COM,GAMAGE.COM,,,2769180 / 1,,,"GAMAGE.COM, 30/C S De S JAYASINGHE MAWATHA, KALUBOWILA",DEHIWELA,,,,,,,,,,,,0.00,0.00,0,GAM,,,,0,,,1,
80000074-1238680048,GAMINI,GAMINI,GAMINI,,,,,,GAMINI,,,,,,,,,,,,,0.00,0.00,0,GAMINI,,,,0,,,1,
80000305-1460114203,Gateway Technologies,Gateway Technologies,Gateway Technologies,,,0115-945593,,,"Gateway Technologies, No:48/4, , Kandy Road,",Kiribathgoda.,,,,,,,,,,,AD,0.00,0.00,0,,,,,0,Non VAT,...,1,
8000027E-1396593052,Gennext (Pvt)Ltd,Gennext (Pvt)Ltd,,,,,,,"Gennext (Pvt)Ltd, #117, Inner Flower Road,",,Inner,,,,,,,,,,AS,0.00,0.00,0,,,,,0,,...,1,
8000041B-1527484238,George Steuart Optimize Pvt Ltd,George Steuart Optimize Pvt Ltd,George Steuart Optimize Pvt Ltd,,,,,,"George Steuart Optimize Pvt Ltd, 439, Galle Road,",Colombo 03,,,,George Steuart Optimize Pvt Ltd,Colombo 03,,,,,,L,0.00,0.00,0,,,,,0,Non VAT,Tax,1,
80000188-1257752751,Gestetner PS,Gestetner PS,Gestetner Printing Services Pvt Ltd,,,2323826,,,"Gestetner Printing Services Pvt Ltd, 248 Vauxhall Street",Colombo 02,,,,Gestetner Printing Services Pvt Ltd,Colombo 02,,,,,Due on receipt,SS,0.00,0.00,0,,,,,0,VAT,Tax,1,
80000076-1238680048,GHANAM INTERNET CAFE,GHANAM INTERNET CAFE,GHANAM INTERNET CAFE,,,,,,"GHANAM INTERNET CAFE, 106A, GALLE ROAD,",COLOMBO 06.,,,,,,,,,,,,0.00,0.00,0,GHANAM,,,,0,,,1,
80000278-1395213898,GHIM LI LANKA (PVT)LTD,GHIM LI LANKA (PVT)LTD,GHIM LI LANKA (PVT)LTD,,,091-5453401,,091-5453409,"GHIM LI LANKA (PVT)LTD, 77A-83, , Akuressa Road,",Galle,,,,,,,,,,,AS,0.00,0.00,0,,,,,0,NBT 1%,Tax,1,
800002E2-1449469961,GIH Capital,GIH Capital,GIH Capital,,,,,,"GIH Capital, 1st Floor, , Hilltop House Building, No:14, , 16th Lane,",Colombo 03,,,,,,,,,,,dil,0.00,0.00,0,,,,,0,NBT 1%,Tax,1,
800004A8-1568182037,GLC,GLC,GLC,,,,,,"GLC, NO 1/1, Mile post avenue,",,Mile,,,,,,,,,,AD,0.00,0.00,0,,,,,0,VAT15%,Tax,1,
80000079-1238680048,GLOBAL AND DESIGNING,GLOBAL AND DESIGNING,GLOBAL AND DESIGNING,,,,,,"GLOBAL AND DESIGNING, 280 NEW GALLE RD, MORATUWA",,,,,,,,,,,,,0.00,0.00,0,GLOBAL,,,,0,,,1,
80000078-1238680048,GLOBAL COPY BUREUY,GLOBAL COPY BUREUY,GLOBAL COPY BUREUY,,,,,,"GLOBAL COPY BUREUY, 399 GALLE ROAD COLOMBO 04",,,,,,,,,,,,,0.00,0.00,0,GLO,,,,0,,,1,
800004EE-1601267261,Global Ehsan Relief,Global Ehsan Relief,,,,,,,"Global Ehsan Relief - Sri Lanka, Abdul Majeed Road ,",Kinniya-04,,,,,,,,,,,AD,0.00,0.00,0,,,,,0,Non VAT,Tax,1,
80000344-1484022900,Global IT Works,Global IT Works,,,,,,,"Global IT Works, 22 B 3/3, School Avanue",Dehiwala.,,,,,,,,,,,L,0.00,0.00,0,,,,,0,VAT15%,Tax,1,
80000438-1537169428,Global Parcel Delivery (Pvt) Ltd,Global Parcel Delivery (Pvt) Ltd,,,,,,,"Global Parcel Delivery (Pvt) Ltd, No 316, K. Cyril .C. Perera mawatha",,K. Cyril .C.,,,,,,,,,,L,0.00,0.00,0,,,,,0,Non VAT,Tax,1,
800004E7-1598612371,Global Technologies,Global Technologies,Global Technologies,,,,,,"Global Technologies, No 30 , High Level Plaza, , Delkanda,",Nugegoda,,,,,,,,,,,AD,0.00,0.00,0,,,,,0,Non VAT,Tax,1,
8000052B-1705724281,Globaltec Limited,Globaltec Limited,,,,,,,"Globaltec Limited, Unit 2A , 17/F, Glenealy Tower, , No.01 Glenealy, Central,",Hong Kong.,,,,,,,,,,,,0.00,0.00,0,,,,,0,Non VAT,Tax,1,
80000077-1238680048,GLOBE AIR,GLOBE AIR,GLOBE AIR,PRIYANTHA/ DILRANI,,2577246,,,"PRIYANTHA/ DILRANI, GLOBE AIR, 466, GALLE ROAD,",COLOMBO 03,,,,,,,,,,,,0.00,0.00,0,GL,,,,0,,,1,
8000037B-1494836405,Globe Glaass (Pvt) Ltd,Globe Glaass (Pvt) Ltd,,,,,,,"Globe Glass (Pvt) Ltd, No 68, Sangamiththa Mawatha,",Colombo 13,,,,,,,,,,,AD,0.00,0.00,0,,,,,0,VAT15%,Tax,1,
800001B3-1282191783,Globe Knitting,Globe Knitting,Globe Knitting Pvt Ltd.,,,,,,"GLOBE KNITTING (PVT) LTD., , P.O. Box 01, , Kadawala 11264,",Dunagaha.,,,,,,,,,,Due on receipt,SS,0.00,0.00,0,,,,,0,Non VAT,Tax,1,
800002A4-1418281627,Globe Mirror Industries (pvt) Ltd,Globe Mirror Industries (pvt) Ltd,Globe Mirror Industries (pvt) Ltd,,,0112-345151,,0112-345152,"Globe Mirror Industries (pvt) Ltd, No:89, , Prince Street,",Colombo 11.,,,,,,,,,,,dil,0.00,0.00,0,,,,,0,Non VAT,...,1,
8000007A-1238680048,GLOBLE NETWORK,GLOBLE NETWORK,GLOBLE NETWORK,,,,,,"GLOBLE NETWORK, 7B, RAWATHAWATTA",MORATUWA,,,,,,,,,,,,0.00,0.00,0,GLOBLE,,,,0,,,1,
8000020A-1326183018,GLPL,GLPL,Greenwich Lanka (Pvt) Ltd,,,,,,"Greenwich Lanka (Pvt) Ltd., Lvl 2, No 451, Galle Road,",,No 451,,,Greenwich Lanka (Pvt) Ltd.,,No 451,,,,Due on receipt,RZ,0.00,0.00,0,,,,,0,Non VAT,Tax,1,
80000192-1263734103,GP Garments,GP Garments,GP Garments Pvt Ltd.,,,0362231825,,0362231685,"G.P GARMENTS (PVT) LTD., , CV Goonerethne Intl. Idus. Park, , Seethawaka,",Avissawella.,,,,GP Garments Pvt Ltd.,Avissawella,,,,,Due on receipt,dil,0.00,0.00,0,,,,,0,NBT 1%,Tax,1,
800004C3-1579691968,Grace Lanka Apperals (Pvt) Ltd,Grace Lanka Apperals (Pvt) Ltd,Grace Lanka Apperals (Pvt) Ltd,,,,,,"Grace Lanka Apperals (Pvt) Ltd, No- 83/15, Angulana Station Road, , Angulana,",Moratuwa,,,,,,,,,,,AD,0.00,0.00,0,,,,,0,Non VAT,Tax,1,
8000049A-1565327779,GREEN ENGINEERTNG SYSTEM (PVT) LIMITED,GREEN ENGINEERTNG SYSTEM (PVT) LIMITED,GREEN ENGINEERTNG SYSTEM (PVT) LIMITED,,,,,,"GREEN ENGINEERTNG SYSTEM (PVT) LIMITED, No 255/ B, Wedamulla Lane, , Waragoda,",Kelaniya.,,,,,,,,,,,L,0.00,0.00,0,,,,,0,Non VAT,Tax,1,
80000389-1497415282,Greenwave Technologies,Greenwave Technologies,,,,,,,"Greenwave Technologies, N0 142/31, Jenson Gardens, , Nedimaala,",Dehiwala.,,,,,,,,,,,AD,0.00,0.00,0,,,,,0,Non VAT,Tax,1,
80000086-1238680049,H. S. AMARASINGHE,H. S. AMARASINGHE,H. S. AMARASINGHE,,,,,,H. S. AMARASINGHE,,,,,,,,,,,,,0.00,0.00,0,HS,,,,0,,,1,
800004CD-1583471892,Haat Holdings (Pvt) Ltd,Haat Holdings (Pvt) Ltd,Haat Holdings (Pvt) Ltd,,anjana@activelk.com,,,,"Haat Holdings (Pvt) Ltd, 240, B1A, High Level Road",,"B1A, High",,,,,,,,,,A,230950.00,230950.00,0,,,,,0,Non VAT,Tax,1,
8000036D-1490863241,Haggai Tourist Bangalow,Haggai Tourist Bangalow,,,,,,,"Haggai Tourist Bangalow, No 20, Halgaswatte Lane",Colombo 06,,,,,,,,,,,L,0.00,0.00,0,,,,,0,VAT15%,Tax,1,
800003E3-1514365071,Halcyon House Colombo,Halcyon House Colombo,,,,,,,"Halcyon House Colombo, No 42/3, Lester James Pieris Mawatha,",,Lester James,,,,,,,,,,AD,1620.00,1620.00,0,,,,,0,VAT 8%,Tax,1,
800004F0-1601873216,Haleys Business solution (Pvt) Ltd,Haleys Business solution (Pvt) Ltd,,,,,,,"Hayleys Business Solution, International, 25, Foster lane,",Colombo – 10,,,,,,,,,,,A,0.00,0.00,0,,,,,0,Non VAT,Tax,1,
8000007D-1238680048,HAMEED,HAMEED,HAMEED,,,,,,"HAMEED, 20/6, 2ND LANE, , KOSWATTHA,",RAJAGIRIYA.,,,,,,,,,,,,0.00,0.00,0,HAMEED,,,,0,,,1,
80000289-1406544069,Hameedia Stores (Pvt)Ltd,Hameedia Stores (Pvt)Ltd,Hameedia Stores (Pvt)Ltd,,purchasing@hameedia.lk,0112-621000,,0112-623411,"Hameedia Stores (Pvt)Ltd, No:09, , Dharmashrama Mawatha, , Borupana,",Ratmalana,,,,,,,,,,,E,0.00,0.00,0,,,,,0,Non VAT,...,1,
8000007E-1238680048,HANDS INTERNATINAL (PVT) LTD,HANDS INTERNATINAL (PVT) LTD,HANDS INTERNATINAL (PVT) LTD,,,"2508889, 2593384-6",,,"HANDS INTERNATIONAL (PVT) LTD, NO.9, RAMYA ROAD,",COLOMBO 4,,,,,,,,,,Due on receipt,Har,0.00,0.00,0,HANDS,,,,0,VAT,VAT,1,
8000007B-1238680048,HANNY DIGITAL CENTER,HANNY DIGITAL CENTER,HANNY DIGITAL CENTER,,,,,,"HANNY DIGITAL CENTER, 75/1/1 SRI SUMATISSA MAWATHA",COLOMBO 12,,,,,,,,,,,,0.00,0.00,0,HA,,,,0,,,1,
80000424-1529555116,Harbour Village,Harbour Village,Harbour Village,,,,,,"Harbour Village, No.278, Union Place, , Colombo 02",VAT No,,174724288-700,,Harbour Village,Colombo 02,,,,End User,,N,0.00,0.00,0,,,,,0,Non VAT,Non,1,
80000530-1737109671,Harsh  Perera,Harsh  Perera,,,,,,,"Harsh  Perera, No.255, , Gonamadiththa Road,",Kasbewa.,,,,,,,,,,,AD,201780.00,201780.00,0,,,,,0,Non VAT,Tax,1,
8000007F-1238680049,HARSHA,HARSHA,HARSHA,,,,,,HARSHA,,,,,,,,,,,,,0.00,0.00,0,HAR,,,,0,,,1,
80000082-1238680049,HAYA COM,HAYA COM,HAYA COM,,,,,,"HAYA COM, 2/A, RATHNAME ROAD,",COLOMBO 13,,,,,,,,,,,,0.00,0.00,0,HAYA,,,,0,,,1,
800002F5-1455881500,Hayleys Business Solutions International,Hayleys Business Solutions International,Hayleys Business Solutions International,,,0112-628818,,,"Hayleys Business Solutions International, (Pvt)Ltd, No:25, Foster Lane,",Colombo 10.,,,,,,,,,,,A,0.00,0.00,0,,,,,0,VAT15%,...,1,
80000083-1238680049,HELLO NETCOM,HELLO NETCOM,HELLO NETCOM,,,,,,"HELLO NETCOM, 65, THIMBIRIGASYAYA, HENDALA",WATTALA,,,,,,,,,,,,0.00,0.00,0,HELLO,,,,0,,,1,
8000019D-1271650396,Hemas Group,Hemas Group,,,,,,,"Hemas Holdings PLC, Group IT Division, 36 Bristol Street",Colombo,,,Sri Lanka,,,,,,,Due on receipt,DL,0.00,0.00,0,,,,,0,Non VAT,Tax,1,
80000231-1357107835,Hemas Holdings PLC,Hemas Holdings PLC,Hemas Holdings PLC,,,473173 - 2332884,,2332889,"Hemas Holdings PLC, , Group IT Division, , Level 08, Hemas House, , No:75,","Braybrooke Place, Colombo 02",,,,,,,,,,,AS,0.00,0.00,0,,,,,0,Non VAT,...,1,
800001A0-1272868760,Hemas Hospitals Pvt Ltd.,Hemas Hospitals Pvt Ltd.,Hemas Hospitals Pvt Ltd.,,,,,,"HEMAS HOSPITALS (PVT) LTD., , 389, Negambo Road,",Wattala,,,,Hemas Hospitals Pvt Ltd.,Wattala,,,,,Due on receipt,DL,0.00,0.00,0,,,,,0,Non VAT,Tax,1,
80000251-1378461052,Hemas Pharmaceutiacls (pvt) Ltd,Hemas Pharmaceutiacls (pvt) Ltd,Hemas Pharmaceutiacls (pvt) Ltd,,,,,,"Hemas Pharmaceutiacls (pvt) Ltd, , No.439, Galle Road,",Colombo 03,,,,,,,,,,,AS,0.00,0.00,0,,,,,0,NBT,Tax,1,
80000320-1472039634,Hemsons International (Pte)Ltd,Hemsons International (Pte)Ltd,,,,,,,"Hemsons International (Pte)Ltd, Hemas Building, , # 36 Sir Razik Fareed Mawatha,",Colombo 01,,,,,,,,,,,A,0.00,0.00,0,,,,,0,Non VAT,Tax,1,
800001C8-1293957247,Hidramani Group HIE,Hidramani Group HIE,Hidramani International Exports Pvt Ltd,,,,,,"HIRDARAMANI INTERNATIONAL (PVT) LTD., , Level 23, West Tower, , World Trade Center,",Colombo.,,,,,,,,,,Due on receipt,AS,0.00,0.00,0,,,,,0,Non VAT,...,1,
800001EB-1313384115,Hiran Wickramanayake,Hiran Wickramanayake,"HIRAN WICKRAMANAYAKE.,",,,,,,"HIRAN WICKRAMANAYAKE.,",,,,,,,,,,,Due on receipt,AS,1725.00,1725.00,0,,,,,0,Non VAT,...,1,
80000460-1547118098,Hirdaramani Industries (Pvt) Ltd,Hirdaramani Industries (Pvt) Ltd,Hirdaramani Industries (Pvt) Ltd,,,,,,"Hirdaramani Industries (Pvt) Ltd, No - 279, Horana Road,",Kahathuduwa,,,,,,,,,,,AD,0.00,0.00,0,,,,,0,Non VAT,Tax,1,
8000023B-1363763536,Hirdaramani International Export (Pvt) Lt,Hirdaramani International Export (Pvt) Lt,Hirdaramani International Export (Pvt) Lt,,,,,,"Hirdaramani International Export (Pvt) Lt, Level 23, West Tower, , WTC,",Colombo 01,,,,,,,,,,,AS,0.00,0.00,0,,,,,0,Non VAT,Tax,1,
800003B4-1505984327,HK Computer Solutions (Pvt) Ltd,HK Computer Solutions (Pvt) Ltd,,,,,,,"HK Computer Solutions (Pvt) Ltd, No 498, Weralupa Junction ,",,Weralupa,,,,,,,,,,L,0.00,0.00,0,,,,,0,Non VAT,Tax,1,
8000041E-1527503828,HKS Technologies,HKS Technologies,HKS Technologies,,,,,,"HKS Technologies, No 16, Hultsdrof Street,",Colombo 12,,,,HKS Technologies,Colombo 12,,,,,,AD,0.00,0.00,0,,,,,0,Non VAT,Tax,1,
80000084-1238680049,HNB ASSUARANCE,HNB ASSUARANCE,HNB ASSUARANCE,,,,,,"HNB ASSUARANCE., , 10, Sri Uttarananda Mawatha,",,Sri,,,,,,,,,Due on receipt,AS,0.00,0.00,0,HNB,,,,0,VAT15%,Tax,1,
80000414-1525257439,Holmes Pollard & Stott (Pvt) Ltd,Holmes Pollard & Stott (Pvt) Ltd,Holmes Pollard & Stott (Pvt) Ltd,,,,,,"Holmes Pollard & Stott (Pvt) Ltd, 240/8,",,Torrington Avenue,,Sri Lanka,Holmes Pollard & Stott (Pvt) Ltd,,Torrington Avenue,,Sri Lanka,,,N,0.00,0.00,0,,,,,0,Non VAT,Tax,1,
8000019B-1268221364,Hotel Clarion,Hotel Clarion,Kelaniya Tourist Hotels (Pvt) Ltd,,,2911579,,2916191,"KELANIYA TOURIST HOTELS (PVT) LTD., , 103, Kandy Road,",Kiribathgoda.,,,,,,,,,,Due on receipt,SS,0.00,0.00,0,,,,,0,Non VAT,Tax,1,
80000350-1485576434,Hotel Sansu,Hotel Sansu,,,,,,,"Hotel Sansu, 651/31, Sir Oliver Gunathilake Gardens, Off Elvitigala Mawatha,",Narahenpita.,,,,,,,,,,,L,0.00,0.00,0,,,,,0,VAT15%,Non,1,
80000085-1238680049,HOUSE OF HIRAM,HOUSE OF HIRAM,HOUSE OF HIRAM,,,,,,"HOUSE OF HIRAM, 286 GALLE RD COL.03",,,,,,,,,,,,,0.00,0.00,0,HOUSE,,,,0,,,1,
800004DD-1592364047,HSB Holdings (Pvt)Ltd,HSB Holdings (Pvt)Ltd,HSB Holdings (Pvt) Ltd,,sales@hsbholdings.lk,0771707822,,,"HSB Holdings (Pvt) Ltd, No 10/1 Hill Street, , Housing Scheme,",Kiribathgoda,,,,,,,,,,,A,0.00,0.00,0,,,,,0,Non VAT,Tax,1,
800001E0-1310099482,Hutchison Telecommunications,Hutchison Telecommunications,"HUTCHISON TELECOMMUNICA.LANKA (PVT) LTD.,",,,0788 632 632,,,"HUTCHISON TELECOMMUNICA.LANKA (PVT) LTD.,, 234, Galle Road, , Colombo 04,",Sri Lanka.,,,,,,,,,,Due on receipt,R,0.00,0.00,0,,,,,0,Non VAT,Tax,1,
800004B1-1573795106,i 7 Computers,i 7 Computers,,,,,,,"i 7 Computers, 124B, Palali Road",Jafna,,,,,,,,,,,DC,0.00,0.00,0,,,,,0,Non VAT,Tax,1,
80000088-1238680049,I COMPUTERS,I COMPUTERS,I COMPUTERS,,,4952849,,2737681,"I COMPUTERS, 19 GALLE ROAD",DEHIWELA NORTH,,,,,,,,,,,,0.00,0.00,0,I-COMP,,,,0,,,1,
800002EA-1451533012,I Dawn Group Of Companies,I Dawn Group Of Companies,I Dawn Group Of Companies,,,,,,"I Dawn Group Of Companies, No:02, , Chapel Road, , Nugegoda.",VAT No,,100913950-700,,,,,,,,,AS,0.00,0.00,0,,,,,0,Non VAT,...,1,
80000301-1459740642,I Net Systems & Solutions (Pvt) Ltd,I Net Systems & Solutions (Pvt) Ltd,I Net Systems & Solutions (Pvt) Ltd,,,,,,"I Net Systems & Solutions (Pvt) Ltd, No:65 1/1, , Nawala Road,",Nugegoda.,,,,,,,,,,,A,0.00,0.00,0,,,,,0,Non VAT,...,1,
80000093-1238680049,I U C N,I U C N,I U C N,,IUCN@IUCNSL.ORG,2694094,,2682470,"I U C N, NO. 53 HORTON PLACE, COLOMBO - 07",SRILANKA,,,,,,,,,,,A,450.00,450.00,0,IUC,,,,0,Non VAT,,1,
80000197-1266907975,ICC,ICC,Intl. Contruction Consortium (Pvt) Ltd.,,,,,,"INTERNATIONAL CONSTRUCTION CONSORTIUM LTD, 70 S De S Jayasinghe Mawatha, , Kohuwala, Nugegoda,",Sri Lanka.,,,,Intl. Contruction Consortium (Pvt) Ltd.,Kohuwala,Nugegoda,,Sri Lanka,,,AD,0.00,0.00,0,,,,,0,Non VAT,...,1,
800003E2-1514350257,ICC Inernational Construction Consortium,ICC Inernational Construction Consortium,,,,,,,"International Construction Consortium, (Pvt) Ltd, No 70, S De S Jayasinghe Mawatha, Kohuwela, Nugegoda",VAT No -,,104067336-700,,,,,,,,,AD,0.00,0.00,0,,,,,0,Non VAT,Tax,1,
80000352-1486531605,ICC Resorts (Pvt) Ltd,ICC Resorts (Pvt) Ltd,,,,,,,"ICC Resorts (Pvt) Ltd, No 49/16, Iceland Building, , Galle Road",Colombo 03,,,,,,,,,,,L,0.00,0.00,0,,,,,0,VAT15%,Tax,1,
800003F7-1519793768,Ideal Finance Ltd,Ideal Finance Ltd,Ideal Finance Ltd,,,,,0112396757,"Ideal Finance Ltd, No 299, Dr Colvin R. De Silva Mawatha, (Union Place),",Colombo 02,,,,,,,,,,,A,0.00,0.00,0,,,,,0,Non VAT,Tax,1,
80000089-1238680049,IMAGELINE (PVT) LIMITED,IMAGELINE (PVT) LIMITED,IMAGELINE (PVT) LIMITED,,,2507044,,2507846,"IMAGELINE (PVT) LIMITED, 73, ISIPATHANA MAWATHA",COLOMBO 05,,,,,,,,,,,,0.00,0.00,0,IM,,,,0,,,1,
80000267-1389166035,Imageline (Pvt) Ltd,Imageline (Pvt) Ltd,Imageline (Pvt) Ltd,Mr.Chandrasoma,,0773 -416422,0112-199251,0112-199259,"Imageline (Pvt) Ltd, No:69, Kottawa Road, Mirihana,",Nugegoda.,,,,,,,,,,,AS,0.00,0.00,0,,,,,0,Non VAT,...,1,
8000046C-1551336282,Incotech Lanka (PVT) Ltd.,Incotech Lanka (PVT) Ltd.,Incotech Lanka (PVT) Ltd,,,,,,"Incotech Lanka (PVT) Ltd, 1001E, 8th Floor, , Unity Plaza,",Colombo 04,,,,,,,,,,,A,130000.00,130000.00,0,,,,,0,Non VAT,Tax,1,
80000092-1238680049,INDEPENDENT TELEVISION NETWORK LTD,INDEPENDENT TELEVISION NETWORK LTD,INDEPENDENT TELEVISION NETWORK LTD,,,,,,"INDEPENDENT TELEVISION NETWORK LTD., , Wickramasinghapura,",Battaramulla.,,,,,,,,,,,,0.00,0.00,0,ITN,,,,0,,,1,
80000520-1631914025,IndexOne Technologies (Pvt) Limited,IndexOne Technologies (Pvt) Limited,,,,,,,IndexOne Technologies (Pvt) Limited,,,,,,,,,,,,A,228800.00,228800.00,0,,,,,0,,Tax,1,
800003CD-1510205832,Industrial Clothing (Pvt) Ltd - Malwana,Industrial Clothing (Pvt) Ltd - Malwana,,,amal@activelk.com,,,,"Industrial Clothing (Pvt) Ltd, 78 , Biyagama E.P.Z, , Walgama",Malwana.,,,,,,,,,,,AD,0.00,0.00,0,,,,,0,Non VAT,Tax,1,
800003CA-1509526589,Industrial Clothing (Pvt) Ltd Avis,Industrial Clothing (Pvt) Ltd Avis,,,,,,,"Industrial Clothing (Pvt) Ltd, , Prime Polymers Division, D17, Seethawaka",E.P. Z,,10700,,,,,,,,,AD,0.00,0.00,0,,,,,0,Non VAT,Tax,1,
800003C9-1509525428,Industrial Clothing Pvt. Ltd,Industrial Clothing Pvt. Ltd,Industrial Clothing Pvt. Ltd,,,,,,"Industrial Clothing Pvt. Ltd, , Spur Road 2, Phase 1, E.P.Z,",,Phase,,,,,,,,,,AD,0.00,0.00,0,,,,,0,Non VAT,Tax,1,
8000008D-1238680049,INFOLINK TECNOLOGIES,INFOLINK TECNOLOGIES,INFOLINK TECNOLOGIES,MR RASHEEN,,0773049105,,,"MR RASHEEN, INFOLINK TECNOLOGIES, 2ND FLOOR, SALAKA BUILDING",GALLE,,,,,,,,,,,,0.00,0.00,0,infol,,,,0,,,1,
8000008C-1238680049,INFORMATION EYE (PVT) LTD,INFORMATION EYE (PVT) LTD,INFORMATION EYE (PVT) LTD,,,,,,"INFORMATION EYE (PVT) LTD, 30 NEW CHETTY STREET, COLOMBO-13",,,,,,,,,,,,,0.00,0.00,0,INFO,,,,0,,,1,
80000441-1538981575,Information Technologies & Enterprise Sol,Information Technologies & Enterprise Sol,Information Technologies & Enterprise Sol,,,,,,"Information Technologies &, Enterprise Solution(Pvt) Ltd, No 59, School Lane",Colombo-03,,,,,,,,,,,A,32000.00,32000.00,0,,,,,0,Non VAT,Tax,1,
80000443-1539081083,Innova Tech Lanka (Pvt) Ltd,Innova Tech Lanka (Pvt) Ltd,Innova Tech Lanka (Pvt) Ltd,,,,,,"Innova Tech Lanka (Pvt) Ltd, 181/8, Shanthi Rd, Handala,",,Shanthi,,,,,,,,,,L,0.00,0.00,0,,,,,0,Non VAT,Tax,1,
8000008F-1238680049,INOKA PRINTERS & DINALI BOOKSHOP,INOKA PRINTERS & DINALI BOOKSHOP,INOKA PRINTERS & DINALI BOOKSHOP,,,,,,"INOKA PRINTERS & DINALI BOOKSHOP, 561/87, NEW BUS STAND",,NEW,,,,,,,,,,,0.00,0.00,0,IP,,,,0,,,1,
80000248-1371618735,Inovatec Information Technologies (Pvt)Lt,Inovatec Information Technologies (Pvt)Lt,Inovatec Information Technologies (Pvt)Lt,,,011-4513505,0777321327,011-2597237,"Inovatec Information Technologies (Pvt)Lt, No:15 1/D, , Joseph Lane,",Colombo 04.,,,,,,,,,,,AS,0.00,0.00,0,,,,,0,Non VAT,...,1,
80000247-1371615695,Inovatec Network Systems (PTE) Ltd,Inovatec Network Systems (PTE) Ltd,Inovatec Network Systems (PTE) Ltd,,inovatec@slt.lk,011-4513505,0777321327,1-2597237,"Inovatec Network Systems (PTE) Ltd, 151/D, , Joseph Lane,",Colombo 04,,,,,,,,,,,AS,0.00,0.00,0,,,,,0,Non VAT,...,1,
80000210-1330573718,Inovatec Network Systems (PTE)Ltd,Inovatec Network Systems (PTE)Ltd,INOVATEC NETWORK SYSTEMS (PTE)LTD,,,,,,"INOVATEC NETWORK SYSTEMS (PTE)LTD, 151/D, Joseph Lane,",Colombo 04,,,,,,,,,,,Y,0.00,0.00,0,,,,,0,Non VAT,Tax,0,
80000426-1529735391,Insight Computers,Insight Computers,Insight Computers,,,,,,"Insight Computers, No.24, Kurunagala Rd,",Chilaw.,,,,Insight Computers,Chilaw.,,,,End User,,L,0.00,0.00,0,,,,,0,VAT15%,Tax,1,
80000126-1238680057,INSTITUTE OF CHARTERED ACCOUNTANTS OF SL,INSTITUTE OF CHARTERED ACCOUNTANTS OF SL,INSTITUTE OF CHARTERED ACCOUNTANTS OF S.L,,,2586256 / 25855451,,2508749 / 5336026,"INSTITUTE OF CHARTERED ACCOUNTANTS OF S.L, 30A MALALASEKARA MAWATHA",COLOMBO 7,,,,,,,,,,Due on receipt,A,0.00,0.00,0,TICAS,,,,0,Non VAT,,1,
800003FF-1521089952,Institute of Health policy,Institute of Health policy,,,,,,,"Health Policy Research, Associates (Pvt) Ltd, 72, Park Street, , Colombo 02.",VAT No 114403644 -,,7000,,,,,,,,,L,0.00,0.00,0,,,114403644,,1,Non VAT,Tax,1,
800003E0-1513840746,Institute of Personnel Management,Institute of Personnel Management,Institute of Personnel Management,,,,,,"Institute of Personnel Management, 43, Vijaya Kumarathunga Mawatha,",,Vijaya,,,,,,,,,,L,0.00,0.00,0,,,,,0,VAT15%,Tax,1,
8000026C-1392263405,Inta Tecsolutions Lanka (Pvt)Ltd,Inta Tecsolutions Lanka (Pvt)Ltd,Inta Tecsolutions Lanka (Pvt)Ltd,,,,,,"Inta Tecsolutions Lanka (Pvt)Ltd, No:135, , Isipathana Mawatha,",Colombo 05,,,,,,,,,,,AS,0.00,0.00,0,,,,,0,Non VAT,...,1,
80000458-1543482806,Intec Atebion,Intec Atebion,Intec Atebion,,,,,,"Intec Atebion, 50/38, Esala Park Road,",,Esala,,,,,,,,,,L,65000.00,65000.00,0,,,,,0,Non VAT,Tax,1,
800002CB-1441082931,Intec Systems & Solutions,Intec Systems & Solutions,Intec Systems & Solutions,,,,,,"Intec Systems & Solutions, Abdul Khafur Mawatha",Colombo 03,,,,,,,,,,,dil,0.00,0.00,0,,,,,0,NBT 1%,Tax,1,
800004DA-1591874375,Intec Systems and Solutions (Pvt) Ltd,Intec Systems and Solutions (Pvt) Ltd,,,,,,,"Intec Systems and Solutions (Pvt) Ltd, No 293/A, Rajamaha Vihara Road, Mirihana",Pita Kotte,,,,,,,,,,,Z,0.00,0.00,0,,,,,0,Non VAT,Tax,1,
8000008A-1238680049,INTEGRATED SOLUTIONS (PVT) LTD.,INTEGRATED SOLUTIONS (PVT) LTD.,INTEGRATED SOLUTIONS (PVT) LTD.,,,2505264,,,"INTEGRATED SOLUTIONS (PVT) LTD., 9, ALEXANDRA ROAD,",COLOMBO 06.,,,,,,,,,,,,0.00,0.00,0,IN,,,,0,,,1,
8000043C-1537589719,International Marine Services (Pvt) Ltd,International Marine Services (Pvt) Ltd,International Marine Services (Pvt) Ltd,,,0117415200,,,"International Marine Services (Pvt) Ltd, No 96, St.Andrew's Road, Modara, ",Colombo 15,,114351598-700,,,,,,,,,A,0.00,0.00,0,,,,,0,VAT15%,Tax,1,
8000008B-1238680049,INTERNATIONAL NOOR FOUNDATION,INTERNATIONAL NOOR FOUNDATION,INTERNATIONAL NOOR FOUNDATION,,,4734741,,,"INTERNATIONAL NOOR FOUNDATION, NO.28/4, 5TH LANE,",COLOMBO 03,,,,,,,,,,,,0.00,0.00,0,INF,,,,0,,,1,
80000090-1238680049,INTERNATIONAL NOOR FOUNDATION {2},INTERNATIONAL NOOR FOUNDATION {2},INTERNATIONAL NOOR FOUNDATION,,,4734741,,,"INTERNATIONAL NOOR FOUNDATION, NO.28/4, 5TH LANE,",COLOMBO 03,,,,,,,,,,,,0.00,0.00,0,IR,,,,0,,,1,
80000506-1613728364,International Organization for Migration,International Organization for Migration,International Organization for Migration,,,,,,"International Organization for Migration, Colombo, IBSL Bldg, , 80A Elvitigala Mw",Colombo 08,,,,,,,,,,,AD,0.00,0.00,0,,,,,0,Non VAT,Tax,1,
800004AA-1569814500,Isabella (Pvt) Ltd,Isabella (Pvt) Ltd,,,,,,,"Isabella (Pvt) Ltd, Ring Road 3, Phase 11, , E. P. Z., Katunayake.",VAT No,,114012327-700,,,,,,,,,DC,0.00,0.00,0,,,,,0,Non VAT,Tax,1,
800002E3-1450417211,Islandwide Marketing Services,Islandwide Marketing Services,Islandwide Marketing Services,,,,,,"Islandwide Marketing Services, No:620, , Kotte Road,",Rajagiriya.,,,,,,,,,,,AS,0.00,0.00,0,,,,,0,Non VAT,...,1,
800001BF-1291199818,Isoft Infosys,Isoft Infosys,Isoft Infosys,Mr. Thivaharan,,,,,"Isoft Infosys, Galle Road,",Colombo 06,,,,,,,,,,Due on receipt,dil,0.00,0.00,0,,,,,0,NBT 1%,Tax,1,
80000091-1238680049,ISURU COMMUNICATOIN,ISURU COMMUNICATOIN,ISURU COMMUNICATOIN,,,,,,ISURU COMMUNICATOIN,,,,,,,,,,,,,0.00,0.00,0,ISURU,,,,0,,,1,
8000050F-1616576908,Isuru Udayanga.,Isuru Udayanga.,Isuru Udayanga.,,,,,,Isuru Udayanga.,,,,,,,,,,,,AS,0.00,0.00,0,,,,,0,Non VAT,Tax,1,
800004DE-1592386459,IT Xpert (Pvt) Ltd,IT Xpert (Pvt) Ltd,IT Xpert (Pvt) Ltd,,,0773504665,,,"IT Xpert (Pvt) Ltd, 401/5, 2nd Floor, Unity, plaza,",Colombo 04,,,,,,,,,,,AD,0.00,0.00,0,,,,,0,Non VAT,Tax,1,
80000462-1548049780,IT Xpert Distribution,IT Xpert Distribution,IT Xpert Distribution,,,,,,"IT Xpert Distribution, 400/10 2nd Floor, , Unity Plaza,",Colombo 04,,,,,,,,,,,A,732000.00,732000.00,0,,,,,0,Non VAT,Tax,1,
800004BC-1577077793,ITED Technologies & Solutions (Pvt) Ltd,ITED Technologies & Solutions (Pvt) Ltd,ITED Technologies & Solutions (Pvt) Ltd,,,,,,"ITED Technologies & Solutions (Pvt) Ltd, No - 3/2, Bandaranayaka Rd, , Maththumagala,",Ragama,,,,,,,,,,,A,0.00,0.00,0,,,,,0,Non VAT,Tax,1,
80000250-1378356442,ITN,ITN,Independent Television Network Ltd,,,011-2775493 - 011-277,,,"Independent Television Network Ltd, Supplies Section, Wickramasinghepura,",Battaramulla.,,,,,,,,,,,D,0.00,0.00,0,,,,,0,Non VAT,...,1,
8000050A-1615960133,ITs24x7,ITs24x7,ITs24x7,,,,,,"ITs24x7, 404/2a, Maithreedasa Mw, , Pitipana North,",Homagama,,,,,,,,,,,A,0.00,0.00,0,,,,,0,Non VAT,Tax,1,
800004F3-1602133277,ITX360 (Pvt)Ltd,ITX360 (Pvt)Ltd,,,,,,,"ITX360 (Pvt)Ltd, No-10, Milepost Avenue,",Colombo 03,,,,,,,,,,,A,0.00,0.00,0,,,,,0,,Tax,1,
800002EC-1452573112,IUCN,IUCN,IUCN,,iucn@iucnsl.org,0112-694094,,0112-682470,"IUCN, Sri Lanka Country Office, , No:53, Horton Place",Colombo 07,,,,,,,,,,,dil,0.00,0.00,0,,,,,0,Non VAT,...,1,
80000261-1387789394,IWMI International Water Management Insti,IWMI International Water Management Insti,IWMI,,,0112-787404,,0112-786854,"IWMI, HeadQuarters, No:127, Sunil Mawatha","Pelawatte, Battaramulla -VIA Co",Battaramulla,,,,,,,,,,AS,0.00,0.00,0,,,,,0,Non VAT,...,1,
800004C1-1579002498,J.F. Packaging Limited,J.F. Packaging Limited,J.F. Packaging Limited,,,,,,"J.F. Packaging Limited, No:306, Minuwangoda Road",Kotugoda,,,,,,,,,,,DC,0.00,0.00,0,,,,,0,Non VAT,Tax,1,
80000094-1238680050,J.J INTERNET CAFE,J.J INTERNET CAFE,J.J INTERNET CAFE,,,,,,"J.J INTERNET CAFE, 64/1 BONCH STREET KOTAHENA",COLOMBO - 13,,,,,,,,,,,,0.00,0.00,0,J J INTERN,,,,0,,,1,
80000185-1253943495,J.JANATH - LCBL,J.JANATH - LCBL,,J Janath,,0786-222059,,,"8/14 Luxman Place,, Colombo 06",,,,,,,,,,,,,0.00,0.00,0,,,,,0,Non VAT,Tax,1,
80000313-1467780992,J F Packaging (Pvt) Ltd,J F Packaging (Pvt) Ltd,,,,,,,"J F Packaging (Pvt) Ltd, # 46/56 Nawam Mawatha,",Colombo 02,,,,,,,,,,,AS,0.00,0.00,0,,,,,0,Non VAT,Tax,1,
8000020F-1330489952,J L Morison Son & Jones (Ceylon)Ltd,J L Morison Son & Jones (Ceylon)Ltd,JL MORISON SON & JONES (CEYLON)LTD,,,,,,"MORISON SON & JONES (CEYLON)LTD, , No:618, 620, Biyagama Rd, , Pethiyagoda,",Kelaniya.,,,,,,,,,,,L,0.00,0.00,0,,,,,0,VAT15%,Tax,1,
800002A8-1423120205,Janashakthi Insurance Plc,Janashakthi Insurance Plc,Janashakthi Insurance Plc,,,,,,"Janashakthi Insurance Plc, No:55/74, Vauxhall Lane",Colombo 02,,,,,,,,,,,AD,5750.00,5750.00,0,,,,,0,VAT15%,...,1,
80000388-1496997712,Janathakshana (Gte) Ltd,Janathakshana (Gte) Ltd,,,,,,,"Janathakshana (Gte) Ltd, No 05, , Lionel Edirisinghe Mawatha",Colombo 05.,,,,,,,,,,,AS,0.00,0.00,0,,,,,0,Non VAT,Tax,1,
8000033C-1481173783,JAT Herman Miller,JAT Herman Miller,,,,,,,"JAT Holdings, Herman Miller Showrooms, No 351 , Pannipitiya Road,",Thalawathugoda.,,,,,,,,,,,AD,0.00,0.00,0,,,,,0,Non VAT,Tax,1,
8000036E-1490933369,JAT Holdings (Home),JAT Holdings (Home),,,,,,,"JAT Holdings (Pvt) Ltd, No 501, Ruwan Mawatha, , off Udumulla Road, , Battaramulla.",VAT No,,114112771-700,,,,,,,,,AD,0.00,0.00,0,,,,,0,VAT15%,Tax,1,
8000027A-1395382705,JAT Holdings (Pvt) Ltd,JAT Holdings (Pvt) Ltd,,,,,,,"JAT Holdings (Pvt) Ltd, No:351, Pannipitiya Road, , Thalawathugoda",VAT No,,114112771-700,,,,,,,,,AD,0.00,0.00,0,,,,,0,Non VAT,Tax,1,
800003C0-1507798370,JAT HOLDINGS (PVT) LTD - HORANA,JAT HOLDINGS (PVT) LTD - HORANA,JAT HOLDINGS (PVT) LTD - HORANA,,,,,,"JAT HOLDINGS (PVT) LTD, , Pahala Horakatiya Watta, , Poruwadanda,",Horana,,,,,,,,,,,AD,0.00,0.00,0,,,,,0,VAT15%,Tax,1,
800003A6-1504241996,Jat Holdings (pvt) Ltd Horana,Jat Holdings (pvt) Ltd Horana,,,,,,,"Jat Holdings (Pvt) Ltd, Pahala Horaketiyawatta, Porouwadanda ,",Horana.,,,,,,,,,,,,0.00,0.00,0,,,,,0,VAT15%,Tax,1,
80000445-1539148048,Jat Holdings (Rajigiriya),Jat Holdings (Rajigiriya),Jat Holdings (Rajigiriya),,,,,,"Jat Holdings (Rajigiriya), No,241, 2nd Floor,colt building,Castle St",,"2nd Floor,colt",,,,,,,,End User,,AD,0.00,0.00,0,,,,,0,VAT15%,Tax,1,
8000039D-1501746258,JAT Holdings Hokandara,JAT Holdings Hokandara,,,,,,,"JAT Holdings (Pvt) Ltd, No 279/2, Hokandara Road, Thalawathugoda.",VAT No,,114112771-700,,,,,,,,,AD,0.00,0.00,0,,,,,0,VAT15%,Tax,1,
8000040B-1522674710,Jat Technologies,Jat Technologies,,,,,,,"Jat Technologies (Pvt) Ltd, N0 351, Pannipitiya Road",Thalawathugoa.,,,,,,,,,,,A,0.00,0.00,0,,,,,0,Non VAT,Tax,1,
80000097-1238680050,JAY JAY MILLS LANKA (PVT) LTD,JAY JAY MILLS LANKA (PVT) LTD,JAY JAY MILLS LANKA (PVT) LTD,,,036 4278278,,036 2232673,"JAY JAY MILLS LANKA (PVT) LTD., , A-6 Seethawaka Industrial Park, , Avissawella.",VAT No,,114250740-700,,,,,,,,Due on receipt,AS,28750.00,28750.00,0,JAY,,,,0,Non VAT,Tax,1,
800003A5-1504069786,Jay Jay Textiles Ethiopia,Jay Jay Textiles Ethiopia,,,,,,,"Jay Jay Textiles Plc, Bole Lemi Industry Zone, Bole Sub City , Wereda 11",Building No.7,"8, 9",,Ethiopia,,,,,,,,,0.00,0.00,0,,,,,0,Non VAT,Tax,1,
800003BA-1507211900,Jayantha Cutter Makers,Jayantha Cutter Makers,,,,,,,"Jayantha Cutter Makers, NO. 08 , Subadra Mawatha , , Madiwela ,",Kotte.,,,,,,,,,,,AD,0.00,0.00,0,,,,,0,Non VAT,Tax,1,
80000095-1238680050,JAYAPRAKASH,JAYAPRAKASH,JAYAPRAKASH,,,,,,JAYAPRAKASH,W.A.,DE,,,,,,,,,,,0.00,0.00,0,JA,,,,0,,,1,
80000279-1395381783,JET Holdings (Pvt) Ltd,JET Holdings (Pvt) Ltd,JET Holdings (Pvt) Ltd,,info@jatholdings.com,0114-407700,,0112-773793,"JET Holdings (Pvt) Ltd, , No:351, Pannipitiya Road",Thalawathugoda.,,,,,,,,,,,dil,0.00,0.00,0,,,,,0,NBT,Tax,1,
800002F6-1456287825,Jetwing Travels (Pvt) Ltd,Jetwing Travels (Pvt) Ltd,Jetwing Travels (Pvt) Ltd,,,0112-345700,,0112-345725,"Jetwing Travels (Pvt) Ltd, ""JETWING HOUSE"", No:46/26, , Navam Mawatha,",Colombo 02,,,,,,,,,,,dil,0.00,0.00,0,,,,,0,Non VAT,...,1,
8000009B-1238680050,JEWELLERY PACKAGING COMPANY,JEWELLERY PACKAGING COMPANY,JEWELLERY PACKAGING COMPANY,,,,,,"JEWELLERY PACKAGING COMPANY, LUCKY PLAZA",COLOMBO 03,,,,,,,,,,,,0.00,0.00,0,JPC,,,,0,,,1,
80000099-1238680050,JEZZA FASHIONS,JEZZA FASHIONS,JEZZA FASHIONS,,,,,,"JEZZA FASHIONS, 86, MALIGAVA ROAD,",RATMALANA,,,,,,,,,,,,0.00,0.00,0,JF,,,,0,,,1,
80000425-1529658071,JLanka Technologies (Pvt) Ltd,JLanka Technologies (Pvt) Ltd,,,,,,,"JLanka Technologies (Pvt) Ltd, 912A, Pahalawela Road, , Thaiangama South",Battaramulla,,,,,,,,,,,N,0.00,0.00,0,,,,,0,Non VAT,Tax,1,
8000009A-1238680050,JOHN FORD CREDIT MANAGEMENT,JOHN FORD CREDIT MANAGEMENT,JOHN FORD CREDIT MANAGEMENT,ROSHAN HASSEN,JHINS@CELLTELNET.LK,"060-2158043, 2375435",,5632066,"ROSHAN HASSEN, JOHN FORD CREDIT MANAGEMENT, NO. 546, GALLE ROAD,",COLOMBO 03,,,,,,,,,,,,0.00,0.00,0,JOHN,,,,0,,,1,
800003D6-1512547509,John Keells Logistics (Pvt) Ltd,John Keells Logistics (Pvt) Ltd,John Keells Logistics (Pvt) Ltd,,,,,,"John Keells Logistics (Pvt) Ltd, , No 220 B, , Diyabubula Watta,",Enderamulla.,,,,,,,,,,,AS,0.00,0.00,0,,,,,0,Non VAT,Tax,1,
80000225-1347081355,John Keells Logistics (Pvt)Ltd,John Keells Logistics (Pvt)Ltd,John Keells Logistics (pvt)Ltd,,,,,,"John Keells Logistics (pvt)Ltd, , No:11, , York Street,",Colombo 01.,,,,,,,,,,,,0.00,0.00,0,,,,,0,Non VAT,Tax,1,
8000019C-1268886131,John Keells Office Automation,John Keells Office Automation,John Keells Office Automation (Pvt ) Ltd.,,,,,,"JOHN KEELLS OFFICE AUTOMATION (PVT) LTD.,, 320/1, Union Place,",Colombo 02.,,,,,,,,,,Net 30,Y,0.00,0.00,0,,,,,0,NBT 1%,Tax,1,
80000400-1521184670,JOLANKA (Pvt) Ltd,JOLANKA (Pvt) Ltd,,,,,,,"JOLANKA (Pvt) Ltd, No 94, Pamankada Road",Colombo 06,,,,,,,,,,,L,0.00,0.00,0,,,,,0,Non VAT,Tax,1,
80000293-1409633965,Jon Trepte,Jon Trepte,Jone Trepte,,,0777701931,,,"Jon Trepte, Sudaliya, 6J/25, Riverside Gardews, Koralawella",Moratwa,,,,,,,,,,,AS,0.00,0.00,0,,,,,0,Non VAT,...,1,
8000035F-1487659593,Jone Trepte,Jone Trepte,,,,,,,Jone Trepte,,,,,,,,,,,,,0.00,0.00,0,,,,,0,,Tax,1,
8000035D-1487566078,Jungle Beach Resort (Pvt)Ltd,Jungle Beach Resort (Pvt)Ltd,,,,,,,"Jungle Beach Resort (Pvt)Ltd, No 49/16, Iceland Building",Colombo 03,,,,,,,,,,,L,0.00,0.00,0,,,,,0,Non VAT,Tax,1,
80000298-1411017816,Just in Time Holdings (Pvt) Ltd,Just in Time Holdings (Pvt) Ltd,Just in Time Holdings (Pvt) Ltd,,,,,,"Just in Time Holdings (Pvt) Ltd, Regent Building, No:345 A, , R.A.De Mel Mawatha,",Colombo 03,,,,,,,,,,,A,0.00,0.00,0,,,,,0,Non VAT,Tax,1,
8000031D-1471345683,Just in Time Technologies (Pvt)Ltd,Just in Time Technologies (Pvt)Ltd,,,,,,,"Just in Time Technologies (Pvt)Ltd, No 370, Galle Road, , Colombo 03.",VAT No -114430188-7000,,,,,,,,,,,A,-10.00,-10.00,0,,,114430188-7000,,1,Non VAT,Tax,1,
800000E4-1238680053,K. RAJAPPA,K. RAJAPPA,K. RAJAPPA,,,2320506,,077 6400548,"K. RAJAPPA, 35 1/2 A G HINNI APPUHAMY MAWATHA",COLOMBO 13,,,,,,,,,,,,0.00,0.00,0,RAJAPPA,,,,0,,,1,
8000009C-1238680050,K. SHIVARUGPEN,K. SHIVARUGPEN,K. SHIVARUGPEN,,,5667868,,,"K. SHIVARUGPEN, NO. 136, ST. JAMES STREET, ALUTH MAWATHA",COLOMBO - 15,,,,,,,,,,,,0.00,0.00,0,K.,,,,0,,,1,
80000243-1368091662,K.I.K. Engineering Co.(Pvt) Ltd,K.I.K. Engineering Co.(Pvt) Ltd,K.I.K. Engineering Co.(Pvt) Ltd,,kikecpl@kik.lk,2717413,,,"K.I.K. Engineering Co.(Pvt) Ltd, No:31, Major Gunarathne Mawatha, , Off Templer Road, , Mount Lavinia.",VAT No,,114129003-700,,,,,,,,Due on receipt,A,0.00,0.00,0,,,,,0,VAT15%,Tax,1,
800000A2-1238680050,K.Q. COMMUNICATION,K.Q. COMMUNICATION,K.Q. COMMUNICATION,,,,,,"K.Q. COMMUNICATION, NO. 581, GALLE ROAD,",COLOMBO 06.,,,,,,,,,,,,0.00,0.00,0,KQ,,,,0,,,1,
8000009F-1238680050,K D A WEERASINGHE & CO PVT LTD,K D A WEERASINGHE & CO PVT LTD,K D A WEERASINGHE & CO PVT LTD,AMILA,,0773187864,,,"AMILA, K D A WEERASINGHE & CO PVT LTD, 16/8 THALAPATHPITIYA ROAD, EMBULDENIYA",NUGEGODA,,,,,,,,,,,,0.00,0.00,0,KDA,,,,0,,,1,
8000009D-1238680050,KAIZA HOLDINGS (PVT) LTD,KAIZA HOLDINGS (PVT) LTD,KAIZA HOLDINGS (PVT) LTD,,,2883411/2,,,"KAIZA HOLDINGS (PVT) LTD, 75/1, RAJAGIRIYA ROAD,",RAJAGIRIYA,,,,,,,,,,Due on receipt,AS,0.00,0.00,0,KAIZA,,,,0,VAT,,1,
8000000A-1237878697,Kaminski,Kaminski,Kaminski,,,,,,Kaminski,,,,,,,,,,,,,0.00,0.00,0,,,,,0,Export,Tax,0,
8000009E-1238680050,KAMINSKI. C/o STATESMAN HATS (PVT) LTD.,KAMINSKI. C/o STATESMAN HATS (PVT) LTD.,KAMINSKI. C/o STATESMAN HATS (PVT) LTD.,,thilini@kaminskisl.com,,,,"C/o Helen Kaminski P/ L., C/o STATESMAN HATS (PVT) LTD., 33 PALLIYAWATTE ROAD, , PALLIYAWATTE, WATTALA.",VAT No,,114261009-700,,,,,,,,Due on receipt,AS,16875.00,16875.00,0,KAMINSKI,,,,0,VAT15%,Tax,1,
8000047D-1554718820,Kandy General Hospital,Kandy General Hospital,,,,,,,"General Hospital Kandy, Kandy",,,,,,,,,,,,AS,1344000.00,1344000.00,0,,,,,0,Non VAT,Tax,1,
8000003F-1238680045,KANGAROO CABS,KANGAROO CABS,KANGAROO CABS,,,,,,KANGAROO CABS,,,,,,,,,,,,,0.00,0.00,0,CAN,,,,0,,,1,
8000042F-1533966814,Karvin Fernando Production,Karvin Fernando Production,Karvin Fernando Production,,,,,,"Karvin Fernando Production, 388/12W Royal Gardens",Rajagiriya,,,,Karvin Fernando Production,Rajagiriya,,,,End User,,N,0.00,0.00,0,,,,,0,Non VAT,Tax,1,
8000027F-1398050900,KBSL Information Technologies Limited,KBSL Information Technologies Limited,KBSL Information Technologies Limited,,,,,,"KBSL Information Technologies Limited, No:16, , Gregory's Road,",Colombo 07,,,,,,,,,,,AS,0.00,0.00,0,,,,,0,Non VAT,...,1,
8000049D-1565843755,KBSL Information Technologies Ltd,KBSL Information Technologies Ltd,KBSL Information Technologies Ltd,,,,,,"KBSL Information Technologies Ltd, 297, Union Place, , Colombo 02",VAT No.,,104060307-700,,,,,,,,,AS,0.00,0.00,0,,,,,0,Non VAT,Tax,1,
800000A0-1238680050,KIDS UNLIMITED,KIDS UNLIMITED,KIDS UNLIMITED,,,,,,"KIDS UNLIMITED, DUTUGAMUNU STREET",KOHUWALA,,,,,,,,,,Due on receipt,AS,0.00,0.00,0,KIDS,,,,0,VAT,,1,
80000428-1530770665,Kiffs (Pvt) Ltd.,Kiffs (Pvt) Ltd.,Kiffs (Pvt) Ltd.,,,,,,"Kiffs (Pvt) Ltd., No.179/6, , Ragama Road,",Kadawatha,,,,Kiffs (Pvt) Ltd.,Kadawatha,,,,End User,,N,0.00,0.00,0,,,,,0,Non VAT,Tax,1,
8000019A-1268135047,KIK,KIK,K.I.K. Lanka (Pvt) Ltd,,,,,,"K.I.K. LANKA (PVT) LTD., , Spur Road 2, Phase 1, , Export Processing Zone, , Katunayake,",Sri Lanka.,,,,K.I.K. Lanka (Pvt) Ltd,Katunayake,,,Sri Lanka,,Due on receipt,A,0.00,0.00,0,,,,,0,VAT15%,...,1,
800003AE-1505108049,Kithala Resort,Kithala Resort,,,,,,,"Kithala Resort, Kataragama Road",Thissamaharama,,,,,,,,,,,L,0.00,0.00,0,,,,,0,Non VAT,Tax,1,
800000A4-1238680050,KRISHNA ENTEPRISES PVT LTD,KRISHNA ENTEPRISES PVT LTD,KRISHNA ENTEPRISES PVT LTD,,,2387748,,2387746,"KRISHNA ENTEPRISES PVT LTD, 39 JAMPETTAH STREET COLOMBO 13",,,,,,,,,,,,,0.00,0.00,0,KRISHNA,,,,0,,,1,
80000507-1615445560,KTeK Networks (Pvt) Ltd,KTeK Networks (Pvt) Ltd,KTeK Networks (Pvt) Ltd,,,,,,"KTeK Networks (Pvt) Ltd, No 211 , Angulana Station Rd, , Lakshapathiya,",Moratuwa,,,,,,,,,,,A,0.00,0.00,0,,,,,0,Non VAT,Tax,1,
800004E4-1595922499,Kumaran Book House,Kumaran Book House,Kumaran Book House,,,,,,"Kumaran Book House, No 39, 36th Lane,",Colombo 06,,,,,,,,,,,AD,0.00,0.00,0,,,,,0,Non VAT,Tax,1,
8000047B-1554263513,L.M.D Computer System,L.M.D Computer System,L.M.D Computer System,,,,,,"L.M.D Computer System, No, 46, E A Cooray Mawatha,",,"46, E A",,,,,,,,,,AD,0.00,0.00,0,,,,,0,VAT15%,Tax,1,
80000450-1541999648,Lak Jaya Microfinance Ltd.,Lak Jaya Microfinance Ltd.,Lak Jaya Microfinance Ltd.,,,,,,"Lak Jaya Microfinance Ltd., 386B 1/1, First Floor, , High Level Road,",Pannipitiya.,,,,,,,,,End User,,N,0.00,0.00,0,,,,,0,Non VAT,Non,1,
800004EB-1600162304,LAKDAM TRADING COMPANY (PVT) LTD,LAKDAM TRADING COMPANY (PVT) LTD,LAKDAM TRADING COMPANY (PVT) LTD,,,,,,"LAKDAM TRADING COMPANY (PVT) LTD, No. 249, Thambiligasmulla Junction, , Makola Road,",Kiribathgoda.,,,,,,,,,,,AD,0.00,0.00,0,,,,,0,Non VAT,Tax,1,
800000A6-1238680050,LAKMINI PEIRIS,LAKMINI PEIRIS,LAKMINI PEIRIS,,,,,,"LAKMINI PEIRIS, 46, SUSANTHA MAWATA, PANADURA",,SUSANTHA,,,,,,,,,,,0.00,0.00,0,LAK,,,,0,,,1,
800003A8-1504503644,Lakseya,Lakseya,,,,,,,"Lakseya Digital Colour Lab &, Studio (Pvt)Ltd, No39/1 , Makola Road, , Kiribathgoda",Kelaniya,,,,,,,,,,,SK,0.00,0.00,0,,,,,0,Non VAT,Tax,1,
80000407-1522672142,Lakvijaya Power Station,Lakvijaya Power Station,,,,,,,"Lakvijaya Power Station, Ceylon Electricity Board, Narakkalliya",Norochcholai,,,,,,,,,,,A,0.00,0.00,0,,,,,0,Non VAT,Tax,1,
800002EB-1452227324,Lalith Athulathmudali Vocational Trading,Lalith Athulathmudali Vocational Trading,Lalith Athulathmudali Vocational Trading,,,,,,"Lalith Athulathmudali Vocational Training, Center., National Youth Service Council, Station Road,",Rathmalana.,,,,,,,,,,,AD,0.00,0.00,0,,,,,0,VAT15%,...,1,
800000A7-1238680050,LALITH HEWAWASAM,LALITH HEWAWASAM,LALITH HEWAWASAM,,,,,,"LALITH HEWAWASAM, ASIAN",,,,,,,,,,,,,0.00,0.00,0,lal,,,,0,,,1,
80000205-1320985173,Lanka Bell,Lanka Bell,Lanka Bell,,,,,,"Lanka Bell Ltd., Level 06, West Tower Blk 01, World Trade Center, Echelon Sq.",Colombo 01,,,,,,,,,,2 weeks,AS,0.00,0.00,0,,,,,0,Non VAT,Tax,1,
80000280-1400478404,Lanka Bell Ltd,Lanka Bell Ltd,Lanka Bell Ltd,,,0115-322550,,0115-501009,"Lanka Bell Ltd, No:344, Galle Road, , Colombo 03",VAT No,,114156175-700,,,,,,,,,A,1500.00,1500.00,0,,,,,0,Non VAT,Non,1,
800000A8-1238680050,LANKA COMMODITY BROKERS LTD,LANKA COMMODITY BROKERS LTD,LANKA COMMODITY BROKERS LTD,Nipun,it@lcbl-sl.com,5222300,,5377090 / 2676625,"LANKA COMMODITY BROKERS LTD., , No 780 , Maradana Road,",Colombo 10,,,,,,,,,,Due on receipt,AS,176722.50,176722.50,0,lan,,,,0,VAT15%,...,1,
8000021E-1341907303,"Lanka Floortiles PLC,","Lanka Floortiles PLC,",LANKA FLOORTILES PLC,,,,,,"LANKA FLOORTILES PLC, 215, Nawala Road, , Narahenpita,",Colombo 05.,,,,,,,,,,,AS,0.00,0.00,0,,,,,0,Non VAT,...,1,
800000AC-1238680051,"LANKA HEADWEAR INTERNATIONAL,","LANKA HEADWEAR INTERNATIONAL,","LANKA HEADWEAR INTERNATIONAL,",,,,,,"LANKA HEADWEAR INTERNATIONAL, , CANAL ROAD,",WATTALA.,,,,,,,,,,,,0.00,0.00,0,LHI,,,,0,,,1,
800001A4-1276922220,Lanka Hospitals,Lanka Hospitals,Lanka Hospitals Corporation Limited,,,,,,"LANKA HOSPITALS CORPORATION LIMITED., , 578, Elvitagala Mawatha,",Colombo 05.,,,,,,,,,,Due on receipt,AS,0.00,0.00,0,,,,,0,Non VAT,...,1,
800002CC-1441084499,Lanka Hydraulic Institute Ltd,Lanka Hydraulic Institute Ltd,Lanka Hydraulic Institute Ltd,,,0112-650409,,,"Lanka Hydraulic Institute Ltd, No:177, , John Rodrigo Mawatha, katubedda,",Moratuwa.,,,,,,,,,,,dil,0.00,0.00,0,,,,,0,NBT 1%,Tax,1,
80000200-1319092038,Lanka Knitters (pvt) Ltd,Lanka Knitters (pvt) Ltd,"LANKA KNITTERS (PVT) LTD.,",,,,,,"LANKA KNITTERS (PVT) LTD., , 204, CANAL ROAD, , DIKOWITA,",WATTALA.,,,,,,,,,,Due on receipt,R,0.00,0.00,0,,,,,0,Non VAT,...,1,
800000AF-1238680051,LANKA MARINE SERVICES PVT LTD,LANKA MARINE SERVICES PVT LTD,LANKA MARINE SERVICES PVT LTD,,,2522494,,2523361,"LANKA MARINE SERVICES PVT LTD, 69 WALLS LANE",COLOMBO,,,,,,,,,,,,0.00,0.00,0,LMS,,,,0,,,1,
8000000D-1237878748,Lanka Mount Castle,Lanka Mount Castle,Lanka MountCastle Pvt. Ltd,,,,,,Lanka MountCastle Pvt. Ltd,,,,,,,,,,,Due on receipt,AS,0.00,0.00,0,,,,,0,VAT,Tax,1,
800000AE-1238680051,LANKA MOUNT CASTLE (PVT) LTD,LANKA MOUNT CASTLE (PVT) LTD,LANKA MOUNT CASTLE (PVT) LTD,Mr. Shahabdeen,shaheer@activelk.com,2942670,,,"LANKA MOUNT CASTLE (PVT) LTD, 204, CANAL ROAD, , DIKOWITA,",WATTALA.,,,,,,,,,,Due on receipt,AS,228583.50,228583.50,0,LMC,,,,0,Non VAT,...,1,
800001F2-1314935047,Lanka Orix Finance Company plc,Lanka Orix Finance Company plc,"LANKA ORIX FINANCE COMPANY PLC.,",,,,,,"LANKA ORIX FINANCE COMPANY PLC., , 100/1, Sri Jayawardenapura Mawatha, , Rajagiriya,",Sri Lanka.,,,,,,,,,,Due on receipt,,0.00,0.00,0,,,,,0,Non VAT,Tax,1,
80000183-1253003326,LANKA TILES,LANKA TILES,,,,,,,"LANKA TILES PLC., , 215, Nawala Road, , Narahenpita,",Colombo 05.,,,,,,,,,,Due on receipt,AS,0.00,0.00,0,,,,,0,Non VAT,...,1,
80000475-1553495787,LankaCom,LankaCom,,,,,,,"Lanka Communication Services (Pvt) Ltd, No 65c, Dharmapala Mawatha,",Colombo 07,,,,,,,,,,,L,0.00,0.00,0,,,,,0,Non VAT,Tax,1,
800001B2-1281672963,Lankem,Lankem,Lankem,,,,,,"LANKEM., , 297A 1/1 Union Place, , Colombo 02,",Sri Lanka.,,,,,,,,,,Net 30,AS,0.00,0.00,0,,,,,0,Non VAT,...,1,
80000312-1467720241,Lankem Ceylon PLC,Lankem Ceylon PLC,,,,,,,"Lankem Ceylon PLC, Ms. Head Office, , 212A 3/1, Nawala Road",Rajagiriya,,,,,,,,,,,AS,-2875.00,-2875.00,0,,,,,0,Non VAT,Tax,1,
800004A3-1566473147,Lapro Technologies (Pvt) Ltd,Lapro Technologies (Pvt) Ltd,Lapro Technologies (Pvt) Ltd,,,,,,"Lapro Technologies (Pvt) Ltd, F 29, Lucky Plaza,",Colombo 03,,,,,,,,,,,AD,0.00,0.00,0,,,,,0,Non VAT,Tax,1,
800004BF-1578453987,Lead Visa Consultancy,Lead Visa Consultancy,Lead Visa Consultancy,,,,,,"Lead Visa Consultancy, No, 183 Galle Road,",,183,,,,,,,,,,AD,0.00,0.00,0,,,,,0,Non VAT,Tax,1,
80000401-1521538099,Leap inc.,Leap inc.,Leap inc.,,,,,,"Leap Incorporated, No 09, First, Station Road, Angulana, , Moratuwa",Tel +94775588943,,,,"No 09, First Lane, ",Moratuwa,,,,,,A,0.00,0.00,0,,,,,0,Non VAT,Tax,1,
80000364-1489116661,LEECOM SCADA SYSTEMS (PVT)LTD,LEECOM SCADA SYSTEMS (PVT)LTD,,,,,,,"LEECOM SCADA SYSTEMS (PVT)LTD, No 375/31 , Old Kottawa Road, , Embuldeniya, , Nugegoda.",VAT No 114424625,,7000,,,,,,,,,AS,0.00,0.00,0,,,114424625,,1,VAT15%,Tax,1,
8000040C-1523018268,LEGACY HEALTH,LEGACY HEALTH,,,,,,,"LEGACY HEALTH, No 23, Lillie Street, , First Floor",Colombo 02,,,,,,,,,,,N,25.00,25.00,0,,,,,0,Non VAT,Tax,1,
800000AB-1238680051,Leo Com,Leo Com,Leo Com,,,0777 156059,,,"Leo Com, 419/c Galle Road, Wadduwa",,,,,,,,,,,,,0.00,0.00,0,leocom,,,,0,,,0,
800000AA-1238680050,LEOCOM.,LEOCOM.,LEOCOM.,,,,,,"LEOCOM., , 419C, Galle Road,",Wadduwa.,,,,,,,,,,,,0.00,0.00,0,LEO,,,,0,,,1,
800000A5-1238680050,LIBERTY PUBLICATION PVT LTD,LIBERTY PUBLICATION PVT LTD,LIBERTY PUBLICATION PVT LTD,,,,,,"LIBERTY PUBLICATION PVT LTD, 73, ISIPATHANA MAWATHA,",COLOMBO 05,,,,,,,,,,,,0.00,0.00,0,L P,,,,0,,,0,
800000B1-1238680051,LIBERTY PUBLICATION PVT LTD {2},LIBERTY PUBLICATION PVT LTD {2},LIBERTY PUBLICATION PVT LTD,,,,,2507846,"LIBERTY PUBLICATION PVT LTD., , 73, ISIPATHANA MAWATHA,",COLOMBO 05,,,,,,,,,,,,0.00,0.00,0,LP,,,,0,,,1,
800001C2-1291898713,Linea Aqua ( Pvt ) Ltd,Linea Aqua ( Pvt ) Ltd,Linea Aqua (Pvt) Ltd,,,,,,"LINEA AQUA (PVT) LIMITED., , Thanahenpitiya Estate, , Giridara, Hanwella,",Sri Lanka.,,,,,,,,,,Net 15,DL,0.00,0.00,0,,,,,0,Non VAT,Tax,1,
800000AD-1238680051,LITHITECH ADVANCE SOLUTIONS,LITHITECH ADVANCE SOLUTIONS,LITHITECH ADVANCE SOLUTIONS,,,5769957,,2818505,"LITHITECH ADVANCE SOLUTIONS, 314 2/1 HIGH LEVEL ROAD, GAMSABA JUNCTION",NUGEGODA,,,,,,,,,,Due on receipt,,0.00,0.00,0,LITH,,,,0,Non VAT,,1,
80000330-1477302674,Live u (Pvt) Ltd,Live u (Pvt) Ltd,,,,,,,"Live u ( Pvt) Ltd, No 44, T13 & T14, Dedicated Economic Center, , Kirimandala Mawatha,","Narahenpita, Colombo 05",,,,,,,,,,,,5000.00,5000.00,0,,,,,0,Non VAT,Tax,1,
80000220-1344252863,LIVING STYLES,LIVING STYLES,Living Styles,Mr.Hussein Khair,,011-2592966,,011-2592977,"Living Styles, , No:71, , R.A.De Mel Mawatha,",Colombo 04,,,,,,,,,,,M,0.00,0.00,0,,,,,0,Non VAT,Tax,1,
800003D1-1511589204,Liyakta Office Systems (Pvt) Ltd,Liyakta Office Systems (Pvt) Ltd,,,,,,,"Liyakta Office Systems (Pvt) Ltd, No 151, 2nd Floor, Nawala Road,",Nugegoda,,,,,,,,,,,L,-2.00,-2.00,0,,,,,0,VAT15%,Tax,1,
8000043A-1537332607,LK Domain Registry,LK Domain Registry,LK Domain Registry,,,,,,"LK Domain Registry, 106, Bernard's Business, Dutugemunu Street",Dehiwela.,,,,,,,,,End User,,L,0.00,0.00,0,,,,,0,Non VAT,Non,1,
800002BA-1433398240,Looklet Design & Production,Looklet Design & Production,Looklet Design & Production,,,,,,"Looklet Design & Production Pvt. Ltd, #525,",,Union Place,,Sri Lanka,,,,,,,,A,0.00,0.00,0,,,,,0,VAT15%,Tax,1,
800000B0-1238680051,LOTUS BEST WAY INTERNET CAFE,LOTUS BEST WAY INTERNET CAFE,LOTUS BEST WAY INTERNET CAFE,,,,,,LOTUS BEST WAY INTERNET CAFE,,,,,,,,,,,,,0.00,0.00,0,LOTUS,,,,0,,,1,
8000042E-1533537152,LTL Transformers (Pvt) Ltd,LTL Transformers (Pvt) Ltd,,,,,,,"LTL Transformers (Pvt) Ltd, No 67, Park Street , , Colombo 02",VAT No,,104662692-700,,,,,,,,,A,0.00,0.00,0,,,,,0,VAT15%,Tax,1,
800000B2-1238680051,LVG TECHNOLOGY (PVT) LTD,LVG TECHNOLOGY (PVT) LTD,LVG TECHNOLOGY (PVT) LTD,,,,,,LVG TECHNOLOGY (PVT) LTD,"601, GALLE ROAD",MT,,,,,,,,,,,0.00,0.00,0,LVG,,,,0,,,1,
800003D7-1512639826,Lycafly (Pvt) Ltd,Lycafly (Pvt) Ltd,Lycafly (Pvt) Ltd,,,,,,"Lycafly (Pvt) Ltd, 8 Kinross Avenue,",Colombo 6,,,,,,,,,,,L,0.00,0.00,0,,,,,0,VAT15%,Tax,1,
80000374-1494765306,M G M Holdings (Pvt)Ltd,M G M Holdings (Pvt)Ltd,,,,,,,"M G M Holdings (Pvt) Ltd, 141/2 Dehiwala Road, , Bellanwilla,",Boralasgamuwa.,,,,,,,,,,,AD,0.00,0.00,0,,,,,0,VAT15%,Tax,1,
8000037F-1494995332,M R C Associate Garments (Pvt) Ltd,M R C Associate Garments (Pvt) Ltd,,,,,,,"M R C Associate Garments (Pvt) Ltd, No 125, Dehiwala Road , , Boralesgamuwa.",VAT No,,114007706-700,,,,,,,,,L,0.00,0.00,0,,,,,0,Non VAT,Tax,1,
8000037E-1494995069,M R C Garments,M R C Garments,,,,,,,,,,,,,,,,,,,,0.00,0.00,0,,,,,0,Non VAT,Tax,1,
800004AF-1571286130,M S Technologies (Pvt) Ltd,M S Technologies (Pvt) Ltd,M S Technologies (Pvt) Ltd,,,,,,"M S Technologies (Pvt) Ltd, 85/25, Jawatta Gardens, , Jawatta",Colombo 05,,,,,,,,,,,A,0.00,0.00,0,,,,,0,Non VAT,Tax,1,
80000316-1468569421,M S Technologies (Pvt)Limites,M S Technologies (Pvt)Limites,,,,,,,"D Sig. Technologies (Pvt) Ltd., 113 Model Farm Road,",Colombo 08,,,,,,,,,,,A,0.00,0.00,0,,,,,0,Non VAT,Tax,1,
800003AD-1505107517,Maalu Maalu Passekudah (Pvt)Ltd,Maalu Maalu Passekudah (Pvt)Ltd,,,,,,,"Maalu Maalu Passsekudah (Pvt) Ltd, Passekudah Bay",Passekudah,,,,,,,,,,,L,0.00,0.00,0,,,,,0,Non VAT,Tax,1,
800000C3-1238680052,MABROC E-TECH (PVT) LTD,MABROC E-TECH (PVT) LTD,MABROC E-TECH (PVT) LTD,,MABROCE@SLTNET.LK,4444350,,4444351,"MABROC E-TECH (PVT) LTD, 305/9, 1/1, NAWALA ROAD,",,1/1,,,,,,,,,Due on receipt,DL,0.00,0.00,0,MT,,,,0,,,1,
80000366-1489638884,MAC PC SOLUTIONS,MAC PC SOLUTIONS,,,,,,,"MAC PC SOLUTIONS, # 1 Daisy Villa Avenue,",Colombo 4,,,,,,,,,,,L,66500.00,66500.00,0,,,,,0,Non VAT,Tax,1,
8000032D-1476695251,Macksons Holdings,Macksons Holdings,,,,,,,"Macksons Holdings, 6th Floor, , No 443, Galle Road,",Colombo 03.,,,,,,,,,,,L,0.00,0.00,0,,,,,0,Non VAT,Tax,1,
800003B3-1505980088,Macksons Properties (Pvt) Ltd,Macksons Properties (Pvt) Ltd,,,,,,,"Macksons Properties (Pvt) Ltd, No 433, Galle Road",Colombo 03,,,,,,,,,,,L,0.00,0.00,0,,,,,0,Non VAT,Tax,1,
80000287-1405501703,Macksons Tiles Lanka (Pvt) Ltd,Macksons Tiles Lanka (Pvt) Ltd,Macksons Tiles Lanka (Pvt)Ltd,,,034-2252700,,034-2252700,"Macksons Tiles Lanka (Pvt)Ltd, No:38, Third Cross Street",,Third,,,,,,,,,,dil,0.00,0.00,0,,,,,0,Non VAT,...,1,
8000017D-1248177129,MACSON MESH,MACSON MESH,"Macson Mesh Industries (Pvt) Ltd,",,imran@macsonmesh.com,,,,"Macson Mesh Industries (Pvt) Ltd., 304, Deans Road, , Colombo 10, , Sri Lanka.",VAT No,,114043613-700,,Macson Mesh Industries (Pvt) Ltd.,Sri Lanka.,,,,,Due on receipt,AS,14800.00,14800.00,0,,,,,0,Non VAT,...,1,
80000378-1494833678,Madhatter (Pvt) Ltd,Madhatter (Pvt) Ltd,,,,,,,"Madhatter (Pvt) Ltd, No 204 , Canal Road, , Dikowita, Wattala",Vat No,,114688312-700,,,,,,,,,AS,6900.00,6900.00,0,,,,,0,VAT15%,Tax,1,
800003C3-1508395383,Madison Media (Pvt) Ltd.,Madison Media (Pvt) Ltd.,Madison Media (Pvt) Ltd.,,,,,,"Madison Media (Pvt) Ltd., No. 53, D.S. Senanayake Mw,",,D.S.,,,,,,,,,,AD,0.00,0.00,0,,,,,0,Non VAT,Tax,1,
80000439-1537332009,Magiclight Graduation Photography,Magiclight Graduation Photography,Magiclight Graduation Photography,,,,,,"Magiclight Graduation Photography, 221, 1/1, High Level Rd,",,"1/1, High",,,,,,,,End User,,L,370000.00,370000.00,0,,,,,0,Non VAT,Non,1,
800002B9-1433395704,Maharaja Entertainments (Pvt) Ltd,Maharaja Entertainments (Pvt) Ltd,Maharaja Entertainments (Pvt) Ltd,,finance.me@maharaja.lk,,,,"Maharaja Entertainments (Pvt) Ltd, No:45/3, , Braybrooke Street,",Colombo 02.,,,,,,,,,,,AS,23230.00,23230.00,0,,,,,0,NBT 1%,Tax,1,
8000022C-1351055809,Maharaja Entertainments (PVT)Ltd,Maharaja Entertainments (PVT)Ltd,Maharaja Entertainments (PVT)Ltd,,finance@maharaja.lk,4608800,,2672426,"Maharaja Entertainments (PVT)Ltd, , No:330, , T.B. Jayah Mawatha,",Colombo 10.,,,,,,,,,,,AS,0.00,0.00,0,,,,,0,NBT 1%,Tax,1,
800002F0-1454734821,Mahaweli Reach Hotel PLC,Mahaweli Reach Hotel PLC,Mahaweli Reach Hotel PLC,,,,,,"Mahaweli Reach Hotel PLC, PO Box.78, , No:35, , P.B.A.Weerakoon Mawatha,",Kandy.,,,,,,,,,,,dil,0.00,0.00,0,,,,,0,Non VAT,...,1,
800000C2-1238680052,MAKE STUFF HAPPEN PVT LTD,MAKE STUFF HAPPEN PVT LTD,MAKE STUFF HAPPEN PVT LTD,,,,,,MAKE STUFF HAPPEN PVT LTD,,,,,,,,,,,,,0.00,0.00,0,MS,,,,0,,,1,
800000B6-1238680051,MARITIME LOGISTICS CMB PVT LTD,MARITIME LOGISTICS CMB PVT LTD,MARITIME LOGISTICS CMB PVT LTD,,,,,,"MARITIME LOGISTICS CMB PVT LTD, 32A, SIR MOHOMED MACAS MARKET MW.",,SIR MOHOMED MACAS,,,,,,,,,,,0.00,0.00,0,MARITIME,,,,0,,,1,
800002F8-1456486965,Marlbo Trading Company,Marlbo Trading Company,Marlbo Trading Company,,,,,,"Marlbo Trading Company, No:24, , Abdul Caffor Mawatha,",Colombo 03,,,,,,,,,,,AS,0.00,0.00,0,,,,,0,Non VAT,...,1,
8000031C-1471330880,MAS Capital (Pvt)Ltd,MAS Capital (Pvt)Ltd,,,,,,,"MAS Capital (Private)Limited, 10th Floor Aitken Spence, Tower ll, No 315, Vauxhall Street,",Colombo 02,,,,,,,,,,,A,0.00,0.00,0,,,,,0,Non VAT,Tax,1,
800003D5-1512465189,MAS Fabrics (Pvt) Ltd,MAS Fabrics (Pvt) Ltd,MAS Fabrics (Pvt) Ltd,,,,,,"MAS Fabrics (Pvt) Ltd, (Matrix Division), , 10th Floor, Aitken Spence",Tower II,315 Vauxhall Street,,Sri Lanka,,,,,,,,A,0.00,0.00,0,,,,,0,Non VAT,Tax,1,
80000451-1542198946,"MAS Fabrics(Pvt) Ltd , Thulhiriya","MAS Fabrics(Pvt) Ltd , Thulhiriya",,,,,,,"MAS Fabrics (Pvt) Ltd, (Matrix Division), MAS Fabrics Park, , Kurunagala Road, , Thulhiriya, Sri Lanka.",VAT No -,,174877734-700,,,,,,,,,A,0.00,0.00,0,,,,,0,VAT15%,Tax,1,
8000038A-1497500484,Master Home Improvement (Pvt) Ltd,Master Home Improvement (Pvt) Ltd,,,,,,,"Master Home Improvement (Pvt) Ltd, No 76, S DE S Jayasinghe Mw, , Kohuwala",Nugegoda,,,,,,,,,,,AD,0.00,0.00,0,,,,,0,VAT15%,Tax,1,
800000B8-1238680051,MATHU VIDEO (PVT) LTD,MATHU VIDEO (PVT) LTD,MATHU VIDEO (PVT) LTD,,,2448940,,,"MATHU VIDEO (PVT) LTD, 163, NEW CHETTY STREET",,NEW,,,,,,,,,,,0.00,0.00,0,MATHU,,,,0,,,1,
800000B7-1238680051,MATHURAHS COMMUNICATION & INTERNET CAFE,MATHURAHS COMMUNICATION & INTERNET CAFE,MATHURAHS COMMUNICATION & INTERNET CAFE,,MATHURAHSNETCAFE@YAHOO.COM,"2388077, 0779551832",,2388078,"MATHURAHS COMMUNICATION & INTERNET CAFE, 20A, GALPOTHA STREET, , KOTAHENA,",COLOMBO 13,,,,,,,,,,,,0.00,0.00,0,MAT COM,,,,0,,,1,
8000042B-1532329693,Maxaire,Maxaire,Maxaire (Pvt) Ltd.,,,,,,"Maxaire (Pvt) Ltd., No- 110 Isipathana Mawatha,",Colombo 05,,,,Maxaire (Pvt) Ltd.,Colombo 05,,,,,,AD,0.00,0.00,0,,,,,0,Non VAT,Tax,1,
80000240-1366276636,Maxies & Company (Pvt) Ltd,Maxies & Company (Pvt) Ltd,Maxies & Company (Pvt) Ltd,,,,,,"Maxies & Company (Pvt) Ltd, , Chilaw Road,",Wennappuwa.,,,,,,,,,,,Har,0.00,0.00,0,,,,,0,N.B.T,VAT,1,
800000B9-1238680051,MAYURA NET CAFE,MAYURA NET CAFE,MAYURA NET CAFE,,,,,,"MAYURA NET CAFE, 432/D/21, , HAVELOCK ROAD,",COLOMBO 06.,,,,,,,,,,,,0.00,0.00,0,MAYURA,,,,0,,,1,
8000017F-1249537343,MBC Networks ( Pvt ) Ltd.,MBC Networks ( Pvt ) Ltd.,MBC Networks ( Pvt ) Ltd.,,,,,,"MBC NETWORKS (PVT) LTD., , 07, Braybook Place,",Colombo 02.,,,,MBC Networks ( Pvt ) Ltd.,Colombo 02,,,,,Due on receipt,SS,0.00,0.00,0,,,,,0,Non VAT,Tax,1,
800002FA-1456809817,MBC Networks(Pvt)Ltd.,MBC Networks(Pvt)Ltd.,MBC Networks(Pvt)Ltd.,,,,,,"MBC Networks(Pvt)Ltd., No.36, Araliya Uyana, , Depanama,",Pannipitiya.,,,,,,,,,,,AS,0.00,0.00,0,,,,,0,Non VAT,...,1,
800002EF-1454494448,MCB Bank Ltd,MCB Bank Ltd,MCB Bank Ltd,,,,,,"MCB Bank Ltd, No:08, Leyden Bastian Road,",,Leyden,,,,,,,,,,AS,0.00,0.00,0,,,,,0,Non VAT,...,1,
8000039B-1501492260,McShaw Automotive Ltd,McShaw Automotive Ltd,,,,,,,"McShaw Automotive Ltd, No 341, Union Place,",Colombo 02,,,,,,,,,,,L,0.00,0.00,0,,,,,0,Non VAT,Tax,1,
800001D8-1304049794,medi house,medi house,MEDI HOUSE,,,,,,"MEDI HOUSE, Matara, Sri Lanka.",,,,,,,,,,,Due on receipt,SM,0.00,0.00,0,,,,,0,Non VAT,Tax,1,
800000C7-1238680052,MEDIA WAVE ADVERTISING,MEDIA WAVE ADVERTISING,MEDIA WAVE ADVERTISING,,,,,2805216,MEDIA WAVE ADVERTISING,,,,,,,,,,,,,0.00,0.00,0,MWA,,,,0,,,1,
800000BA-1238680051,MEGA COMPUTERS,MEGA COMPUTERS,MEGA COMPUTERS,,,,,,"MEGA COMPUTERS, MATHUGAMA",,,,,,,,,,,,,0.00,0.00,0,MEGA,,,,0,,,1,
8000034B-1484806229,Melwire Rolling (Pvt) Ltd,Melwire Rolling (Pvt) Ltd,,,,,,,"Melwire Rolling (Pvt) Ltd, No 122, Maha Vidyalaya Mawatha, , Colombo 13",Vat No-114370797-7000,,,,,,,,,,,L,0.00,0.00,0,,,114370797-7000,,1,VAT15%,Tax,1,
80000321-1472107379,Memory Technologies,Memory Technologies,,,,,,,"Memory Technologies, No.186 , Hill Street,",Dehiwala,,,,,,,,,,,A,0.00,0.00,0,,,,,0,Non VAT,Tax,1,
80000272-1395028894,Merbok MDF Lanka (Pvt) Ltd,Merbok MDF Lanka (Pvt) Ltd,Merbok MDF Lanka (Pvt) Ltd,,,,,,"Merbok MDF Lanka (Pvt) Ltd, P.O.BOX 12, Perth Estate",Horana,,,,,,,,,,,A,0.00,0.00,0,,,,,0,Non VAT,Tax,1,
80000470-1552458498,Metropolitan Communications (Private) Ltd,Metropolitan Communications (Private) Ltd,Metropolitan Communications (Private) Ltd,,,,,,"Metropolitan Communications (Private) Ltd, No. 85 Braybrooke Place,",Colombo 02,,,,,,,,,,,L,0.00,0.00,0,,,,,0,VAT15%,Tax,1,
80000484-1557986639,Metropolitan Computers (Pvt) Ltd,Metropolitan Computers (Pvt) Ltd,Metropolitan Computers (Pvt) Ltd,,,,,,"Metropolitan Computers (Pvt) Ltd, No.12, Magazine Road,",Colombo 08,,,,M Centre,Colombo 03.,,,,,,L,0.00,0.00,0,,,,,0,Non VAT,Tax,1,
8000029E-1414663880,Miami Exports (Pvt) Ltd,Miami Exports (Pvt) Ltd,Miami Exports (Pvt) Ltd,,info@bamholdings.com,0117-796900,,0117-796816,"Miami Exports (Pvt) Ltd, Miami-CWH, No:63, Galawila road,",Homagama,,,,,,,,,,,E,0.00,0.00,0,,,,,0,Non VAT,...,1,
800003D0-1511583676,Miami Exports(Pvt) Ltd,Miami Exports(Pvt) Ltd,,,,,,,"Miami Exports (Pvt) Ltd, No 52, , Sir Marcus Fernando Mawatha,",Colombo 07.,,,,,,,,,,,A,0.00,0.00,0,,,,,0,Non VAT,Tax,1,
8000020B-1327463284,Michael,Michael,Michael,,,,,,Michael Berger,,,,,,,,,,,Due on receipt,RZ,0.00,0.00,0,,,,,0,NBT 1%,Tax,1,
80000371-1491469368,Micro Access Computer Systems,Micro Access Computer Systems,,,,,,,"Micro Access Computer Systems, No 11 , Ranaviru Lasantha Sanjeewa Mw, Kohalawilla Road,",Kalaniya.,,,,,,,,,,,AS,0.00,0.00,0,,,,,0,Non VAT,Tax,1,
800000BC-1238680051,MICRO CENTER,MICRO CENTER,MICRO CENTER,,,,,,"MICRO CENTER, UNITY PLAZA, 2ND FLOOR",BAMBALAPITIYA,,,,,,,,,,,,0.00,0.00,0,MIC,,,,0,,,1,
80000457-1543229015,Micro Channel,Micro Channel,Micro Channel,,,,,,"Micro Channel, 224 A, New Kalmunai Road, , Kallady,",Batticaloa,,,,,,,,,,,L,0.00,0.00,0,,,,,0,Non VAT,Tax,1,
800004EF-1601268662,Micro Channel.,Micro Channel.,Micro Channel,,,,,,"Micro Channel, 165, , New Kalmunai Road, , Kallady,",Batticaloa.,,,,,,,,,,,A,0.00,0.00,0,,,,,0,Non VAT,Tax,1,
800000BB-1238680051,MICRO PC SYSTEMS (PVT) LTD,MICRO PC SYSTEMS (PVT) LTD,MICRO PC SYSTEMS (PVT) LTD,,,,,,"MICRO PC SYSTEMS (PVT) LTD, 15, 36 LANE, , WELLAWATTA,",COLOMBO 06,,,,,,,,,,,,0.00,0.00,0,MI,,,,0,,,1,
8000036F-1491198261,Micro Solutions Information Systems (Pvt),Micro Solutions Information Systems (Pvt),,,,,,,"Micro Solutions Information Systems (Pvt), No 10, , Visaka Road, , Colombo 4.",VAT No,,100880296-700,,,,,,,,,A,0.00,0.00,0,,,,,0,..,Tax,1,
800000BD-1238680052,MICROCELLS LTD,MICROCELLS LTD,MICROCELLS LTD,,,2708908-12,,2708917,"MICROCELLS LTD, KOSKANATTA ROAD, , MAMPE, , PILIYANDALA.",VAT No,,104054259-700,,,,,,,,Due on receipt,AS,0.00,0.00,0,MICRO,,,,0,VAT15%,...,1,
800002E5-1450672464,Microlink Computer Systems,Microlink Computer Systems,Microlink Computer Systems,,microlink@sltnet.lk,037-237633,,037-2224620,"Microlink Computer Systems, No:37, , Catholic Centre, , 1st Floor, St.Anne's Street",Kurunegala.,,,,,,,,,,,A,0.00,0.00,0,,,,,0,Non VAT,Tax,1,
80000244-1369800073,Micrologic Systes,Micrologic Systes,Micrologic Systes,,,0777787112,,,"Micrologic Systes, No.40, Jayasiri Mawatha,",Dehiwala,,,,,,,,,,,Har,0.00,0.00,0,,,,,0,Non VAT,...,1,
800003FE-1521039354,Milans Studio & Colour Lab,Milans Studio & Colour Lab,,,,,,,"Milans Studio & Colour Lab, No 88, Kandy Road",Nittanbuwa,,,,,,,,,,,N,0.00,0.00,0,,,,,0,Non VAT,Tax,1,
80000209-1323920373,Millenium Technology ( Merchant credit ),Millenium Technology ( Merchant credit ),Millenium Technology,,,,,,"Millenium Technology, 1/43 E 2 Farm Road, , Mattakuliya,",Colombo 15,,,,Millenium Technology,Colombo 15,,,,,Due on receipt,Y,0.00,0.00,0,,,,,0,Non VAT,Tax,1,
800003F3-1519294059,Mitra Innovation Limited,Mitra Innovation Limited,,,,,,,"Mitra Innovation Limited, 472 2/1,",,Rawathawatta,,Sri Lanka,,,,,,,,AS,0.00,0.00,0,,,,,0,Non VAT,Tax,1,
8000028C-1407831066,MJF Media (PVT) Ltd,MJF Media (PVT) Ltd,MJF Media (PVT) Ltd,,,,,,"MJF Media (PVT) Ltd, No:340, , Galle Road,",Katubedda,,,,,,,,,,,dil,0.00,0.00,0,,,,,0,NBT 1%,Tax,1,
8000048B-1560315398,MNS Technologies,MNS Technologies,MNS Technologies,,,,,,"MNS Technologies, 1\18 1st lane, Rattanapitiya,",Boralesgamuwa,,,,,,,,,,,A,0.00,0.00,0,,,,,0,Non VAT,Tax,1,
80000437-1536929795,Mohamed Shanon Areef,Mohamed Shanon Areef,Mohamed Shanon Areef,,,,,,"Mohamed Shanon Areef, M. Shining Star #601, Fulooniyaa Magu, Male,",Maldives,,,,,,,,,,,L,0.00,0.00,0,,,,,0,Non VAT,Tax,1,
800000BF-1238680052,MOONEMALLE,MOONEMALLE,MOONEMALLE,MR. ROHAN,,"0717681747, 2505523",,,"MR. ROHAN, MOONEMALLE","31/11, SRI PA ROAD, THIMBIRIGAS",SRI PA,,,,,,,,,,,0.00,0.00,0,MOON,,,,0,,,1,
800003F4-1519360172,Moresand Ltd,Moresand Ltd,,,,,,,"Moresand Ltd, No 345, Galle Road,",Colombo 03,,,,,,,,,,,A,0.00,0.00,0,,,,,0,Non VAT,Tax,1,
800004D6-1589350770,Morison PLC,Morison PLC,Morison PLC,,,,,,"Morison PLC, No. 620 Biyagama Rd, , 45, St.Theresa Mawatha","Peliyagoda, Kelaniya",,,,,,,,,,,A,0.00,0.00,0,,,,,0,Non VAT,Tax,1,
800000BE-1238680052,MOTOR MARVELS PVT LTD,MOTOR MARVELS PVT LTD,MOTOR MARVELS PVT LTD,,,,,,"MOTOR MARVELS PVT LTD, 65, KIRULA ROAD,",NARAHENPITA,,,,,,,,,,,,0.00,0.00,0,MO,,,,0,,,1,
800001B8-1286970722,MotorCAD,MotorCAD,Motorcade,Asoka,,,,,Motorcade,,,,,,,,,,,Due on receipt,AS,0.00,0.00,0,,,,,0,VAT,Tax,1,
800002EE-1454387088,Mountcastle Aus USD,Mountcastle Aus USD,Mountcastle Pty Ltd,,,,,,"Jemes Baldwin, Managing Director, Mountcastle Pty Ltd, 95-103 Hyde Rd, Yeronga, QLD,",4104,,,Australia,,,,,,,,AS,0.00,0.00,0,,,,,0,Non VAT,...,1,
8000028E-1408358373,Mountcastle Pty Ltd,Mountcastle Pty Ltd,Mountcastle Pty Ltd,,,,,,"James Baldwin, Managing Director, Mountcastle Pty Ltd, 95-103 Hyde Rd, Yeronga, QLD,",4104,,,Australia,,,,,,,,AS,0.00,0.00,0,,,,,0,VAT15%,...,1,
800001EF-1314324049,Mountcastle Pty Ltd AUS,Mountcastle Pty Ltd AUS,Mountcastle Pty Ltd,,,,,,Mountcastle Pty Ltd,95-103 Hyde Rd Yeronga QLd,,4104,Australia,,,,,,,DAP,AS,0.00,0.00,0,,,,,0,Non VAT,Non,1,
8000001B-1238680044,MR. ABOO,MR. ABOO,MR. ABOO,,,,,,"MR. ABOO, 120/1 STRATFORD PLACE",COLOMBO 06,,,,,,,,,,,,0.00,0.00,0,ABU,,,,0,,,1,
80000513-1619761823,Mr. Arshad Milhar,Mr. Arshad Milhar,Mr. Arshad Milhar,,,,,,"Mr. Arshad Milhar, 118/6 Quarry Road,",Dehiwala,,,,,,,,,,,AS,45000.00,45000.00,0,,,,,0,Non VAT,Tax,1,
8000002B-1238680044,MR. ASHOK,MR. ASHOK,MR. ASHOK,,,,,,"MR. ASHOK, RATHMALANA",,,,,,,,,,,,,0.00,0.00,0,AS,,,,0,,,1,
80000034-1238680045,MR. AZAARI,MR. AZAARI,MR. AZAARI,,,,,,MR. AZAARI,,,,,,,,,,,,,0.00,0.00,0,AZARI,,,,0,,,1,
80000503-1613362821,Mr. Azari Cader,Mr. Azari Cader,Mr. Azari Cader,,,,,,Mr. Azari Cader,,,,,,,,,,,,AS,0.00,0.00,0,,,,,0,Non VAT,Tax,1,
800000A9-1238680050,Mr. CHEN LI,Mr. CHEN LI,Mr. CHEN LI,,,,,,Mr. CHEN LI,,,,,,,,,,,,,0.00,0.00,0,LEE,,,,0,,,1,
80000518-1625055213,Mr. Devon Senarathna,Mr. Devon Senarathna,Mr. Devon Senarathna,,,,,,"Mr. Devon Senarathna, 535/A New Kandy Road,",Biyagama,,,,,,,,,,,AS,0.00,0.00,0,,,,,0,Non VAT,Tax,1,
800004C2-1579598501,Mr. Dilham,Mr. Dilham,Mr. Dilham,,,,,,"Mr. Dilham, No - 114/1/1, , W.A Silva Mawatha,",Colombo 06,,,,,,,,,,,AD,0.00,0.00,0,,,,,0,Non VAT,Tax,1,
8000006C-1238680048,MR. FAIZER,MR. FAIZER,MR. FAIZER,,,,,,"MR. FAIZER, MUSLIM AID",,,,,,,,,,,,,0.00,0.00,0,FAIZER,,,,0,,,1,
80000075-1238680048,MR. GANESH,MR. GANESH,MR. GANESH,,,,,,"MR. GANESH, ANDERSON ROAD",COLOMBO 06.,,,,,,,,,,,,0.00,0.00,0,GANESH,,,,0,,,1,
8000007C-1238680048,MR. HAFEEL,MR. HAFEEL,MR. HAFEEL,,,,,,MR. HAFEEL,,,,,,,,,,,,,0.00,0.00,0,HAFEEL,,,,0,,,1,
80000080-1238680049,MR. HARTHY,MR. HARTHY,MR. HARTHY,,,0772291824,,,MR. HARTHY,,,,,,,,,,,,,0.00,0.00,0,HARTHY,,,,0,,,1,
80000081-1238680049,MR. HASITHA,MR. HASITHA,MR. HASITHA,,,,,,MR. HASITHA,,,,,,,,,,,,,0.00,0.00,0,HASI,,,,0,,,1,
80000087-1238680049,MR. HIRAN WICKRAMANAYAKE,MR. HIRAN WICKRAMANAYAKE,MR. HIRAN WICKRAMANAYAKE,,,,,,MR. HIRAN WICKRAMANAYAKE,,,,,,,,,,,,AS,0.00,0.00,0,HW,,,,0,,,1,
8000008E-1238680049,MR. INSAB,MR. INSAB,MR. INSAB,,,,,,MR. INSAB,,,,,,,,,,,,,0.00,0.00,0,INSAB,,,,0,,,1,
80000096-1238680050,MR. JAKSON,MR. JAKSON,MR. JAKSON,,,,,,MR. JAKSON,,,,,,,,,,,,,0.00,0.00,0,JAKSON,,,,0,,,1,
800003BC-1507358726,Mr. K. Bandara,Mr. K. Bandara,,,,,,,"Mr. K. Bandara, 61/19/1/2, Manel Mawatha, , Gangodawila,",Nugegoda.,,,,,,,,,,,AD,0.00,0.00,0,,,,,0,Non VAT,Tax,1,
800000B3-1238680051,MR. MADUJITH SOMARATNE,MR. MADUJITH SOMARATNE,MR. MADUJITH SOMARATNE,,,,,2671915,"MR. MADUJITH SOMARATNE, AULINGS VENTURES",SRI-LANKA,,,,,,,,,,,,0.00,0.00,0,MAD,,,,0,,,1,
800000B5-1238680051,MR. MAFAZ MARIKKAR,MR. MAFAZ MARIKKAR,MR. MAFAZ MARIKKAR,,,,,,"MR. MAFAZ MARIKKAR, HOSPITAL LANE",DEHIWALA,,,,,,,,,,,,0.00,0.00,0,MARIKKAR,,,,0,,,1,
800004AB-1570773568,Mr. Marrikar,Mr. Marrikar,Mr. Marrikar,,,,,,Mr. Marrikar,,,,,,,,,,,,AS,0.00,0.00,0,,,,,0,Non VAT,Tax,1,
800000C4-1238680052,MR. MURATH,MR. MURATH,MR. MURATH,,,,,,MR. MURATH,,,,,,,,,,,,,0.00,0.00,0,MURATH,,,,0,,,1,
800000C5-1238680052,MR. MUSTHAPA,MR. MUSTHAPA,MR. MUSTHAPA,,,,,,"MR. MUSTHAPA, 315, UNITY PLAZA,",COLOMBO 04,,,,,,,,,,,,0.00,0.00,0,MUSTHAPA,,,,0,,,1,
800004F9-1606905398,Mr. Nalim,Mr. Nalim,Mr. Nalim,,,,,,"Mr. Nalin, (Kinro Advertising)",,,,,,,,,,,,AS,0.00,0.00,0,,,,,0,Non VAT,Tax,1,
800000CA-1238680052,MR. NAYANA,MR. NAYANA,MR. NAYANA,,,0717-729836,,,MR. NAYANA,,,,,,,,,,,,,0.00,0.00,0,NAN,,,,0,,,1,
8000050D-1616559677,Mr. Nishantha Amunugama,Mr. Nishantha Amunugama,Mr. Nishantha Amunugama,,,,,,"Mr. Nishantha Amunugama, De Saram Rd, , Mount Lavinia,",Dehiwala,,,,,,,,,,,A,0.00,0.00,0,,,,,0,Non VAT,Tax,1,
80000502-1613124843,Mr. Pavithra Jayasundara,Mr. Pavithra Jayasundara,Mr. Pavithra Jayasundara,,,,,,"Mr. Pavithra Jayasundara, 65/A Bathiya Mawatha, Pumunuwila",Gonawala,,,,,,,,,,,AD,0.00,0.00,0,,,,,0,Non VAT,Tax,1,
800003C4-1508820940,Mr. Prabhash Subasinghe,Mr. Prabhash Subasinghe,Mr. Prabhash Subasinghe,,,,,,"Mr. Prabhash Subasinghe, , No. 28, Joseph's Lane,",Colombo 04,,,,,,,,,,,L,136000.00,136000.00,0,,,,,0,Non VAT,Tax,1,
800004B4-1575281559,Mr. Prasanna Senanayeke,Mr. Prasanna Senanayeke,Mr. Prasanna Senanayeke,,,,,,"Prasanna Senanayeke, 61, Jawatte Road,",Colombo 05.,,,,,,,,,,,AD,0.00,0.00,0,,,,,0,Non VAT,Tax,1,
800004DC-1592282817,Mr. Prashaktha,Mr. Prashaktha,Mr. Prashaktha,,,,,,"Mr. Prashaktha, 36/1 Bulathwelgoda Road,",Pelmadulla,,,,,,,,,,,A,0.00,0.00,0,,,,,0,Non VAT,Tax,1,
800000E3-1238680053,MR. RAGI,MR. RAGI,MR. RAGI,,,,,,MR. RAGI,,,,,,,,,,,,,0.00,0.00,0,RAGI,,,,0,,,1,
800000E5-1238680054,MR. RASHEED,MR. RASHEED,MR. RASHEED,,PROJECTNRWeEOL.LK,"2581216, 777574175",,,"MR. RASHEED, 25, STATION AVENUE,",COLOMBO 06.,,,,,,,,,,,,0.00,0.00,0,RASHEED,,,,0,,,1,
800000E6-1238680054,MR. RASIKA,MR. RASIKA,MR. RASIKA,,,,,,MR. RASIKA,,,,,,,,,,,,,0.00,0.00,0,RASIKA,,,,0,,,1,
800000E7-1238680054,MR. RAVINDRA THAS,MR. RAVINDRA THAS,MR. RAVINDRA THAS,0777 848065,,,,,,0777,,848065,,,,,,,,,,0.00,0.00,0,RAVINDRA,,,,0,,,1,
80000035-1238680045,MR. RIZAN BARY,MR. RIZAN BARY,MR. RIZAN BARY,,,,,,MR. RIZAN BARY,,,,,,,,,,,,,0.00,0.00,0,BARY,,,,0,,,1,
800000E0-1238680053,MR. ROHAN PEIRIS,MR. ROHAN PEIRIS,MR. ROHAN PEIRIS,,,,,,MR. ROHAN PEIRIS,,,,,,,,,,,,,0.00,0.00,0,R,,,,0,,,1,
800000EF-1238680054,MR. ROY,MR. ROY,MR. ROY,,,,,,"MR. ROY, MACKATHY TOWER, , WIJERAMA MW,",COLOMBO 07.,,,,,,,,,,,,0.00,0.00,0,ROY,,,,0,,,1,
800001B5-1283238669,Mr. S. S. Samaranayake,Mr. S. S. Samaranayake,Mr. S. S. Samaranayake,,,,,,"Mr. S. S. Samaranayake, sagarass@sltnet.lk",,,,,,,,,,,,,0.00,0.00,0,,,,,0,Non VAT,Tax,1,
800000FB-1238680055,MR. SAYEED,MR. SAYEED,MR. SAYEED,,,2583243,,,MR. SAYEED,,,,,,,,,,,,,0.00,0.00,0,SAYEED,,,,0,,,1,
80000103-1238680055,Mr. SHAFEEK CASIM,Mr. SHAFEEK CASIM,Mr. SHAFEEK CASIM,SHAFEEK,,,,,"SHAFEEK, Mr. SHAFEEK CASIM, 50, MAITLAND PLACE,",COLOMBO 07.,,,,,,,,,,,,0.00,0.00,0,SHAFEEK,,,,0,,,1,
800000C1-1238680052,MR. SHAFIK CASSIM,MR. SHAFIK CASSIM,MR. SHAFIK CASSIM,,,,,,MR. SHAFIK CASSIM,,,,,,,,,,,,,0.00,0.00,0,MR.SHAFIK,,,,0,,,1,
80000102-1238680055,MR. SHAMIL,MR. SHAMIL,MR. SHAMIL,,,,,,MR. SHAMIL,,,,,,,,,,,,,0.00,0.00,0,SH,,,,0,,,1,
80000105-1238680056,MR. SHERAN FERNANDO,MR. SHERAN FERNANDO,MR. SHERAN FERNANDO,,,,,,MR. SHERAN FERNANDO,,,,,,,,,,,,,0.00,0.00,0,SHERAN,,,,0,VAT,,1,
80000107-1238680056,MR. SIYAM,MR. SIYAM,MR. SIYAM,,,,,,"MR. SIYAM, 464 1/1, NEGAMBO ROAD, , HENDALA",WATTALA,,,,,,,,,,,,0.00,0.00,0,SIYAM,,,,0,,,1,
80000111-1238680056,MR. SOMADASA (HOUSING CONSTRUCTOR),MR. SOMADASA (HOUSING CONSTRUCTOR),MR. SOMADASA (HOUSING CONSTRUCTOR),,,,,,MR. SOMADASA (HOUSING CONSTRUCTOR),,,,,,,,,,,,,0.00,0.00,0,SOM,,,,0,,,1,
80000124-1238680057,MR. THAHA,MR. THAHA,MR. THAHA,,,,,,MR. THAHA,,,,,,,,,,,,,0.00,0.00,0,THA,,,,0,,,1,
80000485-1558945234,Mr. Thilak Bandara,Mr. Thilak Bandara,Mr. Thilak Bandara,,,,,,"Mr. Thilak Bandara, No 18 Temple Road, Attidiya,",Dehiwala,,,,,,,,,,,A,0.00,0.00,0,,,,,0,VAT15%,Tax,1,
800004DB-1591955345,Mr. Wijendra,Mr. Wijendra,Mr. Wijendra,,,,,,Mr. Wijendra,,,,,,,,,,,,A,0.00,0.00,0,,,,,0,Non VAT,Tax,1,
80000300-1459235000,Mr.A.K.Carder,Mr.A.K.Carder,Mr.A.K.Carder,,,,,,Mr.A.K.Carder,,,,,,,,,,,,AS,0.00,0.00,0,,,,,0,Non VAT,...,1,
80000019-1238680044,MR.ABDEEN,MR.ABDEEN,MR.ABDEEN,,,,,,MR.ABDEEN,,,,,,,,,,,,,0.00,0.00,0,ABB,,,,0,,,1,
80000292-1409295814,Mr.Buddhika,Mr.Buddhika,DG Solutions,,,,,,"DG Solutions, No:54, , Baduraliya Road,",Agalawattha.,,,,,,,,,,,dil,0.00,0.00,0,,,,,0,NBT 1%,Tax,1,
800002F3-1455261297,Mr.Cader,Mr.Cader,Mr.Cader,,,,,,Mr.Cader,,,,,,,,,,,,AS,0.00,0.00,0,,,,,0,Non VAT,...,1,
80000043-1238680046,MR.CHAMINDA,MR.CHAMINDA,MR.CHAMINDA,CHAMINDA,,0412259302,0716169933,,"CHAMINDA, MR.CHAMINDA, GURUKULA, NAOTUNNA SOUTH,","KOTTEGODA, MATARA",,,,,,,,,,,,0.00,0.00,0,CHAM,,,,0,,,1,
800002B3-1427697892,Mr.Chamindu,Mr.Chamindu,Mr.Chamindu,,,,,,"Mr.Chamindu, No:8, Trace Expert city, Tripoli Market Square",Colombo 10,,,,,,,,,,,E,0.00,0.00,0,,,,,0,NBT 1%,Tax,1,
80000182-1250259483,Mr.D.Sivanandan,Mr.D.Sivanandan,,,,,,,"Mr.D.Sivanandan, , No – 75, Yasodhara mawatha,",Kalubowila,,,,"Mr.D.Sivanandan, ",Kalubowila,,,,,Due on receipt,,0.00,0.00,0,,,,,0,Non VAT,Tax,0,
80000180-1250225847,Mr.D.Sivanandan - Suresh,Mr.D.Sivanandan - Suresh,Mr.D.Sivanandan,,,,,,"Mr.D.Sivanandan, , No – 75, Yasodhara mawatha,",Kalubowila,,,,"Mr.D.Sivanandan, ",Kalubowila,,,,,,,0.00,0.00,0,,,,,0,Non VAT,Tax,1,
800002A7-1420442415,Mr.Dhanushka,Mr.Dhanushka,Mr.Dhanushka,,,,,,"Mr.Dhanushka, 81, Word Place, , Windsor Tower,","10/1, Apartment.",,,,,,,,,,,E,0.00,0.00,0,,,,,0,Non VAT,...,1,
8000024D-1375168770,Mr.Dilshan,Mr.Dilshan,Mr.Dilshan,,,,,,Mr.Dilshan,,,,,,,,,,,,AS,0.00,0.00,0,,,,,0,VAT15%,...,1,
800002C6-1437645527,Mr.Fahim Farook,Mr.Fahim Farook,Mr.Fahim Farook,,,,,,Mr.Fahim Farook,,,,,,,,,,,,AS,0.00,0.00,0,,,,,0,Non VAT,...,1,
80000070-1238680048,MR.FRIZVI,MR.FRIZVI,MR.FRIZVI,,,,,,MR.FRIZVI,,,,,,,,,,,,,0.00,0.00,0,FRIZVI,,,,0,,,1,
800002E9-1451369930,Mr.Gayan,Mr.Gayan,Mr.Gayan,,,,,,Mr.Gayan,,,,,,,,,,,,A,0.00,0.00,0,,,,,0,Non VAT,...,1,
800000B4-1238680051,MR.HARSHA,MR.HARSHA,MR.HARSHA,MR. HARSHA,,0777484440,,,MR. HARSHA,,,,,,,,,,,,AS,2500.00,2500.00,0,MAP,,,,0,,,1,
8000022E-1353574381,Mr.Harsha Wanigatunga.,Mr.Harsha Wanigatunga.,Mr.Harsha Wanigatunga,,,,,,"Mr.Harsha Wanigatunga, , No:163, , Jason court, , Sri Saranankara Rd,",Dehiwala.,,,,,,,,,,,AS,0.00,0.00,0,,,,,0,Non VAT,...,1,
8000021A-1337060147,Mr.Jazeen Aarif,Mr.Jazeen Aarif,Mr.Jazeen Aarif,,,,,,Mr.Jazeen Aarif,,,,,,,,,,,,,0.00,0.00,0,,,,,0,Non VAT,Tax,1,
8000026F-1393571616,Mr.Kamil,Mr.Kamil,Mr.Kamil,,,,,,Mr.Kamil,,,,,,,,,,,,AS,0.00,0.00,0,,,,,0,Non VAT,VAT,1,
800000A1-1238680050,MR.KISHO KUMAR,MR.KISHO KUMAR,MR.KISHO KUMAR,,,,,,"MR.KISHO KUMAR, #20, ARASADY ROAD",JAFFNA,,,,,,,,,,,,0.00,0.00,0,KISHO,,,,0,,,1,
80000249-1372933663,Mr.Madura Sonnadara,Mr.Madura Sonnadara,Assette,,,,,,"Mr.Madura Sonnadara, Assette Software (Pvt)Ltd., No:385C , Cotta Road,",Rajagiriya.,,,,,,,,,,,AS,0.00,0.00,0,,,,,0,..,Tax,1,
8000025B-1384757506,Mr.Michale,Mr.Michale,Mr.Michale,,,,,,"Mr.Michale, , 758,",Galle Rd.,,,,,,,,,,,AS,0.00,0.00,0,,,,,0,Non VAT,...,1,
800000C6-1238680052,MR.MUTHUMALA,MR.MUTHUMALA,MR.MUTHUMALA,,,,,,MR.MUTHUMALA,,,,,,,,,,,,,0.00,0.00,0,MUTU,,,,0,,,1,
80000236-1360581631,Mr.N.H.G.R.A.Nanayakkara,Mr.N.H.G.R.A.Nanayakkara,Mr.N.H.G.R.A.Nanayakkara,0772-835957,,,,,"Mr.N.H.G.R.A.Nanayakkara, , No:127, , Colombo Street,",Kandy,,,,,,,,,,,Har,0.00,0.00,0,,,,,0,Non VAT,...,1,
8000023F-1366265849,Mr.Nalin,Mr.Nalin,,,,,,,Mr.Nalin,,,,,,,,,,,,AS,0.00,0.00,0,,,,,0,Non VAT,...,1,
800000D1-1238680053,MR.NISHANTA,MR.NISHANTA,MR.NISHANTA,,,,,,MR.NISHANTA,,,,,,,,,,,,,0.00,0.00,0,NIS,,,,0,,,1,
80000253-1380099490,Mr.R.C.De Silva,Mr.R.C.De Silva,Mr.R.C.De Silva,0714938447,,,,,"Mr.R.C.De Silva, No:22, Padiris Road",Colombo 03,,,,,,,,,,,dil,0.00,0.00,0,,,,,0,NBT 1%,Tax,1,
80000256-1380863961,Mr.Rajan,Mr.Rajan,Mr.Rajan,,,,,,"Mr.Rajan, 43/3, , Braybroke Street,",colombo 02,,,,,,,,,,,AS,0.00,0.00,0,,,,,0,Non VAT,...,1,
800002FD-1457692760,Mr.Ranjith Botheju,Mr.Ranjith Botheju,Mr.Ranjith Botheju,,,,,,Mr.Ranjith Botheju,,,,,,,,,,,,AS,0.00,0.00,0,,,,,0,Non VAT,...,1,
8000024A-1373529816,Mr.Riad Rafi,Mr.Riad Rafi,Gennext,0776865145,riad.r@gennextteam.lk,0114-422040,,,"Gennext, No:158, , Waukarama Road,",Colombo 03,,,,,,,,,,,AS,0.00,0.00,0,,,,,0,NBT,Tax,1,
800002B2-1427357647,Mr.Salman,Mr.Salman,Mr.Salman,,,,,,Mr.Salman,,,,,,,,,,,,AS,0.00,0.00,0,,,,,0,Non VAT,...,1,
80000227-1348568016,Mr.Sampath,Mr.Sampath,,,,,,,,,,,,,,,,,,,,0.00,0.00,0,,,,,0,Non VAT,Tax,1,
80000228-1348813897,Mr.Sampath De Silva,Mr.Sampath De Silva,Micro Electrical,,,,,,"Micro Electrical., No 2c/12, , Mudduwa Mawatha,",Rathnapura.,,,,,,,,,,,,0.00,0.00,0,,,,,0,Non VAT,Tax,1,
80000233-1358747990,Mr.Sanjaya Gunerathne,Mr.Sanjaya Gunerathne,Mr.Sanjaya Gunerathne,,,0777289955,,,"Mr.Sanjaya Gunerathne, , 63/5, Relway Avune,",Nugegoda.,,,,,,,,,,,AS,0.00,0.00,0,,,,,0,Non VAT,Tax,1,
80000257-1380870028,Mr.Sashi Rajamahendran,Mr.Sashi Rajamahendran,Mr.Sashi Rajamahendran,,,,,,"Mr.Sashi Rajamahendran, The Capital Maharaja Organisation Ltd, 146, dawson Street,",colombo 02.,,,,,,,,,,,AS,0.00,0.00,0,,,,,0,Non VAT,...,1,
80000242-1367643130,Mr.SKK Ishan Aravinda,Mr.SKK Ishan Aravinda,NAVY Headquarters,,,0711231628,,,"NAVY Headquarters, Colombo 01",,,,,,,,,,,,AS,0.00,0.00,0,,,,,0,Non VAT,...,1,
80000224-1346824237,Mr.Suresh,Mr.Suresh,Mr.Suresh,,,,,,Mr.Suresh,,,,,,,,,,,,R,0.00,0.00,0,,,,,0,Non VAT,Tax,1,
800002D9-1446176473,Mr.Warna Lokubalasuriya,Mr.Warna Lokubalasuriya,Mr.Warna Lokubalasuriya,,,,,,"Mr.Warna Lokubalasuriya, 170G/Sumanasiri Place, , Kandy Road,",Yakkala.,,,,,,,,,,,dil,0.00,0.00,0,,,,,0,Non VAT,Tax,1,
8000025F-1385977918,Mr.Yakub Ariff,Mr.Yakub Ariff,Mr.Yakub Ariff,,,,,,Mr.Yakub Ariff,,,,,,,,,,,,AS,0.00,0.00,0,,,,,0,Non VAT,...,1,
8000013F-1238680059,MR.YOOSUF,MR.YOOSUF,MR.YOOSUF,,,0785139703,,,MR.YOOSUF,,,,,,,,,,,,,0.00,0.00,0,yoosuf,,,,0,,,1,
8000052E-1720587245,Mr  Michael Elsworth Jansz,Mr  Michael Elsworth Jansz,,,,,,,"Mr  Michael Elsworth Jansz, No 53/15, Madagodalanda Rd,",Athurugiriya,,,,,,,,,,,AD,0.00,0.00,0,,,,,0,Non VAT,Tax,1,
80000024-1238680044,MR AMJAD,MR AMJAD,MR AMJAD,,,,,,"MR AMJAD, MUSLIM AID",,,,,,,,,,,,,0.00,0.00,0,AMJAD,,,,0,,,1,
80000027-1238680044,MR ANNESLY,MR ANNESLY,MR ANNESLY,,,077 9660006,,,MR ANNESLY,,,,,,,,,,,,,0.00,0.00,0,ANN,,,,0,,,1,
8000036A-1490327831,Mr Arjuna,Mr Arjuna,,,,,,,"Mr Arjuna, No 17/1 , Maddegama,",Kirindiwela,,,,,,,,,,,AD,0.00,0.00,0,,,,,0,Non VAT,Tax,1,
8000032F-1477118325,Mr Bari,Mr Bari,,,,,,,"Mr Bari, Embark",,,,,,,,,,,,AS,0.00,0.00,0,,,,,0,Non VAT,Tax,1,
800004D5-1589188263,Mr Chamod,Mr Chamod,,,,,,,"Mr Chamod, Horana Road",Neboda,,,,,,,,,,,AD,0.00,0.00,0,,,,,0,Non VAT,Tax,1,
8000042A-1531545493,Mr Chitrupa De Silva,Mr Chitrupa De Silva,,,,,,,"Mr Chitrupa De Silva, No 22  3/5, Pediris Road, Colombo 03",Royal Court,,,,,,,,,,,N,0.00,0.00,0,,,,,0,Non VAT,Tax,1,
800004D3-1588235044,Mr Dharshana (CEB),Mr Dharshana (CEB),,,,,,,"Mr Dharshana (CEB), Nugegoda",,,,,,,,,,,,A,0.00,0.00,0,,,,,0,Non VAT,Tax,1,
8000005B-1238680047,MR DINESH,MR DINESH,MR DINESH,,,,,,MR DINESH,,,,,,,,,,,,,0.00,0.00,0,DIN,,,,0,,,1,
80000512-1618908630,Mr Elsworth Michael Jansz,Mr Elsworth Michael Jansz,Mr Elsworth Michael Jansz,,,,,,"Mr Elsworth Michael Jansz, No 53/15, Madagodalanda Rd,",Athurugiriya,,,,,,,,,,,AS,0.00,0.00,0,,,,,0,Non VAT,Tax,1,
800004F7-1605522155,Mr H.A.M. Ishara,Mr H.A.M. Ishara,Mr H.A.M. Ishara,,,,,,Mr H.A.M. Ishara,,,,,,,,,,,,A,0.00,0.00,0,,,,,0,Non VAT,Tax,1,
800003F5-1519387587,Mr Imtiyaz Marikar,Mr Imtiyaz Marikar,,,,,,,"Mr Imtiyaz Marikar, Galle",,,,,,,,,,,,AS,0.00,0.00,0,,,,,0,Non VAT,Tax,1,
80000482-1557126329,Mr Jazeem,Mr Jazeem,,,,,,,Mr Jazeem,,,,,,,,,,,,,0.00,0.00,0,,,,,0,Non VAT,Tax,1,
80000370-1491380176,Mr Madura Sonnadara,Mr Madura Sonnadara,,,,,,,"Mr Madura Sonnadara, 302/60 Dr Corea Mwatha",Hokanadara South.,,,,,,,,,,,AS,0.00,0.00,0,,,,,0,Non VAT,Tax,1,
800003AA-1504685675,Mr Malintha,Mr Malintha,,,,,,,"Enext Technology (Pvt) Ltd, Mr Malintha, No 6/A, 3rd Lane, , Pitakotte",Kotte,,,,,,,,,,,AS,0.00,0.00,0,,,,,0,Non VAT,Tax,1,
800001D9-1305782605,Mr Mueen,Mr Mueen,MR MUEEN,,,,,,Mr Mueen,,,,,,,,,,,,AS,0.00,0.00,0,,,,,0,Non VAT,Non,1,
80000340-1481861955,Mr Prasenna Senanayake  H N B,Mr Prasenna Senanayake  H N B,,,,,,,"Mr Prasanna  Senanayake,  Manager IT, , Information Systems Division, , H N B Towers,",Colombo 10.,,,,,,,,,,,AD,67000.00,67000.00,0,,,,,0,Non VAT,Tax,1,
80000498-1563872245,Mr Ranga Perera,Mr Ranga Perera,,,,,,,"Mr Ranga Perera, R.V Solutions, 167/7 Welivita Road",Malabe,,,,,,,,,,,AS,0.00,0.00,0,,,,,0,Non VAT,Tax,1,
8000050B-1615967764,Mr Saman,Mr Saman,Mr Saman,,,,,,Mr Saman,,,,,,,,,,,,A,0.00,0.00,0,,,,,0,Non VAT,Tax,1,
800003F2-1519111282,Mr Shiran Wijerathne,Mr Shiran Wijerathne,,,,,,,,Mr Shiran Wijerathne,,0776301669,,,,,,,,,,0.00,0.00,0,,,,,0,VAT15%,Tax,1,
80000493-1562040004,Mr Surendra,Mr Surendra,,,,,,,"Mr Surendra, (Ceat)",,,,,,,,,,,,,25988.00,25988.00,0,,,,,0,Non VAT,Tax,1,
800004D4-1588657893,MR T.Y. Sahith,MR T.Y. Sahith,,,,,,,"Mr T. Y. Sahith, No 719 , Malabe Road",Kottawa,,,,,,,,,,,AD,0.00,0.00,0,,,,,0,Non VAT,Tax,1,
80000354-1486798587,Mr Thisara Perera,Mr Thisara Perera,,,,,,,"Mr Thisara Perera, Kandy Church",Peradeniya.,,,,,,,,,,,L,0.00,0.00,0,,,,,0,VAT15%,Tax,1,
8000031B-1470993545,Mr V . Arul,Mr V . Arul,,,,,,,"Mr V .Arul, S.T.P Computer World (Pvt) Ltd","No 48 , First Cross St",First,,,,,,,,,,,0.00,0.00,0,,,,,0,Non VAT,Tax,1,
80000029-1238680044,MRS. AQEELA,MRS. AQEELA,MRS. AQEELA,,,,,,MRS. AQEELA,,,,,,,,,,,Due on receipt,AS,0.00,0.00,0,AQ,,,,0,,,1,
800004D8-1591169256,Mrs. Aqeela Aboo (Paan Paan),Mrs. Aqeela Aboo (Paan Paan),Mrs. Aqeela Aboo,,,,,,Mrs. Aqeela Aboo (Paan Paan),,,,,,,,,,,,AS,20750.00,20750.00,0,,,,,0,Non VAT,Tax,1,
8000051C-1627279318,Mrs. Faraha,Mrs. Faraha,Mrs. Faraha,,,,,,Mrs. Faraha,,,,,,,,,,,,AS,0.00,0.00,0,,,,,0,Non VAT,Tax,1,
800002FB-1456813365,Mrs.E.Karunakalage,Mrs.E.Karunakalage,Mrs.E.Karunakalage,,,0778852020,,,Mrs.E.Karunakalage,,,,,,,,,,,,AS,0.00,0.00,0,,,,,0,Non VAT,...,1,
800000A3-1238680050,MRS.KRISHANTHI,MRS.KRISHANTHI,MRS.KRISHANTHI,,,,,,MRS.KRISHANTHI,,,,,,,,,,,,,0.00,0.00,0,KRISH,,,,0,,,1,
80000335-1478146328,Mrs Hayley Evans,Mrs Hayley Evans,,,,,,,"Mrs Hayley Evans, No 347 A , Galle Road",Colombo 03,,,,,,,,,,,,0.00,0.00,0,,,,,0,Non VAT,Tax,1,
80000381-1495260774,Mrs Inoka,Mrs Inoka,,,,,,,Mrs Inoka,Netherland,,0770444917,,,,,,,,,L,0.00,0.00,0,,,,,0,Non VAT,Tax,1,
800000CB-1238680052,MS. NANDANI,MS. NANDANI,MS. NANDANI,,,,,,,,MS,,,,,,,,,,,0.00,0.00,0,NANDANI,,,,0,,,1,
80000357-1486963102,Ms.Anusha,Ms.Anusha,,,,,,,"Ms. Anusha, Ananda Coomaraswamy Mawatha",Colombo 03,,,,,,,,,,,L,110325.00,110325.00,0,,,,,0,VAT15%,Tax,1,
800001F5-1315992788,Ms Nazla,Ms Nazla,"MS NAZLA.,",,,,,,,,MS,,,,,,,,,,,0.00,0.00,0,,,,,0,Non VAT,Tax,1,
80000369-1490247931,MS Technologies (Private) Limited,MS Technologies (Private) Limited,,,,,,,"MS Technologies (Private) Limited, 370 , Galle Road",Colombo 03,,,,,,,,,,,A,0.00,0.00,0,,,,,0,Non VAT,Tax,1,
800002C8-1437981307,MTI Consulting,MTI Consulting,MTI Consulting,,Gayan@activelk.com,011 2 683300,,,"MTI Consulting, 75/6 Ward Pl,",Colombo 07.,,,,,,,,,,,AS,0.00,0.00,0,,,,,0,VAT15%,...,1,
800003F8-1520004842,MTI Consulting (New Building),MTI Consulting (New Building),,,gayan@activelk.com,,,,"MTI Consulting (Pvt)Ltd, 8th Floor , Aitken Spence Tower 01, No 305 Vauxhall Street, Colombo 02",VAT No,,114254606-700,,,,,,,,,AD,0.00,0.00,0,,,,,0,Non VAT,Tax,1,
800001B0-1280909740,MTV,MTV,MTV Channel (Pvt) Ltd,,,,,,"MTV CHANNEL (PVT) LTD., , 45/3, Braybroke Street,",Colombo 02.,,,,,,,,,,Due on receipt,AS,0.00,0.00,0,,,,,0,Non VAT,...,1,
800001EA-1313061436,MTV-Ratmalana,MTV-Ratmalana,"MTV CHANNEL (PVT) LTD.,",,,,,,"MTV CHANNEL (PVT) LTD., , 20, 2nd cross street, , Borupana road,",Ratmalana.,,,,,,,,,,Due on receipt,SS,0.00,0.00,0,,,,,0,VAT,Tax,1,
80000204-1319699573,MTV Channel (private) Ltd-Pannipitiya,MTV Channel (private) Ltd-Pannipitiya,"MTV CHANNEL (PRIVATE) LTD.,",,,,,,"MTV CHANNEL (PRIVATE) LTD., , 25, Araliya Uyana, , Depanama,",Pannipitiya.,,,,,,,,,,Due on receipt,SM,0.00,0.00,0,,,,,0,Non VAT,Tax,1,
800004EC-1600252391,MTV Channel (Pvt) Ltd,MTV Channel (Pvt) Ltd,MTV Channel (Pvt) Ltd,,,,,,"MTV Channel (Pvt) Ltd, No:45/3, , Braybrooke Street,",Colombo 02.,,,,,,,,,,,AS,69000.00,69000.00,0,,,,,0,VAT15%,Tax,1,
800000C0-1238680052,MULTI COMM,MULTI COMM,MULTI COMM,Mr HARSHA,,2865658,,,"Mr HARSHA, MULTI COMM",541 NAWALA RD NAWALA,,,,,,,,,,,,0.00,0.00,0,Mr HARSHA,,,,0,,,1,
800003A0-1502883688,Municipal Council,Municipal Council,,,,,,,"Municipal council Nuwara Eliya, Nuwara Eliya",,,,,,,,,,,,AD,0.00,0.00,0,,,,,0,Non VAT,Tax,1,
8000000B-1237878707,MUSLIM AID,MUSLIM AID,MUSLIM AID,,muneer.musthaffa@muslimaidsl.org,2819182,,2815022,"MUSLIM AID, No:22, School Lane, Nawala Road,",Rajagiriya.,,,,,,,,,,Due on receipt,AS,-50.00,-50.00,0,Mu,,,,0,Non VAT,...,1,
800001F1-1314773705,Muslim Commercial Bank,Muslim Commercial Bank,"MUSLIM COMMERCIAL BANK.,",,,,,,"MCB BANK LTD., , 8, Leyden Bastian Road,",,Leyden,,,,,,,,,Due on receipt,AS,0.00,0.00,0,,,,,0,Non VAT,...,1,
80000375-1494765939,My Computers (Pvt) Ltd,My Computers (Pvt) Ltd,,,,,,,"My Computers (Pvt) Ltd, No 528, 6 th Milepost, , Kandy Road., Dalugama,",Kelaniya,,,,,,,,,,,L,0.00,0.00,0,,,,,0,VAT15%,Tax,1,
800002D7-1444979406,My Logic Technical Services,My Logic Technical Services,My Logic Technical Services,,,,,,"My Logic Technical Services, No:43, Dehiwala Road,",Pepiliyana.,,,,,,,,,,,AD,0.00,0.00,0,,,,,0,Non VAT,Tax,1,
800000C8-1238680052,MY MEMORY TECHNOLOGY,MY MEMORY TECHNOLOGY,MY MEMORY TECHNOLOGY,,,2717552,,2717552,"MY MEMORY TECHNOLOGY, NO.93, HILL STREET",DEHIWALA,,,,,,,,,,,,0.00,0.00,0,MY,,,,0,,,1,
800004B7-1576142326,MYD Clothing & Accessories,MYD Clothing & Accessories,,,,,,,"MYD Clothing & Accessories, No 7/1/1, Fonseka Road",Mount- Lavinia,,,,,,,,,,,AD,0.00,0.00,0,,,,,0,VAT 8%,Tax,1,
80000464-1549511351,N-able (Pvt) Ltd,N-able (Pvt) Ltd,N-able (Pvt) Ltd,,,,,,"N-able (Pvt) Ltd, No 36, , Bristol Street",Colombo,,,,,,,,,,,L,0.00,0.00,0,,,,,0,Non VAT,Tax,1,
80000174-1242450519,N.S.H. KARANNAGODA,N.S.H. KARANNAGODA,N.S.H. KARANNAGODA,,,0775364267,,0812204660,"N.S.H. KARANNAGODA, 7/1 D.S.SENANAYAKE VEEDIYA",KANDY,,,,,,,,,,DDU,,0.00,0.00,0,,,,,0,Non VAT,Non,1,
800000C9-1238680052,NABAVIYYAH INSTITUTE,NABAVIYYAH INSTITUTE,NABAVIYYAH INSTITUTE,,,,,,"NABAVIYYAH INSTITUTE, BERUWALA",,,,,,,,,,,,AS,0.00,0.00,0,NABAVIYYAH,,,,0,Non VAT,,1,
80000471-1552476019,Nabhan,Nabhan,Nabhan,,,,,,"Bright Media, 178/G Sambawala Road, , Kanthawatha",Malwana,,,,,,,,,,,L,160550.00,160550.00,0,,,,,0,VAT15%,Tax,1,
800003B9-1507211293,Nadeera Paints (Pvt) Ltd,Nadeera Paints (Pvt) Ltd,,,,,,,"Nadeera Paints (Pvt) Ltd, No, 274/5, Vidyaraja Mawatha, ,  Hokandara South, Hokandara.",VAT -100934930-7000,,,,,,,,,,,AD,0.00,0.00,0,,,100934930-7000,,1,VAT15%,Tax,1,
800000CC-1238680052,NASA NET CAFE,NASA NET CAFE,NASA NET CAFE,MR. PRASHAN,,0773 715817,,,"MR. PRASHAN, NASA NET CAFE, 60 1/1 HAMPDEN LANE",COLOMBO 6,,,,,,,,,,,,0.00,0.00,0,NASA,,,,0,,,1,
8000037A-1494836272,Nashaq Solutions,Nashaq Solutions,,,,,,,"Nashaq Solutions, No 30, Rodrigo Mawatha",Nawala,,,,,,,,,,Due on receipt,AS,0.00,0.00,0,,,,,0,VAT15%,Tax,1,
80000315-1468567259,National Chamber Of Exporters Of SL,National Chamber Of Exporters Of SL,,,,,,,"National Chamber Of Exporters Of Srilanka, #532/4K , Sirikotha Lane, , Galle Road,",Colombo 03.,,,,,,,,,,,A,0.00,0.00,0,,,,,0,Non VAT,Tax,1,
80000281-1401102525,National Human Resource Development Counc,National Human Resource Development Counc,NHRDC,,,0113-443510,,,"NHRDC, No:354/2, 7th Floor, , Nipunatha Piyasa,","Narahenpita, Colombo",,,,,,,,,,,dil,0.00,0.00,0,,,,,0,NBT 1%,Tax,1,
80000430-1534389575,Navesta Pharmaceuticals (Pvt) Ltd,Navesta Pharmaceuticals (Pvt) Ltd,Navesta Pharmaceuticals (Pvt) Ltd,,,,,,"Navesta Pharmaceuticals (Pvt) Ltd, No. 107/A,",,Nakandala Road,,Sri Lanka,Navesta Pharmaceuticals (Pvt) Ltd,,Nakandala Road,,Sri Lanka,End User,,AD,0.00,0.00,0,,,,,0,Non VAT,Tax,1,
80000198-1267155779,Nawaloka Construction Company Limited,Nawaloka Construction Company Limited,Nawaloka Construction Company Limited,,,,,,"NAWALOKA CONSTRUCTION CO. LTD., , 115, Sir James Peiris Mawatha,",,Sir James,,,Nawaloka Construction Company Limited,,Sir James,,,,Net 30,dil,0.00,0.00,0,,,,,0,NBT 1%,Tax,1,
80000258-1381126370,NDB Wealth Management,NDB Wealth Management,NDB Wealth Management,,,2303232,,2303237,"NDB Wealth Management, NDB - EDB Tower (Ground Floor), No:42, , Nawam Mawatha,",Colombo 02.,,,,,,,,,,,AS,0.00,0.00,0,,,,,0,NBT,Tax,1,
800004F5-1603790208,Nekzone Business System,Nekzone Business System,Nekzone Business System,,,,,,"Nekzone Business System, 970/1/B/1 Thalangama North",Malabe,,,,,,,,,,,AD,0.00,0.00,0,,,,,0,Non VAT,Tax,1,
800003FA-1520340527,Neo Graphics (Pvt) Ltd,Neo Graphics (Pvt) Ltd,,,,,,,"Neo Graphics (Pvt) Ltd, No 44, , Udahamulla Station Rd",Nugegoda,,,,,,,,,,,AD,0.00,0.00,0,,,,,0,Non VAT,Tax,1,
800000CD-1238680052,NERO TECHNOLOGIES,NERO TECHNOLOGIES,NERO TECHNOLOGIES,,,,,,"NERO TECHNOLOGIES, 6 1/2, HEKATHA ROAD",WATHTHALA,,,,,,,,,,,,0.00,0.00,0,NERO,,,,0,,,1,
800002F1-1454930671,Netcore Solutions,Netcore Solutions,Netcore Solutions,,,,,,"Netcore Solutions, No:95A, Old Kottawa Road,",,Old,,,,,,,,,,A,0.00,0.00,0,,,,,0,Non VAT,...,1,
800004CC-1583134382,Netnotch Holdings (Pvt) Ltd,Netnotch Holdings (Pvt) Ltd,Netnotch Holdings (Pvt) Ltd,,,,,,"Netnotch Holdings (Pvt) Ltd, No. 275, Lotus Building, , Nawala Road,",Nawala,,,,,,,,,,,AD,0.00,0.00,0,,,,,0,Non VAT,Tax,1,
8000027C-1395640995,Network Information Technologies (Pvt) Lt,Network Information Technologies (Pvt) Lt,Network Information Technologies (Pvt) Lt,,,0115-058962,,011-2433838,"Network Information Technologies (Pvt) Lt, No:253/7, Polhengoda Road,",Colombo 05,,,,,,,,,,,L,0.00,0.00,0,,,,,0,VAT15%,...,1,
800000CE-1238680052,NEW COMMUNICATION,NEW COMMUNICATION,NEW COMMUNICATION & INTERNET CAFE,NEW COMMUNICATION,,2591327,,2553610,"NEW COMMUNICATION, NEW COMMUNICATION & INTERNET CAFE",151 HAVELOCK RD THIMBRIGASYAYA,CO,,,,,,,,,,,0.00,0.00,0,NEW,,,,0,,,1,
800000CF-1238680052,NEW DLEUHZ (PVT) LTD,NEW DLEUHZ (PVT) LTD,NEW DLEUHZ (PVT) LTD,,,,,,"NEW DLEUHZ (PVT) LTD, 188C STANLY TILAKARATNA MW",NUGEGODA,,,,,,,,,,,,0.00,0.00,0,NEW D,,,,0,,,1,
80000098-1238680050,NEW JAYALANKA STORES,NEW JAYALANKA STORES,NEW JAYALANKA STORES,,,,,,"NEW JAYALANKA STORES, 2 MAIN STREET",GALLE,,,,,,,,,,,,0.00,0.00,0,JAYA,,,,0,,,1,
80000268-1389326840,New Life Literature (Pvt) Ltd.,New Life Literature (Pvt) Ltd.,New Life Literature (Pvt) Ltd.,,,,,,"New Life Literature (Pvt) Ltd., Spur Road 4, E.P.Z",Katunayake,,,,,,,,,,,AS,0.00,0.00,0,,,,,0,Non VAT,...,1,
8000013D-1238680058,NEW WOW INTERNET CAFE,NEW WOW INTERNET CAFE,NEW WOW INTERNET CAFE,,,,,,"NEW WOW INTERNET CAFE, 107 A1 HILL STREET DEHIWALA",,,,,,,,,,,,,0.00,0.00,0,WOW,,,,0,,,1,
800003F1-1518671243,Nexsa High Tech Solution (Pvt) Ltd,Nexsa High Tech Solution (Pvt) Ltd,,,kalyani@nexsa.lk,,,,"Nexsa High Tech Solution (Pvt) Ltd, No 138, Bandaranayaka Mawatha",Ratnapura,,,,,,,,,,,AD,65136.00,65136.00,0,,,,,0,VAT15%,Tax,1,
800004C8-1581665627,Next IT Solutions,Next IT Solutions,Next IT Solutions,,,,,,"Next IT Solutions, No. 782, Ransalu Building, , Samurdi Mawatha,",Heiyanthuduwa,,,,,,,,,,,A,0.00,0.00,0,,,,,0,Non VAT,Tax,1,
800000D3-1238680053,NEXT SOURCING,NEXT SOURCING,NEXT SOURCING,,,,,,NEXT SOURCING,,,,,,,,,,,,,0.00,0.00,0,NS,,,,0,,,1,
800004F8-1606303803,NextEn (Pvt) Ltd,NextEn (Pvt) Ltd,NextEn (Pvt) Ltd,,,,,,"NextEn (Pvt) Ltd, 719/1, Sri Jayawardenepura",Kotte,,,,,,,,,,,A,0.00,0.00,0,,,,,0,Non VAT,Tax,1,
80000514-1620368936,NextGen Holdings,NextGen Holdings,NextGen Holdings,,,,,,"NextGen Holdings, 385/1, 2 / 2 - JT Complex, ",Galle Road,,10350,,,,,,,,,AD,0.00,0.00,0,,,,,0,Non VAT,Tax,1,
800000D0-1238680053,NILAN PRATHEEP,NILAN PRATHEEP,NILAN PRATHEEP,,,,,,"NILAN PRATHEEP, BORALASGAMUWA",,,,,,,,,,,,,0.00,0.00,0,NIL,,,,0,,,1,
80000499-1564549699,Nimbus Venture (Pvt) Ltd,Nimbus Venture (Pvt) Ltd,Nimbus Venture (Pvt) Ltd,,,,,,"Nimbus Venture (Pvt) Ltd, 23/135, , Diyawannawa Gardens",Nugegoda.,,,,,,,,,,,L,0.00,0.00,0,,,,,0,VAT15%,Tax,1,
800004E6-1598085636,Nimby Technologies (Pvt) Ltd,Nimby Technologies (Pvt) Ltd,Nimby Technologies (Pvt) Ltd,,,,,,"Nimby Technologies (Pvt) Ltd, # 73a , Welikadawatte Road, , Nawala Road",Rajagiriya,,,,,,,,,,,AD,0.00,0.00,0,,,,,0,Non VAT,Tax,1,
8000021C-1337750006,NOLIMIT,NOLIMIT,NOLIMIT,,info@nolimit.lk,011-2737441,,011-2718774,"NOLIMIT, , No.18, , Kawdana Road,",Dehiwala.,,,,,,,,,,Due on receipt,AS,0.00,0.00,0,,,,,0,Non VAT,Tax,1,
80000219-1336469615,North Link Engineering (Pvt)Ltd,North Link Engineering (Pvt)Ltd,North Link Engineering (Pvt)Ltd,,,,,,"North Link Engineering (Pvt)Ltd, , No:20, , 1st Cross Street,",Vavuniya.,,,,,,,,,,,Y,0.00,0.00,0,,,,,0,Non VAT,Tax,1,
800000D2-1238680053,NOVACO SECURITY SERVICES (PVT) LTD,NOVACO SECURITY SERVICES (PVT) LTD,NOVACO SECURITY SERVICES (PVT) LTD,,,2504444,2504466,,"NOVACO SECURITY SERVICES (PVT) LTD, 422/1, HAVELOCK ROAD,",COLOMBO,,,,,,,,,,,,0.00,0.00,0,NO,,,,0,,,1,
80000262-1387879519,Novaco Security Services (Pvt)Ltd,Novaco Security Services (Pvt)Ltd,Novaco Security Services (Pvt)Ltd,,,,,,"R. A  Athula Perera, Novaco Security Services (Pvt) Ltd, No:321/15, Sirinanda, Jothikarama Road",(3rd Lane) Pannipitiya,,,,,,,,,,,AS,9000.00,9000.00,0,,,,,0,VAT15%,...,1,
80000297-1410855678,OdloVFX Private Limited,OdloVFX Private Limited,OdloVFX Private Limited,,,777 364 048,112 598 439,,"OdloVFX Private Limited, 435/15A, Longdon Hill,",Colombo 05,,,,,,,,,,,E,0.00,0.00,0,,,,,0,NBT 1%,Tax,1,
80000241-1367581508,OKELTA Doctering Your IT Solution,OKELTA Doctering Your IT Solution,OKELTA Doctering Your IT Solution,,,,,,"OKELTA., Okelta Technolgies., No 60A, Old Kasbewa Road, , Gangodawila,",Nugegoda,,,,,,,,,,,dil,0.00,0.00,0,,,,,0,NBT 1%,Tax,1,
800002FF-1458555278,Okelta Technologies,Okelta Technologies,Okelta Technologies,,,,,,"Okelta Technologies, No:36/5/1/1, Parakum Mawata, , Nawala Road,",Nugegoda.,,,,,,,,,,,A,0.00,0.00,0,,,,,0,Non VAT,...,1,
80000436-1536134794,One Plus Solutions,One Plus Solutions,,,,,,,"One Plus Solutions, 144/7A, Middle Way, Kawdana Road",Dehiwala.,,,,,,,,,,,L,0.00,0.00,0,,,,,0,Non VAT,Tax,1,
80000390-1499145153,One Solutions,One Solutions,,,,,,,"One Solution, Level 26 East Tower, , World Trade Cenre, , Echelon Square, ",Colombo,Western,00100,,,,,,,,,A,0.00,0.00,0,,,,,0,Non VAT,Tax,1,
80000483-1557293932,Onethro Com Net Services,Onethro Com Net Services,Onethro Com Net Services,,,,,,"Onethro Com Net Services, 100 Udayapura",Thalangama South,,,Sri Lanka,,,,,,,,SK,0.00,0.00,0,,,,,0,VAT15%,Tax,1,
800001E6-1311821713,Onvi Debug Solutions (pvt) Ltd,Onvi Debug Solutions (pvt) Ltd,"ONVI DEBUG SOLUTIONS (PVT) LTD.,",,,,,,"ONVI DEBUG SOLUTIONS (PVT) LTD., , 58, 42nd Lane, Wellawatte,",,42nd,,,,,,,,,Due on receipt,AS,0.00,0.00,0,,,,,0,Non VAT,Tax,0,
800002DC-1448618069,Onvi Debug Solutions (Pvt)Ltd,Onvi Debug Solutions (Pvt)Ltd,Onvi Debug Solutions (Pvt)Ltd,,,,,,"Onvi Debug Solutions (Pvt)Ltd, No:58, 42nd Lane, , Wellawatte,",colombo 06,,,,,,,,,,,dil,0.00,0.00,0,,,,,0,Non VAT,...,1,
8000023E-1365654816,Open Systems Integrators,Open Systems Integrators,Open Systems Integrators (Pvt) Ltd,,smbsales@eopensys.com,,,,"Open Systems Integrators (Pvt) Ltd, Methodist Central Bldg","2nd Floor, 252, Galle Road, Col","252, Galle Road",,,Open Systems Integrators (Pvt) Ltd,"2nd Floor, 252, Galle Road",252,,,,,A,0.00,0.00,0,,,,,0,Non VAT,Tax,1,
80000379-1494834149,Optimal Solutions,Optimal Solutions,,,,,,,"Optimal Solutions, No 18/3 , Fife Road,",Colombo 05,,,,,,,,,,,L,0.00,0.00,0,,,,,0,Non VAT,Tax,1,
80000510-1616742387,Optimal Solutions.,Optimal Solutions.,Optimal Solutions,,,,,,"Optimal Solutions, 8, Pathiba Road,",Colombo 05,,,,,,,,,,,A,0.00,0.00,0,,,,,0,Non VAT,Tax,1,
8000032B-1475659116,Origin Business Solutions,Origin Business Solutions,,,,,,,"Origin Business Solutions, No 118, 1/3, Spencer Plaza, , Maliban Street,",Colombo 11,,,,,,,,,,,L,0.00,0.00,0,,,,,0,Non VAT,Tax,1,
80000413-1525248870,Orit Apparels Lanka (Pvt) Ltd-Seethawaka,Orit Apparels Lanka (Pvt) Ltd-Seethawaka,,,,,,,"Orit Apparels Lanka (Pvt) Ltd- Seethawaka, D1,",,Seethawaka Industrial,,Sri Lanka,,,,,,,,L,0.00,0.00,0,,,,,0,VAT15%,Tax,1,
800003A7-1504338084,Orit Apparels Lanka (Pvt)Ltd,Orit Apparels Lanka (Pvt)Ltd,,,,Nalinda 2154400,,,"Orit  Apparels Lanka (Pvt) Ltd, 07-02 East Tower, , Echelon Square, World Trade Centre ,",Colombo 01,,,,,,,,,,,L,0.00,0.00,0,,,,,0,Non VAT,Tax,1,
80000454-1542629398,Orit Ethiopia- Indochine Apparel PLC,Orit Ethiopia- Indochine Apparel PLC,,,,,,,"Indochine Apparel PLC- Denim Project, Unit -02, Block 9, 10, 11, Hawassa Industrial Park",Hawasa,,,Ethiopia,,,,,,,,L,0.00,0.00,0,,,,,0,Non VAT,Tax,1,
8000018B-1261117022,Otley Printers,Otley Printers,Otley Printers ( Pvt ) Ltd.,,,,,,"Otley Printers ( Pvt ) Ltd., Wattala.",,,,,,,,,,,Due on receipt,SS,0.00,0.00,0,,,,,0,VAT,Tax,1,
800003B5-1506400417,Owen Design Studio,Owen Design Studio,,,,,,,"Owen Design Studio, , 21 Carmel Road,",Colombo 03,,,,,,,,,,,L,0.00,0.00,0,,,,,0,Non VAT,Tax,1,
800004EA-1599799186,P.K.B. Samaradiwakara,P.K.B. Samaradiwakara,P.K.B. Samaradiwakara,,,,,,"P.K.B. Samaradiwakara, Epitawaththa, Galgamuwa, , Maharachchimulla",Alawwa,,,,,,,,,,,AD,0.00,0.00,0,,,,,0,Non VAT,Tax,1,
800000D4-1238680053,P T INTERNET CAFE,P T INTERNET CAFE,P T INTERNET CAFE,,,,,,P T INTERNET CAFE,,,,,,,,,,,,,0.00,0.00,0,P T,,,,0,,,1,
8000038F-1499143989,Paan Paan,Paan Paan,,,,,,,"Lanka Premier Foods (Pvt) Ltd, No 84, Lorenz Road",Colombo 04,,,,,,,,,,,AS,6000.00,6000.00,0,,,,,0,VAT 8%,Tax,1,
800000D5-1238680053,PACE TRADING INTERNATIONAL (PVT) LTD,PACE TRADING INTERNATIONAL (PVT) LTD,PACE TRADING INTERNATIONAL (PVT) LTD,,sales@pace.lk,420 1188,,420 2244,"PACE TRADING INTERNATIONAL (PVT) LTD, 40 Woodland Avenue,",Kohuwala,,,Sri Lanka,,,,,,,,,0.00,0.00,0,PACE,,,,0,,,1,
800002FE-1458103047,Pacific Manning Agency Colombo(Pvt)Ltd,Pacific Manning Agency Colombo(Pvt)Ltd,Pacific Manning Agency Colombo(Pvt)Ltd,,,0115-376340,,,"Pacific Manning Agency Colombo(Pvt)Ltd, No:61, , W.A.D.Ramanayaka Mawatha,",Colombo 02,,,,,,,,,,,A,0.00,0.00,0,,,,,0,VAT15%,...,1,
800000D6-1238680053,PALLA & CO. (PVT) LTD,PALLA & CO. (PVT) LTD,PALLA & CO. (PVT) LTD,,PALLACOMPANY@EUREKA.LK,112254899,,112254899,"PALLA & CO. (PVT) LTD, SPUR ROAD 4, LOT 25B, PHASE 1 - KEPZ",KATUNAYAKE,,,,,,,,,,,,0.00,0.00,0,PALLA,,,,0,,,1,
800001F9-1317010353,Pan Asia Bank,Pan Asia Bank,"PAN ASIA BANK.,",,,,,,"PAN ASIA BANKING CORPORATION PLC., , 450, Galle Road,",Colombo 03.,,,,,,,,,,,,0.00,0.00,0,,,,,0,Non VAT,Tax,1,
80000044-1238680046,Pan Asia Impex,Pan Asia Impex,Pan Asia Impex,Rifdhi Jameel,,2391392,,2341271,"Rifdhi Jameel, Pan Asia Impex","52, 2nd Cross Street",2nd,,,,,,,,,,AS,0.00,0.00,0,CHI,,,,0,,,1,
80000466-1550210791,Pan Audio ( Pvt ) Ltd,Pan Audio ( Pvt ) Ltd,Pan Audio ( Pvt ) Ltd,,,,,,"Pan Audio ( Pvt ) Ltd, No: 3-1/1 Station Road,",Colombo 03,,,,Pan Audio ( Pvt ) Ltd,Colombo 03,,,,,,DC,107500.00,107500.00,0,,,,,0,Non VAT,Tax,1,
800000D7-1238680053,PARAMOUNT LANKA,PARAMOUNT LANKA,PARAMOUNT LANKA,,,,,,PARAMOUNT LANKA,,,,,,,,,,,,,0.00,0.00,0,PARA,,,,0,,,1,
800000D8-1238680053,PAT NET COMPUTERS SYSTEMS,PAT NET COMPUTERS SYSTEMS,PAT NET COMPUTERS SYSTEMS,,,,,,PAT NET COMPUTERS SYSTEMS,,,,,,,,,,,,,0.00,0.00,0,PAT,,,,0,,,1,
80000179-1245482207,Patrick Wicramasinghe,Patrick Wicramasinghe,Patrick Wicramasinghe,,,,,,Patrick Wicramasinghe,,,,,,,,,,,Due on receipt,,0.00,0.00,0,,,,,0,Non VAT,Tax,1,
8000041C-1527495643,PC Globe Systems (Pvt) Ltd,PC Globe Systems (Pvt) Ltd,,,Devon@activelk.com,,,,"PC Globe Systems (Pvt) Ltd, No 302B, , First Floor Unity Plaza Complex",Colombo 04,,,,,,,,,,,L,60664.00,60664.00,0,,,,,0,VAT15%,Tax,1,
8000022B-1350547575,PC House Plc,PC House Plc,PC House Plc,,info@pch.lk,4724242,,4724343,"PC House Plc, , 451, , Galle Road,",Colombo 03.,,,,,,,,,,,,0.00,0.00,0,,,,,0,NBT 2%,...,1,
800000DA-1238680053,PC LAND,PC LAND,PC LAND,,,,,,"PC LAND, UNITY PLAZA",BAMBALAPITIYA,,,,,,,,,,,,0.00,0.00,0,PC LAND,,,,0,,,1,
800000D9-1238680053,PC SHOP,PC SHOP,PC SHOP,,,,,,"PC SHOP, 49, UNION PLACE, , SLAVE ISLAND",COLOMBO 12,,,,,,,,,,,,0.00,0.00,0,PC,,,,0,,,1,
800003C1-1507806641,PC Technologies (Pvt) Ltd,PC Technologies (Pvt) Ltd,PC Technologies (Pvt) Ltd,,,,,,"PC Technologies (Pvt) Ltd, , No. 311, 1st Floor, , Unity Plaza,",Colombo 04,,,,,,,,,,,L,30000.00,30000.00,0,,,,,0,VAT15%,Tax,1,
800001FD-1317960399,Penguin Sportswear (pvt) Ltd,Penguin Sportswear (pvt) Ltd,"PENGUIN SPORTSWEAR (PVT) LTD.,",,,,,,"PENGUIN SPORTSWEAR (PVT) LTD., , 341/5, M & M Center, , Kotte Road,",Rajagiriya.,,,,,,,,,,,,0.00,0.00,0,,,,,0,Non VAT,Tax,1,
80000271-1394694138,People In Need,People In Need,People In Need,,,,,,,People,IN,,,,,,,,,,AS,0.00,0.00,0,,,,,0,Non VAT,...,1,
800001BC-1289280754,Peoples Merchant Bank,Peoples Merchant Bank,People's Merchant Bank Ltd.,,,,,,"PEOPLE'S MERCHANT BANK PLC., , No 21, , Nawam Mawatha, , Colombo 02,",Sri Lanka.,,,,,,,,,,Due on receipt,A,0.00,0.00,0,,,,,0,Non VAT,...,1,
80000423-1529297277,Peoples Merchant Finance PLC,Peoples Merchant Finance PLC,People's Merchant Finance PLC,,acconts@activelk.com,,,,"People's Merchant Finance PLC, No 21, Nawam Mawatha,",Colombo 02,,,,People's Merchant Finance PLC,Colombo 02,,,,,,A,0.00,0.00,0,,,,,0,Non VAT,Tax,1,
800004B5-1575440545,People’s Organisation for Development Imp,People’s Organisation for Development Imp,People’s Organisation,,,,,,"People's Organisation For, Development Import & Export, 197/7 Padre Pio Mawatha, , Off Road,",Negombo,,,,,,,,,,,A,0.00,0.00,0,,,,,0,Non VAT,Tax,1,
80000429-1531484077,Peradeniya Botanical Garden,Peradeniya Botanical Garden,,,,,,,"Deputy Director, National Herbarium, Department of National Botanical Gardens,",Peradeniya,,,,,,,,,,,A,0.00,0.00,0,,,,,0,VAT15%,Tax,1,
80000509-1615892675,Peramuna Communication,Peramuna Communication,Peramuna Communication,,,,,,"Peramuna Communication, 719, Malabe Road,",Kottawa.,,,,,,,,,,,AD,0.00,0.00,0,,,,,0,Non VAT,Tax,1,
80000435-1536049849,Personal Computers-Maldives,Personal Computers-Maldives,,,,,,,"Personal Computers, Iskandhar Magu, Male,",Maldives.,,,,,,,,,,,L,0.00,0.00,0,,,,,0,Non VAT,Tax,1,
800002ED-1453779002,Pet Packaging (Pvt) Ltd,Pet Packaging (Pvt) Ltd,Pet Packaging (Pvt) Ltd,,,,,,"Pet Packaging (Pvt) Ltd, No:555/5D, Gonahena Road,",Kadawatha,,,,,,,,,,,dil,0.00,0.00,0,,,,,0,Non VAT,...,1,
800002DE-1448969579,Phoenix Ogilvy (Pvt) Ltd,Phoenix Ogilvy (Pvt) Ltd,Phoenix O&M (Pvt) Ltd,,,,,,"Phoenix O&M (Pvt) Ltd, PO Box.1263, , No:16, Barnes Place,",Colombo 07,,,,,,,,,,,AS,0.00,0.00,0,,,,,0,VAT15%,Tax,1,
8000049B-1565333872,Photo House,Photo House,Photo House,,,,,,"Photo House, 42, Kurunegala Road,",Wariyapola,,,,,,,,,,,AD,0.00,0.00,0,,,,,0,Non VAT,Tax,1,
80000473-1553144275,Plenty Foods (Pvt) Ltd,Plenty Foods (Pvt) Ltd,Plenty Foods (Pvt) Ltd,,,0115004000,,,"Plenty Foods (Pvt) Ltd, 108/3, Sir John Kothalawala Mawatha, , Kandawala,",Ratmalana,,,,,,,,,,,L,0.00,0.00,0,,,,,0,Non VAT,Tax,1,
800001B9-1287467130,Power House - Derana,Power House - Derana,Power House (Pvt) Ltd,,,,,,"POWER HOUSE (PVT) LTD., , No 320, Level 04, , T B Jayah Mawatha,",Colombo 10,,,,,,,,,,Due on receipt,A,0.00,0.00,0,,,,,0,Non VAT,...,1,
800000DB-1238680053,PR. MAHINDA RAJAPAKSE SPORTS COMPLEX,PR. MAHINDA RAJAPAKSE SPORTS COMPLEX,PR. MAHINDA RAJAPAKSE SPORTS COMPLEX,CAPT W.U.S.KARUNARATNE,,,,,"CAPT W.U.S.KARUNARATNE, PR. MAHINDA RAJAPAKSE SPORTS COMPLEX, DIYAGAMA",HOMAGAMA,,,,,,,,,,,,0.00,0.00,0,PMRSC,,,,0,,,1,
800004BD-1578310934,Prabath Kanishka Photography,Prabath Kanishka Photography,Prabath Kanishka Photography,,,0711304348,,,"Prabath Kanishka Photography, No 508 , Mewella Road, Pethiyagoda,",Kelaniya,,,,,,,,,,,A,0.00,0.00,0,,,,,0,Non VAT,Tax,1,
800001A2-1275283811,Practical Action,Practical Action,Practical Action,,,,,,"Practical Action, 5, Lionel Edirisinghe Mawatha, Kirulapone",Colombo 05,,,,Practical Action,Colombo 05,,,,,Due on receipt,dil,0.00,0.00,0,,,,,0,Non VAT,...,1,
800000DC-1238680053,PRAVIN JAYARATNE,PRAVIN JAYARATNE,PRAVIN JAYARATNE,,,,,,"PRAVIN JAYARATNE, A2GT, 517/8 KADUWELA ROAD",TALANGAMA NORTH BATTARAMULLA,,,,,,,,,,,,0.00,0.00,0,PRA,,,,0,,,1,
80000327-1473941241,Precision Micro Solutions (Pvt)Ltd,Precision Micro Solutions (Pvt)Ltd,,,,,,,"Precision Micro Solutions(Pvt)Ltd, 517/3A, Delgahawatta Terrace, , Thalangama North,",Battaramulla.,,,,,,,,,,,A,0.00,0.00,0,,,,,0,Non VAT,Tax,1,
80000405-1522047070,Premier Services,Premier Services,,,,,,,"Primier  Services, No 194/1A, Temple Road",Colombo 10,,,,,,,,,,,AD,0.00,0.00,0,,,,,0,Non VAT,Tax,1,
80000465-1550061346,Premium Trading and Logistics (Pvt) Ltd,Premium Trading and Logistics (Pvt) Ltd,Premium Trading and Logistics (Pvt) Ltd,,,,,,"Premium Trading and Logistics (Pvt) Ltd, No 471, Level - 03, Resolute, Cotta Road,",,"Level - 03, Resolute",,,,,,,,,,AD,0.00,0.00,0,,,,,0,Non VAT,Tax,1,
8000035A-1487232762,Pretec Solutions,Pretec Solutions,,,,,,,"Pretec Solutions, No 16, Silva Lane,",Colombo 04,,,,,,,,,,,AS,0.00,0.00,0,,,,,0,Non VAT,Tax,1,
800000DD-1238680053,PRETEC SYSTEMS,PRETEC SYSTEMS,PRETEC SYSTEMS,MR. MUSTAFA,,,,,"MR. MUSTAFA, PRETEC SYSTEMS",UNITY PLAZA,,,,,,,,,,Due on receipt,AS,0.00,0.00,0,PRETEC,,,,0,,,1,
800002E4-1450669509,Pretec Systems (Pvt)Ltd,Pretec Systems (Pvt)Ltd,Pretec Systems (Pvt)Ltd,,,0115-377552,,,"Pretec Systems (Pvt)Ltd, No:502E, , 3rd Floor,",Unity Plaza.,,,,,,,,,,,AS,0.00,0.00,0,,,,,0,Non VAT,...,1,
8000049E-1565932979,Prima Management Services (Pvt) Ltd,Prima Management Services (Pvt) Ltd,,,,,,,"Prima Management Services (Pvt) Ltd, No 50, Sri Jayawardenapura Mawatha, Rajagiriya.",VAT No,,114448729-700,,,,,,,,,A,323600.00,323600.00,0,,,,,0,Non VAT,Tax,1,
800004A2-1566459922,Prime Finance PLC,Prime Finance PLC,,,,,,,"Prime Finance PLC, No 61, D. S. Senanayake Mawatha, , Colombo 0080",VAT No -,,134011947-700,,,,,,,,,A,0.00,0.00,0,,,,,0,VAT15%,Tax,1,
800003B8-1506924088,Prime Lands (Pvt) Ltd,Prime Lands (Pvt) Ltd,,,,,,,"Prime Lands (Pvt) Ltd, No 75, D.S Senanayake Mawtha",,D.S,,,,,,,,,,A,0.00,0.00,0,,,,,0,VAT15%,Tax,1,
80000329-1475149837,Print Animation (Pvt)Ltd,Print Animation (Pvt)Ltd,,,,,,,"Print Animation(Pvt)Ltd, No 08, Flower Road,",Colombo 07,,,,,,,,,,,AD,-46000.00,-46000.00,0,,,,,0,Non VAT,Tax,1,
8000037D-1494837410,Print Point (Pvt) Ltd,Print Point (Pvt) Ltd,,,,,,,"Print Point (Pvt) Ltd, No 393, (YWCA), , Union Place, , Colombo 02",Vat No,,174012709-700,,,,,,,,,AD,0.00,0.00,0,,,,,0,VAT15%,Tax,1,
8000045C-1545798304,Promowatch (Pvt) Ltd,Promowatch (Pvt) Ltd,,,,,,,"Promowatch (Pvt) Ltd, No 272/27 , , Sudharshana Mawatha,",Malabe,,,,,,,,,,,AD,0.00,0.00,0,,,,,0,Non VAT,Tax,1,
800003DC-1513320512,Property Finance & Investments,Property Finance & Investments,,,,,,,"Property Finance & Investments Kandy(Pvt), LTD, M&M Centre, 2nd Floor","341/5, Kotte Road, Walikanda",Kotte,,,,,,,,,,A,0.00,0.00,0,,,,,0,Non VAT,Tax,1,
800003D3-1512370146,Prudential Shipping Lines (Pvt)Ltd,Prudential Shipping Lines (Pvt)Ltd,,,,,,,"Prudential Shipping Lines (Pvt) Ltd, No 471, Cotta Road, Rajagiriya",Colombo.,,,,,,,,,,,AD,0.00,0.00,0,,,,,0,Non VAT,Tax,1,
80000304-1459933645,Pubudu Engineering (Pvt) Ltd,Pubudu Engineering (Pvt) Ltd,Pubudu Engineering (Pvt) Ltd,0112-855584,,,,,"Pubudu Engineering (Pvt) Ltd, No:68, UDA Idustrial Estate, , Katuwana Road,",Homagema.,,,,,,,,,,,AS,0.00,0.00,0,,,,,0,Non VAT,...,1,
800000DF-1238680053,QUEENS COMMUNICATIONS,QUEENS COMMUNICATIONS,QUEENS COMMUNICATIONS,MR. RASHEED,,0714242141,,,"MR. RASHEED, QUEENS COMMUNICATIONS, GALLE ROAD,",COLOMBO 03.,,,,,,,,,,,,0.00,0.00,0,QUEENS,,,,0,,,1,
800000DE-1238680053,QUICK RADIO CABS,QUICK RADIO CABS,QUICK RADIO CABS,,,,,,"QUICK RADIO CABS, BAMBALAPITIYA",,,,,,,,,,,,,0.00,0.00,0,QU,,,,0,,,1,
8000051A-1626417017,R. M. N Rajakaruna,R. M. N Rajakaruna,R. M. N Rajakaruna,,,,,,"R. M. N Rajakaruna, 28/7, Rajaweediya,",Kiridiwela,,,,,,,,,,,A,0.00,0.00,0,,,,,0,Non VAT,Tax,1,
80000480-1556598204,R.M. Chemicals Ceylon (Pvt) Ltd,R.M. Chemicals Ceylon (Pvt) Ltd,,,,,,,"R.M. Chemicals Ceylon (Pvt) Ltd, Plot No 25, LINDEL Industrial Estate, , Pattiwilla Road, Sapugaskanda, Makola",VAT no-114300403-700,,,,,,,,,,,AD,0.00,0.00,0,,,114300403,,1,VAT15%,Tax,1,
80000275-1395113719,R.M.Holdings (Pvt) Ltd,R.M.Holdings (Pvt) Ltd,R.M.Holdings (Pvt) Ltd,,,031-2227069,,031-2227770,"R.M.Holdings (Pvt) Ltd, No:34, Mendis Mawatha,",Negambo,,,,,,,,,,,A,0.00,0.00,0,,,,,0,Non VAT,...,1,
800004FA-1608705250,R.P. Systems,R.P. Systems,R.P. Systems,,,,,,"R.P. Systems, 233, Rukmale,",Pannipitiya,,,,,,,,,,,A,0.00,0.00,0,,,,,0,Non VAT,Tax,1,
800000E2-1238680053,R.T. INTERNET CAFE,R.T. INTERNET CAFE,R.T. INTERNET CAFE,,,,,,"R.T. INTERNET CAFE, DEHIWALA",,,,,,,,,,,,,0.00,0.00,0,R.T.,,,,0,,,1,
800000E1-1238680053,R & D TECHNOLOGIES,R & D TECHNOLOGIES,R & D TECHNOLOGIES,MR. DILSHAN,,,,,"MR. DILSHAN, R & D TECHNOLOGIES, JOSEPH LANE,",COLOMBO 04.,,,,,,,,,,,,0.00,0.00,0,R&D,,,,0,,,1,
800004BE-1578311864,"Rainbow Furniture & Electricals,","Rainbow Furniture & Electricals,",Rainbow Furniture & Electricals,,,,,,"Rainbow Furniture & Electricals, 60 /40, Halpita, Polgasowita",Piliyandala,,,,,,,,,,,AD,0.00,0.00,0,,,,,0,Non VAT,Tax,1,
80000394-1499938224,Rainbow Technologies Lanka (Pvt)Ltd,Rainbow Technologies Lanka (Pvt)Ltd,,,,,,,"Rainbow Technologies Lanka (Pvt)Ltd, No 91, 2/1, Galle Road,",,2/1,,,,,,,,,,A,0.00,0.00,0,,,,,0,Non VAT,Tax,1,
800001E4-1311313327,Rainco (pvt) Ltd,Rainco (pvt) Ltd,"RAINCO (PVT) LTD.,",,,,,,"RAINCO (PVT) LTD., , 05, Postmaster's Place, , (Off Templer's Rd)",Mount Lavinia.,,,,,,,,,,Net 30,SS,0.00,0.00,0,,,,,0,Non VAT,Tax,1,
8000018A-1260944284,Ranfer,Ranfer,Ranfer Professional Serivices (Pvt) Ltd,,,,,,"RANFER PROFESSIONAL SERVICES (PVT) LTD., , 36, Ketawalamulla Place, , Colombo 09,",Sri Lanka.,,,,,,,,,,Due on receipt,,0.00,0.00,0,,,,,0,Non VAT,Tax,1,
80000229-1349075794,Rangiri Sri Lanka Media Network,Rangiri Sri Lanka Media Network,Rangiri Sri Lanka Media Network,,,,,,"Rangiri Sri Lanka Media Network, , Rangiri Dambulla Development Foundation, , No:130, Kandy Road,",Dambulla.,,,,,,,,,,,AS,0.00,0.00,0,,,,,0,Non VAT,...,1,
800004A7-1568005033,Rank Container Terminals,Rank Container Terminals,Rank Container Terminals,,,,,,"Rank Container Terminals, Ambatale Road, , Orugodawatte",VAT No,,114459941-700,,,,,,,,,DC,0.00,0.00,0,,,,,0,Non VAT,Tax,1,
800002D2-1443418067,Rapidventure (Pvt) Ltd,Rapidventure (Pvt) Ltd,,,,,,,"Rapidventure (Pvt) Ltd, No:903/4/A, Udawatta Road,",Malabe.,,,,Rapidventure (Pvt) Ltd,Malabe.,,,,,,AS,108700.00,108700.00,0,,,,,0,VAT15%,...,1,
800000E8-1238680054,RAYTRONICS COMPUTER SYSTEMS (PVT) LTD.,RAYTRONICS COMPUTER SYSTEMS (PVT) LTD.,RAYTRONICS COMPUTER SYSTEMS (PVT) LTD.,MR. K.H.L. GOONAWARDENA,,2815287,,,"MR. K.H.L. GOONAWARDENA, RAYTRONICS COMPUTER SYSTEMS (PVT) LTD., 144/01, , S.De.S. JAYASINGHE MW,",NUGEGODA.,,,,,,,,,,,,0.00,0.00,0,RAY,,,,0,,,1,
800002B4-1430914587,RDA,RDA,RDA,,,,,,"RDA, No:9 Floor, , Setsiripaya,",Batramulla,,,,,,,,,,,E,0.00,0.00,0,,,,,0,NBT 1%,Tax,1,
800001A8-1279187004,Red Dot Tours Lanka (Pvt) Ltd.,Red Dot Tours Lanka (Pvt) Ltd.,Red Dot Tours Lanka (Pvt) Ltd.,,,,,,"Red Dot Tours Lanka (Pvt) Ltd., 30/84, Perera Gardens, , Off Perera Mawata, , Pelawatte,",Battaramulla,,,,Red Dot Tours Lanka (Pvt) Ltd.,Battaramulla,,,,,Due on receipt,AS,0.00,0.00,0,,,,,0,Non VAT,Tax,1,
800002B7-1431325840,Red Dot Tours Lanka (Pvt)Ltd,Red Dot Tours Lanka (Pvt)Ltd,Red Dot Tours Lanka (Pvt)Ltd,,,0112-396666,0773869501,,"Red Dot Tours Lanka (Pvt)Ltd, 140A, Vauxhall Street,",Colombo 02,,,,,,,,,,,E,0.00,0.00,0,,,,,0,NBT 1%,Tax,1,
800002AB-1424250000,Redline Technologies,Redline Technologies,Redline Technologies,,shaheer@activelk.com,,,,"Redline Technologies, No. 21, Joseph`s Place",Colombo 04.,,,,,,,,,,,L,0.00,0.00,0,,,,,0,Non VAT,...,1,
8000038C-1498121777,Regency Teas (Pvt) Ltd,Regency Teas (Pvt) Ltd,,,,,,,"Regency Teas (Pvt) Ltd, #359, Biyagama Road, , Kalaniya.",VAT NO: 114192643-,,7000,,,,,,,,,L,0.00,0.00,0,,,114192643,,1,VAT15%,Tax,1,
800000EA-1238680054,REGENT FINE JEWELS,REGENT FINE JEWELS,REGENT FINE JEWELS,MR AHMED,,5511252 / 0777 354305,,2577689,"Billari Fine Jewellery, No 361, R .A. De Mel Mawatha,",,R .A. De,,,,,,,,,,AS,0.00,0.00,0,RF,,,,0,VAT15%,,1,
800000E9-1238680054,RESOURCE CENTER FOR COMMUNITY GROUPS,RESOURCE CENTER FOR COMMUNITY GROUPS,RESOURCE CENTER FOR COMMUNITY GROUPS,,,2811183,,,"RESOURCE CENTER FOR COMMUNITY GROUPS, 66 DUTUGAMUNU STREET KOHUWALA, DEHIWALA",,,,,,,,,,,,,0.00,0.00,0,resource,,,,0,,,1,
800001C7-1293957040,Rhino,Rhino,Rhino Roofing Products Ltd,,,,,,"Rhino Roofing Products Ltd, 752 Baseline Road, Colombo 9",,,,,,,,,,,Due on receipt,Har,0.00,0.00,0,,,,,0,Non VAT,...,1,
800003ED-1516856832,Richard Pieris Finance Limited,Richard Pieris Finance Limited,,,,,,,"Richard Pieris Finance Limited, No 69, Aprico Complex, , Hyde Park Corner,",Colombo 2,,,,,,,,,,,A,0.00,0.00,0,,,,,0,Non VAT,Tax,1,
800001A9-1279258174,Richardson Projects,Richardson Projects,Richardson Projects (Pvt ) Ltd.,,,,,,"Richardson Projects (Pvt ) Ltd., 342, Level 3, Galle Road",,Level 3,,,Richardson Projects (Pvt ) Ltd.,,Level 3,,,,Due on receipt,dil,0.00,0.00,0,,,,,0,Non VAT,...,1,
800000EB-1238680054,RIFCA,RIFCA,RIFCA,,,0773504267,,,"RIFCA, 24/10, FEDRICA ROAD,",WELLAWATTE,,,,,,,,,,,,0.00,0.00,0,RIFCA,,,,0,,,1,
800000EC-1238680054,RIZVI,RIZVI,RIZVI,,,,,,RIZVI,,,,,,,,,,,,,0.00,0.00,0,RIZVI,,,,0,,,1,
800001BA-1288092081,Rocell,Rocell,Royal Ceramics Lanka PLC,,,,,,"Royal Ceramics Lanka PLC, 10 R.A.De Mel Mawatha,",Colombo 03,,,,Royal Ceramics Lanka PLC,Colombo 03,,,,,Due on receipt,DL,0.00,0.00,0,,,,,0,Non VAT,Tax,1,
800000F0-1238680054,ROYAL INTERNATIONAL (PVT) LTD,ROYAL INTERNATIONAL (PVT) LTD,ROYAL INTERNATIONAL (PVT) LTD,,,,,,ROYAL INTERNATIONAL (PVT) LTD,,,,,,,,,,,,,0.00,0.00,0,ROYAL,,,,0,,,1,
800000ED-1238680054,ROYAL JORDANIAN,ROYAL JORDANIAN,ROYAL JORDANIAN,,,2 301621-3,,2 301620,"ROYAL JORDANIAN, 40A, Kumaratunga Munidasa Mawatha",,Kumaratunga,,,,,,,,,,,0.00,0.00,0,RJ,,,,0,,,1,
800000F1-1238680054,RT INTERNET CAFE,RT INTERNET CAFE,RT INTERNET CAFE,,,,,,RT INTERNET CAFE,,,,,,,,,,,,,0.00,0.00,0,RT,,,,0,,,1,
800002E8-1451362813,Ru Salu Clothing (Pvt) Ltd,Ru Salu Clothing (Pvt) Ltd,Ru Salu Clothing (Pvt) Ltd,,,,,,"Ru Salu Clothing (Pvt) Ltd, No 640, Giriulla Rd, Kandawala,",Katana.,,,,,,,,,,,A,0.00,0.00,0,,,,,0,Non VAT,...,1,
800001CA-1296029341,Rupavahini,Rupavahini,Sri Lanka Rupavahini Corporation,,,,,,"SRI LANKA RUPAVAHINI CORPORATION., , P.O. Box 2204, Independance Sq.",Colombo 07.,,,,Sri Lanka Rupavahini Corporation,Colombo 07,,,,,Due on receipt,DL,0.00,0.00,0,,,,,0,Non VAT,Tax,1,
80000402-1521604644,S-Lon,S-Lon,S-Lon Lanka (Pvt) Ltd,,,,,,"S-Lon Lanka Pvt Ltd, , No. 515/7, T.B. Jayah, Mawatha, Colombo.",Tel +94114760100,,,,,,,,,,,AD,0.00,0.00,0,,,,,0,Non VAT,Tax,1,
800000F2-1238680054,S.M.ARIYARAN,S.M.ARIYARAN,S.M.ARIYARAN,,,,,,"S.M.ARIYARAN, BLUMENDAL STREET",COLOMBO 13,,,,,,,,,,,,0.00,0.00,0,S.M.A.,,,,0,,,1,
8000010D-1238680056,S.N. TRADINGS,S.N. TRADINGS,S.N. TRADINGS,,,,,,"S.N. TRADINGS, NO. 268A, ANDERSON ROAD,",KALUBOWILA,,,,,,,,,,,,0.00,0.00,0,SN,,,,0,,,1,
80000276-1395115343,SABAH  Association,SABAH  Association,SABAH  Association,,,0112-710522,,,"SABAH  Association, No:42, , Sri Dhammadara Mawatha,",Rathmalana.,,,,,,,,,,,AS,0.00,0.00,0,,,,,0,Non VAT,...,1,
80000433-1535602737,Saber IT Solutions (Pvt) Ltd,Saber IT Solutions (Pvt) Ltd,,,,,,,"Saber IT Solutions (Pvt) Ltd, M/S. NEO Graphic Solutions (Pvt) Ltd, No 275, Nawala Road",Nawala.,,,,,,,,,,,AD,0.00,0.00,0,,,,,0,Non VAT,Tax,1,
80000214-1333013503,SABRE TECHNOLOGIES (PVT)LTD,SABRE TECHNOLOGIES (PVT)LTD,Sabre Technologies (Pvt)Ltd,,,,,,"Sabre Technologies (Pvt)Ltd, , No:752, ",Dr.Dannister,DE,,,,,,,,,,RZ,0.00,0.00,0,,,,,0,Non VAT,Tax,1,
80000476-1553596375,SADE- Compagnie Generale de travaux d'hyd,SADE- Compagnie Generale de travaux d'hyd,SADE- Compagnie Generale de travaux d'hyd,,,,,,"SADE COMPAGNIE GENERALE DE TRAVAUX, D'HYDRAULIQUE, No.2, Nandana Gardens, , Bambalapitiya, Colombo 04",VAT Reg No,,100996820-700,,,,,,,,,AD,0.00,0.00,0,,,,,0,VAT15%,Tax,1,
80000444-1539084593,Saga Ceylan (Pvt) Ltd,Saga Ceylan (Pvt) Ltd,Saga Ceylan (Pvt) Ltd,,,,,,"Saga Ceylan (Pvt) Ltd, 2nd Floor, Lotus Building, No.275, , Nawala Rd,",Nawala.,,,,,,,,,,,L,0.00,0.00,0,,,,,0,Non VAT,Tax,1,
800000F4-1238680054,SAHASRA,SAHASRA,SAHASRA,,,,,,"SAHASRA, 3RD FLOOR NEW MARKET, HIGH LEVEL ROAD",MAHARAGAMA,,,,,,,,,,,,0.00,0.00,0,SAH,,,,0,,,1,
800003E1-1514349022,Sahasra Studio (PVT) Ltd,Sahasra Studio (PVT) Ltd,,,,,,,"Sahasra Studio (Pvt) Ltd, No 456 / 5B , Arangala Road",Hookandara,,,,,,,,,,,AD,0.00,0.00,0,,,,,0,Non VAT,Tax,1,
800000F5-1238680054,SALA ENTERPRISES,SALA ENTERPRISES,SALA ENTERPRISES,,,5325577,,5373714,"SALA ENTERPRISES, 445, HAVELOCK ROAD",COLOMBO 06,,,,,,,,,,,,0.00,0.00,0,SALA,,,,0,,,1,
800000F3-1238680054,SAMANTHA,SAMANTHA,SAMANTHA,,,,,,SAMANTHA,,,,,,,,,,,,,0.00,0.00,0,SA,,,,0,,,1,
80000525-1631917197,Sampath I T Solutions Limited,Sampath I T Solutions Limited,,,,,,,"Sampath I T Solutions Limited, No 3, Mary's Road",Colombo 04,,,,,,,,,,,A,641500.00,641500.00,0,,,,,0,,Tax,1,
800003F6-1519711095,Sampath Senaratharachige Asso,Sampath Senaratharachige Asso,,,,,,,"Sampath Senaratharachchige Associates, (Pvt) Ltd, 784B, M.D.H Jayawardena Mawatha, , Rajagiriya.",VAT No,,,,,,,,,,,L,0.00,0.00,0,,,,,0,Non VAT,Tax,1,
8000034E-1485489973,Samson Compounds (Pvt) Ltd,Samson Compounds (Pvt) Ltd,,,,,,,"Samson Compounds (Pvt) Ltd, PO Box - 46, Bataduwa,",Galle.,,,,,,,,,,,AS,0.00,0.00,0,,,,,0,Non VAT,...,1,
8000023A-1362133774,Samson Sportswear(PVT)Ltd,Samson Sportswear(PVT)Ltd,Samson Sportswear(PVT)Ltd,,,0342226964,,,"Samson Sportswear(PVT)Ltd, , Kalapugama Road, , Panapitiya,",Kaluthara.,,,,,,,,,,,AS,0.00,0.00,0,,,,,0,Non VAT,...,1,
800003CB-1509958726,Sanasa Insurance Company Limited,Sanasa Insurance Company Limited,,,,,,,"Sanasa Insurance Company Limited, No 340 2/1 , ",R . A,DE,,,,,,,,,,A,0.00,0.00,0,,,,,0,Non VAT,Tax,1,
800000F7-1238680054,SANDANAM SAMY,SANDANAM SAMY,SANDANAM SAMY,,,,,,"SANDANAM SAMY, 167, , MUTHUWELA MW,",COLOMBO 15,,,,,,,,,,,,0.00,0.00,0,SANDANAM,,,,0,,,1,
800000F8-1238680055,SANTHANAM MUTTHUSAMI,SANTHANAM MUTTHUSAMI,SANTHANAM MUTTHUSAMI,,,,,,"SANTHANAM MUTTHUSAMI, 167, MUTUWELA MW,",COLOMBO 15.,,,,,,,,,,,,0.00,0.00,0,SANTHANAM,,,,0,,,1,
800000F9-1238680055,SANUDA COMMUNICATION,SANUDA COMMUNICATION,SANUDA COMMUNICATION,,,,,,"SANUDA COMMUNICATION, 219/3, HIGH LEVEL ROAD, , WATTEGAMA",MAHARAGAMA,,,,,,,,,,,,0.00,0.00,0,SANU,,,,0,,,1,
800003B0-1505198418,Sapath systems Lanka (Pvt) Ltd,Sapath systems Lanka (Pvt) Ltd,,,,,,,"Sapath Systems Lanka (Pvt)Ltd, No 5,  9th Lane, Nawala Road",Nawala.,,,,,,,,,,,A,0.00,0.00,0,,,,,0,Non VAT,Tax,1,
800000FA-1238680055,SARASA SOFT SOLUTIONS,SARASA SOFT SOLUTIONS,SARASA SOFT SOLUTIONS,,,4200033,,4200035,"SARASA SOFT SOLUTIONS, 19/2, PAGODA ROAD,",NUGEGODA,,,,,,,,,,,,0.00,0.00,0,SAR,,,,0,,,1,
800002A9-1423642012,Sarasavi BookShop (Pvt) Ltd,Sarasavi BookShop (Pvt) Ltd,Sarasavi BookShop (Pvt) Ltd,,,0112-820820,,,"Sarasavi BookShop (Pvt) Ltd, No:30, 2 Stanley Thilakaratne Mawatha,",Nugegoda,,,,,,,,,,,dil,0.00,0.00,0,,,,,0,NBT 1%,Tax,1,
800002AA-1423711532,Sarasavi Publishers (Pvt) Ltd,Sarasavi Publishers (Pvt) Ltd,,,,,,,"Sarasavi Publishers (Pvt) Ltd, No:1/3, , Stanley Thilakaratne Mawatha,",Nugegoda.,,,,,,,,,,,L,0.00,0.00,0,,,,,0,Non VAT,Tax,1,
8000028B-1406867048,Sascon Holdings (Pvt) Ltd,Sascon Holdings (Pvt) Ltd,Sascon Holdings (Pvt) Ltd,,,,,,"Sascon Holdings (Pvt) Ltd, 752/5",Dr. Danister,DE,,,,,,,,,,dil,0.00,0.00,0,,,,,0,Non VAT,...,1,
800004E3-1595838756,Satecro Technologies,Satecro Technologies,Satecro Technologies,,,,,,"Satecro Technologies, #194/4, Wasana Piyasha, , Kawdana Road, , Kiriberiya Road, Malamulla",Panadura,,,,,,,,,,,AD,206000.00,206000.00,0,,,,,0,Non VAT,Tax,1,
800002B6-1431322143,SATRA Infrastructure Management Services,SATRA Infrastructure Management Services,SATRA Infrastructure Management Services,+91 7923600818,,,,+91 7923600819,"SATRA Infrastructure Management Services, C/401, Swagat Rainforest-II, Commercial Complex, , Opp.Swaminarayan Dham,","Gandhinagar, Gujarat, India.",,,,,,,,,,,E,0.00,0.00,0,,,,,0,NBT 1%,Tax,1,
800002B0-1425267894,Savinda Graphics system (Pvt) Ltd,Savinda Graphics system (Pvt) Ltd,Savinda Graphics system (Pvt) Ltd,,,,,,"Savinda Graphics system (Pvt) Ltd, 145, UDA Industrial Zone, , Katuwana Road,",Homagama.,,,,,,,,,,,A,527000.00,527000.00,0,,,,,0,Non VAT,Tax,1,
800000FC-1238680055,SBM IT SOLUTIONS,SBM IT SOLUTIONS,SBM IT SOLUTIONS,,,,,,SBM IT SOLUTIONS,,,,,,,,,,,,,0.00,0.00,0,SBM,,,,0,,,1,
80000526-1632903499,SC Printering International (Pvt) Ltd,SC Printering International (Pvt) Ltd,SC Printering International (Pvt) Ltd,,,,,,"SC Printering International (Pvt) Ltd, 654/19, Insustrial Estate, , Golumadama Junction",Rathmalana,,,,,,,,,,,A,0.00,0.00,0,,,,,0,Non VAT,Tax,1,
800000F6-1238680054,SC SECURITIES,SC SECURITIES,SC SECURITIES,,info@sampathsecurities.lk,4711001,,2394405,"SC SECURITIES., , 2nd Floor, , 55 D.R Wijewardhana Mawatha,",Colombo 10.,,,,,,,,,,Due on receipt,AS,0.00,0.00,0,SAM,,,,0,,,1,
80000303-1459933315,Search Advanced Technology,Search Advanced Technology,Search Advanced Technology,,,,,,"Search Advanced Technology, No:51/C, , Sunethradevi Road,",Kohuwala.,,,,,,,,,,,L,116000.00,116000.00,0,,,,,0,Non VAT,...,1,
800000FF-1238680055,SEED INTERNET CAFE,SEED INTERNET CAFE,SEED INTERNET CAFE,,,,,,"SEED INTERNET CAFE, NO 21/C OLD KESBEWA RD NUGEGODA",,,,,,,,,,,,,0.00,0.00,0,SEEN,,,,0,,,1,
80000463-1548404790,Sell-X Computers,Sell-X Computers,Sell-X Computers,,,,,,"Sell-X Computers, 87/6 , Hettigewatta, , Kithulampitiya,",Galle,,,Sri Lanka,,,,,,,,L,0.00,0.00,0,,,,,0,Non VAT,Tax,1,
800000FE-1238680055,SENARATHNE ASSOCIATES LTD,SENARATHNE ASSOCIATES LTD,SENARATHNE ASSOCIATES LTD,,,"2301367,2573047",,"2573048,2301365","SENARATHNE ASSOCIATES LTD, 408, 4TH FLOOR, , LIBERTY PLAZA",COLOMBO 03,,,,,,,,,,,,0.00,0.00,0,SE,,,,0,,,1,
80000100-1238680055,SENKADA CITY,SENKADA CITY,SENKADA CITY,Mr NALINDA,,,,,"Mr NALINDA, SENKADA CITY",UNION PLACE,CO,,,,,,,,,,,0.00,0.00,0,SEN,,,,0,,,1,
80000269-1389591572,Sense Micro Distributors,Sense Micro Distributors,Sense Micro Distributors,,,0717900600,,,"Sense Micro Distributors, No:39/6, , Fortune Acarde, , Galle Road,",Colombo 04,,,,,,,,,,,L,0.00,0.00,0,,,,,0,Non VAT,Non,1,
80000101-1238680055,SERANDIB OFFICE SUPPLY,SERANDIB OFFICE SUPPLY,SERANDIB OFFICE SUPPLY,,,,,,"SERANDIB OFFICE SUPPLY, 25 TEMPLE AVENUE COLOMBO-10",,,,,,,,,,,,,0.00,0.00,0,SER,,,,0,,,1,
8000042C-1532522960,Serindib Leisure Management (hemas),Serindib Leisure Management (hemas),,,,,,,"Serendib Leisure Management, Level 5, Hemas House, No 75 , Braybrooke Place",Colombo 02,,,,,,,,,,,AS,0.00,0.00,0,,,,,0,Non VAT,Tax,1,
80000491-1561548128,Sevana Investment (Pvt) LTD,Sevana Investment (Pvt) LTD,Sevana Investment (Pvt) LTD,,,,,,"Sevana Investment (Pvt) LTD, Rathnapura road,",Ingiriya,,,,,,,,,,,AD,0.00,0.00,0,,,,,0,VAT15%,Tax,1,
800003C8-1509432955,Seven X Lanka (Pvt) Ltd,Seven X Lanka (Pvt) Ltd,,,,,,,"Seven X Lanka (Pvt) Ltd, No 22, 1/1 40th Lane,",,1/1,,,,,,,,,,L,0.00,0.00,0,,,,,0,Non VAT,Tax,1,
80000406-1522641883,Seya Colour,Seya Colour,,,,,,,"Seya Colour, No 2B, Temple Road",Kalubowila,,,,,,,,,,,N,0.00,0.00,0,,,,,0,Non VAT,Tax,1,
800001C5-1292910169,Seylan,Seylan,Seylan Bank PLC,,,,,,"SEYLAN BANK PLC., , Ceylinco Seylan Towers, , 90, Galle Road,",Colombo 03.,,,,,,,,,,Due on receipt,dil,0.00,0.00,0,,,,,0,NBT 1%,Tax,1,
800001DC-1306746118,SGS Lanka (pvt) Ltd.,SGS Lanka (pvt) Ltd.,SGS LANKA (PVT) LTD.,,,0115 376 280,,0112 436 404,"SGS LANKA (PVT) LTD., 140, Vauxhall Street, , Colombo 02.",VAT No -114164221-7000,,,,,,,,,,Due on receipt,A,0.00,0.00,0,,,114164221-7000,,1,Non VAT,Tax,1,
8000017A-1245845196,SHADIR,SHADIR,,,,,,,Shadir,,,,,,,,,,,Due on receipt,Fz,0.00,0.00,0,,,,,0,VAT,Tax,1,
80000104-1238680055,SHAN INTERNET CAFE,SHAN INTERNET CAFE,SHAN INTERNET CAFE,,,,,,"SHAN INTERNET CAFE, KIRULAPANA",COLOMBO 05,,,,,,,,,,,,0.00,0.00,0,SHAN,,,,0,,,1,
80000338-1478925815,Shangri La Hotels Lanka (Private)Limited,Shangri La Hotels Lanka (Private)Limited,,,,0766760011 lashan,,,"Shangri La Hotels Lanka (Private) Limited, No: 05, Bethesda Place , , Off Dickman's Road,",Colombo 05.,,,,,,,,,,,AS,80500.00,80500.00,0,,,,,0,VAT15%,Tax,1,
800004D0-1584092760,Share Colombo Services,Share Colombo Services,Share Colombo Services,,,,,,"Share Colombo Services (Pvt) Ltd, 27/1 A, Hotel Road,",Mount Lavinia,,,,,,,,,,,AP,0.00,0.00,0,,,,,0,Non VAT,Tax,1,
8000045B-1544585039,SharpEYE Network Solutions (Pvt) Ltd,SharpEYE Network Solutions (Pvt) Ltd,SharpEYE Network Solutions (Pvt) Ltd,,,,,,"SharpEYE Network Solutions (Pvt) Ltd, No. 118/C/A/4, Halpita,",Polgasowita.,,,,,,,,,,,AD,0.00,0.00,0,,,,,0,Non VAT,Tax,1,
80000359-1487145842,Shaw Wallace Ceylon Limited,Shaw Wallace Ceylon Limited,,,,,,,"Shaw Wallace Ceylon Limited, No 193, Dr Danister De Silva Mw",,Dr Danister De,,,,,,,,,,L,0.00,0.00,0,,,,,0,Non VAT,Tax,1,
800001C6-1293944602,Shaw Wallace marketing,Shaw Wallace marketing,Shaw Wallace Marketing Ltd.,,,,,,"Shaw Wallace Marketing Ltd., 353 Kollupitiya Road,",Colombo 03,,,,,,,,,,,,0.00,0.00,0,,,,,0,Non VAT,Tax,1,
80000263-1388135334,Shay & Company,Shay & Company,Shay & Company,,,,,,"Shay & Company, 108/3, Horton Place",Colombo 7,,,,,,,,,,,AS,0.00,0.00,0,,,,,0,Non VAT,...,1,
800001FA-1317883030,Shermans Logistics (pvt) Ltd,Shermans Logistics (pvt) Ltd,"SHERMANS LOGISTICS (PVT) LTD.,",,,,,,"SHERMANS LOGISTICS (PVT) LTD., , 87, Barnes Place,",Colombo 07.,,,,,,,,,,Due on receipt,E,0.00,0.00,0,,,,,0,Non VAT,...,1,
80000189-1260936790,Sherwoods - Gayan,Sherwoods - Gayan,Sherwoods Electronics (Pvt) Ltd,,,,,,"Sherwoods Electronics (Pvt) Ltd, 31/7 Auburn Side,",Dehiwala,,,Sri Lanka,Sherwoods Electronics (Pvt) Ltd,Dehiwala,,,Sri Lanka,,Due on receipt,,0.00,0.00,0,,,,,0,Non VAT,Tax,1,
8000017B-1247469630,Shipping & Cargo Logistics Pvt Ltd.,Shipping & Cargo Logistics Pvt Ltd.,Shipping & Cargo Logistics Pvt Ltd.,,,,,,"Shipping & Cargo Logistics Pvt Ltd., No.315, Vauxhall St.,",Colombo 02,,,,Shipping & Cargo Logistics Pvt Ltd.,,Vauxhall St.,,,,,SS,0.00,0.00,0,,,,,0,VAT,Tax,1,
800002C3-1437634538,Siemens AG,Siemens AG,Siemens AG,,,,,,"Siemens AG, Energy Management Division, , Smart Grid Solutions & Services Solutions, EM SG SOL TK, Humboldt str.59","90459 Nuernberg, Germany.",,,,,,,,,,,dil,0.00,0.00,0,,,,,0,NBT 1%,Tax,1,
8000047C-1554696080,Sifaan Zavahir,Sifaan Zavahir,Sifaan Zavahir,,,,,,"Sifaan Zavahir, 185/18, Araliya Uyana","Depanama, Pannipitiya.",,,,,,,,,,,A,0.00,0.00,0,,,,,0,Non VAT,Tax,1,
800002DA-1446449323,Silvacos (Pvt) Ltd,Silvacos (Pvt) Ltd,Silvacos (Pvt) Ltd,,,0115336086,,0114737076,"Silvacos (Pvt) Ltd, No:109, Kynsey Road,",Colombo 08,,,,,,,,,,,dil,0.00,0.00,0,,,,,0,NBT 1%,Tax,1,
80000398-1500699978,Silverline Information Technology(Pvt)Lt,Silverline Information Technology(Pvt)Lt,,,,,,,"Silverline Information Technology (Pvt),  Ltd, No 8, Chandraekha Mawatha,",Colombo 8,,,,,,,,,,,,0.00,0.00,0,,,,,0,Non VAT,Tax,1,
800003AB-1504758175,Simato VAS Solutions Private Limited,Simato VAS Solutions Private Limited,,,,,,,"Simato VAS Solutions Private Limited,  No 52/3, Rupasiri Mawatha, , Mirihana ,",Nugegoda.,,,,,,,,,,,AD,0.00,0.00,0,,,,,0,Non VAT,Tax,1,
800004C5-1580705261,Singer (Sri Lanka) PLC,Singer (Sri Lanka) PLC,Singer (Sri Lanka) PLC,,zakir@activelk.com,,,,"Singer (Sri Lanka) PLC, No. 112, Havelock Road, , Colombo 5,",IT Department (3rd Floor),,,,,,,,,,,AS,0.00,0.00,0,,,,,0,Non VAT,Tax,1,
800002B8-1431517145,Singer(Sri Lanka)PLC,Singer(Sri Lanka)PLC,Singer(Sri Lanka)PLC,,,0112-316316,0115-396396,0112-423544,"Singer(Sri Lanka)PLC, No:80, Nawam Mawatha,",Colombo 2,,,,,,,,,,,AS,0.00,0.00,0,,,,,0,Non VAT,...,1,
800002CE-1442201047,Sinnadurai Sundaralingam & Balendra,Sinnadurai Sundaralingam & Balendra,Sinnadurai Sundaralingam & Balendra,,lawyers@sblaw.lk,0112544400,,0112422210,"Sinnadurai Sundaralingam & Balendra, Attorneys-at-Law & Notaries Public","No:282/4, 5&6 Dam Street",5&6,,,,,,,,,,L,3450.00,3450.00,0,,,,,0,Non VAT,Tax,1,
80000106-1238680056,SIVARAM INTERNET CAFE,SIVARAM INTERNET CAFE,SIVARAM INTERNET CAFE,,,,,,"SIVARAM INTERNET CAFE, 27/1, KOTUGODALLA STREET",KANDY,,,,,,,,,,,,0.00,0.00,0,SIVARAM,,,,0,,,1,
8000028F-1408696942,Siverline Computer System,Siverline Computer System,Siverline Computer System,,,,,,"Siverline Computer System, 55 D , Kiswattha Road, , Nawala,",Rajagiriya.,,,,,,,,,,,E,0.00,0.00,0,,,,,0,NBT 1%,Tax,1,
80000108-1238680056,SK ADS & PRINTERS,SK ADS & PRINTERS,SK ADS & PRINTERS,,,,,,"SK ADS & PRINTERS, 186, GALLE ROAD, , WELLAWATTE",COLOMBO 06,,,,,,,,,,,,0.00,0.00,0,SK,,,,0,,,1,
800000FD-1238680055,SKY CARE (PVT) LTD,SKY CARE (PVT) LTD,SKY CARE (PVT) LTD,MS\ ROZANA,,2301629/7,,,"MS\ ROZANA, SKY CARE (PVT) LTD, 48, KUMARAMUNIDASA MW,",COLOMBO 07.,,,,,,,,,,,,0.00,0.00,0,SC0001,,,,0,,,1,
80000109-1238680056,SKY LANKA,SKY LANKA,SKY LANKA,MR. KESHAWAN,,0777 427732,,,"MR. KESHAWAN, SKY LANKA, 50 1/9, IT LAND, , COLOMBO PLAZA,",COLOMBO 06,,,,,,,,,,,,0.00,0.00,0,SK LANKA,,,,0,,,1,
8000010A-1238680056,SKY NET,SKY NET,SKY NET,,,,,,"SKY NET, NO. 122, PERADENIYA ROAD,",KANDY,,,,,,,,,,,,0.00,0.00,0,SK N,,,,0,,,1,
8000010B-1238680056,SKY TRACK,SKY TRACK,SKY TRACK,,,,,,SKY TRACK,,,,,,,,,,,,,0.00,0.00,0,SKY,,,,0,,,1,
800004FD-1609819365,SkyNet Solutions & Co,SkyNet Solutions & Co,SkyNet Solutions & Co,,,,,,,SkyNet Solutions &,CO,,,,,,,,,,A,500.00,500.00,0,,,,,0,Non VAT,Tax,1,
80000246-1371614476,SL - Virtusa World,SL - Virtusa World,SL - Virtusa World,,,,,,"SL - Virtusa World, Virtusa Pvt Ltd.PV-4974, , 752, ",Dr Danister,DE,,,,,,,,,,AS,0.00,0.00,0,,,,,0,Non VAT,...,1,
800003E5-1515221200,SLIM,SLIM,,,,,,,"Sri Lanka Institute Of Marketing, No 94, Ananda Rajakaruna Mawatha, , Colombo 10",VAT No,,409057144-700,,,,,,,,,L,0.00,0.00,0,,,,,0,VAT15%,Tax,1,
800001CD-1297744882,SLTS,SLTS,Sri Lanka Telecom Services Pvt Ltd,,,,,,"SRI LANKA TELECOM SERVISES LTD., , SLT Premises, High Level Road,",,High,,,,,,,,,Due on receipt,AS,0.00,0.00,0,,,,,0,NBT 1%,Tax,1,
800003F0-1518669901,Smart Media (Pvt) Ltd,Smart Media (Pvt) Ltd,,,,,,,"Smart Madia (Pvt) Ltd, No 100, Horton Place,",Colombo 07,,,,,,,,,,,L,0.00,0.00,0,,,,,0,VAT15%,Tax,1,
80000419-1527050372,Smart Tech,Smart Tech,,,,,,,"Smart Tech, 65, 1/1 Highlevel Road, Kirulapana",Colombo 05,,,,,,,,,,,L,0.00,0.00,0,,,,,0,VAT15%,Tax,1,
80000245-1371095236,SML FRONTIER AUTOMOTIVES (PVT) LTD,SML FRONTIER AUTOMOTIVES (PVT) LTD,SML FRONTIER AUTOMOTIVES (PVT) LTD,,,,,,"SML FRONTIER AUTOMOTIVES (PVT) LTD, , No:65., Kirula Road",Narahenpita.,,,,,,,,,,,AS,0.00,0.00,0,,,,,0,Non VAT,...,1,
8000000E-1237878793,SMS,SMS,Software and Mangement Services Pvt. Ltd,,,,,,Software and Mangement Services Pvt. Ltd,,,,,,,,,,,,,0.00,0.00,0,,,,,0,Export,Tax,1,
8000048E-1560841876,SMS Marketing (Pvt) Ltd,SMS Marketing (Pvt) Ltd,SMS Marketing (Pvt) Ltd,,thilie1990@gmail.com,,,,"SMS Marketing (Pvt) Ltd, No - 302/A, First Floor, , Unity Plaza,",Colombo 04,,,,,,,,,,,L,79439.20,79439.20,0,,,,,0,VAT15%,Tax,1,
8000010F-1238680056,SOFT NET INFORMATION INTERNET CAFE,SOFT NET INFORMATION INTERNET CAFE,SOFT NET INFORMATION INTERNET CAFE,,,,,,"SOFT NET INFORMATION INTERNET CAFE, 69 1ST FLOOR, , SUPERMATKET",MAHARAGAMA,,,,,,,,,,,,0.00,0.00,0,SOFT,,,,0,,,1,
8000048F-1561373021,Softlogic Information Technologies (Pvt),Softlogic Information Technologies (Pvt),Softlogic Information Technologies (Pvt),,,,,,"Softlogic Information, Technologies (Pvt) Ltd",,,,,,,,,,,,A,3003860.48,3003860.48,0,,,,,0,Non VAT,Tax,1,
80000311-1467607987,Softlogic IT,Softlogic IT,Softlogic Information Technologies (Pvt),,buddhika.ruwan80@softlogic.lk,,,,Softlogic Information Technologies (Pvt),No 14,DE,,,,,,,,,Due on receipt,A,0.00,0.00,0,,,,,0,Non VAT,Tax,1,
8000037C-1494836507,Softlogic Life PLC,Softlogic Life PLC,,,,,,,"Softlogic Life PLC, No 283, R.A De Mel Mawatha, , Colombo 03",VAT No,,134008208-700,,,,,,,,,AS,0.00,0.00,0,,,,,0,VAT15%,Tax,1,
800002AF-1425037368,Softlogic Retail (Pvt) Ltd.,Softlogic Retail (Pvt) Ltd.,Softlogic Retail (Pvt) Ltd.,,,,,,"Softlogic Retail (Pvt) Ltd., Level 03, Panasonic Building, , 402, Galle Road,",Colombo 03.,,,,,,,,,,,A,0.00,0.00,0,,,,,0,Non VAT,Tax,1,
8000029F-1417067395,Softlogic Retail (Pvt)Ltd,Softlogic Retail (Pvt)Ltd,Softlogic Retail (Pvt)Ltd,,,,,,"Softlogic Retail (Pvt)Ltd, (Office Automation Division), Subsidiary of Softlogic Holdings PLC, Panasonic Building,","Level3, No.402, Galle Road, col","No.402, Galle Road",,,,,,,,,,AS,0.00,0.00,0,,,,,0,Non VAT,...,1,
80000488-1559809964,Softnet Information (Pvt) Ltd,Softnet Information (Pvt) Ltd,Softnet Information (Pvt) Ltd,,,,,,"Softnet Information (Pvt) Ltd, 69 1ST FLOOR, , SUPER MARKET",MAHARAGAMA,,,Sri Lanka,,,,,,,,AD,0.00,0.00,0,,,,,0,Non VAT,Tax,1,
8000010C-1238680056,SOFTWARE & MANAGEMENT SERVICES (PVT) LTD,SOFTWARE & MANAGEMENT SERVICES (PVT) LTD,SOFTWARE & MANAGEMENT SERVICES (PVT) LTD,,,4511109,,4512533,"SOFTWARE & MANAGEMENT SERVICES (PVT) LTD, 96/A, DUTUGEMUNU MAWATHA, KOHUWELA",DEHIWELA,,,,,,,,,,Due on receipt,SS,0.00,0.00,0,SMS,,,,0,VAT,,1,
80000184-1253695270,Softwave Pvt Ltd,Softwave Pvt Ltd,"Softwave Printing & Packaging (P) Ltd,",,,,,,"Softwave Printing & Packaging (P) Ltd, , 107 D, Havelock Road,",Colombo - 05.,,,,"Softwave Printing & Packaging (P) Ltd, ",Colombo - 05.,,,,,,,0.00,0.00,0,,,,,0,Non VAT,Tax,1,
80000110-1238680056,Sohanec Total IT Solutions (Pvt) Ltd,Sohanec Total IT Solutions (Pvt) Ltd,Sohanec Total IT Solutions (Pvt) Ltd,Manjula,manjula@sohanecit.com,"2878894, 0714323006",,,"Manjula, Sohanec Total IT Solutions (Pvt) Ltd, 1438/1/1, Kotte Road",Rajagiriya,,,,,,,,,,,,0.00,0.00,0,Soha,,,,0,,,1,
80000283-1401875373,South Asian Technologies (Pvt) Ltd,South Asian Technologies (Pvt) Ltd,South Asian Technologies (Pvt) Ltd,,,0117-555500,,0117-555509,"South Asian Technologies (Pvt) Ltd, No:24/2, Jesmin Park, , Narahenpita Road,",Nawala,,,,,,,,,,,AS,0.00,0.00,0,,,,,0,Non VAT,Tax,1,
80000308-1461133046,SouthNet Technologies (Pvt) Ltd,SouthNet Technologies (Pvt) Ltd,SouthNet Technologies (Pvt) Ltd,,,091-4650600,0777-902852,091-7390073,"SouthNet Technologies (Pvt) Ltd, No155, Wackwella Road, , Galle.",VAT No -114338753-7000,,,,,,,,,,,A,0.00,0.00,0,,,114338753-7000,,1,VAT15%,...,1,
8000017C-1247469770,"Spence Shipping Pvt Ltd.,","Spence Shipping Pvt Ltd.,","Spence Shipping Pvt Ltd.,",,,,,,"Spence Shipping Pvt Ltd., , No. 315, Vauxhall street,",Colombo 02.,,,,"Spence Shipping Pvt Ltd., ",Colombo 02.,,,,,Due on receipt,SS,0.00,0.00,0,,,,,0,Non VAT,Tax,1,
80000380-1495196683,Sri Lanka Institute of Taxation,Sri Lanka Institute of Taxation,,,,,,,"Sri Lanka Institute of Taxation, No 42-A-1/1 Galle Road, , Dehiwala North,",Dehiwala.,,,,,,,,,,,AD,-3450.00,-3450.00,0,,,,,0,VAT15%,Tax,1,
800001D1-1301636630,Sri Lanka Insurance Coporation ltd.,Sri Lanka Insurance Coporation ltd.,SRI LANKA INSURANCE CORPORATION LTD,,,0112 357 905,,0112 357 913,"SRI LANKA INSURANCE CORPORATION LTD., 21, Vauxhall Street, , Colombo 02.",VAT No -,,294001590-700,,,,,,,,Due on receipt,AS,2562207.10,2562207.10,0,,,,,0,Non VAT,Tax,1,
8000024B-1374050492,Sri Lanka Navy,Sri Lanka Navy,Commander of the Navy,,,,,,"Commander of the Navy, , Sri Lanka Navy Headquarters",Colombo 01,,,,,,,,,,,AS,0.00,0.00,0,,,,,0,Non VAT,...,1,
8000026D-1392965568,Sri Lanka Press Institute,Sri Lanka Press Institute,Sri Lanka Press Institute,,,,,,"Sri Lanka Press Institute, No:96, , Kirula Road,",Colombo 05,,,,,,,,,,,AS,0.00,0.00,0,,,,,0,NBT,Tax,1,
80000130-1238680058,SRI VAMA CONNECTING CENTRE,SRI VAMA CONNECTING CENTRE,SRI VAMA CONNECTING CENTRE,,,,,,"SRI VAMA CONNECTING CENTRE, 3, W.A.DE SILVA MW,",,W.A.DE,,,,,,,,,,,0.00,0.00,0,VAMA,,,,0,,,1,
8000038B-1498034875,Srila,Srila,,,,,,,Srila,,,,,,,,,,,,,0.00,0.00,0,,,,,0,,Tax,1,
80000302-1459921970,St.Anthony's Coating & Minerals(Pvt) Ltd.,St.Anthony's Coating & Minerals(Pvt) Ltd.,St.Anthony's Coating & Minerals(Pvt) Ltd.,,,,,,"St.Anthony's Coating & Minerals(Pvt) Ltd., #752/1, , Dr.Danister De Silva Mawatha, , Base Line Road,",Colombo 09.,,,,,,,,,,,dil,0.00,0.00,0,,,,,0,Non VAT,...,1,
800001F3-1315284945,Stafford Motor,Stafford Motor,"STAFFORD MOTOR CO.(PVT) LTD.,",,,,,,"STAFFORD MOTOR CO.(PVT) LTD., , 718/7, Maradana Road,",Colombo 10.,,,,,,,,,,Due on receipt,,0.00,0.00,0,,,,,0,Non VAT,Tax,1,
80000113-1238680056,STAR COMMUNICATION,STAR COMMUNICATION,STAR COMMUNICATION,,,,,,STAR COMMUNICATION,,,,,,,,,,,,,0.00,0.00,0,STR,,,,0,,,1,
8000041F-1528171912,Star Garments (Pvt) Limited,Star Garments (Pvt) Limited,Star Garments (Pvt) Limited,,,,,,"Star Garments (Pvt) Limited, Phase 1,",,Ring Road 2,,Sri Lanka,Star Garments (Pvt) Limited,,Ring Road 2,,Sri Lanka,,,L,0.00,0.00,0,,,,,0,Non VAT,Tax,1,
800004B0-1571654077,Star Garments Group (Pvt) Ltd,Star Garments Group (Pvt) Ltd,Star Garments Group (Pvt) Ltd,,,,,,"Star Garments Group (Pvt) Ltd, 1A, 4th Floor, Unity Place, Colombo",VAT Reg Number,,100896761-700,,,,,,,,,L,0.00,0.00,0,,,,,0,Non VAT,Tax,1,
800003E4-1514533530,Star Technology,Star Technology,Star Technology,,,,,,"Mr. Jayasiri Gunasekara, Star Technology, , No: 565/A,","Batuwaththa, Ragama",,,,,,,,,,,L,198750.00,198750.00,0,,,,,0,Non VAT,Tax,1,
80000181-1250237834,State Bank of India.,State Bank of India.,State Bank of India.,,,,,,"STATE BANK OF INDIA., , 16, Sir Baron Jayatilake Mawatha,",,Sir Baron,,,State Bank of India.,,Sir Baron,,,,Due on receipt,AS,7000.00,7000.00,0,,,,,0,Non VAT,...,1,
80000193-1263907293,Stateman Hats,Stateman Hats,,,,,,,Stateman Hats,,,,,,,,,,,,,0.00,0.00,0,,,,,0,,Tax,0,
80000112-1238680056,STATEMAN HATS (Pvt) LTD.,STATEMAN HATS (Pvt) LTD.,STATEMAN HATS (Pvt) LTD.,MS. Nirmala,chrishanthi@statesmanlk.com,2932895,5364474,2932894,"STATESMAN HATS (Pvt) LTD., 33, Palliyawatte Road, , Palliyawatte, , Wattala.",Vat No,,114261009-700,,,,,,,,Due on receipt,AS,143725.00,143725.00,0,STATES,,,,0,Non VAT,...,1,
80000009-1237878667,Statesman Hats,Statesman Hats,,,,,,,,,,,,,,,,,,,,0.00,0.00,0,,,,,0,Export,Tax,0,
800003BE-1507622251,Stelacom (Pvt) Ltd,Stelacom (Pvt) Ltd,Stelacom (Pvt) Ltd,,,,,,"Stelacom (Pvt) Ltd, , 410/118, Bauddhaloka Mw,",Colombo 07,,,,,,,,,,,AD,0.00,0.00,0,,,,,0,Non VAT,Tax,1,
8000010E-1238680056,STONE N STRING (PVT) LTD,STONE N STRING (PVT) LTD,STONE N STRING (PVT) LTD,MR. GAFFAR,,2301555-9,,,"STONE N STRING (PVT) LTD, 275, R.A.DE MEL MAWATHA,",,R.A.DE,,,,,,,,,Due on receipt,AS,0.00,0.00,0,SNS,,,,0,,,1,
800001B1-1281667638,Strategic Inpirations,Strategic Inpirations,Strategic Inspirations (Pvt) Ltd,,,,,,"Strategic Inspirations (Pvt) Ltd, 32/4, Bellanwila",Boralesgamuwa,,,,,,,,,,Due on receipt,SS,0.00,0.00,0,,,,,0,Non VAT,Tax,1,
800001E2-1310976732,Streamline International (pvt) Ltd,Streamline International (pvt) Ltd,"STREAMLINE INTERNATIONAL (PVT) LTD.,",,,,,,"STREAMLINE INTERNATIONAL (PVT) LTD., , 9, 2nd Floor, School Lane,",,2nd Floor,,,,,,,,,Due on receipt,R,0.00,0.00,0,,,,,0,Non VAT,Tax,1,
8000022F-1355912401,Studio 3000,Studio 3000,Studio 3000,,,,,,"Studio 3000, , No:02, Piazza Shopping Arcade Galle Road, , Galle Face Hotel,",Colombo 03.,,,,,,,,,,,P,0.00,0.00,0,,,,,0,Non VAT,...,1,
8000033E-1481786377,Studio Click,Studio Click,,,,,,,"Studio Click, No 336 , Kaduwela Road,",Battaramulla.,,,,,,,,,,,AD,0.00,0.00,0,,,,,0,Non VAT,Non,1,
8000032E-1476787557,Studio Click Online,Studio Click Online,,,,,,,"Studio Click Online, No-49/30, Civali Mawatha",Hunupitiya,,,,,,,,,,,AD,16570.00,16570.00,0,,,,,0,Non VAT,Tax,1,
80000339-1479787530,Studio I Max,Studio I Max,,,,,,,"Studio I Max, No 94/1/49, Weragoda Building, Ja-ela,",Gampaha,,,,,,,,,,,AD,0.00,0.00,0,,,,,0,Non VAT,Tax,1,
80000274-1395030935,Studio Jonathans,Studio Jonathans,Studio Jonathans,,,,,,"Studio Jonathans, No:454, , Havelock Road,",Colombo 06,,,,,,,,,,,dil,0.00,0.00,0,,,,,0,NBT 1%,Tax,1,
8000020C-1327642968,Studio Lakdam,Studio Lakdam,Studio Lakdam Pvt Ltd.,,,,,,"Studio Lakdam (Pvt) Ltd., 236 Galle Road,",Mount Lavinia.,,,,,,,,,,Due on receipt,AD,80991.00,80991.00,0,,,,,0,Non VAT,...,1,
8000048C-1560411132,Studio Net,Studio Net,Studio Net,,,,,,"Studio Net, No, 214C, , Sri Piyarathana Mawatha,",Galle,,,,,,,,,,,AD,0.00,0.00,0,,,,,0,Non VAT,Tax,1,
800003E6-1515221781,Studio Pro- Eye,Studio Pro- Eye,,,,,,,"Studio Pro-Eye, Karapitiya Road, , Kithulampitiya",Galle.,,,,,,,,,,,AD,8000.00,8000.00,0,,,,,0,Non VAT,Tax,1,
800003E8-1515393010,Studio Siyakroo,Studio Siyakroo,,,,,,,"Studio Siyakroo, 159/3/B, , Uyanwatte Ganaloka Nahim Mawatha, (New Hunupitiya Road)",Kelaniya,,,,,,,,,,,AD,-1771.00,-1771.00,0,,,,,0,Non VAT,Tax,1,
8000000C-1237878719,STUDIO TIMES,STUDIO TIMES,STUDIO TIMES,,,,,,STUDIO TIMES,,,,,,,,,,,,,0.00,0.00,0,.STU,,,,0,Export,Tax,1,
80000116-1238680057,SUBA WORLD TECHNICAL,SUBA WORLD TECHNICAL,SUBA WORLD TECHNICAL,,,,,,"SUBA WORLD TECHNICAL, 159, GALLE ROAD",COLOMBO 06,,,,,,,,,,,,0.00,0.00,0,SUBA,,,,0,,,1,
8000050C-1615975425,SUDARSHANA SENADHEERA ARCHITECTS,SUDARSHANA SENADHEERA ARCHITECTS,SUDARSHANA SENADHEERA ARCHITECTS,,,,,,"SUDARSHANA SENADHEERA ARCHITECTS, (PVT) LTD, 106, Sanasa Ideal City, , Bauddaloka Mawatha",Gampaha,,,,,,,,,,,AD,0.00,0.00,0,,,,,0,Non VAT,Tax,1,
8000045D-1546320098,Sudarshana Senadheera Architects(PVT) LTD,Sudarshana Senadheera Architects(PVT) LTD,Sudarshana Senadheera Architects(PVT) LTD,,,,,,"Sudarshana Senadheera Architects(PVT) LTD, No- 106, Sanasa Ideal City, , Bauddhaloka,",Mawatha,,,,,,,,,,,AD,0.00,0.00,0,,,,,0,VAT15%,Tax,1,
80000117-1238680057,SUHADA INTERNET CAFE,SUHADA INTERNET CAFE,SUHADA INTERNET CAFE,MR. RANJITH,,0718888111,,4301561,"MR. RANJITH, SUHADA INTERNET CAFE, HIGHLEVEL ROAD",MAHARAGAMA,,,,,,,,,,,,0.00,0.00,0,SUHADA,,,,0,,,1,
80000190-1263207405,Sujee Cafe,Sujee Cafe,Sujee Cafe,,,,,,Sujee Cafe,,,,,,,,,,,,,0.00,0.00,0,,,,,0,Non VAT,Tax,1,
80000115-1238680057,SUMANRAJ,SUMANRAJ,SUMANRAJ,,,,,,SUMANRAJ,,,,,,,,,,,,,0.00,0.00,0,SU,,,,0,,,1,
80000477-1553834699,Sumathi Information Technologies,Sumathi Information Technologies,Sumathi Information Technologies,,,0115553313,,,"Sumathi Information Technology (Pvt) Ltd, No 491, Galle Road",Colombo 03,,,,,,,,,,,A,0.00,0.00,0,,,,,0,Non VAT,Tax,1,
80000322-1472473632,Summit Finance PLC,Summit Finance PLC,,,,,,,"Summit Finance PLC, City Office, , No 15, Station Road.",Colombo 03.,,,,,,,,,,,A,0.00,0.00,0,,,,,0,Non VAT,Tax,1,
800003E7-1515222639,Sun Aqua Pasikudah,Sun Aqua Pasikudah,,,,,,,"Sun Aqua Pasikudah, Kalkudha",Pasikudha,,,,,,,,,,,L,0.00,0.00,0,,,,,0,Non VAT,Tax,1,
80000118-1238680057,SUN NET CAFE,SUN NET CAFE,SUN NET CAFE,,,,,,"SUN NET CAFE, 285/ 1/1, GALLE ROAD",COLOMBO 06,,,,,,,,,,,,0.00,0.00,0,SUN,,,,0,,,1,
80000119-1238680057,SUN NET DIGITAL HOUSE,SUN NET DIGITAL HOUSE,SUN NET DIGITAL HOUSE,,,,,,"SUN NET DIGITAL HOUSE, 107, HILL STREET",DEHIWELA,,,,,,,,,,,,0.00,0.00,0,Sun 1,,,,0,,,1,
8000011A-1238680057,SUN NET SYSTEM,SUN NET SYSTEM,SUN NET SYSTEM,,,,,,"SUN NET SYSTEM, 9/1 DEHIWELA ROAD",BORALASGAMUWA,,,,,,,,,,,,0.00,0.00,0,SUN NET,,,,0,,,1,
8000011B-1238680057,SUN RAYS COMPUTER SYSTEM,SUN RAYS COMPUTER SYSTEM,SUN RAYS COMPUTER SYSTEM,,,,,,"SUN RAYS COMPUTER SYSTEM, NO 21, OLD MOOR STREET,",,OLD,,,,,,,,,,,0.00,0.00,0,SUN RAY,,,,0,,,1,
800003BD-1507532238,Sun Shine Health Care Lanka Ltd,Sun Shine Health Care Lanka Ltd,,,,,,,"Sun Shine Health Care Lanka Ltd, 27-4/1, York Arcade Bldg., , York Arcade Road,",Colombo 01,,,,,,,,,,,A,0.00,0.00,0,,,,,0,VAT15%,Tax,1,
8000011D-1238680057,SUNHINE INTERNET CAFE,SUNHINE INTERNET CAFE,SUNHINE INTERNET CAFE,,,,,,"SUNHINE INTERNET CAFE, 3/8, HOSPITAL ROAD",KALUBOVILA,,,,,,,,,,,,0.00,0.00,0,SUSHINE,,,,0,,,1,
800001FE-1318909934,Suntel Limited,Suntel Limited,"SUNTEL LIMITED.,",,,,,,"SUNTEL LIMITED., , 110, Sir James Peiris Mawatha,",,Sir James,,,,,,,,,Net 30,Y,0.00,0.00,0,,,,,0,Non VAT,Tax,1,
800004E0-1594112180,Super Unique IT Solutions,Super Unique IT Solutions,Super Unique IT Solutions,,,,,,"Super Unique IT Solutions, 25/A Fernando Ave, ",Negombo,,11500,,,,,,,,,A,0.00,0.00,0,,,,,0,Non VAT,Tax,1,
800004B6-1575879287,Supervision Technology (Pvt) Ltd,Supervision Technology (Pvt) Ltd,Supervision Technology (Pvt) Ltd,,,,,,"Supervision Technology (Pvt) Ltd, No 92/1/4 , Old Galle Road, , Walana",Panadura.,,,,,,,,,,,AD,209500.00,209500.00,0,,,,,0,VAT 8%,Tax,1,
8000011C-1238680057,SUPPLY ROOM (PVT) LTD,SUPPLY ROOM (PVT) LTD,SUPPLY ROOM (PVT) LTD,,,2848442,,,"SUPPLY ROOM (PVT) LTD, 134 BORELLA ROAD DEPANAMA PANNIPITIYA",,,,,,,,,,,,,0.00,0.00,0,SUPPLY,,,,0,,,1,
800004D2-1586324486,SupremeSAT (PVT) LTD,SupremeSAT (PVT) LTD,,,,,,,"SupremeSAT (PVT) LTD, No 33, West Tower, , World Trade Centre,",Colombo 01,,,Sri Lanka,,,,,,,,AS,0.00,0.00,0,,,,,0,Non VAT,Tax,1,
800003D2-1512358177,Survey Department,Survey Department,Survey Department,,,,,,"Survey Department, , Senior Superintendent, , (Procurement & Supplies), , Surveyor General's Office,",Colombo 05,,,,,,,,,,,AD,0.00,0.00,0,,,,,0,..,Tax,1,
80000360-1487828810,Susila Creations(Pvt)  Ltd,Susila Creations(Pvt)  Ltd,,,,,,,"Susila Creations (Pvt) Ltd, No 10, Pangiriwatta Mawatha, Mirihana,",Nugegoda,,,,,,,,,,,AD,0.00,0.00,0,,,,,0,Non VAT,...,1,
80000186-1256532795,Swarnamahal Fin. Svcs,Swarnamahal Fin. Svcs,Swarnamahal Financial Services Ltd.,Samith Ganepola,,011 2556160 - 4,,011 2595062,"SWARNAMAHAL FINANCIAL SERVICES PLC., , 654, Galle Road,",Colombo 03.,,,,Swarnamahal Financial Services Ltd.,Colombo 03,,,,,Due on receipt,dil,0.00,0.00,0,,,,,0,NBT 1%,Tax,1,
80000239-1362117130,Swedish Cooperative Centre,Swedish Cooperative Centre,Swedish Cooperative Centre,Mr.Kalum,,2882005,,2865944,"Swedish Cooperative Centre, , No:285/2B, , Kaduwela Road,",Battaramulla.,,,,,,,,,,,dil,0.00,0.00,0,,,,,0,Non VAT,...,1,
80000478-1553924658,Swedish Trading Audio Visual (Pvt) Ltd,Swedish Trading Audio Visual (Pvt) Ltd,,,,,,,"Swedish Trading Audio Visual (Pvt) Ltd, No 191, Viting house , ",Galle Road,MT,,,,,,,,,,SK,0.00,0.00,0,,,,,0,Non VAT,Tax,1,
8000019E-1272363447,Swiss Biogenics,Swiss Biogenics,Swiss Biogenics Limited,,,,,,"Swiss Biogenics Limited, 27-4/1, York Arcade Building, , York Arcade Road,",Colombo 01,,,,Swiss Biogenics Limited,Colombo 01,,,,,Due on receipt,SS,0.00,0.00,0,,,,,0,NBT,Tax,1,
800001DF-1309262585,Swisstec Aluminium ( Lankatiles),Swisstec Aluminium ( Lankatiles),Swisstec Aluminum Limited,,,,,,"Swisstec Aluminum Limited, No. 7/76 , Pahala Dompe,",DOMPE,,,,,,,,,,Due on receipt,AS,0.00,0.00,0,,,,,0,NBT,Tax,1,
8000021B-1337252922,SWISSTEK (CEYLON)PLC,SWISSTEK (CEYLON)PLC,"Swisstek(Ceylon)Plc,",,,011-4734392/2,,011-4734390,"Swisstek(Ceylon)Plc, , No215, , Nawala Rd, , Narahenpita,",Colombo 05.,,,,,,,,,,,AS,0.00,0.00,0,,,,,0,NBT,Tax,1,
800003EE-1516870274,Synergy Engineering (Pvt) ltd,Synergy Engineering (Pvt) ltd,,,,,,,"Synergy Engineering (Pvt) ltd, 452/B, Susilarama Road,",Malabe,,,,,,,,,,,A,0.00,0.00,0,,,,,0,Non VAT,Tax,1,
800002D3-1443508017,Synergy Information Technology,Synergy Information Technology,Synergy Information Technology,,,,,,"Synergy Information Technology, No:54/7B, , Kotikawatta Road,",Gothatuwa.,,,,,,,,,,,AS,0.00,0.00,0,,,,,0,Non VAT,...,1,
80000238-1361354366,Synergy Ventures,Synergy Ventures,Seynergy Ventures,,,,,,"Synergy Ventures, Dickmons Road, , Colombo 05.",VAT No,,114753874-700,,,,,,,,,AS,9000.00,9000.00,0,,,,,0,VAT15%,Non,1,
80000384-1495863457,"Synology ,Taiwan","Synology ,Taiwan",,,,,,,"Synology Incorporated, Taipe",,,,Taiwan,,,,,,,,,0.00,0.00,0,,,,,0,Non VAT,Tax,1,
80000172-1239769812,Synology Inc,Synology Inc,Synology Inc.,,,,,,"Synology Inc., 6F-2,",,"No. 106, Chang An W. ",,"Taipei, Taiwan ROC",,,,,,,DDU,,0.00,0.00,0,,,,,0,Non VAT,Non,1,
8000033A-1479893131,Sysco Network Systems,Sysco Network Systems,,,,,,,"Sysco Network Systems(Pvt) Ltd, No .73/48 , , Kirulapona Mawatha,",Colombo 05,,,,,,,,,,,AS,0.00,0.00,0,,,,,0,Non VAT,Tax,1,
80000393-1499836371,T & D Associates,T & D Associates,,,,,,,"T & D Associates, No 36 light House Street, Fort ,",Galle.,,,,,,,,,,,AD,0.00,0.00,0,,,,,0,..,Tax,1,
800004A9-1569221194,T & D Associates.,T & D Associates.,T & D Associates,,,,,,"T & D Associates, 175/B 1/2 Anagarika Dharmapala Mwawatha",Matara,,,,,,,,,,,AD,0.00,0.00,0,,,,,0,Non VAT,Tax,1,
80000328-1475137324,T E C Data Solutions,T E C Data Solutions,,,,,,,"T E C Data Solutions, No 08, Bambalapitiya Drive",Colombo 04,,,,,,,,,,,L,-250.00,-250.00,0,,,,,0,Non VAT,Tax,1,
80000323-1472703229,T K S Finance Limited,T K S Finance Limited,,,,,,,"T K S Finance Limited, No 245, Dharmapala Mawatha,",Colombo 07,,,,,,,,,,,L,0.00,0.00,0,,,,,0,Non VAT,Tax,1,
8000011E-1238680057,"T,S,P MANAGEMENT SERVICES (PVT) LTD","T,S,P MANAGEMENT SERVICES (PVT) LTD","T,S,P MANAGEMENT SERVICES (PVT) LTD",,,2644741,,,"T, S, P MANAGEMENT SERVICES (PVT) LTD",,"S, P MANAGEMENT SERVI",,,,,,,,,,,0.00,0.00,0,"T,S,P",,,,0,,,1,
80000129-1238680057,TABLE TENNIS ASSOCIATION OF SRI LANKA,TABLE TENNIS ASSOCIATION OF SRI LANKA,TABLE TENNIS ASSOCIATION OF SRI LANKA,ASITHA VITHANAGAMAGE,,0777 324040,,,"ASITHA VITHANAGAMAGE, TABLE TENNIS ASSOCIATION OF SRI LANKA, 567/3A KANDY ROAD, , RANMUTHUGALA",KADAWATHA,,,,,,,,,,,,0.00,0.00,0,TTASL,,,,0,,,1,
800002B5-1430971195,Taj Samudra,Taj Samudra,Taj Samudra,,,,,,"Taj Samudra, Galle Face Center Road,",Colombo 03,,,,,,,,,,,E,0.00,0.00,0,,,,,0,NBT 1%,Tax,1,
8000030A-1461929163,Tajima Colombo (Pvt) Ltd,Tajima Colombo (Pvt) Ltd,Tajima Colombo (Pvt) Ltd,,,,,,"Tajima Colombo (Pvt) Ltd, No:28 , Galle Road, , Dehiwala, ",VAT No,,114073997-700,,,,,,,,,AS,6000.00,6000.00,0,,,,,0,VAT15%,Tax,1,
80000377-1494767850,Tallees Advertising (Pvt)Ltd,Tallees Advertising (Pvt)Ltd,,,kshe@talles.com,,,,"Tallees Advertising (Pvt) Ltd, No 5 Park Circus, Park Road",Colombo 05,,,,,,,,,,,AD,5000.00,5000.00,0,,,,,0,Export,Tax,1,
800003CC-1509966661,TASZ Holdings (Pvt)Ltd,TASZ Holdings (Pvt)Ltd,,,,,,,"TASZ Holdings(PVT)Ltd, Level 06, No 48, Parkway Building, Park Street, Colombo 02",VAT No,,114382345-700,,,,,,,,,L,0.00,0.00,0,,,,,0,VAT15%,Tax,1,
8000029B-1411529562,Tea Tang (Pvt) Ltd,Tea Tang (Pvt) Ltd,Tea Tang (Pvt) Ltd,,teatng@teatang.com,0112-547834/5/6,,0112-547824 /0112-547,"Tea Tang (Pvt) Ltd, No:235/4, Old Awissawella Road, , Orugodawatha.",VAT No,,104059503-700,,,,,,,,,AS,0.00,0.00,0,,,,,0,VAT15%,Tax,1,
800001D5-1302082885,TEARDROP HOLIDAYS (PVT) LTD,TEARDROP HOLIDAYS (PVT) LTD,TEARDROP HOLIDAYS (PVT) LTD,,,0117 895 830,,,"TEARDROP HOLIDAYS (PVT) LTD, 30/84, Perera Gardens, , Off Perera Mawatha, Pelawatte,",Battaramulla.,,,,,,,,,,,,0.00,0.00,0,,,,,0,Non VAT,Tax,1,
80000440-1538024305,Tech Crop Solutions (Pvt) Ltd,Tech Crop Solutions (Pvt) Ltd,Tech Crop Solutions (Pvt) Ltd,,,,,,"Tech Corp Solutions (Pvt) Ltd, 502E, 3rd Floor, Unity Plaza",,3rd Floor,,,,,,,,,,DC,-64000.00,-64000.00,0,,,,,0,Non VAT,Tax,1,
8000052D-1715844090,Tech Doc (Pvt) ltd,Tech Doc (Pvt) ltd,,,,,,,Tech Doc (Pvt) ltd,,,,,,,,,,,,SMM,473350.00,473350.00,0,,,,,0,Non VAT,Tax,1,
80000120-1238680057,TECH NET ZONE,TECH NET ZONE,TECH NET ZONE,,,,,,"TECH NET ZONE, 9A, HAMDAM LANE",COLOMBO 06,,,,,,,,,,,,0.00,0.00,0,TECH,,,,0,,,1,
800003E9-1515818261,Tech Solution Network,Tech Solution Network,,,,,,,"Tech Solution Network, No 140, Ceylinco Houses, Abeyrathne Mawatha",Boralesgamuwa.,,,,,,,,,,,N,0.00,0.00,0,,,,,0,Non VAT,Tax,1,
8000047F-1554883394,Techno First (Pvt) Ltd,Techno First (Pvt) Ltd,Techno First (Pvt) Ltd,,,,,,"Techno First (Pvt) Ltd, 85A, 1/33, New Kelaniya, Bridge Road,",Colombo 14,,,,,,,,,,,A,0.00,0.00,0,,,,,0,Non VAT,Tax,1,
80000490-1561529901,Technoland Computer systems and Networks,Technoland Computer systems and Networks,Technoland Computer systems and Networks,,,,,,"Technoland Computer systems, and Networks, 458A, Station Road,",Katunayake.,,,,,,,,,,,A,0.00,0.00,0,,,,,0,Non VAT,Tax,1,
8000011F-1238680057,TECHNOLOGY PROVIDER,TECHNOLOGY PROVIDER,TECHNOLOGY PROVIDER,,,,,,"TECHNOLOGY PROVIDER, 10, OLD FERRY ROAD, , MALAY STREET",COLOMBO 2,,,,,,,,,,,,0.00,0.00,0,TE,,,,0,,,1,
800001AF-1280902591,techtron,techtron,Techtron Integrated Solutions (Pvt) Ltd,,Shaheer@activelk.com,,,,"Techtron Integrated Solutions (Pvt) Ltd, 195, High Level Road,",,High,,,Techtron Integrated Solutions (Pvt) Ltd,,High,,,,Due on receipt,AS,27000.00,27000.00,0,,,,,0,VAT15%,...,1,
8000021D-1338547099,TEDHA PVT LTD,TEDHA PVT LTD,TEDHA Pvt Ltd,,ramesh@tedha.lk,0117-399660,,0117-399665,"TEDHA Pvt Ltd, , No:3, Elibank Road,",Colombo 04.,,,,,,,,,,,AS,0.00,0.00,0,,,,,0,VAT,Tax,1,
800003DF-1513840177,Tekxeon Interconnect (Pvt) Ltd,Tekxeon Interconnect (Pvt) Ltd,Tekxeon Interconnect (Pvt) Ltd,,,,,,"Tekxeon Interconnect (Pvt) Ltd, 262, Kaduwela Road, , Koswatta, , Battaramulla",VAT Reg. No,,174806667-700,,,,,,,,,A,0.00,0.00,0,,,,,0,Non VAT,Tax,1,
800004B3-1574307471,Telasis Solutions (Pvt) Ltd,Telasis Solutions (Pvt) Ltd,Telasis Solutions (Pvt) Ltd,,,,,,"Telasis Solutions (Pvt) Ltd, No. 042, Temple Lane,",Colombo 03.,,,,,,,,,,,AD,0.00,0.00,0,,,,,0,Non VAT,Tax,1,
80000336-1478236243,Tellida (Pvt)Ltd,Tellida (Pvt)Ltd,,,,,,,"Tellida (Pvt) Ltd, No 32/2 Lauries Road, , Colombo 04",VAT No,,114821080-700,,,,,,,,,L,0.00,0.00,0,,,,,0,VAT15%,Non,1,
80000122-1238680057,TELY PRENT INTERNET CAFE,TELY PRENT INTERNET CAFE,TELY PRENT INTERNET CAFE,,,,,,TELY PRENT INTERNET CAFE,378 GALLE RD,CO,,,,,,,,,,,0.00,0.00,0,TELY,,,,0,,,1,
80000123-1238680057,TERRE DES HOMMES,TERRE DES HOMMES,TERRE DES HOMMES,,,,,,TERRE DES HOMMES,,,,,,,,,,,,,0.00,0.00,0,TER,,,,0,,,1,
80000291-1409293398,Thakral One (Pvt) Ltd,Thakral One (Pvt) Ltd,Thakral One (Pvt)Ltd,,,0115-552324,,0115-552323,"Thakral One (Pvt)Ltd, 4th Floor, , 595, Galle Road,",Colombo 06,,,,,,,,,,,dil,0.00,0.00,0,,,,,0,NBT 1%,Tax,1,
80000422-1529044244,Thakral One (Pvt) Ltd.,Thakral One (Pvt) Ltd.,Thakral One (Pvt) Ltd.,,,,,,"Thakral One (Pvt) Ltd, No.297, 1st Floor, , Union Place",Colombo 02,,,,Thakral One (Pvt) Ltd,Colombo 02,,,,,,A,0.00,0.00,0,,,,,0,Non VAT,Tax,1,
800001E9-1312431574,The Asia Foundation,The Asia Foundation,"THE ASIA FOUNDATION.,",,,,,,"THE ASIA FOUNDATION., , 3/1A, Rajakeeya Mawatha,",Colombo 07.,,,,,,,,,,Due on receipt,SS,0.00,0.00,0,,,,,0,Non VAT,Tax,1,
80000026-1238680044,"THE ASSOCIATED NEWSPAPERS OF CEYLON LTD.,","THE ASSOCIATED NEWSPAPERS OF CEYLON LTD.,","THE ASSOCIATED NEWSPAPERS OF CEYLON LTD.,",,,,,,"THE ASSOCIATED NEWSPAPERS OF CEYLON LTD.,, Lake House,",Colombo.,,,,,,,,,,Due on receipt,SS,0.00,0.00,0,ANCL,,,,0,,,1,
80000385-1496123071,The Buddhist Media Network,The Buddhist Media Network,,,,,,,"The Buddhist Media Network, R.G Senanayaka Mawatha,",Colombo 07,,,,,,,,,,,L,392550.00,392550.00,0,,,,,0,VAT15%,Tax,1,
80000203-1319532945,The Capital Maharaja,The Capital Maharaja,THE CAPITAL MAHARAJA ORGANISATION LIMITED,,,,,,"THE CAPITAL MAHARAJA ORGANISATION LIMITED, GROUP IT DIVISION, 467, UNION PLACE,",COLOMBO - 02,,,,,,,,,,Due on receipt,AS,0.00,0.00,0,,,,,0,Non VAT,...,1,
800001DA-1305862832,The Computer Center (pvt) Ltd,The Computer Center (pvt) Ltd,THE COMPUTER CENTER (PVT) LTD.,,,0112 598 198,,0112 598 199,"THE COMPUTER CENTER (PVT) LTD., 1 E, De Fonseka Place, , Colombo 05.",VAT No -,,114148440-700,,,,,,,,,AS,0.00,0.00,0,,,,,0,VAT15%,...,1,
800003EC-1516105056,The Employer's Federation of Ceylon,The Employer's Federation of Ceylon,,,,,,,"The Employer's Federation of Ceylon, 385 J3 B62",Sri Jayawardenepura Kotte,,,,,,,,,,,A,0.00,0.00,0,,,,,0,Non VAT,Tax,1,
800001E7-1312265087,The Institute of Chartered Accountants,The Institute of Chartered Accountants,THE INSTITUTE OF CHARTERED ACCOUNTANTS,,,,,,"THE INSTITUTE OF CHARTERED ACCOUNTANTS, 30 A, Malalasekara Mawatha, , Colombo 07,",Sri Lanka.,,,,,,,,,,Due on receipt,E,0.00,0.00,0,,,,,0,Non VAT,...,1,
80000310-1467029279,The Kingsbury PLC,The Kingsbury PLC,,,,,,,"THE KINGSBURY PLC, # 48 , Janadhipathi Mawatha,",Colombo 01.,,,,,,,,,,,AS,0.00,0.00,0,,,,,0,Non VAT,Tax,1,
8000020E-1330412874,The Madhatter(Pvt)Ltd,The Madhatter(Pvt)Ltd,THE MADHATTER(PVT)LTD,,,,,,"THE MADHATTER(PVT)LTD, No.127/1 Paliyawatta, , Hendala,",Wattala,,,,,,,,,,,AS,59680.00,59680.00,0,,,,,0,VAT,...,1,
800001E8-1312431245,The Maharaja Organisation Limited,The Maharaja Organisation Limited,"THE MAHARAJA ORGANISATION LIMITED.,",,,,,,"THE MAHARAJA ORGANISATION LTD., , Group IT Division, , 467, Union Place,",Colombo 02.,,,,,,,,,,Due on receipt,SM,0.00,0.00,0,,,,,0,Non VAT,Tax,1,
800001D4-1302076354,THE WALLAWWA,THE WALLAWWA,THE WALLAWWA,,www.thewallawwa.com,0117 895 830,,,"THE WALLAWWA, 30/84, Perera Gardens, , Off Perera Mawatha, Pelawatte,",Battaramulla.,,,,,,,,,,Due on receipt,SS,0.00,0.00,0,,,,,0,Non VAT,Tax,1,
80000125-1238680057,THEETANET,THEETANET,THEETANET,,,,,,"THEETANET, 31/8C, 6TH FLOOR, AMBILLAWATTA",BORALESGAMUWA,,,,,,,,,,,,0.00,0.00,0,THEE,,,,0,,,1,
80000523-1631916075,Thilini Prasadika,Thilini Prasadika,,,,,,,"Thilini Prasadika, ADE Lanka Pvt Ltd",,,,,,,,,,,,AS,0.00,0.00,0,,,,,0,,Tax,1,
8000031A-1470112897,Thillai Vision,Thillai Vision,Thillai Vision,,,,,,"Thillai Vision, 309, 1/6, Galle Road,",,1/6,,,,,,,,,,AD,0.00,0.00,0,,,,,0,Non VAT,Tax,1,
80000331-1477467709,Thread Works (Pvt) Ltd,Thread Works (Pvt) Ltd,,,,,,,"Thread Works (Pvt)Ltd, No 83/14, Angulana Station Rd, , Lakshapathiya, Moratuwa",VAT No,,114392090-700,,,,,,,,,AD,0.00,0.00,0,,,,,0,VAT15%,Tax,1,
80000345-1484112538,Timex Garments (Pvt) Ltd,Timex Garments (Pvt) Ltd,,,,,,,"Timex Garments (Pvt) Ltd, 455/1, Bauddhaloka Mawatha,",Colombo 08,,,,,,,,,,,AS,0.00,0.00,0,,,,,0,Non VAT,Tax,1,
80000421-1528961823,TMI Solutions (Pvt) Ltd,TMI Solutions (Pvt) Ltd,TMI Solutions (Pvt) Ltd,,,,,,"TMI Solutions (Pvt) Ltd, 20-1/1, Robert Gunawardana MW,",,Robert,,,TMI Solutions (Pvt) Ltd,,Robert,,,,,L,0.00,0.00,0,,,,,0,VAT15%,Tax,1,
800001B4-1282280680,Touchwood,Touchwood,Touchwood Investments PLC,,,,,,"Touchwood Investments PLC, Level 2, Prince Alfred Towers, ",10,Alfred House Gardens,,Sri Lanka,,,,,,,Due on receipt,DL,0.00,0.00,0,,,,,0,Non VAT,Tax,1,
80000348-1484742551,Trade Promoters (Pvt)Ltd,Trade Promoters (Pvt)Ltd,,,,,,,"Trade Promoters (Pvt)Ltd, No 272/25 , , Sudarshana Mawatha,",Malabe.,,,,,,,,,,,L,0.00,0.00,0,,,,,0,Non VAT,Tax,1,
80000127-1238680057,TRANSWORLD COMPUTERS (PVT) LTD,TRANSWORLD COMPUTERS (PVT) LTD,TRANSWORLD COMPUTERS (PVT) LTD,MR. G.A. BALAN,,"4512690, 2556050",,,"MR. G.A. BALAN, TRANSWORLD COMPUTERS (PVT) LTD, 1A, DUPLICATION ROAD,",COLOMBO 05,,,,,,,,,,,,0.00,0.00,0,TRANSCOM,,,,0,,,1,
80000128-1238680057,TRANSWORLD IMPEX LANKA,TRANSWORLD IMPEX LANKA,TRANSWORLD IMPEX LANKA,,,,,,"TRANSWORLD IMPEX LANKA, 94, 1 ST FLOOR, D.S. SENANAIKE MW,",KANDY,,,,,,,,,,,,0.00,0.00,0,TRANSWORLD,,,,0,,,1,
800002BF-1435137653,Travel Center UK,Travel Center UK,Travel Center UK,,,,,,"Travel Center UK, 3rd Floor, #345, , Galle Road,",Colombo 03,,,,,,,,,,,dil,0.00,0.00,0,,,,,0,NBT 1%,Tax,1,
800001A6-1277274593,Trident Corp,Trident Corp,Trident Corporation (Pvt ) Ltd.,,,,,,"Trident Corporation (Pvt ) Ltd., 3/1, 3rd Floor, , No:595, Galle Road,",Colombo 06,,,,,,,,,,Due on receipt,SS,0.00,0.00,0,,,,,0,VAT15%,VAT,1,
800004CB-1582544257,Triline Solutions (Pvt) Ltd,Triline Solutions (Pvt) Ltd,Triline Solutions (Pvt) Ltd,,,,,,"Triline Solutions (Pvt) Ltd, No.79, Temple Road, Kottawa",Pannipitiya,,,,,,,,,,,AD,0.00,0.00,0,,,,,0,Non VAT,Tax,1,
800002DB-1447407647,Tritech Engineers (Pvt) Ltd,Tritech Engineers (Pvt) Ltd,Tritech Engineers (Pvt) Ltd,,,,,,"Tritech Engineers (Pvt) Ltd, No:87, Makola South,",Makola.,,,,,,,,,,,dil,0.00,0.00,0,,,,,0,NBT 1%,Tax,1,
8000012A-1238680058,TURNKEY IT TRAINING,TURNKEY IT TRAINING,TURNKEY IT TRAINING,MR. IFTHIKAR,TURNKEYIT@SLTNET.LK,0777 322893,2595336,,"MR. IFTHIKAR, TURNKEY IT CAMPUS","562/15B, LOWER BAGATHALLE ROAD",LOWER,,,,,,,,,,AS,0.00,0.00,0,TURNKEY,,,,0,,,1,
80000409-1522673495,TYAX (PVT)LTD,TYAX (PVT)LTD,,,amal@activelk.com,,,,"TYAX (PVT) LTD, No 37A, Kavirathna Place",Colombo 06,,,,,,,,,,,AD,1258250.00,1258250.00,0,,,,,0,Non VAT,Tax,1,
8000012B-1238680058,TYRE HOUSE TRADING (PVT) LTD,TYRE HOUSE TRADING (PVT) LTD,TYRE HOUSE TRADING (PVT) LTD,,,2441700,,,"TYRE HOUSE TRADING (PVT) LTD, 221 SRI SANGARAJA MW",COLOMBO 10,,,,,,,,,,Due on receipt,AS,0.00,0.00,0,TY,,,,0,VAT,VAT,1,
800000EE-1238680054,TYRE HOUSE TRADING PVT. LTD.,TYRE HOUSE TRADING PVT. LTD.,TYRE HOUSE TRADING PVT. LTD.,Mr. Rohan,,,,,"Mr. Rohan, TYRE HOUSE TRADING PVT. LTD.",SRI SANGARAJA MAWATHA,,,,,,,,,,,,0.00,0.00,0,ROHAN,,,,0,,,0,
8000035C-1487565349,UGA Escapes Colombo (PVt)Ltd,UGA Escapes Colombo (PVt)Ltd,,,,,,,"UGA Escapes Colombo (PVt)Ltd, No 49/16, Iceland Building, , Galle Road,",Colombo 03,,,,,,,,,,,L,0.00,0.00,0,,,,,0,Non VAT,Tax,1,
80000356-1486962309,UGA Escapes Management (Pvt) Ltd,UGA Escapes Management (Pvt) Ltd,,,,,,,"UGA Escapes Management (Pvt) Ltd, No 49/16 Iceland Building",Colombo 03,,,,,,,,,,,L,6000.00,6000.00,0,,,,,0,VAT15%,Tax,1,
8000035E-1487567443,Ulagalla Walawwa Resort (Pvt)Ltd,Ulagalla Walawwa Resort (Pvt)Ltd,,,,,,,"Ulagalla Walawwa Resort (Pvt)Ltd, No 49/16, Iceland Building, Colombo 03.",VAT No,,114473847-700,,,,,,,,,L,0.00,0.00,0,,,,,0,VAT15%,Tax,1,
800002C7-1437805883,Ultimate Solutions,Ultimate Solutions,Ultimate Solutions,,,,,,"Ultimate Solutions, 442, Biyagama Road, Pethiyagoda Road",,Biyagama Road,,,Ultimate Solutions,,Biyagama Road,,,,Due on receipt,dil,0.00,0.00,0,,,,,0,NBT 1%,Tax,1,
8000043D-1537592090,Ultrium Technologies (Pvt) Ltd,Ultrium Technologies (Pvt) Ltd,Ultrium Technologies (Pvt) Ltd,,,0115882933,,,"Ultrium Technologies (Pvt) Ltd, 144/1/1 Galle Road,",Mount Lavinia,,,,,,,,,,,DM,0.00,0.00,0,,,,,0,Non VAT,Tax,1,
80000404-1521633293,Unimac It Solutions,Unimac It Solutions,,,,,,,"Unimac It Solutions, No 17/B, Naranpitiya",Panadura,,,,,,,,,,,L,0.00,0.00,0,,,,,0,Non VAT,Tax,1,
800002CA-1440563684,Union Assurance General Ltd,Union Assurance General Ltd,Union Assurance General Ltd,,,,,,"Union Assurance General Ltd, Union Assurance Centre, , 20, St.Micheal's Road,",Colombo 03,,,,,,,,,,Due on receipt,A,0.00,0.00,0,,,,,0,Non VAT,...,1,
8000017E-1249381256,UNION ASSURANCE PLC,UNION ASSURANCE PLC,Union Assurance PLC,,,,,,"UNION ASSURANCE PLC., , Union Assurance Centre, ","20, St. Micheal's Road",St.,,,Union Assurance PLC,"20, St. Micheal's Road",St.,,,,Due on receipt,A,0.00,0.00,0,,,,,0,Non VAT,Tax,1,
800004FB-1608705551,United Nations Development Programme,United Nations Development Programme,United Nations Development Programme,,,,,,"United Nations Development Programme, C/O United Nations Population Fund",Bauddhaloka Mawatha,,202-204,Sri Lanka,,,,,,,,AD,0.00,0.00,0,,,,,0,Non VAT,Tax,1,
80000432-1535533209,Unity PC Systems,Unity PC Systems,,,,,,,"Unity  Systems (Pvt) Ltd, No.312, First Floor, , Unity Plaza Complex,",Colombo 04.,,,,,,,,,,,L,169000.00,169000.00,0,,,,,0,Non VAT,Tax,1,
80000351-1485839108,Univell ComputerSolutions( Pvt) Ltd,Univell ComputerSolutions( Pvt) Ltd,,,,,,,"Univell Computer Solutions (Pvt) Ltd, 341/1 Nawala Road,",Nawala.,,,,,,,,,,,AS,0.00,0.00,0,,,,,0,Non VAT,Tax,1,
8000012F-1238680058,UNIVERSAL COMPUTER TECHNOLOGIES (PVT) LTD,UNIVERSAL COMPUTER TECHNOLOGIES (PVT) LTD,UNIVERSAL COMPUTER TECHNOLOGIES (PVT) LTD,,,,,,"UNIVERSAL COMPUTER TECHNOLOGIES (PVT) LTD, #276 1/1, BANDARANAYAKA ROAD KATUBEDDA",MORATUWA,,,,,,,,,,,,0.00,0.00,0,UNIVER,,,,0,,,1,
8000012D-1238680058,UNIVERSAL NET CAFE,UNIVERSAL NET CAFE,UNIVERSAL NET CAFE,,,,,,"UNIVERSAL NET CAFE, 761 BIUMENDALA STREET COL.15",,,,,,,,,,,,,0.00,0.00,0,UNI,,,,0,,,1,
8000012C-1238680058,UNIVERSE GATE WAY,UNIVERSE GATE WAY,UNIVERSE GATE WAY,,,,,,"UNIVERSE GATE WAY, 91, SECOND CROSS STREET",,SECOND,,,,,,,,,,,0.00,0.00,0,UGW,,,,0,,,1,
8000012E-1238680058,UNIVERSITY OF MORATUWA,UNIVERSITY OF MORATUWA,UNIVERSITY OF MORATUWA,,,,,,"UNIVERSITY OF MORATUWA, UNIVERSITY OF MORATUWA",IT FACULTY,,,,,,,,,,,,0.00,0.00,0,UNI M,,,,0,,,1,
80000131-1238680058,VANDY COMPUTERS,VANDY COMPUTERS,VANDY COMPUTERS,MS/ RIZANA,,4305850,,2896311,"MS/ RIZANA, VANDY COMPUTERS, NAWINNA,",MAHARAGAMA,,,,,,,,,,,,0.00,0.00,0,VANDY,,,,0,,,1,
80000447-1539599143,Virus Technologies,Virus Technologies,,,,,,,"Virus Technologies, No 28, Kirula Place",Colombo 05,,,,,,,,,,,L,0.00,0.00,0,,,,,0,Non VAT,Tax,1,
80000132-1238680058,VISION 2 REALITY SOFTWARE SOLUTIONS,VISION 2 REALITY SOFTWARE SOLUTIONS,VISION 2 REALITY SOFTWARE SOLUTIONS,,,,,,"VISION 2 REALITY SOFTWARE SOLUTIONS, 33 A, , FAIR FIELD GARDENS,",COLOMBO 08,,,,,,,,,,,,0.00,0.00,0,VISION2,,,,0,,,1,
8000050E-1616562111,Vixva IT Solutions,Vixva IT Solutions,Vixva IT Solutions,,,,,,Vixva IT Solutions,,,,,,,,,,,,A,0.00,0.00,0,,,,,0,Non VAT,Tax,1,
80000134-1238680058,VJ ENTERPRISES PVT LTD,VJ ENTERPRISES PVT LTD,VJ ENTERPRISES PVT LTD,,,,,,"VJ ENTERPRISES PVT LTD, 292 SEA STREET COLOMBO 11",,,,,,,,,,,,,0.00,0.00,0,VJ EN,,,,0,,,1,
80000133-1238680058,VJ NET CAFE,VJ NET CAFE,VJ NET CAFE,,,,,,"VJ NET CAFE, 292 GROUND FLOOR, SEA STREET",COLOMBO 11,,,,,,,,,,,,0.00,0.00,0,VJ,,,,0,,,1,
800002DF-1449122870,Volume Technology Centre,Volume Technology Centre,Volume Technology Centre,,,,,,"Volume Technology Centre, Level 22, West Tower, WTC, Echelon Square,",Colombo 01,,,,,,,,,,,dil,0.00,0.00,0,,,,,0,NBT 1%,Tax,1,
8000029A-1411372139,VS Information Systems (Pvt) Ltd,VS Information Systems (Pvt) Ltd,,,zakir@activelk.com,,,,"VS Information Systems (Pvt) Ltd, No:07, Suleiman Terrace,",Colombo 05,,,,,,,,,,,,25.00,25.00,0,,,,,0,Non VAT,Tax,1,
80000299-1411370930,VSIS Technology,VSIS Technology,VSIS Technology,,,,,,"VSIS Technology, No. 07, , Suleiman Terrace,",Colombo 05,,,,,,,,,,,E,0.00,0.00,0,,,,,0,NBT 1%,Tax,1,
80000294-1409734151,Wadduwa Resorts (Pvt) Ltd,Wadduwa Resorts (Pvt) Ltd,Wadduwa Resorts (Pvt) Ltd,,,,,,"Wadduwa Resorts (Pvt) Ltd, Thalpitiya South",Wadduwa,,,,,,,,,,,AS,0.00,0.00,0,,,,,0,Non VAT,...,1,
80000136-1238680058,WALKERS AIR SERVICES (PVT) LTD,WALKERS AIR SERVICES (PVT) LTD,WALKERS AIR SERVICES (PVT) LTD,,,2422903,,2440861,"WALKERS AIR SERVICES (PVT) LTD, 11A YORK STREET",COLOMBO 1,,,,,,,,,,,,0.00,0.00,0,WALKERS,,,,0,,,1,
800001E3-1311052818,Waruni Perera,Waruni Perera,"MS WARUNI PERERA.,",,,,,,"MS WARUNI PERERA., , 251/426, Kirula Road,",Narahenpita.,,,,,,,,,,Due on receipt,AS,0.00,0.00,0,,,,,0,Non VAT,Tax,1,
80000135-1238680058,WATTALA NETCAFE,WATTALA NETCAFE,WATTALA NETCAFE,,,,,,WATTALA NETCAFE,,,,,,,,,,,,,0.00,0.00,0,WA,,,,0,,,1,
800002DD-1448968090,We Effect,We Effect,We Effect,,,,,,"We Effect, No:285/2B, , Kaduwela Road,",Battaramulla.,,,,,,,,,,,dil,0.00,0.00,0,,,,,0,NBT 1%,Tax,1,
80000495-1562671253,We Effect.,We Effect.,We Effect,,,,,,"We Effect, No 264/3, Dewala Road, , Koswatta,",Battaramulla,,,,,,,,,,,A,0.00,0.00,0,,,,,0,Non VAT,Tax,1,
8000044E-1541407902,Web Lankan.Com (Pvt)Ltd,Web Lankan.Com (Pvt)Ltd,,,,,,,"Web Lankan.Com (Pvt) Ltd, 75/18 , D L Pathirage Mawatha, Gangodavila",Nugegoda.,,,,,,,,,,,L,0.00,0.00,0,,,,,0,Non VAT,Tax,1,
8000025C-1384921445,Weblook International (Pvt) Ltd,Weblook International (Pvt) Ltd,Weblook International (Pvt) Ltd,,,011-7391710,,,"Weblook International (Pvt) Ltd, , No:16/3, Cambridge Place,",colombo 07,,,,,,,,,,,AS,0.00,0.00,0,,,,,0,Non VAT,...,1,
80000137-1238680058,WELIKANDA PLAZA NET CAFE,WELIKANDA PLAZA NET CAFE,WELIKANDA PLAZA NET CAFE,,,,,,"WELIKANDA PLAZA NET CAFE, 36, RAJAGIRIYA",,,,,,,,,,,,,0.00,0.00,0,WELI,,,,0,,,1,
80000138-1238680058,WHEELS LANKA PVT LTD,WHEELS LANKA PVT LTD,WHEELS LANKA PVT LTD,,,,,,"WHEELS LANKA PVT LTD, 214 HIGH LEVEL ROAD",COLOMBO 6,,,,,,,,,,,,0.00,0.00,0,WHEEL,,,,0,,,0,
8000013C-1238680058,WHEELS LANKA TRADING PVT LTD,WHEELS LANKA TRADING PVT LTD,WHEELS LANKA TRADING PVT LTD,,,,,,"WHEELS LANKA TRADING PVT LTD, 214 HIGH LEVEL ROAD",COLOMBO 6,,,,,,,,,,,,0.00,0.00,0,WLT,,,,0,,,1,
8000044A-1539860268,Whiteglow (Pvt)Ltd,Whiteglow (Pvt)Ltd,,,,,,,"Whiteglow (Pvt) Ltd, 120 C T Garden , , Gangarama Road","Thumbowila, Piliyandala",,,,,,,,,,,AD,0.00,0.00,0,,,,,0,VAT15%,Tax,1,
80000139-1238680058,WIJEYA NEWS PAPERS LTD,WIJEYA NEWS PAPERS LTD,WIJEYA NEWS PAPERS LTD,,NALAKA@WIJEYA.LK,"5330817,2314714",,2314714,"WIJEYA NEWS PAPERS LTD, 8, HUNUPITIYA CROSS ROAD,",,HUNUPITIYA,,,,,,,,,,,0.00,0.00,0,WI,,,,0,,,1,
8000013A-1238680058,WIKRAMASINGHA ENTERPRICES,WIKRAMASINGHA ENTERPRICES,WIKRAMASINGHA ENTERPRICES,,,,,,WIKRAMASINGHA ENTERPRICES,,,,,,,,,,,,,0.00,0.00,0,WICRAMA,,,,0,,,1,
800003B7-1506677166,WinSoft Technologies (Pvt)Ltd,WinSoft Technologies (Pvt)Ltd,,,,,,,"WinSoft Technologies (Pvt)Ltd, No 313, First Floor, , Unity Plaza",Colombo 4,,,,,,,,,,,A,0.00,0.00,0,,,,,0,VAT15%,Tax,1,
80000342-1483074673,Winter Quilts,Winter Quilts,,,,,,,"Winter Quilts  (Pvt) Ltd, No 111, Pallidora Road",Dehiwala.,,,,,,,,,,,L,0.00,0.00,0,,,,,0,Non VAT,Tax,1,
8000046E-1552293338,Wipro GE Healthcare (Pvt) Ltd,Wipro GE Healthcare (Pvt) Ltd,Wipro GE Healthcare (Pvt) Ltd,,,,,,"Wipro GE Healthcare (Pvt) Ltd, 2nd Floor, Paramount Tower, ",192/10,9th Lane,,Sri Lanka,,,,,,,,L,50250.00,50250.00,0,,,,,0,VAT15%,Tax,1,
800001AC-1280214738,Wirehat,Wirehat,Wirehat Business Solutions,,,,,,"Wirehat Business Solutions, 135/1 Wackwella Road,",Galle,,,Sri Lanka,Wirehat Business Solutions,Galle,,,Sri Lanka,,Due on receipt,DL,0.00,0.00,0,,,,,0,Non VAT,Tax,1,
8000013B-1238680058,WISDOM COMPUTER INTERNET CAFE,WISDOM COMPUTER INTERNET CAFE,WISDOM COMPUTER INTERNET CAFE,,,,,,"WISDOM COMPUTER INTERNET CAFE, 4, COLLING WOOD PLACE",,COLLING,,,,,,,,,,,0.00,0.00,0,WISDOM,,,,0,,,1,
8000041D-1527501561,World IT Solution,World IT Solution,World IT Solution,,,,,,"World IT Solution, A09, Public Fair, New Town",Embilipitiya,,,,World IT Solution,Embilipitiya,,,,,,L,0.00,0.00,0,,,,,0,Non VAT,Tax,1,
8000047E-1554802087,WOXZONE (PVT) LTD,WOXZONE (PVT) LTD,WOXZONE (PVT) LTD,,,,,,"WOXZONE (PVT) LTD, 21/5, Pagoda Road,",Nugegoda,,,,,,,,,,,SK,0.00,0.00,0,,,,,0,VAT15%,Tax,1,
80000346-1484640323,X Press Solutions (Mr Irfan),X Press Solutions (Mr Irfan),,,,,,,"X Press Solutions, No 288, Grandpass Road,",Colombo 14,,,,,,,,,,,AS,14400.00,14400.00,0,,,,,0,Non VAT,Tax,1,
80000411-1524196826,Xpress Digital,Xpress Digital,Xpress Digital,,,,,,"Xpress Digital, GTC Converters PVT LTD, 805/4 A Bangalawatta Road",Mabole Wattala,,11300,,Xpress Digital,Battaramulla,,,,,,N,0.00,0.00,0,,,,,0,Non VAT,Non,1,
8000013E-1238680058,YASEEN,YASEEN,YASEEN,,,,,,YASEEN,,,,,,,,,,,,,0.00,0.00,0,YA,,,,0,,,1,
8000038D-1498799092,York Hotel Management Services Ltd,York Hotel Management Services Ltd,,,,,,,"York Hotel Management Services Ltd, 2nd Floor, , York Arcade Buliding,",Colombo 01,,,,,,,,,,,AD,0.00,0.00,0,,,,,0,Non VAT,Tax,1,
80000140-1238680059,ZEBRONICS LANKA,ZEBRONICS LANKA,ZEBRONICS LANKA,N.A.D.M.SANJEEWA DIAS,,0722314664,,,"N.A.D.M.SANJEEWA DIAS, ZEBRONICS LANKA, 15D KANDY ROAD, DALUGAMA",KALANIYA,,,,,,,,,,,,0.00,0.00,0,ZEB,,,,0,,,1,
800001F6-1316421670,Zeelabs,Zeelabs,"ZEELABS.,",,,,,,"ANYTHING (PVT) LTD., , 65, Jawaththa Road, , Colombo 08,",Sri Lanka.,,,,,,,,,,Due on receipt,,0.00,0.00,0,,,,,0,VAT,Tax,1,
800002F2-1454999594,ZenCapital (Pvt) Ltd,ZenCapital (Pvt) Ltd,ZenCapital (Pvt) Ltd,,,,,,"ZenCapital (Pvt) Ltd, Level 5, , Millennium House, , 46/58, Navam Mawatha,",Colombo 02,,,,,,,,,,,dil,0.00,0.00,0,,,,,0,Non VAT,...,1,
80000141-1238680059,ZEOS SOLUTIONS,ZEOS SOLUTIONS,ZEOS SOLUTIONS,,dilshan@zspl.net,,,,"ZEOS SOLUTIONS, COLOMBO 5",,,,,,,,,,,,AS,356650.50,356650.50,0,ZEOS,,,,0,VAT15%,,1,
80000142-1238680059,ZERANDIB MOTORS,ZERANDIB MOTORS,ZERANDIB MOTORS,AJMAL,,"07141, 2338405",,2438425,"ZERANDIB MOTORS, 60B, Sri Sangaraja Mawatha,",,Sri,,,,,,,,,,AS,0.00,0.00,0,ZERANDIB,,,,0,Non VAT,...,1,
80000217-1336451224,ZILLIONE TECHNOLOGIES (PVT)LTD,ZILLIONE TECHNOLOGIES (PVT)LTD,ZILLIONe Technologies (Pvt)Ltd,Mr.Anuradha Basnayake,,011-5569999,,011-2599670,"ZILLIONe Technologies (Pvt)Ltd, , No:3 1/1, , Mary's Road,",Colombo 04.,,,,,,,,,,,RZ,0.00,0.00,0,,,,,0,Non VAT,Tax,1,
80000143-1238680059,ZOA REFUGEE CARE,ZOA REFUGEE CARE,ZOA REFUGEE CARE,WATSON,ZOAPROC@SLTNET.LK,4513091/2588396,,4518827,"WATSON, ZOA REFUGEE CARE, 136/2 ISIPATHANA, MAWATHA",COLOMBO 05,,,,,,,,,,,,0.00,0.00,0,ZOA,,,,0,,,1,
