CustomerName,InvoiceNum,PaymentDate,ReferenceNum,Amount,PaymentMethod,DepositToAccount,Memo,UnusedPayment
LANKA COMMODITY BROKERS LTD,AS004012,2009-04-27,751441,17766.00,Check,Undeposited Funds,,0.00
JAY JAY MILLS LANKA (PVT) LTD,AS004002,2009-04-27,000000,173960.00,Check,Undeposited Funds,,0.00
KIDS UNLIMITED,AS004003,2009-05-15,,3360.00,Cash,Undeposited Funds,,0.00
CHRISTIAN AID,AS004006,2009-05-15,000000,4300.00,Check,Undeposited Funds,,0.00
STONE N STRING (PVT) LTD,AS004027,2009-05-15,,1900.00,Cash,Undeposited Funds,,0.00
EXPRESS NEWSPAPERS (CEYLON) LTD,AS004035,2009-05-16,145295,104975.00,Check,Undeposited Funds,,0.00
MUSLIM AID,AS004005,2009-05-19,000000,1680.00,Check,Undeposited Funds,part payment of Chq,0.00
N.S.H. KARANNAGODA,AS004037,2009-05-22,,13750.00,Check,Undeposited Funds,Direct Deposit,0.00
LITHITECH ADVANCE SOLUTIONS,AS004043,2009-05-28,479550,14000.00,Check,Undeposited Funds,PD 28-06-09,0.00
DENSHUN INDUSTRIES LTD,AS004021,2009-06-02,003851,1500.00,Check,Undeposited Funds,,0.00
KIDS UNLIMITED,AS004028,2009-06-04,,3360.00,Check,Undeposited Funds,,0.00
"DAVID PIERIS MOTOR CO. LTD.,",AS004013,2009-06-04,218138,969500.00,Check,Undeposited Funds,,0.00
STONE N STRING (PVT) LTD,AS004042,2009-06-06,189629,73950.00,Check,Undeposited Funds,,0.00
CASH SALE,AS004067,2009-06-11,996375,1000.00,Check,Undeposited Funds,,0.00
MUSLIM AID,AS004045,2009-06-17,received,6160.00,Check,Undeposited Funds,,0.00
AssetLine,AS004038,2009-06-18,,77500.00,Check,Undeposited Funds,,0.00
"DAVID PIERIS MOTOR CO. LTD.,",AS004032,2009-06-22,221477,69300.00,Check,Undeposited Funds,,0.00
"FRONTIER AUTOMOTIVES (PVT) LTD.,",AS004004,2009-06-24,141025,6160.00,Check,Undeposited Funds,,0.00
"FRONTIER AUTOMOTIVES (PVT) LTD.,",AS004008,2009-06-24,141025,2240.00,Check,Undeposited Funds,,0.00
"FRONTIER AUTOMOTIVES (PVT) LTD.,",AS004019,2009-06-24,141025,2240.00,Check,Undeposited Funds,,0.00
LANKA COMMODITY BROKERS LTD,AS004022,2009-06-24,,18446.40,Check,Undeposited Funds,,0.00
LANKA COMMODITY BROKERS LTD,AS004034,2009-06-24,,14560.00,Check,Undeposited Funds,,0.00
LITHITECH ADVANCE SOLUTIONS,AS004010,2009-06-24,,2000.00,Cash,Undeposited Funds,,0.00
N.S.H. KARANNAGODA,AS004073,2009-06-24,,8250.00,Cash,Undeposited Funds,Direct deposit,0.00
Patrick Wicramasinghe,AS004072,2009-06-24,,3000.00,Cash,Undeposited Funds,,0.00
FCCISL,AS004029,2009-06-24,869058,117500.00,Check,Undeposited Funds,1.5% Wht Deducted,0.00
DFCC BANK,AS004040,2009-06-24,337320,52500.00,Check,Undeposited Funds,,0.00
LANKA MOUNT CASTLE (PVT) LTD,AS004011,2009-06-26,001837,7840.00,Check,Undeposited Funds,,0.00
LANKA COMMODITY BROKERS LTD,AS004051,2009-06-26,received,17766.00,Check,Undeposited Funds,,0.00
STONE N STRING (PVT) LTD,AS004044,2009-06-29,972759,73950.00,Check,Undeposited Funds,,0.00
KAMINSKI. C/o STATESMAN HATS (PVT) LTD.,AS004041,2009-06-29,247113,14000.00,Check,Undeposited Funds,,0.00
MUSLIM AID,AS004062,2009-06-29,,2240.00,Cash,Undeposited Funds,,0.00
MUSLIM AID,AS004063,2009-06-29,,2240.00,Cash,Undeposited Funds,,0.00
EXPRESS NEWSPAPERS (CEYLON) LTD,AS004035,2009-07-01,145647,104975.00,Check,Undeposited Funds,,0.00
CARITAS,AS004071,2009-07-01,817023,160000.00,Check,Undeposited Funds,,0.00
CHRISTIAN AID,AS004018,2009-07-01,931229,4480.00,Check,Undeposited Funds,7038-001,0.00
CHRISTIAN AID,AS004046,2009-07-01,931229,6720.00,Check,Undeposited Funds,7038-001,0.00
CHRISTIAN AID,AS004074,2009-07-01,931229,4480.00,Check,Undeposited Funds,7038-001,0.00
STATEMAN HATS (Pvt) LTD.,AS004007,2009-07-06,623367,2240.00,Check,Undeposited Funds,,0.00
STATEMAN HATS (Pvt) LTD.,AS004009,2009-07-06,623367,2240.00,Check,Undeposited Funds,,0.00
STATEMAN HATS (Pvt) LTD.,AS004015,2009-07-06,623367,49900.00,Check,Undeposited Funds,,0.00
STATEMAN HATS (Pvt) LTD.,AS004016,2009-07-06,623367,2240.00,Check,Undeposited Funds,,0.00
PRETEC SYSTEMS,AS004033,2009-07-07,106287,13750.00,Check,Undeposited Funds,,0.00
LANKA COMMODITY BROKERS LTD,AS004088,2009-07-21,cash chq,571144.00,Check,Undeposited Funds,,0.00
STATEMAN HATS (Pvt) LTD.,AS004024,2009-07-31,623496,2240.00,Check,Undeposited Funds,,0.00
STATEMAN HATS (Pvt) LTD.,AS004025,2009-07-31,623496,2240.00,Check,Undeposited Funds,,0.00
STATEMAN HATS (Pvt) LTD.,AS004030,2009-07-31,623496,27216.00,Check,Undeposited Funds,,0.00
STATEMAN HATS (Pvt) LTD.,AS004031,2009-07-31,623496,2600.00,Check,Undeposited Funds,,0.00
STATEMAN HATS (Pvt) LTD.,AS004036,2009-07-31,623496,6720.00,Check,Undeposited Funds,,0.00
STATEMAN HATS (Pvt) LTD.,AS004039,2009-07-31,623496,54432.00,Check,Undeposited Funds,,0.00
KAMINSKI. C/o STATESMAN HATS (PVT) LTD.,AS004017,2009-07-31,257141,2240.00,Check,Undeposited Funds,,0.00
TYRE HOUSE TRADING (PVT) LTD,AS004081,2009-07-31,791705,3360.00,Check,Undeposited Funds,,0.00
TYRE HOUSE TRADING (PVT) LTD,AS004089,2009-07-31,791665,36848.00,Check,Undeposited Funds,,0.00
LANKA COMMODITY BROKERS LTD,AS004056,2009-07-31,762928,3080.00,Check,Undeposited Funds,,0.00
LANKA COMMODITY BROKERS LTD,AS004085,2009-07-31,763014,17766.00,Check,Undeposited Funds,,0.00
ZEOS SOLUTIONS,AS004084,2009-07-31,589973,4256.00,Check,Undeposited Funds,,0.00
KIDS UNLIMITED,AS004069,2009-07-31,,3360.00,Cash,Undeposited Funds,,0.00
Shipping & Cargo Logistics Pvt Ltd.,AS004092,2009-08-04,462156,57170.00,Check,Undeposited Funds,,0.00
"Spence Shipping Pvt Ltd.,",AS004093,2009-08-04,364200,57170.00,Check,Undeposited Funds,,0.00
LANKA COMMODITY BROKERS LTD,AS004104,2009-08-04,763127,26000.00,Check,Undeposited Funds,,0.00
LANKA COMMODITY BROKERS LTD,AS004105,2009-08-04,763127,5320.00,Check,Undeposited Funds,,0.00
MACSON MESH,AS004097,2009-08-04,649982,28000.00,Check,Undeposited Funds,,0.00
CHRISTIAN AID,AS004106,2009-08-24,290615,26880.00,Check,Undeposited Funds,,0.00
CHRISTIAN AID,AS004108,2009-08-24,290615,1120.00,Check,Undeposited Funds,,0.00
LANKA COMMODITY BROKERS LTD,AS004115,2009-08-24,763241,17766.00,Check,Undeposited Funds,,0.00
LANKA COMMODITY BROKERS LTD,AS004094,2009-08-24,753240,1500.00,Check,Undeposited Funds,,0.00
LANKA COMMODITY BROKERS LTD,AS004100,2009-08-24,753240,1500.00,Check,Undeposited Funds,,0.00
LANKA COMMODITY BROKERS LTD,AS004090,2009-08-24,763242,43675.00,Check,Undeposited Funds,,0.00
LANKA COMMODITY BROKERS LTD,AS004091,2009-08-24,763242,10640.00,Check,Undeposited Funds,,0.00
"DAVID PIERIS MOTOR CO. LTD.,",AS004098,2009-08-27,234327,138600.00,Check,Undeposited Funds,,0.00
"DAVID PIERIS MOTOR CO. LTD.,",AS004099,2009-08-27,234327,134442.00,Check,Undeposited Funds,,0.00
State Bank of India.,AS004132,2009-08-27,876568,1900.00,Check,Undeposited Funds,,0.00
UNION ASSURANCE PLC,AS004116,2009-08-27,,98007.50,Check,Undeposited Funds,,0.00
STATEMAN HATS (Pvt) LTD.,AS004048,2009-09-09,783851,7325.00,Check,Undeposited Funds,,0.00
STATEMAN HATS (Pvt) LTD.,AS004049,2009-09-09,783851,4480.00,Check,Undeposited Funds,,0.00
STATEMAN HATS (Pvt) LTD.,AS004053,2009-09-09,783851,22176.00,Check,Undeposited Funds,,0.00
STATEMAN HATS (Pvt) LTD.,AS004054,2009-09-09,783851,14784.00,Check,Undeposited Funds,,0.00
STATEMAN HATS (Pvt) LTD.,AS004055,2009-09-09,783851,32928.00,Check,Undeposited Funds,,0.00
STATEMAN HATS (Pvt) LTD.,AS004057,2009-09-09,783851,11648.00,Check,Undeposited Funds,,0.00
STATEMAN HATS (Pvt) LTD.,AS004064,2009-09-09,783851,2240.00,Check,Undeposited Funds,,0.00
STATEMAN HATS (Pvt) LTD.,AS004065,2009-09-09,783851,4480.00,Check,Undeposited Funds,,0.00
STATEMAN HATS (Pvt) LTD.,AS004070,2009-09-09,783851,21952.00,Check,Undeposited Funds,,0.00
STATEMAN HATS (Pvt) LTD.,AS004078,2009-09-09,783851,6720.00,Check,Undeposited Funds,,0.00
STATEMAN HATS (Pvt) LTD.,AS004079,2009-09-09,783851,22400.00,Check,Undeposited Funds,,0.00
LANKA MOUNT CASTLE (PVT) LTD,AS004023,2009-09-09,paid,7840.00,Check,Undeposited Funds,,0.00
LANKA MOUNT CASTLE (PVT) LTD,AS004052,2009-09-09,paid,7840.00,Check,Undeposited Funds,,0.00
KAIZA HOLDINGS (PVT) LTD,AS004133,2009-09-09,761989,60350.00,Check,Undeposited Funds,,0.00
KAIZA HOLDINGS (PVT) LTD,AS004134,2009-09-09,761989,5264.00,Check,Undeposited Funds,,0.00
"DAVID PIERIS MOTOR CO. LTD.,",AS004119,2009-09-09,237487,207900.00,Check,Undeposited Funds,,0.00
"DAVID PIERIS MOTOR CO. LTD.,",AS004120,2009-09-09,237487,133402.50,Check,Undeposited Funds,,0.00
"DAVID PIERIS MOTOR CO. LTD.,",AS004122,2009-09-09,237489,68260.50,Check,Undeposited Funds,,0.00
"DAVID PIERIS MOTOR CO. LTD.,",AS004123,2009-09-09,237490,68260.50,Check,Undeposited Funds,,0.00
"DAVID PIERIS MOTOR CO. LTD.,",AS004121,2009-09-09,237488,68260.50,Check,Undeposited Funds,,0.00
"DAVID PIERIS MOTOR CO. LTD.,",AS004127,2009-09-10,,68260.50,Check,Undeposited Funds,,0.00
"DAVID PIERIS MOTOR CO. LTD.,",AS004129,2009-09-10,,136521.00,Check,Undeposited Funds,,0.00
"DAVID PIERIS MOTOR CO. LTD.,",AS004125,2009-09-10,,68260.50,Check,Undeposited Funds,,0.00
"DAVID PIERIS MOTOR CO. LTD.,",AS004131,2009-09-10,,68260.50,Check,Undeposited Funds,,0.00
KIDS UNLIMITED,AS004096,2009-09-15,paid,3360.00,Check,Undeposited Funds,,0.00
KIDS UNLIMITED,AS004124,2009-09-15,paid,3360.00,Check,Undeposited Funds,,0.00
"DAVID PIERIS MOTOR CO. LTD.,",AS004130,2009-09-15,,68260.50,Check,Undeposited Funds,,0.00
"DAVID PIERIS MOTOR CO. LTD.,",AS004128,2009-09-15,,68260.50,Check,Undeposited Funds,,0.00
"DAVID PIERIS MOTOR CO. LTD.,",AS004126,2009-09-15,,68260.50,Check,Undeposited Funds,,0.00
"DAVID PIERIS MOTOR CO. LTD.,",AS004136,2009-09-16,,68260.50,Check,Undeposited Funds,,0.00
DFCC BANK,AS004118,2009-09-17,005813,126420.00,Check,Undeposited Funds,,0.00
MUSLIM AID,AS004137,2009-10-05,,5824.00,Check,Undeposited Funds,,0.00
MUSLIM AID,AS004138,2009-10-05,,20000.00,Check,Undeposited Funds,,0.00
Softwave Pvt Ltd,AS004167,2009-10-06,975950,99500.00,Check,Undeposited Funds,,0.00
KAMINSKI. C/o STATESMAN HATS (PVT) LTD.,AS004109,2009-10-07,257560,2000.00,Check,Undeposited Funds,,0.00
KAMINSKI. C/o STATESMAN HATS (PVT) LTD.,AS004139,2009-10-07,257560,56950.00,Check,Undeposited Funds,,0.00
KAMINSKI. C/o STATESMAN HATS (PVT) LTD.,AS004140,2009-10-07,257560,10640.00,Check,Undeposited Funds,,0.00
KAMINSKI. C/o STATESMAN HATS (PVT) LTD.,AS004146,2009-10-07,257560,2240.00,Check,Undeposited Funds,,0.00
KAMINSKI. C/o STATESMAN HATS (PVT) LTD.,AS004149,2009-10-07,257560,2240.00,Check,Undeposited Funds,,0.00
LANKA MOUNT CASTLE (PVT) LTD,AS004086,2009-10-07,002384,7840.00,Check,Undeposited Funds,,0.00
KIDS UNLIMITED,AS004163,2009-10-07,,3360.00,Cash,Undeposited Funds,,0.00
MUSLIM AID,AS004141,2009-10-07,434602,2240.00,Check,Undeposited Funds,,0.00
MUSLIM AID,AS004158,2009-10-07,434602,3360.00,Check,Undeposited Funds,,0.00
MUSLIM AID,AS004159,2009-10-07,434602,1680.00,Check,Undeposited Funds,,0.00
STATEMAN HATS (Pvt) LTD.,AS004087,2009-10-21,784027,25872.00,Check,Undeposited Funds,,0.00
STATEMAN HATS (Pvt) LTD.,AS004101,2009-10-21,784027,55440.00,Check,Undeposited Funds,,0.00
STATEMAN HATS (Pvt) LTD.,AS004102,2009-10-21,784027,10000.00,Check,Undeposited Funds,,0.00
SHADIR,AS004075,2009-10-21,,1000.00,Check,Undeposited Funds,,0.00
MACSON MESH,AS004154,2009-10-21,773883,2240.00,Check,Undeposited Funds,,0.00
MACSON MESH,AS004178,2009-10-21,773883,16800.00,Check,Undeposited Funds,,0.00
LANKA TILES,AS004160,2009-10-21,741066,97022.50,Check,Undeposited Funds,,0.00
LANKA COMMODITY BROKERS LTD,AS004165,2009-10-21,,17766.00,Check,Undeposited Funds,,0.00
"FRONTIER AUTOMOTIVES (PVT) LTD.,",AS004080,2009-10-27,216308,2240.00,Check,Undeposited Funds,,0.00
"FRONTIER AUTOMOTIVES (PVT) LTD.,",AS004110,2009-10-27,216308,5600.00,Check,Undeposited Funds,,0.00
"FRONTIER AUTOMOTIVES (PVT) LTD.,",AS004111,2009-10-27,216308,2240.00,Check,Undeposited Funds,,0.00
"FRONTIER AUTOMOTIVES (PVT) LTD.,",AS004112,2009-10-27,216308,5040.00,Check,Undeposited Funds,,0.00
"FRONTIER AUTOMOTIVES (PVT) LTD.,",AS004147,2009-10-27,216308,2240.00,Check,Undeposited Funds,,0.00
"FRONTIER AUTOMOTIVES (PVT) LTD.,",AS004152,2009-10-27,216308,1120.00,Check,Undeposited Funds,,0.00
"FRONTIER AUTOMOTIVES (PVT) LTD.,",AS004050,2009-10-27,190271,7840.00,Check,Undeposited Funds,,0.00
"FRONTIER AUTOMOTIVES (PVT) LTD.,",AS004058,2009-10-27,190271,9632.00,Check,Undeposited Funds,,0.00
"FRONTIER AUTOMOTIVES (PVT) LTD.,",AS004061,2009-10-27,190271,3080.00,Check,Undeposited Funds,,0.00
"FRONTIER AUTOMOTIVES (PVT) LTD.,",AS004066,2009-10-27,190271,2004.80,Check,Undeposited Funds,,0.00
N.S.H. KARANNAGODA,AS004193,2009-10-30,,13750.00,Check,Undeposited Funds,,0.00
"FRONTIER AUTOMOTIVES (PVT) LTD.,",AS004059,2009-11-18,803111,4636.80,Check,Undeposited Funds,,0.00
"FRONTIER AUTOMOTIVES (PVT) LTD.,",AS004060,2009-11-18,803111,3304.00,Check,Undeposited Funds,,0.00
MUSLIM AID,AS004077,2009-11-18,434699,3360.00,Check,Undeposited Funds,,0.00
MUSLIM AID,AS004095,2009-11-18,434699,6160.00,Check,Undeposited Funds,,0.00
MUSLIM AID,AS004107,2009-11-18,434699,3360.00,Check,Undeposited Funds,,0.00
MUSLIM AID,AS004171,2009-11-18,434699,4480.00,Check,Undeposited Funds,,0.00
MUSLIM AID,AS004174,2009-11-18,434699,2240.00,Check,Undeposited Funds,,0.00
MUSLIM AID,AS004169,2009-11-18,00000,8108.80,Check,Undeposited Funds,,0.00
Estella - Sherwood,AS004192,2009-11-18,689806,87600.00,Check,Undeposited Funds,,0.00
STATEMAN HATS (Pvt) LTD.,AS004114,2009-11-30,,14784.00,Check,Undeposited Funds,,0.00
STATEMAN HATS (Pvt) LTD.,AS004142,2009-11-30,,4480.00,Check,Undeposited Funds,,0.00
STATEMAN HATS (Pvt) LTD.,AS004145,2009-11-30,,2240.00,Check,Undeposited Funds,,0.00
STATEMAN HATS (Pvt) LTD.,AS004148,2009-11-30,,5600.00,Check,Undeposited Funds,,0.00
STATEMAN HATS (Pvt) LTD.,AS004155,2009-11-30,,5040.00,Check,Undeposited Funds,,0.00
STATEMAN HATS (Pvt) LTD.,AS004156,2009-11-30,,1680.00,Check,Undeposited Funds,,0.00
STATEMAN HATS (Pvt) LTD.,AS004161,2009-11-30,,4250.00,Check,Undeposited Funds,,0.00
STATEMAN HATS (Pvt) LTD.,AS004164,2009-11-30,,14304.00,Check,Undeposited Funds,,0.00
STATEMAN HATS (Pvt) LTD.,AS004162,2009-11-30,,44744.00,Check,Undeposited Funds,,0.00
State Bank of India.,AS004223,2009-12-04,877785,160000.00,Check,Undeposited Funds,,0.00
MACSON MESH,AS004194,2009-12-04,774157,1680.00,Check,Undeposited Funds,,0.00
MACSON MESH,AS004214,2009-12-04,774157,57120.00,Check,Undeposited Funds,,0.00
MACSON MESH,AS004216,2009-12-04,774157,8960.00,Check,Undeposited Funds,,0.00
CHRISTIAN AID,AS004150,2009-12-04,290707,2240.00,Check,Undeposited Funds,,0.00
CHRISTIAN AID,AS004195,2009-12-04,290707,13000.00,Check,Undeposited Funds,,0.00
CHRISTIAN AID,AS004196,2009-12-04,290707,7500.00,Check,Undeposited Funds,,0.00
LANKA COMMODITY BROKERS LTD,AS004179,2009-12-04,795586,1500.00,Check,Undeposited Funds,,0.00
LANKA COMMODITY BROKERS LTD,AS004217,2009-12-07,795621,16800.00,Check,Undeposited Funds,,0.00
LANKA COMMODITY BROKERS LTD,AS004218,2009-12-07,795621,9576.00,Check,Undeposited Funds,,0.00
TYRE HOUSE TRADING (PVT) LTD,AS004215,2009-12-08,439601,4950.00,Check,Undeposited Funds,,0.00
UNION ASSURANCE PLC,AS004224,2009-12-15,629237,15582.00,Check,Undeposited Funds,,0.00
UNION ASSURANCE PLC,AS004224,2009-12-15,629103,335118.00,Check,Undeposited Funds,,0.00
UNION ASSURANCE PLC,AS004225,2009-12-15,629103,87822.00,Check,Undeposited Funds,,0.00
STATEMAN HATS (Pvt) LTD.,AS004170,2009-12-16,,14560.00,Check,Undeposited Funds,,0.00
STATEMAN HATS (Pvt) LTD.,AS004173,2009-12-16,,2240.00,Check,Undeposited Funds,,0.00
STATEMAN HATS (Pvt) LTD.,AS004177,2009-12-16,,14784.00,Check,Undeposited Funds,,0.00
STATEMAN HATS (Pvt) LTD.,AS004180,2009-12-16,,5600.00,Check,Undeposited Funds,,0.00
STATEMAN HATS (Pvt) LTD.,AS004185,2009-12-16,,48000.00,Check,Undeposited Funds,,0.00
STATEMAN HATS (Pvt) LTD.,AS004186,2009-12-16,,5040.00,Check,Undeposited Funds,,0.00
STATEMAN HATS (Pvt) LTD.,AS004187,2009-12-16,,6160.00,Check,Undeposited Funds,,0.00
STATEMAN HATS (Pvt) LTD.,AS004188,2009-12-16,,17091.20,Check,Undeposited Funds,,0.00
STATEMAN HATS (Pvt) LTD.,AS004189,2009-12-16,,19891.20,Check,Undeposited Funds,,0.00
STATEMAN HATS (Pvt) LTD.,AS004190,2009-12-16,,48720.00,Check,Undeposited Funds,,0.00
KAMINSKI. C/o STATESMAN HATS (PVT) LTD.,AS004208,2009-12-16,,2240.00,Check,Undeposited Funds,,0.00
LANKA COMMODITY BROKERS LTD,AS004175,2009-12-27,,17766.00,Check,Undeposited Funds,,0.00
LANKA COMMODITY BROKERS LTD,AS004219,2009-12-27,,1500.00,Check,Undeposited Funds,,0.00
KAIZA HOLDINGS (PVT) LTD,AS004182,2009-12-27,,48900.00,Check,Undeposited Funds,,0.00
KAIZA HOLDINGS (PVT) LTD,AS004183,2009-12-27,,5040.00,Check,Undeposited Funds,,0.00
Patrick Wicramasinghe,AS004083,2009-12-27,,3500.00,Check,Undeposited Funds,,0.00
Mr.D.Sivanandan,AS004135,2009-12-27,,21000.00,Check,Undeposited Funds,,0.00
DENSHUN INDUSTRIES LTD,AS004168,2009-12-27,,10080.00,Check,Undeposited Funds,,0.00
DILARSHAD ENTERPRISE,AS004047,2009-12-27,,2240.00,Check,Undeposited Funds,,0.00
DILARSHAD ENTERPRISE,AS004143,2009-12-27,,3360.00,Check,Undeposited Funds,,0.00
DILARSHAD ENTERPRISE,AS004144,2009-12-27,,1950.00,Check,Undeposited Funds,,0.00
"FRONTIER AUTOMOTIVES (PVT) LTD.,",AS004153,2009-12-27,,31500.00,Check,Undeposited Funds,,0.00
ZERANDIB MOTORS,AS004229,2009-12-27,,3900.00,Check,Undeposited Funds,,0.00
LANKA COMMODITY BROKERS LTD,AS004199,2009-12-28,795722,17766.00,Check,Undeposited Funds,,0.00
LANKA MOUNT CASTLE (PVT) LTD,AS004113,2009-12-28,913993 002915 2718,7840.00,Check,Undeposited Funds,,0.00
LANKA MOUNT CASTLE (PVT) LTD,AS004176,2009-12-28,913993 002915 2718,7840.00,Check,Undeposited Funds,,0.00
LANKA MOUNT CASTLE (PVT) LTD,AS004198,2009-12-28,913993 002915 2718,7840.00,Check,Undeposited Funds,,0.00
"DAVID PIERIS MOTOR CO. LTD.,",AS004099,2010-01-02,WHT,4158.00,Check,Undeposited Funds,,0.00
"DAVID PIERIS MOTOR CO. LTD.,",AS004120,2010-01-02,WHT,5197.50,Check,Undeposited Funds,,0.00
"DAVID PIERIS MOTOR CO. LTD.,",AS004121,2010-01-02,WHT,1039.50,Check,Undeposited Funds,,0.00
"DAVID PIERIS MOTOR CO. LTD.,",AS004122,2010-01-02,WHT,1039.50,Check,Undeposited Funds,,0.00
"DAVID PIERIS MOTOR CO. LTD.,",AS004123,2010-01-02,WHT,1039.50,Check,Undeposited Funds,,0.00
"DAVID PIERIS MOTOR CO. LTD.,",AS004125,2010-01-02,WHT,1039.50,Check,Undeposited Funds,,0.00
"DAVID PIERIS MOTOR CO. LTD.,",AS004126,2010-01-02,WHT,1039.50,Check,Undeposited Funds,,0.00
"DAVID PIERIS MOTOR CO. LTD.,",AS004127,2010-01-02,WHT,1039.50,Check,Undeposited Funds,,0.00
"DAVID PIERIS MOTOR CO. LTD.,",AS004128,2010-01-02,WHT,1039.50,Check,Undeposited Funds,,0.00
"DAVID PIERIS MOTOR CO. LTD.,",AS004129,2010-01-02,WHT,2079.00,Check,Undeposited Funds,,0.00
"DAVID PIERIS MOTOR CO. LTD.,",AS004130,2010-01-02,WHT,1039.50,Check,Undeposited Funds,,0.00
"DAVID PIERIS MOTOR CO. LTD.,",AS004131,2010-01-02,WHT,1039.50,Check,Undeposited Funds,,0.00
"DAVID PIERIS MOTOR CO. LTD.,",AS004136,2010-01-02,WHT,1039.50,Check,Undeposited Funds,,0.00
KIDS UNLIMITED,AS004181,2010-01-02,,6720.00,Check,Undeposited Funds,,0.00
KIDS UNLIMITED,AS004220,2010-01-02,,6720.00,Check,Undeposited Funds,,0.00
KIDS UNLIMITED,AS004237,2010-01-02,,6720.00,Check,Undeposited Funds,,0.00
LANKA TILES,AS004160,2010-01-02,WHT,1477.50,Check,Undeposited Funds,,0.00
Otley Printers,AS004234,2010-01-02,direct deposit,17449.60,Check,Undeposited Funds,,0.00
LANKA COMMODITY BROKERS LTD,AS004222,2010-01-06,795754,1600.00,Check,Undeposited Funds,,0.00
LANKA COMMODITY BROKERS LTD,AS004239,2010-01-06,795505,284356.80,Check,Undeposited Funds,,0.00
BENEDICTSONS (PVT) LTD,AS004231,2010-01-27,,10864.00,Check,Undeposited Funds,,0.00
FPA,AS004235,2010-01-27,,18000.00,Check,Undeposited Funds,,0.00
"FRONTIER AUTOMOTIVES (PVT) LTD.,",AS004184,2010-01-27,,28500.00,Check,Undeposited Funds,,0.00
Ranfer,AS004233,2010-01-27,,98500.00,Check,Undeposited Funds,,0.00
Sherwoods - Gayan,AS004230,2010-01-27,,22000.00,Check,Undeposited Funds,,0.00
Sujee Cafe,AS004245,2010-01-27,,3700.00,Check,Undeposited Funds,,0.00
Swarnamahal Fin. Svcs,AS004191,2010-01-27,,10080.00,Check,Undeposited Funds,,0.00
TYRE HOUSE TRADING (PVT) LTD,AS004203,2010-01-27,,5152.00,Check,Undeposited Funds,,0.00
UNION ASSURANCE PLC,AS004116,2010-01-27,WHT,1492.50,Check,Undeposited Funds,,0.00
Asiri,AS004253,2010-02-14,,285950.00,Check,Undeposited Funds,,0.00
FPA,AS004238,2010-02-14,,486950.00,Check,Undeposited Funds,,0.00
citylaps,AS004246,2010-02-14,,115000.00,Check,Undeposited Funds,,0.00
MRS. AQEELA,AS004268,2010-02-14,,57950.00,Check,Undeposited Funds,,0.00
Gestetner PS,AS004201,2010-02-14,,8960.00,Check,Undeposited Funds,,0.00
KAMINSKI. C/o STATESMAN HATS (PVT) LTD.,AS004260,2010-02-17,,6720.00,Check,Undeposited Funds,,0.00
KAMINSKI. C/o STATESMAN HATS (PVT) LTD.,AS004270,2010-02-17,,7168.00,Check,Undeposited Funds,,0.00
KAMINSKI. C/o STATESMAN HATS (PVT) LTD.,AS004271,2010-02-17,,33000.00,Check,Undeposited Funds,,0.00
MUSLIM AID,AS004240,2010-02-17,434845,5900.00,Check,Undeposited Funds,,0.00
MUSLIM AID,AS004241,2010-02-17,434845,3360.00,Check,Undeposited Funds,,0.00
MUSLIM AID,AS004243,2010-02-17,434845,3360.00,Check,Undeposited Funds,,0.00
MUSLIM AID,AS004259,2010-02-17,434845,1680.00,Check,Undeposited Funds,,0.00
MUSLIM AID,AS004275,2010-02-17,434845,16800.00,Check,Undeposited Funds,,0.00
State Bank of India.,AS004266,2010-02-23,879903,99500.00,Check,Undeposited Funds,,0.00
INSTITUTE OF CHARTERED ACCOUNTANTS OF SL,AS004200,2010-02-23,744418,20160.00,Check,Undeposited Funds,,0.00
STATEMAN HATS (Pvt) LTD.,AS004197,2010-02-23,524987,14784.00,Check,Undeposited Funds,,0.00
STATEMAN HATS (Pvt) LTD.,AS004209,2010-02-23,524987,2240.00,Check,Undeposited Funds,,0.00
STATEMAN HATS (Pvt) LTD.,AS004210,2010-02-23,524987,2240.00,Check,Undeposited Funds,,0.00
STATEMAN HATS (Pvt) LTD.,AS004227,2010-02-23,524987,14784.00,Check,Undeposited Funds,,0.00
DSI,AS004244,2010-02-25,,39950.00,Check,Undeposited Funds,,0.00
"FRONTIER AUTOMOTIVES (PVT) LTD.,",AS004205,2010-03-05,242134,8000.00,Check,Undeposited Funds,,0.00
"FRONTIER AUTOMOTIVES (PVT) LTD.,",AS004206,2010-03-05,242134,2240.00,Check,Undeposited Funds,,0.00
"FRONTIER AUTOMOTIVES (PVT) LTD.,",AS004207,2010-03-05,242134,3360.00,Check,Undeposited Funds,,0.00
CONTINENTAL FASHIONS,AS004254,2010-03-05,,34944.00,Check,Undeposited Funds,,0.00
CONTINENTAL FASHIONS,AS004276,2010-03-05,,38864.00,Check,Undeposited Funds,,0.00
"DAVID PIERIS MOTOR CO. LTD.,",AS004261,2010-03-05,274051,106600.00,Check,Undeposited Funds,,0.00
"DAVID PIERIS MOTOR CO. LTD.,",AS004262,2010-03-05,274051,106600.00,Check,Undeposited Funds,,0.00
"DAVID PIERIS MOTOR CO. LTD.,",AS004263,2010-03-05,274051,101803.00,Check,Undeposited Funds,,0.00
GP Garments,AS004247,2010-03-08,,155950.00,Check,Undeposited Funds,,0.00
STATEMAN HATS (Pvt) LTD.,AS004232,2010-03-15,,48720.00,Check,Undeposited Funds,,0.00
STATEMAN HATS (Pvt) LTD.,AS004236,2010-03-15,,49280.00,Check,Undeposited Funds,,0.00
LANKA COMMODITY BROKERS LTD,AS004306,2010-03-15,immeidiate,217249.20,Check,Undeposited Funds,,0.00
Earrow,AS004279,2010-03-15,359968,70000.00,Check,Undeposited Funds,,0.00
"DAVID PIERIS MOTOR CO. LTD.,",AS004263,2010-03-29,WHT,4797.00,Check,Undeposited Funds,,0.00
KIDS UNLIMITED,AS004264,2010-03-29,chq,6720.00,Check,Undeposited Funds,,0.00
ICC,AS004291,2010-04-20,520758,97000.00,Check,Undeposited Funds,,0.00
KIK,AS004303,2010-04-20,565920,189000.00,Check,Undeposited Funds,,0.00
LANKA MOUNT CASTLE (PVT) LTD,AS004273,2010-04-20,616721,7840.00,Check,Undeposited Funds,,0.00
STATEMAN HATS (Pvt) LTD.,AS004249,2010-04-20,666655,35048.16,Check,Undeposited Funds,,0.00
STATEMAN HATS (Pvt) LTD.,AS004250,2010-04-20,666655,14784.00,Check,Undeposited Funds,,0.00
"FRONTIER AUTOMOTIVES (PVT) LTD.,",AS004324,2010-04-20,815763,38080.00,Check,Undeposited Funds,,0.00
"FRONTIER AUTOMOTIVES (PVT) LTD.,",AS004325,2010-04-20,815763,35000.00,Check,Undeposited Funds,,0.00
Hotel Clarion,AS004305,2010-04-20,522257,98000.00,Check,Undeposited Funds,,0.00
CONTINENTAL FASHIONS,AS004304,2010-04-20,986408,124012.00,Check,Undeposited Funds,,0.00
LANKA COMMODITY BROKERS LTD,AS004226,2010-04-22,,17766.00,Check,Undeposited Funds,,0.00
LANKA COMMODITY BROKERS LTD,AS004251,2010-04-22,,17766.00,Check,Undeposited Funds,,0.00
LANKA COMMODITY BROKERS LTD,AS004302,2010-04-22,,7000.00,Check,Undeposited Funds,,0.00
CHRISTIAN AID,AS004290,2010-05-06,,3192.00,Check,Undeposited Funds,,0.00
CHRISTIAN AID,AS004313,2010-05-06,,2240.00,Check,Undeposited Funds,,0.00
CHRISTIAN AID,AS004319,2010-05-06,,114500.00,Check,Undeposited Funds,,0.00
CHRISTIAN AID,AS004320,2010-05-06,,3192.00,Check,Undeposited Funds,,0.00
STATEMAN HATS (Pvt) LTD.,AS004308,2010-05-06,594138,34000.00,Check,Undeposited Funds,,0.00
State Bank of India.,AS004267,2010-05-06,,82320.00,Check,Undeposited Funds,,0.00
State Bank of India.,AS004315,2010-05-06,,17360.00,Check,Undeposited Funds,,0.00
APL,AS004333,2010-05-17,146699,192500.00,Check,Undeposited Funds,,0.00
REGENT FINE JEWELS,AS004342,2010-05-17,993900,13764.00,Check,Undeposited Funds,,0.00
Asiri,AS004295,2010-05-23,,82880.00,Check,Undeposited Funds,,0.00
Asiri Hospital PLC,AS004296,2010-05-23,,82070.00,Check,Undeposited Funds,,0.00
Asiri Hospital PLC,AS004297,2010-05-23,,72100.00,Check,Undeposited Funds,,0.00
Hemas Group,AS004326,2010-05-23,,410000.00,Check,Undeposited Funds,,0.00
JAY JAY MILLS LANKA (PVT) LTD,AS004327,2010-05-23,,25200.00,Check,Undeposited Funds,,0.00
LANKA COMMODITY BROKERS LTD,AS004272,2010-05-23,,17766.00,Check,Undeposited Funds,,0.00
LANKA COMMODITY BROKERS LTD,AS004323,2010-05-23,,17766.00,Check,Undeposited Funds,,0.00
MACSON MESH,AS004278,2010-05-23,,1680.00,Check,Undeposited Funds,,0.00
MRS. AQEELA,AS004316,2010-05-23,,29540.00,Check,Undeposited Funds,,0.00
Nawaloka Construction Company Limited,AS004292,2010-05-23,,155000.00,Check,Undeposited Funds,,0.00
SC SECURITIES,AS004300,2010-05-23,,12600.00,Check,Undeposited Funds,,0.00
"THE ASSOCIATED NEWSPAPERS OF CEYLON LTD.,",AS004331,2010-05-23,,1950.00,Check,Undeposited Funds,,0.00
STATEMAN HATS (Pvt) LTD.,AS004269,2010-05-24,666753,48720.00,Check,Undeposited Funds,,0.00
STATEMAN HATS (Pvt) LTD.,AS004274,2010-05-24,666753,14784.00,Check,Undeposited Funds,,0.00
STATEMAN HATS (Pvt) LTD.,AS004281,2010-05-24,666753,16900.00,Check,Undeposited Funds,,0.00
STATEMAN HATS (Pvt) LTD.,AS004282,2010-05-24,666753,4480.00,Check,Undeposited Funds,,0.00
STATEMAN HATS (Pvt) LTD.,AS004283,2010-05-24,666753,2240.00,Check,Undeposited Funds,,0.00
STATEMAN HATS (Pvt) LTD.,AS004284,2010-05-24,666753,1680.00,Check,Undeposited Funds,,0.00
STATEMAN HATS (Pvt) LTD.,AS004286,2010-05-24,666753,2240.00,Check,Undeposited Funds,,0.00
LANKA COMMODITY BROKERS LTD,AS004299,2010-05-31,814359,17766.00,Check,Undeposited Funds,,0.00
LANKA COMMODITY BROKERS LTD,AS004336,2010-05-31,814357,17766.00,Check,Undeposited Funds,,0.00
Avian,AS004343,2010-06-30,,151270.00,Check,Undeposited Funds,,0.00
HANDS INTERNATINAL (PVT) LTD,AS004354,2010-06-30,,55000.00,Check,Undeposited Funds,,0.00
Hemas Hospitals Pvt Ltd.,AS004334,2010-06-30,,165950.00,Check,Undeposited Funds,,0.00
John Keells Office Automation,AS004310,2010-06-30,,8000.00,Check,Undeposited Funds,,0.00
John Keells Office Automation,AS004311,2010-06-30,,8000.00,Check,Undeposited Funds,,0.00
John Keells Office Automation,AS004321,2010-06-30,,8000.00,Check,Undeposited Funds,,0.00
KIDS UNLIMITED,AS004322,2010-06-30,,5600.00,Check,Undeposited Funds,,0.00
LANKA COMMODITY BROKERS LTD,AS004375,2010-06-30,,639686.49,Check,Undeposited Funds,,0.00
Lanka Hospitals,AS004357,2010-06-30,,195000.00,Check,Undeposited Funds,,0.00
STATEMAN HATS (Pvt) LTD.,AS004298,2010-06-30,,2240.00,Check,Undeposited Funds,,0.00
STATEMAN HATS (Pvt) LTD.,AS004307,2010-06-30,,32480.00,Check,Undeposited Funds,,0.00
STATEMAN HATS (Pvt) LTD.,AS004309,2010-06-30,,8960.00,Check,Undeposited Funds,,0.00
STATEMAN HATS (Pvt) LTD.,AS004312,2010-06-30,,1200.00,Check,Undeposited Funds,,0.00
STATEMAN HATS (Pvt) LTD.,AS004317,2010-06-30,,14784.00,Check,Undeposited Funds,,0.00
Swiss Biogenics,AS004332,2010-06-30,186000,186000.00,Check,Undeposited Funds,,0.00
Cotton Collecton,AS004348,2010-07-15,670408,134000.00,Check,Undeposited Funds,,0.00
Hotel Clarion,AS004330,2010-07-15,,97000.00,Check,Undeposited Funds,,0.00
Ceylon Tea Services - Dilma,AS004359,2010-07-15,,175000.00,Check,Undeposited Funds,,0.00
UNION ASSURANCE PLC,AS004225,2010-07-15,,6678.00,Check,Undeposited Funds,,0.00
DENSHUN INDUSTRIES LTD,AS004352,2010-07-15,,9000.00,Check,Undeposited Funds,,0.00
MACSON MESH,AS004376,2010-07-15,,733410.31,Check,Undeposited Funds,,0.00
TYRE HOUSE TRADING (PVT) LTD,AS004255,2010-07-15,193318 & 671371,3000.00,Check,Undeposited Funds,,0.00
TYRE HOUSE TRADING (PVT) LTD,AS004369,2010-07-15,193318 & 671371,21350.00,Check,Undeposited Funds,,0.00
LANKA COMMODITY BROKERS LTD,AS004346,2010-07-15,821574,3500.00,Check,Undeposited Funds,,0.00
LANKA COMMODITY BROKERS LTD,AS004347,2010-07-15,821574,17342.64,Check,Undeposited Funds,,0.00
MACSON MESH,AS004363,2010-07-16,,14000.00,Check,Undeposited Funds,,0.00
MACSON MESH,AS004364,2010-07-16,,10500.00,Check,Undeposited Funds,,0.00
MACSON MESH,AS004376,2010-07-16,,733409.70,Check,Undeposited Funds,,0.00
"FRONTIER AUTOMOTIVES (PVT) LTD.,",AS004248,2010-07-24,012029,2240.00,Check,Undeposited Funds,,0.00
"FRONTIER AUTOMOTIVES (PVT) LTD.,",AS004257,2010-07-24,012029,1680.00,Check,Undeposited Funds,,0.00
"FRONTIER AUTOMOTIVES (PVT) LTD.,",AS004258,2010-07-24,012029,2240.00,Check,Undeposited Funds,,0.00
"FRONTIER AUTOMOTIVES (PVT) LTD.,",AS004341,2010-07-24,012029,68902.40,Check,Undeposited Funds,,0.00
Asia Capital,AS004391,2010-08-09,,95500.00,Check,Undeposited Funds,95000 + 500 cash,0.00
STATEMAN HATS (Pvt) LTD.,AS004328,2010-08-09,745185,16240.00,Check,Undeposited Funds,,0.00
STATEMAN HATS (Pvt) LTD.,AS004329,2010-08-09,745236,48720.00,Check,Undeposited Funds,,0.00
KAIZA HOLDINGS (PVT) LTD,AS004340,2010-08-09,575848,2800.00,Check,Undeposited Funds,,0.00
KAIZA HOLDINGS (PVT) LTD,AS004374,2010-08-09,575793,35048.16,Check,Undeposited Funds,,0.00
KAIZA HOLDINGS (PVT) LTD,AS004378,2010-08-09,575794,6160.00,Check,Undeposited Funds,,0.00
KAIZA HOLDINGS (PVT) LTD,AS004380,2010-08-09,575794,36960.00,Check,Undeposited Funds,,0.00
STATEMAN HATS (Pvt) LTD.,AS004355,2010-08-30,,48720.00,Check,Undeposited Funds,,0.00
STATEMAN HATS (Pvt) LTD.,AS004370,2010-08-30,,35048.16,Check,Undeposited Funds,,0.00
STATEMAN HATS (Pvt) LTD.,AS004373,2010-08-30,,44352.00,Check,Undeposited Funds,,0.00
ABC TRADE & INVESTMENTS (PVT) LTD,AS004345,2010-09-01,,1950.00,Check,Undeposited Funds,,0.00
ATG Ceylon (Pvt) Ltd,AS004377,2010-09-01,,184000.00,Check,Undeposited Funds,,0.00
DENSHUN INDUSTRIES LTD,AS004367,2010-09-01,,38950.00,Check,Undeposited Funds,,0.00
Dil Cinema,AS004389,2010-09-01,,56000.00,Check,Undeposited Funds,,0.00
FPA,AS004238,2010-09-01,,7050.00,Check,Undeposited Funds,,0.00
Globe Knitting,AS004415,2010-09-01,,152950.00,Check,Undeposited Funds,,0.00
Lankem,AS004401,2010-09-01,,123975.00,Check,Undeposited Funds,,0.00
MACSON MESH,AS004356,2010-09-01,,228088.00,Check,Undeposited Funds,,0.00
MACSON MESH,AS004385,2010-09-01,,31000.00,Check,Undeposited Funds,,0.00
MACSON MESH,AS004398,2010-09-01,,1680.00,Check,Undeposited Funds,,0.00
MACSON MESH,AS004399,2010-09-01,,3360.00,Check,Undeposited Funds,,0.00
MACSON MESH,AS004404,2010-09-01,,51942.97,Check,Undeposited Funds,,0.00
MACSON MESH,AS004405,2010-09-01,,6317.38,Check,Undeposited Funds,,0.00
MACSON MESH,AS004406,2010-09-01,,78400.00,Check,Undeposited Funds,,0.00
MR. SHERAN FERNANDO,AS004353,2010-09-01,,6832.00,Check,Undeposited Funds,,0.00
Practical Action,AS004344,2010-09-01,,195000.00,Check,Undeposited Funds,,0.00
Red Dot Tours Lanka (Pvt) Ltd.,AS004383,2010-09-01,,40100.00,Check,Undeposited Funds,,0.00
Richardson Projects,AS004384,2010-09-01,,178000.00,Check,Undeposited Funds,,0.00
techtron,AS004395,2010-09-01,,109800.00,Check,Undeposited Funds,,0.00
Touchwood,AS004416,2010-09-01,,369950.00,Check,Undeposited Funds,,0.00
Trident Corp,AS004360,2010-09-01,,51000.00,Check,Undeposited Funds,,0.00
Wirehat,AS004390,2010-09-01,,40000.00,Check,Undeposited Funds,,0.00
"FRONTIER AUTOMOTIVES (PVT) LTD.,",AS004379,2010-09-01,,29120.00,Check,Undeposited Funds,,0.00
LANKA COMMODITY BROKERS LTD,AS004350,2010-09-01,,5700.00,Check,Undeposited Funds,,0.00
LANKA COMMODITY BROKERS LTD,AS004382,2010-09-01,,12460.00,Check,Undeposited Funds,,0.00
LANKA COMMODITY BROKERS LTD,AS004408,2010-09-01,,21686.00,Check,Undeposited Funds,,0.00
KAMINSKI. C/o STATESMAN HATS (PVT) LTD.,AS004026,2010-09-15,misc,2240.00,Check,Undeposited Funds,,0.00
KAMINSKI. C/o STATESMAN HATS (PVT) LTD.,AS004280,2010-09-15,misc,35048.16,Check,Undeposited Funds,,0.00
KAMINSKI. C/o STATESMAN HATS (PVT) LTD.,AS004285,2010-09-15,misc,2240.00,Check,Undeposited Funds,,0.00
KAMINSKI. C/o STATESMAN HATS (PVT) LTD.,AS004365,2010-09-15,misc,65950.00,Check,Undeposited Funds,,0.00
KAMINSKI. C/o STATESMAN HATS (PVT) LTD.,AS004366,2010-09-15,misc,23335.20,Check,Undeposited Funds,,0.00
KAMINSKI. C/o STATESMAN HATS (PVT) LTD.,AS004371,2010-09-15,misc,35048.16,Check,Undeposited Funds,,0.00
Durdans,AS004394,2010-09-15,,18000.00,Check,Undeposited Funds,,0.00
STATEMAN HATS (Pvt) LTD.,AS004409,2010-10-11,889930,69500.00,Check,Undeposited Funds,,0.00
STATEMAN HATS (Pvt) LTD.,AS004410,2010-10-11,889930,53193.28,Check,Undeposited Funds,,0.00
STATEMAN HATS (Pvt) LTD.,AS004411,2010-10-11,889930,29568.00,Check,Undeposited Funds,,0.00
STATEMAN HATS (Pvt) LTD.,AS004413,2010-10-11,889930,15800.00,Check,Undeposited Funds,,0.00
STATEMAN HATS (Pvt) LTD.,AS004418,2010-10-11,889930,48720.00,Check,Undeposited Funds,,0.00
John Keells Office Automation,AS004419,2010-10-14,003011,16000.00,Check,Undeposited Funds,,0.00
John Keells Office Automation,AS004423,2010-10-14,003011,8000.00,Check,Undeposited Funds,,0.00
Central Hospital,AS004386,2010-10-14,,305950.00,Check,Undeposited Funds,,0.00
MABROC E-TECH (PVT) LTD,AS004426,2010-10-14,,64000.00,Check,Undeposited Funds,,0.00
LANKA COMMODITY BROKERS LTD,AS004068,2010-10-14,,3080.00,Check,Undeposited Funds,,0.00
LANKA COMMODITY BROKERS LTD,AS004381,2010-10-14,,5700.00,Check,Undeposited Funds,,0.00
LANKA COMMODITY BROKERS LTD,AS004397,2010-10-14,,10662.40,Check,Undeposited Funds,,0.00
"FRONTIER AUTOMOTIVES (PVT) LTD.,",AS004453,2010-11-01,,13440.00,Check,Undeposited Funds,,0.00
"FRONTIER AUTOMOTIVES (PVT) LTD.,",AS004454,2010-11-01,,6720.00,Check,Undeposited Funds,,0.00
John Keells Office Automation,AS004458,2010-11-01,,48000.00,Check,Undeposited Funds,,0.00
MICROCELLS LTD,AS004480,2010-11-01,,57950.00,Check,Undeposited Funds,,0.00
MICROCELLS LTD,AS004481,2010-11-01,,22400.00,Check,Undeposited Funds,,0.00
"FRONTIER AUTOMOTIVES (PVT) LTD.,",AS004387,2010-11-05,,2240.00,Check,Undeposited Funds,,0.00
British School,AS004431,2010-11-05,,42500.00,Check,Undeposited Funds,,0.00
Asiri Hospital PLC,AS004433,2010-11-05,,369500.00,Check,Undeposited Funds,,0.00
John Keells Office Automation,AS004362,2010-11-20,002826,8000.00,Check,Undeposited Funds,,0.00
Advanced Micro Technology,AS004434,2010-11-30,,36500.00,Check,Undeposited Funds,,0.00
ATG Ceylon (Pvt) Ltd,AS004417,2010-11-30,,190000.00,Check,Undeposited Funds,,0.00
INSTITUTE OF CHARTERED ACCOUNTANTS OF SL,AS004421,2010-11-30,,49000.00,Check,Undeposited Funds,,0.00
INSTITUTE OF CHARTERED ACCOUNTANTS OF SL,AS004422,2010-11-30,,44500.00,Check,Undeposited Funds,,0.00
KIDS UNLIMITED,AS004358,2010-11-30,,6720.00,Check,Undeposited Funds,,0.00
LANKA COMMODITY BROKERS LTD,AS004427,2010-11-30,,21686.00,Check,Undeposited Funds,,0.00
LANKA COMMODITY BROKERS LTD,AS004441,2010-11-30,,9000.00,Check,Undeposited Funds,,0.00
LANKA COMMODITY BROKERS LTD,AS004442,2010-11-30,,9000.00,Check,Undeposited Funds,,0.00
LANKA COMMODITY BROKERS LTD,AS004445,2010-11-30,,21686.00,Check,Undeposited Funds,,0.00
LANKA COMMODITY BROKERS LTD,AS004459,2010-11-30,,21686.00,Check,Undeposited Funds,,0.00
LANKA COMMODITY BROKERS LTD,AS004469,2010-11-30,,294616.00,Check,Undeposited Funds,,0.00
LANKA COMMODITY BROKERS LTD,AS004470,2010-11-30,,1480606.40,Check,Undeposited Funds,,0.00
Lankem,AS004401,2010-11-30,,123975.00,Check,Undeposited Funds,,0.00
MotorCAD,AS004439,2010-11-30,,4200.00,Check,Undeposited Funds,,0.00
MTV,AS004396,2010-11-30,,290000.00,Check,Undeposited Funds,,0.00
MTV,AS004402,2010-11-30,,13000.00,Check,Undeposited Funds,,0.00
Peoples Merchant Bank,AS004457,2010-11-30,,148950.00,Check,Undeposited Funds,,0.00
Shipping & Cargo Logistics Pvt Ltd.,AS004393,2010-11-30,,12806.08,Check,Undeposited Funds,,0.00
"Spence Shipping Pvt Ltd.,",AS004392,2010-11-30,,12806.08,Check,Undeposited Funds,,0.00
Swarnamahal Fin. Svcs,AS004447,2010-11-30,,149950.00,Check,Undeposited Funds,,0.00
STATEMAN HATS (Pvt) LTD.,AS004448,2010-11-30,,60009.60,Check,Undeposited Funds,,0.00
STATEMAN HATS (Pvt) LTD.,AS004449,2010-11-30,,42000.00,Check,Undeposited Funds,,0.00
STATEMAN HATS (Pvt) LTD.,AS004455,2010-11-30,,285432.84,Check,Undeposited Funds,,0.00
STATEMAN HATS (Pvt) LTD.,AS004339,2010-11-30,,2688.00,Check,Undeposited Funds,,0.00
STATEMAN HATS (Pvt) LTD.,AS004414,2010-11-30,,19600.00,Check,Undeposited Funds,,0.00
STATEMAN HATS (Pvt) LTD.,AS004432,2010-11-30,,48720.00,Check,Undeposited Funds,,0.00
Wirehat,AS004390,2010-12-01,,13250.00,Check,Undeposited Funds,,0.00
Strategic Inpirations,AS004400,2010-12-01,,40000.00,Check,Undeposited Funds,,0.00
State Bank of India.,AS004473,2010-12-01,,93000.00,Check,Undeposited Funds,,0.00
State Bank of India.,AS004475,2010-12-01,,58240.00,Check,Undeposited Funds,,0.00
"Spence Shipping Pvt Ltd.,",AS004424,2010-12-01,,15000.00,Check,Undeposited Funds,,0.00
"Spence Shipping Pvt Ltd.,",AS004425,2010-12-01,,2240.00,Check,Undeposited Funds,,0.00
Power House - Derana,AS004446,2010-12-01,,342950.00,Check,Undeposited Funds,,0.00
Isoft Infosys,AS004477,2010-12-01,30Day chq,34370.00,Check,Undeposited Funds,,0.00
LITHITECH ADVANCE SOLUTIONS,AS004202,2010-12-01,Bad Debt,2800.00,Check,Undeposited Funds,,0.00
SHADIR,AS004075,2010-12-01,Bad Debt,1240.00,Check,Undeposited Funds,,0.00
MUSLIM AID,AS004335,2010-12-15,,10.00,Check,Undeposited Funds,,0.00
Dialog,AS004462,2010-12-15,,167675.00,Check,Undeposited Funds,,0.00
ABC Computers,AS004479,2010-12-15,251902,122500.00,Check,Undeposited Funds,,0.00
MACSON MESH,AS004440,2010-12-15,,4368.00,Check,Undeposited Funds,,0.00
MACSON MESH,AS004444,2010-12-15,,1750.00,Check,Undeposited Funds,,0.00
MACSON MESH,AS004451,2010-12-15,,2800.00,Check,Undeposited Funds,,0.00
MACSON MESH,AS004466,2010-12-15,,11200.00,Check,Undeposited Funds,,0.00
MACSON MESH,AS004467,2010-12-15,,9950.00,Check,Undeposited Funds,,0.00
MACSON MESH,AS004468,2010-12-15,,24133.97,Check,Undeposited Funds,,0.00
MACSON MESH,AS004471,2010-12-31,076118,43848.00,Check,Undeposited Funds,,0.00
MACSON MESH,AS004517,2010-12-31,076118,2240.00,Check,Undeposited Funds,,0.00
LANKA COMMODITY BROKERS LTD,AS004493,2010-12-31,859881,19000.00,Check,Undeposited Funds,,0.00
"FRONTIER AUTOMOTIVES (PVT) LTD.,",AS004484,2010-12-31,053511,36000.00,Check,Undeposited Funds,,0.00
"FRONTIER AUTOMOTIVES (PVT) LTD.,",AS004486,2010-12-31,053511,44800.00,Check,Undeposited Funds,,0.00
Ajith Samaranayake,AS004496,2011-01-02,,26000.00,Cash,Undeposited Funds,,0.00
LANKA MOUNT CASTLE (PVT) LTD,AS004429,2011-01-02,,11200.00,Cash,Undeposited Funds,,0.00
LANKA MOUNT CASTLE (PVT) LTD,AS004483,2011-01-02,,175392.00,Cash,Undeposited Funds,,0.00
Linea Aqua ( Pvt ) Ltd,AS004485,2011-01-02,,359950.00,Check,Undeposited Funds,,0.00
Seylan,AS004522,2011-01-02,,341952.50,Check,Undeposited Funds,,0.00
BLMM,AS004456,2011-01-03,,369950.00,Check,Undeposited Funds,,0.00
Isoft Infosys,AS004523,2011-01-03,,24550.00,Check,Undeposited Funds,,0.00
"ASIAN ALLIANCE INSURANCE CO LTD.,",AS004443,2011-01-12,756876,9000.00,Check,Undeposited Funds,,0.00
LANKA TILES,AS004489,2011-01-12,530815,16497.60,Check,Undeposited Funds,,0.00
Caritas - Kandy Setic,AS004497,2011-01-12,,99000.00,Check,Undeposited Funds,,0.00
Caritas - Kandy Setic,AS004498,2011-01-12,,8064.00,Check,Undeposited Funds,,0.00
Commercial Bank of Ceylon PLC,AS004482,2011-01-12,517386,362900.00,Check,Undeposited Funds,,0.00
Commercial Bank of Ceylon PLC,AS004482,2011-01-12,wht,19100.00,Check,Undeposited Funds,,0.00
LANKA COMMODITY BROKERS LTD,AS004491,2011-01-21,860006,21686.00,Check,Undeposited Funds,,0.00
John Keells Office Automation,AS004487,2011-01-21,,40000.00,Check,Undeposited Funds,,0.00
UNION ASSURANCE PLC,AS004540,2011-01-22,,113000.00,Check,Undeposited Funds,,0.00
"DAVID PIERIS MOTOR CO. LTD.,",AS004488,2011-01-22,,16800.00,Check,Undeposited Funds,,0.00
Ceylon Continental,AS004472,2011-01-22,,149000.00,Check,Undeposited Funds,,0.00
KAMINSKI. C/o STATESMAN HATS (PVT) LTD.,AS004463,2011-01-22,,23000.00,Check,Undeposited Funds,,0.00
MUSLIM AID,AS004242,2011-01-28,,16800.00,Check,Undeposited Funds,,0.00
MUSLIM AID,AS004494,2011-01-28,,16800.00,Check,Undeposited Funds,,0.00
CONTINENTAL FASHIONS,AS004265,2011-01-28,607815,2240.00,Check,Undeposited Funds,,0.00
CONTINENTAL FASHIONS,AS004314,2011-01-28,607815,2240.00,Check,Undeposited Funds,,0.00
CONTINENTAL FASHIONS,AS004351,2011-01-28,607815,19600.00,Check,Undeposited Funds,,0.00
CONTINENTAL FASHIONS,AS004464,2011-01-28,607816,3360.00,Check,Undeposited Funds,,0.00
MUSLIM AID,AS004001,2011-01-28,,1680.00,Check,Undeposited Funds,,0.00
MUSLIM AID,AS004211,2011-01-28,,1120.00,Check,Undeposited Funds,,0.00
MUSLIM AID,AS004212,2011-01-28,,1120.00,Check,Undeposited Funds,,0.00
MUSLIM AID,AS004213,2011-01-28,,2240.00,Check,Undeposited Funds,,0.00
MUSLIM AID,AS004287,2011-01-28,,2240.00,Check,Undeposited Funds,,0.00
MUSLIM AID,AS004289,2011-01-28,,2240.00,Check,Undeposited Funds,,0.00
MUSLIM AID,AS004294,2011-01-28,,23912.00,Check,Undeposited Funds,,0.00
John Keells Office Automation,AS004525,2011-02-14,,104000.00,Check,Undeposited Funds,,0.00
John Keells Office Automation,AS004546,2011-02-14,,80000.00,Check,Undeposited Funds,,0.00
EXPRESS NEWSPAPERS (CEYLON) LTD,AS004499,2011-02-14,,359950.00,Check,Undeposited Funds,,0.00
FPA,AS004476,2011-02-14,,18000.00,Check,Undeposited Funds,,0.00
DSI,AS004547,2011-02-14,,89950.00,Check,Undeposited Funds,,0.00
CHRISTIAN AID,AS004545,2011-02-14,,121500.00,Check,Undeposited Funds,,0.00
Aepona - valistar,AS004541,2011-02-14,,365950.00,Check,Undeposited Funds,,0.00
Rhino,AS004537,2011-02-14,,119500.00,Check,Undeposited Funds,,0.00
Hidramani Group HIE,AS004538,2011-02-14,,282450.00,Check,Undeposited Funds,,0.00
Nawaloka Construction Company Limited,AS004490,2011-02-28,,9000.00,Check,Undeposited Funds,,0.00
STATEMAN HATS (Pvt) LTD.,AS004502,2011-02-28,730508,4480.00,Check,Undeposited Funds,,0.00
STATEMAN HATS (Pvt) LTD.,AS004503,2011-02-28,730508,11000.00,Check,Undeposited Funds,,0.00
STATEMAN HATS (Pvt) LTD.,AS004504,2011-02-28,730508,4480.00,Check,Undeposited Funds,,0.00
STATEMAN HATS (Pvt) LTD.,AS004505,2011-02-28,730508,2240.00,Check,Undeposited Funds,,0.00
STATEMAN HATS (Pvt) LTD.,AS004506,2011-02-28,730508,2240.00,Check,Undeposited Funds,,0.00
STATEMAN HATS (Pvt) LTD.,AS004507,2011-02-28,730508,3360.00,Check,Undeposited Funds,,0.00
STATEMAN HATS (Pvt) LTD.,AS004514,2011-02-28,730508,3360.00,Check,Undeposited Funds,,0.00
STATEMAN HATS (Pvt) LTD.,AS004076,2011-02-28,,5824.00,Check,Undeposited Funds,,0.00
STATEMAN HATS (Pvt) LTD.,AS004082,2011-02-28,,1008.00,Check,Undeposited Funds,,0.00
STATEMAN HATS (Pvt) LTD.,AS004428,2011-02-28,,14784.00,Check,Undeposited Funds,,0.00
STATEMAN HATS (Pvt) LTD.,AS004460,2011-02-28,,29568.00,Check,Undeposited Funds,,0.00
STATEMAN HATS (Pvt) LTD.,AS004465,2011-02-28,,48720.00,Check,Undeposited Funds,,0.00
Shaw Wallace marketing,AS004524,2011-02-28,,89950.00,Check,Undeposited Funds,,0.00
"FRONTIER AUTOMOTIVES (PVT) LTD.,",AS004020,2011-02-28,,3360.00,Check,Undeposited Funds,,0.00
"FRONTIER AUTOMOTIVES (PVT) LTD.,",AS004221,2011-02-28,,1120.00,Check,Undeposited Funds,,0.00
"FRONTIER AUTOMOTIVES (PVT) LTD.,",AS004277,2011-02-28,,3360.00,Check,Undeposited Funds,,0.00
"FRONTIER AUTOMOTIVES (PVT) LTD.,",AS004529,2011-02-28,,5600.00,Check,Undeposited Funds,,0.00
"FRONTIER AUTOMOTIVES (PVT) LTD.,",AS004530,2011-02-28,,5600.00,Check,Undeposited Funds,,0.00
"FRONTIER AUTOMOTIVES (PVT) LTD.,",AS004534,2011-02-28,,1120.00,Check,Undeposited Funds,,0.00
"FRONTIER AUTOMOTIVES (PVT) LTD.,",AS004535,2011-02-28,,1680.00,Check,Undeposited Funds,,0.00
Asian Office Solutions,AS004557,2011-03-21,,174000.00,Check,Undeposited Funds,,0.00
Asian Office Solutions,AS004578,2011-03-21,,66920.00,Check,Undeposited Funds,,0.00
Asiri Hospital PLC,AS004437,2011-03-21,,23520.00,Check,Undeposited Funds,,0.00
Ceylinco Insurance Co. Ltd.,AS004570,2011-03-21,,369950.00,Check,Undeposited Funds,,0.00
FPA,AS004552,2011-03-21,,18000.00,Check,Undeposited Funds,,0.00
FPA,AS004553,2011-03-21,,9000.00,Check,Undeposited Funds,,0.00
KIDS UNLIMITED,AS004436,2011-03-21,,6720.00,Check,Undeposited Funds,,0.00
LANKA COMMODITY BROKERS LTD,AS004539,2011-03-21,,45120.00,Check,Undeposited Funds,,0.00
Rupavahini,AS004556,2011-03-21,,399950.00,Check,Undeposited Funds,,0.00
State Bank of India.,AS004542,2011-03-21,,90500.00,Check,Undeposited Funds,,0.00
State Bank of India.,AS004543,2011-03-21,,45360.00,Check,Undeposited Funds,,0.00
State Bank of India.,AS004575,2011-03-21,,11200.00,Check,Undeposited Funds,,0.00
ATG Ceylon (Pvt) Ltd,AS004567,2011-03-22,,167000.00,Check,Undeposited Funds,,0.00
LANKA COMMODITY BROKERS LTD,AS004539,2011-03-30,841211,5414.40,Check,Undeposited Funds,,0.00
LANKA COMMODITY BROKERS LTD,AS004551,2011-03-30,841211,8000.00,Check,Undeposited Funds,,0.00
LANKA COMMODITY BROKERS LTD,AS004554,2011-03-30,841211,750.00,Check,Undeposited Funds,,0.00
CHRISTIAN AID,AS004609,2011-03-31,804592,116000.00,Check,Undeposited Funds,,0.00
ABC Computers,AS004571,2011-03-31,278906,37665.00,Check,Undeposited Funds,,0.00
Dart,AS004560,2011-03-31,,106500.00,Check,Undeposited Funds,,0.00
Aepona - valistar,AS004598,2011-03-31,,39000.00,Check,Undeposited Funds,,0.00
KAMINSKI. C/o STATESMAN HATS (PVT) LTD.,AS004594,2011-04-01,730654,4480.00,Check,Undeposited Funds,,0.00
KAMINSKI. C/o STATESMAN HATS (PVT) LTD.,AS004513,2011-04-01,590914,3080.00,Check,Undeposited Funds,,0.00
KAMINSKI. C/o STATESMAN HATS (PVT) LTD.,AS004288,2011-04-01,590887,29120.00,Check,Undeposited Funds,,0.00
LANKA COMMODITY BROKERS LTD,AS004555,2011-04-01,860414,21686.00,Check,Undeposited Funds,,0.00
LANKA COMMODITY BROKERS LTD,AS004568,2011-04-01,860583,21686.00,Check,Undeposited Funds,,0.00
LANKA COMMODITY BROKERS LTD,AS004597,2011-04-01,860582,21686.00,Check,Undeposited Funds,,0.00
TYRE HOUSE TRADING (PVT) LTD,AS004580,2011-04-02,6250,6250.00,Check,Undeposited Funds,,0.00
KAIZA HOLDINGS (PVT) LTD,AS004495,2011-04-02,,34171.20,Check,Undeposited Funds,,0.00
KAIZA HOLDINGS (PVT) LTD,AS004500,2011-04-02,,3360.00,Check,Undeposited Funds,,0.00
KAIZA HOLDINGS (PVT) LTD,AS004519,2011-04-02,,3080.00,Check,Undeposited Funds,,0.00
LANKA COMMODITY BROKERS LTD,AS004561,2011-04-08,860643,29500.00,Check,Undeposited Funds,,0.00
LANKA COMMODITY BROKERS LTD,AS004603,2011-04-08,860643,5320.00,Check,Undeposited Funds,,0.00
Ceylinco Insurance Co. Ltd.,AS004602,2011-04-08,,58000.00,Check,Undeposited Funds,,0.00
CHRISTIAN AID,,2011-04-08,,0.00,Check,Undeposited Funds,,0.00
CHRISTIAN AID,AS004610,2011-04-08,,17000.00,Check,Undeposited Funds,,0.00
STATEMAN HATS (Pvt) LTD.,AS004544,2011-04-09,818303,14784.00,Check,Undeposited Funds,,0.00
STATEMAN HATS (Pvt) LTD.,AS004572,2011-04-09,818303,1200.00,Check,Undeposited Funds,,0.00
STATEMAN HATS (Pvt) LTD.,AS004573,2011-04-09,818303,44352.00,Check,Undeposited Funds,,0.00
KIDS UNLIMITED,AS004337,2011-04-09,,6720.00,Check,Undeposited Funds,,0.00
KAMINSKI. C/o STATESMAN HATS (PVT) LTD.,AS004604,2011-04-09,,7638.40,Check,Undeposited Funds,,0.00
KAMINSKI. C/o STATESMAN HATS (PVT) LTD.,AS004581,2011-04-09,,3000.00,Check,Undeposited Funds,,0.00
CHRISTIAN AID,AS004157,2011-04-27,804612,1120.00,Check,Undeposited Funds,,0.00
CHRISTIAN AID,AS004172,2011-04-27,804612,3360.00,Check,Undeposited Funds,,0.00
CHRISTIAN AID,AS004256,2011-04-27,804612,1680.00,Check,Undeposited Funds,,0.00
CHRISTIAN AID,AS004301,2011-04-27,804612,3192.00,Check,Undeposited Funds,,0.00
CHRISTIAN AID,AS004388,2011-04-27,804612,3192.00,Check,Undeposited Funds,,0.00
CHRISTIAN AID,AS004521,2011-04-27,804612,112.00,Check,Undeposited Funds,,0.00
CHRISTIAN AID,AS004526,2011-04-27,804612,3360.00,Check,Undeposited Funds,,0.00
CHRISTIAN AID,AS004587,2011-04-27,804612,4480.00,Check,Undeposited Funds,,0.00
CHRISTIAN AID,AS004588,2011-04-27,804612,3360.00,Check,Undeposited Funds,,0.00
CHRISTIAN AID,AS004622,2011-04-27,804613,21000.00,Check,Undeposited Funds,,0.00
"FRONTIER AUTOMOTIVES (PVT) LTD.,",AS004151,2011-04-27,848069,1120.00,Check,Undeposited Funds,,0.00
"FRONTIER AUTOMOTIVES (PVT) LTD.,",AS004577,2011-04-27,848069,2240.00,Check,Undeposited Funds,,0.00
"FRONTIER AUTOMOTIVES (PVT) LTD.,",AS004584,2011-04-27,848069,4480.00,Check,Undeposited Funds,,0.00
"FRONTIER AUTOMOTIVES (PVT) LTD.,",AS004585,2011-04-27,848069,5600.00,Check,Undeposited Funds,,0.00
"FRONTIER AUTOMOTIVES (PVT) LTD.,",AS004593,2011-04-27,848069,2240.00,Check,Undeposited Funds,,0.00
TEARDROP HOLIDAYS (PVT) LTD,AS004621,2011-04-27,607047,78900.00,Check,Undeposited Funds,,0.00
Swiss Biogenics,AS004599,2011-04-27,664561,179950.00,Check,Undeposited Funds,,0.00
Ceylon Continental,AS004600,2011-05-05,,53998.25,Check,Undeposited Funds,,0.00
EXPRESS NEWSPAPERS (CEYLON) LTD,AS004564,2011-05-06,188505,125000.00,Check,Undeposited Funds,,0.00
GP Garments,AS004614,2011-05-10,054065,244250.00,Check,Undeposited Funds,,0.00
EAP Network (pvt) ltd,AS004613,2011-05-12,"214317,214318",612950.00,Check,Undeposited Funds,,0.00
LANKA COMMODITY BROKERS LTD,AS004650,2011-05-13,879417,385510.64,Check,Undeposited Funds,,0.00
Aitken Spence Shipping Ltd.,AS004623,2011-05-31,607963,9500.00,Check,Undeposited Funds,,0.00
"ASIAN ALLIANCE INSURANCE CO LTD.,",AS004615,2011-06-01,757562,327400.00,Check,Undeposited Funds,,0.00
Sri Lanka Insurance Coporation ltd.,AS004616,2011-06-09,006765,589950.00,Check,Undeposited Funds,,0.00
"FRONTIER AUTOMOTIVES (PVT) LTD.,",AS004605,2011-06-10,085216,3360.00,Check,Undeposited Funds,,0.00
"FRONTIER AUTOMOTIVES (PVT) LTD.,",AS004608,2011-06-10,085216,25872.00,Check,Undeposited Funds,,0.00
CHRISTIAN AID,AS004634,2011-06-16,06886,116000.00,Check,Undeposited Funds,,0.00
LANKA COMMODITY BROKERS LTD,AS004631,2011-06-16,879667,25606.00,Check,Undeposited Funds,,0.00
LANKA COMMODITY BROKERS LTD,AS004293,2011-06-16,879630,13440.00,Check,Undeposited Funds,,0.00
LANKA COMMODITY BROKERS LTD,AS004407,2011-06-16,879630,23072.00,Check,Undeposited Funds,,0.00
LANKA COMMODITY BROKERS LTD,AS004492,2011-06-16,879630,17766.00,Check,Undeposited Funds,,0.00
LANKA COMMODITY BROKERS LTD,AS004565,2011-06-16,879630,15400.00,Check,Undeposited Funds,,0.00
LANKA COMMODITY BROKERS LTD,AS004576,2011-06-16,879630,6160.00,Check,Undeposited Funds,,0.00
STATEMAN HATS (Pvt) LTD.,AS004438,2011-06-16,,3450.00,Check,Undeposited Funds,,0.00
STATEMAN HATS (Pvt) LTD.,AS004501,2011-06-16,,15000.00,Check,Undeposited Funds,,0.00
STATEMAN HATS (Pvt) LTD.,AS004533,2011-06-16,,4480.00,Check,Undeposited Funds,,0.00
STATEMAN HATS (Pvt) LTD.,AS004589,2011-06-16,,2240.00,Check,Undeposited Funds,,0.00
STATEMAN HATS (Pvt) LTD.,AS004590,2011-06-16,,3360.00,Check,Undeposited Funds,,0.00
STATEMAN HATS (Pvt) LTD.,AS004591,2011-06-16,,39000.00,Check,Undeposited Funds,,0.00
STATEMAN HATS (Pvt) LTD.,AS004592,2011-06-16,,5600.00,Check,Undeposited Funds,,0.00
STATEMAN HATS (Pvt) LTD.,AS004595,2011-06-16,,14784.00,Check,Undeposited Funds,,0.00
STATEMAN HATS (Pvt) LTD.,AS004617,2011-06-16,,2086.00,Check,Undeposited Funds,,0.00
The Computer Center (pvt) Ltd,AS004633,2011-06-16,130924,159000.00,Check,Undeposited Funds,,0.00
CHRISTIAN AID,AS004461,2011-06-16,,6608.00,Check,Undeposited Funds,,0.00
CHRISTIAN AID,AS004474,2011-06-16,,5600.00,Check,Undeposited Funds,,0.00
CHRISTIAN AID,AS004521,2011-06-16,,1008.00,Check,Undeposited Funds,,0.00
LANKA COMMODITY BROKERS LTD,AS004166,2011-06-20,,7896.00,Check,Undeposited Funds,,0.00
D.Samson & Sons (pvt) ltd,AS004612,2011-06-20,,390875.00,Check,Undeposited Funds,,0.00
"DAVID PIERIS MOTOR CO. LTD.,",AS004611,2011-06-20,,8960.00,Check,Undeposited Funds,,0.00
Dialog,AS004462,2011-06-20,,8825.00,Check,Undeposited Funds,,0.00
LANKA TILES,AS004601,2011-06-20,,109500.00,Check,Undeposited Funds,,0.00
Rocell,AS004452,2011-06-20,,9000.00,Check,Undeposited Funds,,0.00
Seylan,AS004522,2011-06-20,,17997.50,Check,Undeposited Funds,,0.00
SLTS,AS004562,2011-06-20,,83653.50,Check,Undeposited Funds,,0.00
Swarnamahal Fin. Svcs,AS004548,2011-06-20,,27000.00,Check,Undeposited Funds,,0.00
Swarnamahal Fin. Svcs,AS004558,2011-06-20,,27000.00,Check,Undeposited Funds,,0.00
Swarnamahal Fin. Svcs,AS004559,2011-06-20,,27000.00,Check,Undeposited Funds,,0.00
CONTINENTAL FASHIONS,AS004528,2011-06-20,,3360.00,Check,Undeposited Funds,,0.00
CONTINENTAL FASHIONS,AS004532,2011-06-20,,2240.00,Check,Undeposited Funds,,0.00
CONTINENTAL FASHIONS,AS004563,2011-06-20,,31920.00,Check,Undeposited Funds,,0.00
MACSON MESH,AS004626,2011-06-25,"214941, 214793",3360.00,Check,Undeposited Funds,,0.00
MACSON MESH,AS004636,2011-06-25,"214941, 214793",8848.00,Check,Undeposited Funds,,0.00
DILARSHAD ENTERPRISE,AS004639,2011-06-30,138995,14000.00,Check,Undeposited Funds,,0.00
KAMINSKI. C/o STATESMAN HATS (PVT) LTD.,AS004628,2011-06-30,51001,4480.00,Check,Undeposited Funds,,0.00
KAMINSKI. C/o STATESMAN HATS (PVT) LTD.,AS004527,2011-06-30,590981,3360.00,Check,Undeposited Funds,,0.00
techtron,AS004656,2011-06-30,079283,54000.00,Check,Undeposited Funds,,0.00
Asiri,AS004620,2011-06-30,015429,23520.00,Check,Undeposited Funds,,0.00
LANKA COMMODITY BROKERS LTD,AS004663,2011-07-04,879692,61600.00,Check,Undeposited Funds,,0.00
SGS Lanka (pvt) Ltd.,AS004646,2011-07-13,009008,9500.00,Check,Undeposited Funds,,0.00
Earrow,AS004648,2011-07-15,137766,67000.00,Check,Undeposited Funds,,0.00
"FRONTIER AUTOMOTIVES (PVT) LTD.,",AS004579,2011-07-18,088181,1680.00,Check,Undeposited Funds,,0.00
"FRONTIER AUTOMOTIVES (PVT) LTD.,",AS004635,2011-07-18,088181,2240.00,Check,Undeposited Funds,,0.00
"FRONTIER AUTOMOTIVES (PVT) LTD.,",AS004638,2011-07-18,088181,12208.00,Check,Undeposited Funds,,0.00
Swisstec Aluminium ( Lankatiles),AS004647,2011-07-18,519252,86500.00,Check,Undeposited Funds,,0.00
medi house,AS004629,2011-07-18,277770,91749.00,Check,Undeposited Funds,,0.00
"FRONTIER AUTOMOTIVES (PVT) LTD.,",AS004673,2011-07-19,850245,14000.00,Check,Undeposited Funds,,0.00
Waruni Perera,AS004674,2011-07-19,,9500.00,Check,Undeposited Funds,,0.00
Avis Engineering & Construction (Pvt)Limi,AS004653,2011-07-20,,14000.00,Check,Undeposited Funds,,0.00
SOFTWARE & MANAGEMENT SERVICES (PVT) LTD,AS004654,2011-07-20,117178,17360.00,Check,Undeposited Funds,,0.00
ABC Computers,AS004649,2011-07-20,300126,58000.00,Check,Undeposited Funds,,0.00
Ceylinco Insurance Co. Ltd.,AS004657,2011-07-23,,50400.00,Check,Undeposited Funds,,0.00
Ceylinco Insurance Co. Ltd.,AS004658,2011-07-23,,108000.00,Check,Undeposited Funds,,0.00
STATEMAN HATS (Pvt) LTD.,AS004619,2011-07-27,903129,14784.00,Check,Undeposited Funds,,0.00
STATEMAN HATS (Pvt) LTD.,AS004625,2011-07-27,903129,4480.00,Check,Undeposited Funds,,0.00
STATEMAN HATS (Pvt) LTD.,AS004630,2011-07-27,903129,14784.00,Check,Undeposited Funds,,0.00
Streamline International (pvt) Ltd,AS004672,2011-07-27,883514/883515,184000.00,Check,Undeposited Funds,,0.00
LANKA COMMODITY BROKERS LTD,AS004667,2011-08-01,880044,27846.00,Check,Undeposited Funds,,0.00
LANKA COMMODITY BROKERS LTD,AS004637,2011-08-01,879833,9000.00,Check,Undeposited Funds,,0.00
Ceylinco Insurance Co. Ltd.,AS004662,2011-08-03,192712,27000.00,Check,Undeposited Funds,,0.00
STATEMAN HATS (Pvt) LTD.,AS004361,2011-08-15,889713,5880.00,Check,Undeposited Funds,,0.00
STATEMAN HATS (Pvt) LTD.,AS004368,2011-08-15,805647,41000.00,Check,Undeposited Funds,,0.00
STATEMAN HATS (Pvt) LTD.,AS004508,2011-08-15,730724,3080.00,Check,Undeposited Funds,,0.00
STATEMAN HATS (Pvt) LTD.,AS004509,2011-08-15,730724,6720.00,Check,Undeposited Funds,,0.00
STATEMAN HATS (Pvt) LTD.,AS004510,2011-08-15,730724,2240.00,Check,Undeposited Funds,,0.00
STATEMAN HATS (Pvt) LTD.,AS004511,2011-08-15,730724,6048.00,Check,Undeposited Funds,,0.00
STATEMAN HATS (Pvt) LTD.,AS004512,2011-08-15,730724,3360.00,Check,Undeposited Funds,,0.00
STATEMAN HATS (Pvt) LTD.,AS004515,2011-08-15,730724,3000.00,Check,Undeposited Funds,,0.00
STATEMAN HATS (Pvt) LTD.,AS004516,2011-08-15,730724,4480.00,Check,Undeposited Funds,,0.00
STATEMAN HATS (Pvt) LTD.,AS004518,2011-08-15,730724,2912.00,Check,Undeposited Funds,,0.00
STATEMAN HATS (Pvt) LTD.,AS004520,2011-08-15,730724,4480.00,Check,Undeposited Funds,,0.00
STATEMAN HATS (Pvt) LTD.,AS004549,2011-08-15,730654,4480.00,Check,Undeposited Funds,,0.00
STATEMAN HATS (Pvt) LTD.,AS004550,2011-08-15,818344,44100.00,Check,Undeposited Funds,,0.00
STATEMAN HATS (Pvt) LTD.,AS004164,2011-08-15,860557,480.00,Check,Undeposited Funds,,0.00
STATEMAN HATS (Pvt) LTD.,AS004617,2011-08-15,902931,2394.00,Check,Undeposited Funds,,0.00
Hiran Wickramanayake,AS004700,2011-08-15,049021,94525.00,Check,Undeposited Funds,,0.00
The Asia Foundation,AS004696,2011-08-15,032959,159500.00,Check,Undeposited Funds,,0.00
Dart,AS004670,2011-08-18,002973,148000.00,Check,Undeposited Funds,,0.00
LANKA COMMODITY BROKERS LTD,AS004652,2011-08-18,,25606.00,Check,Undeposited Funds,,0.00
LANKA MOUNT CASTLE (PVT) LTD,AS004659,2011-08-18,,13000.00,Check,Undeposited Funds,,0.00
LANKA MOUNT CASTLE (PVT) LTD,AS004660,2011-08-18,,6720.00,Check,Undeposited Funds,,0.00
LANKA MOUNT CASTLE (PVT) LTD,AS004661,2011-08-18,,9000.00,Check,Undeposited Funds,,0.00
Onvi Debug Solutions (Pvt)Ltd,AS004690,2011-08-18,,52400.00,Check,Undeposited Funds,,0.00
Rainco (pvt) Ltd,AS004675,2011-08-22,057003,156500.00,Check,Undeposited Funds,,0.00
Hutchison Telecommunications,AS004665,2011-08-25,,549500.00,Check,Undeposited Funds,,0.00
ebase asia,AS004717,2011-08-30,300004,37230.00,Check,Undeposited Funds,,0.00
John Keells Office Automation,AS004624,2011-08-30,004066,8000.00,Check,Undeposited Funds,,0.00
LANKA COMMODITY BROKERS LTD,AS004693,2011-08-30,880263,27846.00,Check,Undeposited Funds,,0.00
Elcardo Indusrties (pvt) Ltd,AS004671,2011-09-06,681915,9500.00,Check,Undeposited Funds,,0.00
John Keells Office Automation,AS004679,2011-09-06,004463,120000.00,Check,Undeposited Funds,,0.00
Ace Power Embilipitiya (pvt) Ltd,AS004676,2011-09-06,608654,167500.00,Check,Undeposited Funds,,0.00
Lanka Orix Finance Company plc,AS004720,2011-09-06,033311,289200.00,Check,Undeposited Funds,,0.00
GP Garments,AS004655,2011-09-12,075680,9000.00,Check,Undeposited Funds,,0.00
UNION ASSURANCE PLC,AS004669,2011-09-12,016970,38500.00,Check,Undeposited Funds,,0.00
TYRE HOUSE TRADING (PVT) LTD,AS004678,2011-09-12,127261,3500.00,Check,Undeposited Funds,,0.00
TYRE HOUSE TRADING (PVT) LTD,AS004536,2011-09-12,164195,4800.00,Check,Undeposited Funds,,0.00
TYRE HOUSE TRADING (PVT) LTD,AS004677,2011-09-12,289451,6250.00,Check,Undeposited Funds,,0.00
"THE ASSOCIATED NEWSPAPERS OF CEYLON LTD.,",AS004664,2011-09-12,278411,639350.00,Check,Undeposited Funds,,0.00
MACSON MESH,AS004686,2011-09-13,327502,2240.00,Check,Undeposited Funds,,0.00
MACSON MESH,AS004687,2011-09-13,327502,4480.00,Check,Undeposited Funds,,0.00
MACSON MESH,AS004688,2011-09-13,327502,2240.00,Check,Undeposited Funds,,0.00
The Institute of Chartered Accountants,AS004691,2011-09-14,177891,47450.00,Check,Undeposited Funds,,0.00
STATEMAN HATS (Pvt) LTD.,AS004645,2011-09-15,590166,3360.00,Check,Undeposited Funds,,0.00
STATEMAN HATS (Pvt) LTD.,AS004668,2011-09-15,590166,14784.00,Check,Undeposited Funds,,0.00
FKC Asia (pvt) Ltd,AS004722,2011-09-15,452992,9000.00,Check,Undeposited Funds,,0.00
"FRONTIER AUTOMOTIVES (PVT) LTD.,",AS004708,2011-09-19,105515/105500,2000.00,Check,Undeposited Funds,,0.00
"FRONTIER AUTOMOTIVES (PVT) LTD.,",AS004710,2011-09-19,105515/105500,3000.00,Check,Undeposited Funds,,0.00
"FRONTIER AUTOMOTIVES (PVT) LTD.,",AS004711,2011-09-19,105515/105500,1500.00,Check,Undeposited Funds,,0.00
"FRONTIER AUTOMOTIVES (PVT) LTD.,",AS004712,2011-09-19,105515/105500,3000.00,Check,Undeposited Funds,,0.00
"FRONTIER AUTOMOTIVES (PVT) LTD.,",AS004713,2011-09-19,105515/105500,4000.00,Check,Undeposited Funds,,0.00
"FRONTIER AUTOMOTIVES (PVT) LTD.,",AS004714,2011-09-19,105515/105500,1500.00,Check,Undeposited Funds,,0.00
"FRONTIER AUTOMOTIVES (PVT) LTD.,",AS004716,2011-09-19,105515/105500,4000.00,Check,Undeposited Funds,,0.00
Mountcastle Pty Ltd AUS,AS004707,2011-09-19,,99846.00,Check,Undeposited Funds,,0.00
Ceylinco Insurance-Motor Department,AS004702,2011-09-20,351458,64000.00,Check,Undeposited Funds,,0.00
Ceylinco Insurance-Nerve Center none moto,AS004703,2011-09-20,351459,32000.00,Check,Undeposited Funds,,0.00
John Keells Office Automation,AS004701,2011-09-20,004526,120000.00,Check,Undeposited Funds,,0.00
LANKA COMMODITY BROKERS LTD,AS004709,2011-09-21,880333,9750.00,Check,Undeposited Funds,,0.00
Asiri,AS004692,2011-10-05,,29680.00,Check,Undeposited Funds,,0.00
Ms Nazla,AS004728,2011-10-05,,8000.00,Check,Undeposited Funds,,0.00
MTV-Ratmalana,AS004699,2011-10-05,,98500.00,Check,Undeposited Funds,,0.00
Sri Lanka Insurance Coporation ltd.,AS004666,2011-10-05,,75600.00,Check,Undeposited Funds,,0.00
Stafford Motor,AS004721,2011-10-05,,81549.00,Check,Undeposited Funds,,0.00
Streamline International (pvt) Ltd,AS004704,2011-10-05,,145000.00,Check,Undeposited Funds,,0.00
Zeelabs,AS004732,2011-10-05,,67500.00,Check,Undeposited Funds,,0.00
Muslim Commercial Bank,AS004719,2011-10-05,,199500.00,Check,Undeposited Funds,,0.00
Pan Asia Bank,AS004736,2011-10-15,,299950.00,Check,Undeposited Funds,,0.00
The Maharaja Organisation Limited,AS004695,2011-10-15,,197500.00,Check,Undeposited Funds,,0.00
MTV,AS004706,2011-10-15,,89500.00,Check,Undeposited Funds,,0.00
Ace International Express (pvt) Ltd,AS004733,2011-11-03,,129500.00,Check,Undeposited Funds,,0.00
Aitken Spence Cargo (pvt) Ltd,AS004734,2011-11-03,,129500.00,Check,Undeposited Funds,,0.00
Austin Management Limited,AS004763,2011-11-03,,40239.00,Check,Undeposited Funds,,0.00
Central Hospital,AS004723,2011-11-03,,9500.00,Check,Undeposited Funds,,0.00
DILARSHAD ENTERPRISE,AS004726,2011-11-03,,3500.00,Check,Undeposited Funds,,0.00
LANKA COMMODITY BROKERS LTD,AS004618,2011-11-03,,25606.00,Check,Undeposited Funds,,0.00
LANKA COMMODITY BROKERS LTD,AS004718,2011-11-03,,500.00,Check,Undeposited Funds,,0.00
LANKA COMMODITY BROKERS LTD,AS004730,2011-11-03,,27846.00,Check,Undeposited Funds,,0.00
LANKA COMMODITY BROKERS LTD,AS004766,2011-11-03,,27846.00,Check,Undeposited Funds,,0.00
LANKA MOUNT CASTLE (PVT) LTD,AS004755,2011-11-03,,35000.00,Check,Undeposited Funds,,0.00
LANKA TILES,AS004754,2011-11-03,,16497.60,Check,Undeposited Funds,,0.00
Lankem,AS004705,2011-11-03,,163214.58,Check,Undeposited Funds,,0.00
STATEMAN HATS (Pvt) LTD.,AS004729,2011-11-09,,14784.00,Check,Undeposited Funds,,0.00
STATEMAN HATS (Pvt) LTD.,AS004741,2011-11-09,,3000.00,Check,Undeposited Funds,,0.00
STATEMAN HATS (Pvt) LTD.,AS004742,2011-11-09,,5000.00,Check,Undeposited Funds,,0.00
STATEMAN HATS (Pvt) LTD.,AS004743,2011-11-09,,3000.00,Check,Undeposited Funds,,0.00
STATEMAN HATS (Pvt) LTD.,AS004745,2011-11-09,,2000.00,Check,Undeposited Funds,,0.00
STATEMAN HATS (Pvt) LTD.,AS004746,2011-11-09,,4000.00,Check,Undeposited Funds,,0.00
STATEMAN HATS (Pvt) LTD.,AS004748,2011-11-09,,5000.00,Check,Undeposited Funds,,0.00
STATEMAN HATS (Pvt) LTD.,AS004731,2011-11-09,,56000.00,Check,Undeposited Funds,,0.00
STATEMAN HATS (Pvt) LTD.,AS004738,2011-11-09,,46200.00,Check,Undeposited Funds,,0.00
KAMINSKI. C/o STATESMAN HATS (PVT) LTD.,AS004744,2011-11-09,,1500.00,Check,Undeposited Funds,,0.00
KAMINSKI. C/o STATESMAN HATS (PVT) LTD.,AS004747,2011-11-09,,6000.00,Check,Undeposited Funds,,0.00
Autogrill Lanka Limited,AS004751,2011-11-14,,94500.00,Check,Undeposited Funds,,0.00
Penguin Sportswear (pvt) Ltd,AS004753,2011-11-14,,198500.00,Check,Undeposited Funds,,0.00
MACSON MESH,AS004739,2011-11-14,,14000.00,Check,Undeposited Funds,,0.00
MACSON MESH,AS004740,2011-11-14,,13440.00,Check,Undeposited Funds,,0.00
MACSON MESH,AS004774,2011-11-14,,2240.00,Check,Undeposited Funds,,0.00
Mr Mueen,AS004632,2011-11-14,,2240.00,Check,Undeposited Funds,,0.00
Arc Tech,AS004797,2011-12-13,,183294.00,Check,Undeposited Funds,,0.00
Asiri,AS004752,2011-12-13,,415089.00,Check,Undeposited Funds,,0.00
Earrow,AS004758,2011-12-13,,78900.00,Check,Undeposited Funds,,0.00
Earrow,AS004776,2011-12-13,,166500.00,Check,Undeposited Funds,,0.00
John Keells Office Automation,AS004762,2011-12-13,,72000.00,Check,Undeposited Funds,,0.00
Lanka Bell,AS004778,2011-12-13,,325380.00,Check,Undeposited Funds,,0.00
Lanka Knitters (pvt) Ltd,AS004759,2011-12-13,,8400.00,Check,Undeposited Funds,,0.00
LANKA MOUNT CASTLE (PVT) LTD,AS004800,2011-12-13,,35000.00,Check,Undeposited Funds,,0.00
Lanka Orix Finance Company plc,AS004764,2011-12-13,,241000.00,Check,Undeposited Funds,,0.00
MACSON MESH,AS004775,2011-12-13,,2240.00,Check,Undeposited Funds,,0.00
MACSON MESH,AS004786,2011-12-13,,27888.00,Check,Undeposited Funds,,0.00
MACSON MESH,AS004787,2011-12-13,,10080.00,Check,Undeposited Funds,,0.00
MACSON MESH,AS004792,2011-12-13,,44724.96,Check,Undeposited Funds,,0.00
Shermans Logistics (pvt) Ltd,AS004750,2011-12-13,,162690.00,Check,Undeposited Funds,,0.00
Suntel Limited,AS004756,2011-12-13,,159436.20,Check,Undeposited Funds,,0.00
The Computer Center (pvt) Ltd,AS004780,2011-12-13,,175000.00,Check,Undeposited Funds,,0.00
TYRE HOUSE TRADING (PVT) LTD,AS004767,2011-12-13,,62000.00,Check,Undeposited Funds,,0.00
STATEMAN HATS (Pvt) LTD.,AS004784,2011-12-13,,110746.00,Check,Undeposited Funds,,0.00
"FRONTIER AUTOMOTIVES (PVT) LTD.,",AS004531,2011-12-25,,6496.00,Check,Undeposited Funds,,0.00
"FRONTIER AUTOMOTIVES (PVT) LTD.,",AS004586,2011-12-25,,2240.00,Check,Undeposited Funds,,0.00
"FRONTIER AUTOMOTIVES (PVT) LTD.,",AS004606,2011-12-25,,5432.00,Check,Undeposited Funds,,0.00
"FRONTIER AUTOMOTIVES (PVT) LTD.,",AS004607,2011-12-25,,4480.00,Check,Undeposited Funds,,0.00
"FRONTIER AUTOMOTIVES (PVT) LTD.,",AS004682,2011-12-25,,4480.00,Check,Undeposited Funds,,0.00
"FRONTIER AUTOMOTIVES (PVT) LTD.,",AS004683,2011-12-25,,2240.00,Check,Undeposited Funds,,0.00
"FRONTIER AUTOMOTIVES (PVT) LTD.,",AS004689,2011-12-25,,5600.00,Check,Undeposited Funds,,0.00
"FRONTIER AUTOMOTIVES (PVT) LTD.,",AS004715,2011-12-25,,2000.00,Check,Undeposited Funds,,0.00
"FRONTIER AUTOMOTIVES (PVT) LTD.,",AS004749,2011-12-25,,3360.00,Check,Undeposited Funds,,0.00
"FRONTIER AUTOMOTIVES (PVT) LTD.,",AS004769,2011-12-25,,2240.00,Check,Undeposited Funds,,0.00
"FRONTIER AUTOMOTIVES (PVT) LTD.,",AS004770,2011-12-25,,4480.00,Check,Undeposited Funds,,0.00
"FRONTIER AUTOMOTIVES (PVT) LTD.,",AS004771,2011-12-25,,2240.00,Check,Undeposited Funds,,0.00
"FRONTIER AUTOMOTIVES (PVT) LTD.,",AS004772,2011-12-25,,2240.00,Check,Undeposited Funds,,0.00
"FRONTIER AUTOMOTIVES (PVT) LTD.,",AS004698,2011-12-25,,19000.00,Check,Undeposited Funds,,0.00
DAVID PIERIS MOTOR CO (LANKA) LIMITED,AS004801,2011-12-25,,75000.00,Check,Undeposited Funds,,0.00
DP Technologies (pvt) Ltd,AS004761,2011-12-25,,8000.00,Check,Undeposited Funds,,0.00
HNB ASSUARANCE,AS004799,2011-12-25,,875058.00,Check,Undeposited Funds,,0.00
LANKA COMMODITY BROKERS LTD,AS004793,2011-12-25,,403184.95,Check,Undeposited Funds,,0.00
Millenium Technology ( Merchant credit ),AS004808,2011-12-25,,558500.00,Check,Undeposited Funds,,0.00
SLTS,AS004757,2011-12-25,,258443.52,Check,Undeposited Funds,,0.00
The Capital Maharaja,AS004765,2011-12-25,,98500.00,Check,Undeposited Funds,,0.00
The Capital Maharaja,AS004777,2011-12-25,,98500.00,Check,Undeposited Funds,,0.00
The Capital Maharaja,AS004779,2012-01-19,,98500.00,Check,Undeposited Funds,,0.00
John Keells Office Automation,AS004781,2012-01-19,,32000.00,Check,Undeposited Funds,,0.00
John Keells Office Automation,AS004796,2012-01-19,,16000.00,Check,Undeposited Funds,,0.00
STATEMAN HATS (Pvt) LTD.,AS004788,2012-01-19,901321,14784.00,Check,Undeposited Funds,,0.00
STATEMAN HATS (Pvt) LTD.,AS004789,2012-01-19,901321,14784.00,Check,Undeposited Funds,,0.00
STATEMAN HATS (Pvt) LTD.,AS004790,2012-01-19,901321,14784.00,Check,Undeposited Funds,,0.00
STATEMAN HATS (Pvt) LTD.,AS004828,2012-01-19,901321,29000.00,Check,Undeposited Funds,,0.00
Aitken Spence PLC,AS004805,2012-02-21,,256950.00,Check,Undeposited Funds,,0.00
DILARSHAD ENTERPRISE,AS004815,2012-02-21,,18500.00,Check,Undeposited Funds,,0.00
John Keells Office Automation,AS004830,2012-02-21,,96000.00,Check,Undeposited Funds,,0.00
John Keells Office Automation,AS004822,2012-02-21,,16000.00,Check,Undeposited Funds,,0.00
LANKA COMMODITY BROKERS LTD,AS004663,2012-02-21,,61600.00,Check,Undeposited Funds,,0.00
LANKA COMMODITY BROKERS LTD,AS004773,2012-02-21,,27846.00,Check,Undeposited Funds,,0.00
LANKA COMMODITY BROKERS LTD,AS004802,2012-02-21,,9000.00,Check,Undeposited Funds,,0.00
LANKA COMMODITY BROKERS LTD,AS004809,2012-02-21,,900.00,Check,Undeposited Funds,,0.00
LANKA COMMODITY BROKERS LTD,AS004810,2012-02-21,,900.00,Check,Undeposited Funds,,0.00
LANKA COMMODITY BROKERS LTD,AS004812,2012-02-21,,27694.80,Check,Undeposited Funds,,0.00
LANKA COMMODITY BROKERS LTD,AS004835,2012-02-21,,27694.80,Check,Undeposited Funds,,0.00
Lanka Knitters (pvt) Ltd,AS004760,2012-02-21,,1904.00,Check,Undeposited Funds,,0.00
Lanka Knitters (pvt) Ltd,AS004818,2012-02-21,,74928.00,Check,Undeposited Funds,,0.00
Lanka Knitters (pvt) Ltd,AS004838,2012-02-21,,8960.00,Check,Undeposited Funds,,0.00
Lanka Knitters (pvt) Ltd,AS004839,2012-02-21,,1456.00,Check,Undeposited Funds,,0.00
Lanka Knitters (pvt) Ltd,AS004840,2012-02-21,,8400.00,Check,Undeposited Funds,,0.00
LANKA MOUNT CASTLE (PVT) LTD,AS004834,2012-02-21,,68208.00,Check,Undeposited Funds,,0.00
Michael,AS004845,2012-02-21,,95800.00,Check,Undeposited Funds,,0.00
The Capital Maharaja,AS004785,2012-02-21,,98500.00,Check,Undeposited Funds,,0.00
The Capital Maharaja,AS004804,2012-02-21,,98500.00,Check,Undeposited Funds,,0.00
The Computer Center (pvt) Ltd,AS004832,2012-02-21,,239370.00,Check,Undeposited Funds,,0.00
Zeelabs,AS004837,2012-02-21,,16800.00,Check,Undeposited Funds,,0.00
MTV Channel (private) Ltd-Pannipitiya,AS004768,2012-02-22,,81498.00,Check,Undeposited Funds,,0.00
Studio Lakdam,AS004849,2012-03-01,,327240.00,Check,Undeposited Funds,,0.00
"FRONTIER AUTOMOTIVES (PVT) LTD.,",AS004855,2012-03-13,139433 7083-104,7280.00,Check,Undeposited Funds,,0.00
"FRONTIER AUTOMOTIVES (PVT) LTD.,",AS004857,2012-03-13,139433 7083-104,3360.00,Check,Undeposited Funds,,0.00
"FRONTIER AUTOMOTIVES (PVT) LTD.,",AS004858,2012-03-13,139433 7083-104,3360.00,Check,Undeposited Funds,,0.00
"FRONTIER AUTOMOTIVES (PVT) LTD.,",AS004859,2012-03-13,139433 7083-104,2240.00,Check,Undeposited Funds,,0.00
MACSON MESH,AS004860,2012-03-13,,26208.00,Check,Undeposited Funds,,0.00
Central Hospital,AS004842,2012-03-13,,91626.00,Check,Undeposited Funds,,0.00
MACSON MESH,AS004814,2012-03-13,449535 7083-003,2240.00,Check,Undeposited Funds,,0.00
MACSON MESH,AS004816,2012-03-13,449535 7083-003,3248.00,Check,Undeposited Funds,,0.00
"FRONTIER AUTOMOTIVES (PVT) LTD.,",AS004848,2012-03-13,133421 7083 104,4480.00,Check,Undeposited Funds,,0.00
John Keells Office Automation,AS004850,2012-03-16,,16160.00,Check,Undeposited Funds,,0.00
The Madhatter(Pvt)Ltd,AS004862,2012-03-16,,32524.80,Check,Undeposited Funds,,0.00
TYRE HOUSE TRADING (PVT) LTD,AS004724,2012-03-19,,3500.00,Check,Undeposited Funds,,0.00
INSTITUTE OF CHARTERED ACCOUNTANTS OF SL,AS004853,2012-03-20,,61200.00,Check,Undeposited Funds,,0.00
INSTITUTE OF CHARTERED ACCOUNTANTS OF SL,AS004854,2012-03-20,,57120.00,Check,Undeposited Funds,,0.00
Suntel Limited,AS004852,2012-03-20,,580329.00,Check,Undeposited Funds,,0.00
TYRE HOUSE TRADING (PVT) LTD,AS004803,2012-03-21,,3500.00,Check,Undeposited Funds,,0.00
TYRE HOUSE TRADING (PVT) LTD,AS004813,2012-03-21,,3500.00,Check,Undeposited Funds,,0.00
BENEDICTSONS (PVT) LTD,AS004811,2012-03-21,,3864.00,Check,Undeposited Funds,,0.00
TYRE HOUSE TRADING (PVT) LTD,AS004851,2012-03-21,,2700.00,Check,Undeposited Funds,,0.00
Asia Disital Entertainment (Pvt)Ltd,AS004864,2012-03-21,,362489.00,Check,Undeposited Funds,,0.00
CARITAS - HUDEC JAFFNA,AS004886,2012-03-21,,126149.00,Check,Undeposited Funds,,0.00
GLPL,AS004831,2012-03-21,,397000.00,Check,Undeposited Funds,,0.00
TYRE HOUSE TRADING (PVT) LTD,AS004884,2012-03-23,,36848.00,Check,Undeposited Funds,,0.00
TYRE HOUSE TRADING (PVT) LTD,AS004885,2012-03-23,,38259.20,Check,Undeposited Funds,,0.00
LANKA COMMODITY BROKERS LTD,AS004875,2012-03-23,,28677.60,Check,Undeposited Funds,,0.00
LANKA COMMODITY BROKERS LTD,AS004876,2012-03-23,,33944.40,Check,Undeposited Funds,,0.00
Ceylinco Insurance Co. Ltd.,AS004856,2012-03-23,,30800.00,Check,Undeposited Funds,,0.00
Earrow,AS004865,2012-03-23,,59500.00,Check,Undeposited Funds,,0.00
STATEMAN HATS (Pvt) LTD.,AS004566,2012-03-23,901548 7056-003,12000.00,Check,Undeposited Funds,,0.00
STATEMAN HATS (Pvt) LTD.,AS004574,2012-03-23,901548 7056-003,12880.00,Check,Undeposited Funds,,0.00
STATEMAN HATS (Pvt) LTD.,AS004866,2012-03-23,901548 7056-003,6720.00,Check,Undeposited Funds,,0.00
STATEMAN HATS (Pvt) LTD.,AS004868,2012-03-23,901548 7056-003,8960.00,Check,Undeposited Funds,,0.00
STATEMAN HATS (Pvt) LTD.,AS004869,2012-03-23,901548 7056-003,6720.00,Check,Undeposited Funds,,0.00
STATEMAN HATS (Pvt) LTD.,AS004870,2012-03-23,901548 7056-003,3360.00,Check,Undeposited Funds,,0.00
STATEMAN HATS (Pvt) LTD.,AS004871,2012-03-23,901548 7056-003,3360.00,Check,Undeposited Funds,,0.00
STATEMAN HATS (Pvt) LTD.,AS004872,2012-03-23,901548 7056-003,23230.00,Check,Undeposited Funds,,0.00
STATEMAN HATS (Pvt) LTD.,AS004833,2012-03-23,,33500.00,Check,Undeposited Funds,,0.00
Sri Lanka Insurance Coporation ltd.,AS004843,2012-03-28,,235200.00,Check,Undeposited Funds,,0.00
Inovatec Network Systems (PTE) Ltd,AS004874,2012-03-28,,391829.50,Check,Undeposited Funds,,0.00
Asia Digital Entertainment (Pvt)Ltd,AS004891,2012-04-27,,575599.00,Check,Undeposited Funds,,0.00
Ceylinco Insurance Co. Ltd.,AS004893,2012-04-27,,392500.00,Check,Undeposited Funds,,0.00
J L Morison Son & Jones (Ceylon)Ltd,AS004873,2012-04-27,,241390.00,Check,Undeposited Funds,,0.00
Sri Lanka Insurance Coporation ltd.,AS004896,2012-04-27,,8139700.00,Check,Undeposited Funds,,0.00
"FRONTIER AUTOMOTIVES (PVT) LTD.,",AS004881,2012-05-02,149838 7083-104,2800.00,Check,Undeposited Funds,,0.00
"FRONTIER AUTOMOTIVES (PVT) LTD.,",AS004882,2012-05-02,149838 7083-104,2240.00,Check,Undeposited Funds,,0.00
ASIAN MEDIA PUBLICATION (PVT)LTD,AS004887,2012-05-14,,355000.00,Check,Undeposited Funds,,0.00
MICROCELLS LTD,AS004821,2012-05-15,,15680.00,Check,Undeposited Funds,,0.00
EDGEWARE (PVT)LTD,AS004897,2012-05-15,,9595.00,Check,Undeposited Funds,,0.00
CAPITAL ALLIANCE GROUP,AS004904,2012-05-23,,365867.45,Check,Undeposited Funds,,0.00
D.Samson & Sons (pvt) ltd,AS004888,2012-05-23,,121149.50,Check,Undeposited Funds,,0.00
MACSON MESH,AS004877,2012-05-24,,1650.00,Check,Undeposited Funds,,0.00
MACSON MESH,AS004894,2012-05-24,,12880.00,Check,Undeposited Funds,,0.00
SABRE TECHNOLOGIES (PVT)LTD,AS004892,2012-05-29,,313500.00,Check,Undeposited Funds,,0.00
"DAVID PIERIS MOTOR CO. LTD.,",AS004907,2012-06-11,,9595.00,Check,Undeposited Funds,,0.00
STATEMAN HATS (Pvt) LTD.,AS004640,2012-06-13,975610,4480.00,Check,Undeposited Funds,,0.00
STATEMAN HATS (Pvt) LTD.,AS004643,2012-06-13,675610,3360.00,Check,Undeposited Funds,,0.00
STATEMAN HATS (Pvt) LTD.,AS004651,2012-06-13,975610,14784.00,Check,Undeposited Funds,,0.00
STATEMAN HATS (Pvt) LTD.,AS004694,2012-06-13,590318,14784.00,Check,Undeposited Funds,,0.00
STATEMAN HATS (Pvt) LTD.,AS004782,2012-06-13,775747,19000.00,Check,Undeposited Funds,,0.00
STATEMAN HATS (Pvt) LTD.,AS004783,2012-06-13,775747,12000.00,Check,Undeposited Funds,,0.00
STATEMAN HATS (Pvt) LTD.,AS004794,2012-06-13,775747,2600.00,Check,Undeposited Funds,,0.00
STATEMAN HATS (Pvt) LTD.,AS004795,2012-06-13,775747,5320.00,Check,Undeposited Funds,,0.00
"FRONTIER AUTOMOTIVES (PVT) LTD.,",AS004908,2012-06-13,156283,2240.00,Check,Undeposited Funds,,0.00
"FRONTIER AUTOMOTIVES (PVT) LTD.,",AS004909,2012-06-13,156283,4480.00,Check,Undeposited Funds,,0.00
"FRONTIER AUTOMOTIVES (PVT) LTD.,",AS004910,2012-06-13,156283,6780.00,Check,Undeposited Funds,,0.00
"FRONTIER AUTOMOTIVES (PVT) LTD.,",AS004911,2012-06-13,156283,2240.00,Check,Undeposited Funds,,0.00
"FRONTIER AUTOMOTIVES (PVT) LTD.,",AS004912,2012-06-13,156283,2240.00,Check,Undeposited Funds,,0.00
"FRONTIER AUTOMOTIVES (PVT) LTD.,",AS004913,2012-06-13,156283,2240.00,Check,Undeposited Funds,,0.00
"FRONTIER AUTOMOTIVES (PVT) LTD.,",AS004914,2012-06-13,156283,4480.00,Check,Undeposited Funds,,0.00
"FRONTIER AUTOMOTIVES (PVT) LTD.,",AS004825,2012-06-13,156283,3360.00,Check,Undeposited Funds,,0.00
"FRONTIER AUTOMOTIVES (PVT) LTD.,",AS004916,2012-06-13,156283,3360.00,Check,Undeposited Funds,,0.00
"FRONTIER AUTOMOTIVES (PVT) LTD.,",AS004917,2012-06-13,156283,2240.00,Check,Undeposited Funds,,0.00
"FRONTIER AUTOMOTIVES (PVT) LTD.,",AS004918,2012-06-13,156283,2240.00,Check,Undeposited Funds,,0.00
KAMINSKI. C/o STATESMAN HATS (PVT) LTD.,AS004951,2012-06-15,,2240.00,Check,Undeposited Funds,,0.00
KAMINSKI. C/o STATESMAN HATS (PVT) LTD.,AS004641,2012-06-15,,4480.00,Check,Undeposited Funds,,0.00
KAMINSKI. C/o STATESMAN HATS (PVT) LTD.,AS004642,2012-06-15,,4480.00,Check,Undeposited Funds,,0.00
STATEMAN HATS (Pvt) LTD.,AS004942,2012-06-15,,11200.00,Check,Undeposited Funds,,0.00
STATEMAN HATS (Pvt) LTD.,AS004932,2012-06-15,,3360.00,Check,Undeposited Funds,,0.00
STATEMAN HATS (Pvt) LTD.,AS004919,2012-06-15,,4480.00,Check,Undeposited Funds,,0.00
STATEMAN HATS (Pvt) LTD.,AS004883,2012-06-15,,6160.00,Check,Undeposited Funds,,0.00
STATEMAN HATS (Pvt) LTD.,AS004878,2012-06-15,,4480.00,Check,Undeposited Funds,,0.00
The Maharaja Organisation Limited,AS004844,2012-06-20,,98500.00,Check,Undeposited Funds,,0.00
The Maharaja Organisation Limited,AS004880,2012-06-20,,120900.00,Check,Undeposited Funds,,0.00
JAY JAY MILLS LANKA (PVT) LTD,AS004952,2012-06-20,,17850.00,Check,Undeposited Funds,,0.00
North Link Engineering (Pvt)Ltd,AS004905,2012-06-20,,10750.00,Check,Undeposited Funds,,0.00
"FRONTIER AUTOMOTIVES (PVT) LTD.,",AS004959,2012-06-20,,90328.00,Check,Undeposited Funds,,0.00
Studio Lakdam,AS004895,2012-06-20,,200000.00,Check,Undeposited Funds,,0.00
ZILLIONE TECHNOLOGIES (PVT)LTD,AS004903,2012-06-21,,109080.00,Check,Undeposited Funds,,0.00
Lanka Knitters (pvt) Ltd,AS004915,2012-06-22,,151500.00,Check,Undeposited Funds,,0.00
Studio Lakdam,AS004895,2012-06-25,,223190.00,Check,Undeposited Funds,,0.00
CHRISTIAN AID,AS004867,2012-06-29,377956,5600.00,Check,Undeposited Funds,,0.00
CHRISTIAN AID,AS004925,2012-06-29,377956,2240.00,Check,Undeposited Funds,,0.00
CHRISTIAN AID,AS004926,2012-06-29,377956,2240.00,Check,Undeposited Funds,,0.00
CHRISTIAN AID,AS004927,2012-06-29,377956,6720.00,Check,Undeposited Funds,,0.00
CHRISTIAN AID,AS004928,2012-06-29,,6720.00,Check,Undeposited Funds,,0.00
Asiri Hospital PLC,AS004863,2012-07-05,,17000.00,Check,Undeposited Funds,,0.00
SWISSTEK (CEYLON)PLC,AS004936,2012-07-12,,123725.00,Check,Undeposited Funds,,0.00
Peoples Merchant Bank,AS004934,2012-07-12,,28500.00,Check,Undeposited Funds,,0.00
DP Technologies (pvt) Ltd,AS004889,2012-07-12,,9595.00,Check,Undeposited Funds,,0.00
DSI,AS004954,2012-07-16,,134950.00,Check,Undeposited Funds,,0.00
NOLIMIT,AS004948,2012-07-20,,625000.00,Check,Undeposited Funds,,0.00
DP Technologies (pvt) Ltd,AS004906,2012-07-20,,266640.00,Check,Undeposited Funds,,0.00
"FRONTIER AUTOMOTIVES (PVT) LTD.,",AS004943,2012-07-20,,1680.00,Check,Undeposited Funds,,0.00
"FRONTIER AUTOMOTIVES (PVT) LTD.,",,2012-07-20,,4480.00,Check,Undeposited Funds,,4480.00
"FRONTIER AUTOMOTIVES (PVT) LTD.,",AS004947,2012-07-20,,3360.00,Check,Undeposited Funds,,0.00
"FRONTIER AUTOMOTIVES (PVT) LTD.,",AS004963,2012-07-20,,10080.00,Check,Undeposited Funds,,0.00
"FRONTIER AUTOMOTIVES (PVT) LTD.,",AS004967,2012-07-20,,2240.00,Check,Undeposited Funds,,0.00
"FRONTIER AUTOMOTIVES (PVT) LTD.,",AS004968,2012-07-20,,3360.00,Check,Undeposited Funds,,0.00
SLTS,AS004899,2012-07-23,403713,29795.00,Check,Undeposited Funds,,0.00
SLTS,AS004900,2012-07-23,403713,2800.00,Check,Undeposited Funds,,0.00
Practical Action,AS004965,2012-07-27,,57000.00,Check,Undeposited Funds,,0.00
Lanka Knitters (pvt) Ltd,AS004937,2012-07-31,,35000.00,Check,Undeposited Funds,,0.00
Lanka Knitters (pvt) Ltd,AS004950,2012-07-31,,5600.00,Check,Undeposited Funds,,0.00
Lanka Knitters (pvt) Ltd,AS004939,2012-07-31,,3000.00,Check,Undeposited Funds,,0.00
Lanka Knitters (pvt) Ltd,AS004938,2012-07-31,,50500.00,Check,Undeposited Funds,,0.00
LANKA COMMODITY BROKERS LTD,AS004901,2012-07-31,938652,35380.80,Check,Undeposited Funds,,0.00
LANKA COMMODITY BROKERS LTD,AS004902,2012-07-31,938652,35380.80,Check,Undeposited Funds,,0.00
LIVING STYLES,AS005002,2012-08-08,,3500.00,Check,Undeposited Funds,,0.00
"FRONTIER AUTOMOTIVES (PVT) LTD.,",,2012-08-09,,0,Check,Undeposited Funds,,0.00
"Lanka Floortiles PLC,",AS004970,2012-08-10,719597-7056-003,22075.20,Check,Undeposited Funds,,0.00
GP Garments,AS004847,2012-08-11,,32132.80,Check,Undeposited Funds,,0.00
Streamline International (pvt) Ltd,AS004995,2012-08-11,"968630,968631",71500.00,Check,Undeposited Funds,,0.00
"FRONTIER AUTOMOTIVES (PVT) LTD.,",,2012-08-13,,0,Check,Undeposited Funds,,0.00
"FRONTIER AUTOMOTIVES (PVT) LTD.,",AS005003,2012-08-13,163768 - 7083 104,100000.00,Check,Undeposited Funds,,0.00
Mr.Jazeen Aarif,AS004933,2012-08-14,493484-7083-003,12000.00,Check,Undeposited Funds,,0.00
MUSLIM AID,AS004964,2012-08-15,734405,6720.00,Check,Undeposited Funds,,0.00
Hutchison Telecommunications,AS004994,2012-08-21,102726,674500.00,Check,Undeposited Funds,,0.00
"FRONTIER AUTOMOTIVES (PVT) LTD.,",AS004980,2012-08-24,,2240.00,Check,Undeposited Funds,,0.00
"FRONTIER AUTOMOTIVES (PVT) LTD.,",AS004979,2012-08-24,,4480.00,Check,Undeposited Funds,,0.00
"FRONTIER AUTOMOTIVES (PVT) LTD.,",AS004978,2012-08-24,,2240.00,Check,Undeposited Funds,,0.00
"FRONTIER AUTOMOTIVES (PVT) LTD.,",AS004981,2012-08-24,,2240.00,Check,Undeposited Funds,,0.00
"FRONTIER AUTOMOTIVES (PVT) LTD.,",AS004991,2012-08-24,,6720.00,Check,Undeposited Funds,,0.00
STATEMAN HATS (Pvt) LTD.,AS004957,2012-08-28,,28000.00,Check,Undeposited Funds,,0.00
STATEMAN HATS (Pvt) LTD.,AS004921,2012-08-28,,4480.00,Check,Undeposited Funds,,0.00
STATEMAN HATS (Pvt) LTD.,AS004920,2012-08-28,,3360.00,Check,Undeposited Funds,,0.00
STATEMAN HATS (Pvt) LTD.,AS004923,2012-08-28,,4480.00,Check,Undeposited Funds,,0.00
STATEMAN HATS (Pvt) LTD.,AS004924,2012-08-28,,3360.00,Check,Undeposited Funds,,0.00
"DAVID PIERIS MOTOR CO. LTD.,",AS004941,2012-08-28,491270,8960.00,Check,Undeposited Funds,,0.00
Nawaloka Construction Company Limited,AS004969,2012-08-28,,24000.00,Check,Undeposited Funds,,0.00
Aitken Spence Travels (Private)Limited.,AS004977,2012-08-30,223244,389000.00,Check,Undeposited Funds,,0.00
Dil Cinema,AS005013,2012-08-30,,3500.00,Check,Undeposited Funds,,0.00
Creative Electronic (pvt)Ltd,AS005014,2012-09-03,,3500.00,Check,Undeposited Funds,,0.00
"FRONTIER AUTOMOTIVES (PVT) LTD.,",AS005003,2012-09-12,,100000.00,Check,Undeposited Funds,,0.00
The Maharaja Organisation Limited,AS004890,2012-09-19,704294,120900.00,Check,Undeposited Funds,,0.00
"FRONTIER AUTOMOTIVES (PVT) LTD.,",AS005003,2012-09-24,,93000.00,Check,Undeposited Funds,,0.00
APL,AS005012,2012-09-24,108149,32500.00,Check,Undeposited Funds,,0.00
State Bank of India.,AS004993,2012-09-24,891825,2240.00,Check,Undeposited Funds,,0.00
State Bank of India.,AS005020,2012-09-24,891825,2240.00,Check,Undeposited Funds,,0.00
ATG Ceylon (Pvt) Ltd,AS005019,2012-09-26,004863,14500.00,Check,Undeposited Funds,,0.00
Mr.Sampath De Silva,AS005043,2012-10-01,,3500.00,Check,Undeposited Funds,,0.00
CHRISTIAN AID,AS005028,2012-10-02,,5600.00,Check,Undeposited Funds,,0.00
CHRISTIAN AID,AS005026,2012-10-02,,11200.00,Check,Undeposited Funds,,0.00
CHRISTIAN AID,AS004820,2012-10-02,,2240.00,Check,Undeposited Funds,,0.00
CHRISTIAN AID,AS004930,2012-10-02,,3360.00,Check,Undeposited Funds,,0.00
CHRISTIAN AID,AS004945,2012-10-02,,2240.00,Check,Undeposited Funds,,0.00
LANKA COMMODITY BROKERS LTD,AS004953,2012-10-03,,35683.20,Check,Undeposited Funds,,0.00
LANKA COMMODITY BROKERS LTD,AS005035,2012-10-03,,35683.20,Check,Undeposited Funds,,0.00
LANKA COMMODITY BROKERS LTD,AS005036,2012-10-03,,35683.20,Check,Undeposited Funds,,0.00
LANKA COMMODITY BROKERS LTD,AS005037,2012-10-03,,35683.20,Check,Undeposited Funds,,0.00
Mr.Suresh,AS005015,2012-10-03,,68000.00,Check,Undeposited Funds,,0.00
"FRONTIER AUTOMOTIVES (PVT) LTD.,",AS004976,2012-10-04,171474,7840.00,Check,Undeposited Funds,,0.00
"FRONTIER AUTOMOTIVES (PVT) LTD.,",AS004975,2012-10-04,,2240.00,Check,Undeposited Funds,,0.00
"FRONTIER AUTOMOTIVES (PVT) LTD.,",AS004972,2012-10-04,171474,6720.00,Check,Undeposited Funds,,0.00
"FRONTIER AUTOMOTIVES (PVT) LTD.,",AS004974,2012-10-04,171474,2240.00,Check,Undeposited Funds,,0.00
"FRONTIER AUTOMOTIVES (PVT) LTD.,",AS005006,2012-10-11,181248,2240.00,Check,Undeposited Funds,,0.00
"FRONTIER AUTOMOTIVES (PVT) LTD.,",AS004973,2012-10-11,181248,3080.00,Check,Undeposited Funds,,0.00
STATEMAN HATS (Pvt) LTD.,AS004992,2012-10-17,924883,2800.00,Check,Undeposited Funds,,0.00
STATEMAN HATS (Pvt) LTD.,AS004984,2012-10-17,924883,4480.00,Check,Undeposited Funds,,0.00
STATEMAN HATS (Pvt) LTD.,AS004990,2012-10-17,924883,2000.00,Check,Undeposited Funds,,0.00
STATEMAN HATS (Pvt) LTD.,AS004985,2012-10-17,924883,2240.00,Check,Undeposited Funds,,0.00
STATEMAN HATS (Pvt) LTD.,AS004986,2012-10-17,924883,2240.00,Check,Undeposited Funds,,0.00
STATEMAN HATS (Pvt) LTD.,AS004983,2012-10-17,924883,3360.00,Check,Undeposited Funds,,0.00
STATEMAN HATS (Pvt) LTD.,AS004982,2012-10-17,924883,672.00,Check,Undeposited Funds,,0.00
STATEMAN HATS (Pvt) LTD.,AS004958,2012-10-17,924883,5600.00,Check,Undeposited Funds,,0.00
KAMINSKI. C/o STATESMAN HATS (PVT) LTD.,AS004988,2012-10-17,924883,1120.00,Check,Undeposited Funds,,0.00
STATEMAN HATS (Pvt) LTD.,AS004961,2012-10-17,92,5600.00,Check,Undeposited Funds,,0.00
Rangiri Sri Lanka Media Network,AS005045,2012-10-25,,1095500.00,Check,Undeposited Funds,,0.00
Aero Lanka Enterprises,AS005046,2012-10-25,,3500.00,Check,Undeposited Funds,,0.00
MICROCELLS LTD,AS005008,2012-11-01,,13440.00,Check,Undeposited Funds,,0.00
Central Hospital,AS005044,2012-11-02,127383,607945.00,Check,Undeposited Funds,,0.00
Swiss Biogenics,AS005042,2012-11-03,,76296.00,Check,Undeposited Funds,,0.00
"FRONTIER AUTOMOTIVES (PVT) LTD.,",AS005027,2012-11-12,181014,50000.00,Check,Undeposited Funds,,0.00
"FRONTIER AUTOMOTIVES (PVT) LTD.,",AS005029,2012-11-12,181014,4480.00,Check,Undeposited Funds,,0.00
"FRONTIER AUTOMOTIVES (PVT) LTD.,",AS005024,2012-11-12,181014,2240.00,Check,Undeposited Funds,,0.00
"FRONTIER AUTOMOTIVES (PVT) LTD.,",AS005025,2012-11-12,181014,5600.00,Check,Undeposited Funds,,0.00
ZEOS SOLUTIONS,AS005039,2012-11-20,,60000.00,Check,Undeposited Funds,,0.00
Mr.Harsha Wanigatunga.,AS005078,2012-11-23,257602,60000.00,Check,Undeposited Funds,,0.00
STATEMAN HATS (Pvt) LTD.,AS005010,2012-11-26,925026,2240.00,Check,Undeposited Funds,,0.00
STATEMAN HATS (Pvt) LTD.,AS005030,2012-11-26,925026,6720.00,Check,Undeposited Funds,,0.00
STATEMAN HATS (Pvt) LTD.,AS005032,2012-11-26,925026,4480.00,Check,Undeposited Funds,,0.00
STATEMAN HATS (Pvt) LTD.,AS005031,2012-11-26,925026,3360.00,Check,Undeposited Funds,,0.00
STATEMAN HATS (Pvt) LTD.,AS005016,2012-11-26,,4480.00,Check,Undeposited Funds,,0.00
STATEMAN HATS (Pvt) LTD.,AS005005,2012-11-26,925026,2240.00,Check,Undeposited Funds,,0.00
STATEMAN HATS (Pvt) LTD.,AS005011,2012-11-26,925026,2240.00,Check,Undeposited Funds,,0.00
Maharaja Entertainments (PVT)Ltd,AS005060,2012-11-29,,1028890.00,Check,Undeposited Funds,,0.00
"Lanka Floortiles PLC,",AS005061,2012-12-05,966443,19857.60,Check,Undeposited Funds,,0.00
John Keells Logistics (Pvt)Ltd,AS005017,2012-12-05,50222,6400.00,Check,Undeposited Funds,,0.00
STATEMAN HATS (Pvt) LTD.,AS005068,2012-12-13,547958,158000.00,Check,Undeposited Funds,,0.00
STATEMAN HATS (Pvt) LTD.,AS005069,2012-12-13,547958,53500.00,Check,Undeposited Funds,,0.00
LANKA COMMODITY BROKERS LTD,AS004861,2012-12-14,955517,94281.60,Check,Undeposited Funds,,0.00
"FRONTIER AUTOMOTIVES (PVT) LTD.,",AS005009,2012-12-20,181136,2240.00,Check,Undeposited Funds,,0.00
"FRONTIER AUTOMOTIVES (PVT) LTD.,",AS005021,2012-12-20,181136,6720.00,Check,Undeposited Funds,,0.00
"FRONTIER AUTOMOTIVES (PVT) LTD.,",AS005022,2012-12-20,181136,2240.00,Check,Undeposited Funds,,0.00
"FRONTIER AUTOMOTIVES (PVT) LTD.,",AS005023,2012-12-20,181136,2240.00,Check,Undeposited Funds,,0.00
PC House Plc,AS005059,2012-12-28,"007152,007153,007154",239649.00,Check,Undeposited Funds,,0.00
LANKA COMMODITY BROKERS LTD,AS005085,2013-01-08,967052,35683.20,Check,Undeposited Funds,,0.00
LANKA COMMODITY BROKERS LTD,AS005038,2013-01-10,,35683.20,Check,Undeposited Funds,,0.00
LANKA COMMODITY BROKERS LTD,AS005071,2013-01-10,,35683.20,Check,Undeposited Funds,,0.00
LANKA COMMODITY BROKERS LTD,AS005072,2013-01-10,,30000.00,Check,Undeposited Funds,,0.00
LANKA COMMODITY BROKERS LTD,AS005079,2013-01-10,,67750.00,Check,Undeposited Funds,,0.00
LANKA COMMODITY BROKERS LTD,AS005086,2013-01-10,,92449.28,Check,Undeposited Funds,,0.00
Asiri Hospital PLC,AS005047,2013-01-16,028489,37520.00,Check,Undeposited Funds,,0.00
Mr.Sanjaya Gunerathne,AS005104,2013-01-29,,93700.00,Check,Undeposited Funds,,0.00
"FRONTIER AUTOMOTIVES (PVT) LTD.,",AS005050,2013-01-29,188487,2240.00,Check,Undeposited Funds,,0.00
"FRONTIER AUTOMOTIVES (PVT) LTD.,",AS005070,2013-01-29,188487,2240.00,Check,Undeposited Funds,,0.00
"FRONTIER AUTOMOTIVES (PVT) LTD.,",AS005074,2013-01-29,188487,2240.00,Check,Undeposited Funds,,0.00
STATEMAN HATS (Pvt) LTD.,AS005052,2013-01-31,662351,2240.00,Check,Undeposited Funds,,0.00
STATEMAN HATS (Pvt) LTD.,AS005053,2013-01-31,662351,2240.00,Check,Undeposited Funds,,0.00
STATEMAN HATS (Pvt) LTD.,AS005049,2013-01-31,662351,5600.00,Check,Undeposited Funds,,0.00
STATEMAN HATS (Pvt) LTD.,AS005048,2013-01-31,,4480.00,Check,Undeposited Funds,,0.00
STATEMAN HATS (Pvt) LTD.,AS005051,2013-01-31,662351,4480.00,Check,Undeposited Funds,,0.00
STATEMAN HATS (Pvt) LTD.,AS005056,2013-01-31,662351,2240.00,Check,Undeposited Funds,,0.00
STATEMAN HATS (Pvt) LTD.,AS005057,2013-01-31,662351,1120.00,Check,Undeposited Funds,,0.00
STATEMAN HATS (Pvt) LTD.,AS005058,2013-01-31,662351,9000.00,Check,Undeposited Funds,,0.00
STATEMAN HATS (Pvt) LTD.,AS005055,2013-01-31,662351,34500.00,Check,Undeposited Funds,,0.00
STATEMAN HATS (Pvt) LTD.,AS005054,2013-01-31,662351,45000.00,Check,Undeposited Funds,,0.00
MICROCELLS LTD,AS005087,2013-01-31,,15680.00,Check,Undeposited Funds,,0.00
Studio 3000,AS005089,2013-02-08,630013 - 630014,195000.00,Check,Undeposited Funds,,0.00
Hemas Holdings PLC,AS005097,2013-02-08,009020,408000.00,Check,Undeposited Funds,,0.00
MAKE STUFF HAPPEN PVT LTD,AS004940,2013-02-08,,5250.00,Check,Undeposited Funds,,0.00
"FRONTIER AUTOMOTIVES (PVT) LTD.,",AS005094,2013-02-11,194322,4480.00,Check,Undeposited Funds,,0.00
"FRONTIER AUTOMOTIVES (PVT) LTD.,",AS005080,2013-02-11,194276,2240.00,Check,Undeposited Funds,,0.00
"FRONTIER AUTOMOTIVES (PVT) LTD.,",AS005084,2013-02-11,194276,3360.00,Check,Undeposited Funds,,0.00
Lanka Knitters (pvt) Ltd,AS004922,2013-02-12,648200,2240.00,Check,Undeposited Funds,,0.00
Lanka Knitters (pvt) Ltd,AS004929,2013-02-12,648200,3360.00,Check,Undeposited Funds,,0.00
Lanka Knitters (pvt) Ltd,AS004962,2013-02-12,648200,4480.00,Check,Undeposited Funds,,0.00
Lanka Knitters (pvt) Ltd,AS004966,2013-02-12,648200,3360.00,Check,Undeposited Funds,,0.00
Lanka Knitters (pvt) Ltd,AS004971,2013-02-12,648200,2240.00,Check,Undeposited Funds,,0.00
ZERANDIB MOTORS,AS005062,2013-02-16,439122,26880.00,Check,Undeposited Funds,,0.00
ZERANDIB MOTORS,AS005063,2013-02-16,439122,14250.00,Check,Undeposited Funds,,0.00
Aitken Spence Power,AS005103,2013-02-26,70049,189000.00,Check,Undeposited Funds,,0.00
DSI,AS005099,2013-02-26,118909,25000.00,Check,Undeposited Funds,,0.00
MACSON MESH,AS005067,2013-02-26,687747,6720.00,Check,Undeposited Funds,,0.00
MACSON MESH,AS005073,2013-02-26,687747,5600.00,Check,Undeposited Funds,,0.00
MACSON MESH,AS005091,2013-02-26,687747,46200.00,Check,Undeposited Funds,,0.00
MACSON MESH,AS005108,2013-02-26,687747,4480.00,Check,Undeposited Funds,,0.00
"FRONTIER AUTOMOTIVES (PVT) LTD.,",AS005102,2013-03-06,194380,28000.00,Check,Undeposited Funds,,0.00
Swedish Cooperative Centre,AS005124,2013-03-07,,156890.00,Check,Undeposited Funds,,0.00
E Logic Lanka,AS005114,2013-03-07,604589,27000.00,Check,Undeposited Funds,,0.00
Digital Commerce Lanka (Pvt) Ltd,AS005110,2013-03-08,196841,200000.00,Check,Undeposited Funds,,0.00
Digital Commerce Lanka (Pvt) Ltd,AS005111,2013-03-08,196841,75000.00,Check,Undeposited Funds,,0.00
TYRE HOUSE TRADING (PVT) LTD,AS005098,2013-03-20,417927,7840.00,Check,Undeposited Funds,,0.00
TYRE HOUSE TRADING (PVT) LTD,AS005113,2013-03-20,676517,6720.00,Check,Undeposited Funds,,0.00
Samson Sportswear(PVT)Ltd,AS005135,2013-03-22,774863,169000.00,Check,Undeposited Funds,,0.00
Synergy Ventures,AS005146,2013-03-25,,240000.00,Check,Undeposited Funds,,0.00
"FRONTIER AUTOMOTIVES (PVT) LTD.,",AS005119,2013-03-27,194512,44800.00,Check,Undeposited Funds,,0.00
LANKA COMMODITY BROKERS LTD,AS005101,2013-03-27,995365,35380.80,Check,Undeposited Funds,,0.00
LANKA COMMODITY BROKERS LTD,AS005137,2013-03-27,995365,35380.80,Check,Undeposited Funds,,0.00
STATEMAN HATS (Pvt) LTD.,AS004998,2013-03-28,732489,2800.00,Check,Undeposited Funds,,0.00
STATEMAN HATS (Pvt) LTD.,AS004997,2013-03-28,732489,2240.00,Check,Undeposited Funds,,0.00
STATEMAN HATS (Pvt) LTD.,AS005000,2013-03-28,732489,33000.00,Check,Undeposited Funds,,0.00
STATEMAN HATS (Pvt) LTD.,AS005064,2013-03-28,732489,2240.00,Check,Undeposited Funds,,0.00
STATEMAN HATS (Pvt) LTD.,AS005066,2013-03-28,732489,2240.00,Check,Undeposited Funds,,0.00
STATEMAN HATS (Pvt) LTD.,AS005075,2013-03-28,732489,2240.00,Check,Undeposited Funds,,0.00
STATEMAN HATS (Pvt) LTD.,AS005076,2013-03-28,732489,3360.00,Check,Undeposited Funds,,0.00
STATEMAN HATS (Pvt) LTD.,AS005077,2013-03-28,732489,4480.00,Check,Undeposited Funds,,0.00
STATEMAN HATS (Pvt) LTD.,AS005083,2013-03-28,732489,2240.00,Check,Undeposited Funds,,0.00
STATEMAN HATS (Pvt) LTD.,AS005081,2013-03-28,732489,4480.00,Check,Undeposited Funds,,0.00
STATEMAN HATS (Pvt) LTD.,AS005096,2013-03-28,732489,12880.00,Check,Undeposited Funds,,0.00
DILARSHAD ENTERPRISE,AS005093,2013-04-02,,1120.00,Check,Undeposited Funds,,0.00
Synergy Ventures,AS005148,2013-04-03,640122,35840.00,Check,Undeposited Funds,,0.00
MACSON MESH,AS005140,2013-04-05,808507,32200.00,Check,Undeposited Funds,,0.00
MACSON MESH,AS005139,2013-04-05,808507,37184.00,Check,Undeposited Funds,,0.00
Maharaja Entertainments (PVT)Ltd,AS005120,2013-04-05,270241,22288.00,Check,Undeposited Funds,,0.00
Asiri,AS005117,2013-04-05,030481,236640.00,Check,Undeposited Funds,,0.00
Mr.N.H.G.R.A.Nanayakkara,AS005116,2013-04-08,,142000.00,Cash,Undeposited Funds,,0.00
Hirdaramani International Export (Pvt) Lt,AS005145,2013-04-11,,100900.00,Cash,Undeposited Funds,,0.00
Hirdaramani International Export (Pvt) Lt,AS005145,2013-04-11,,908100.00,Cash,Undeposited Funds,,0.00
JAY JAY MILLS LANKA (PVT) LTD,AS005144,2013-04-26,179508,12500.00,Cash,Undeposited Funds,,0.00
Asiri,AS005123,2013-04-29,030918,37520.00,Cash,Undeposited Funds,,0.00
LANKA COMMODITY BROKERS LTD,AS005165,2013-04-30,995755,31590.00,Cash,Undeposited Funds,,0.00
Mr.SKK Ishan Aravinda,AS005191,2013-05-06,,15000.00,Cash,Undeposited Funds,,0.00
"FRONTIER AUTOMOTIVES (PVT) LTD.,",AS005118,2013-05-07,,22400.00,Cash,Undeposited Funds,,0.00
"FRONTIER AUTOMOTIVES (PVT) LTD.,",AS005162,2013-05-07,188528,2240.00,Cash,Undeposited Funds,,0.00
"FRONTIER AUTOMOTIVES (PVT) LTD.,",AS005041,2013-05-07,188528,2240.00,Cash,Undeposited Funds,,0.00
Practical Action,AS005149,2013-05-09,,5824.00,Cash,Undeposited Funds,,0.00
OKELTA Doctering Your IT Solution,AS005190,2013-05-09,131115,116790.00,Cash,Undeposited Funds,,0.00
Open Systems Integrators,AS005168,2013-05-09,131115,102000.00,Cash,Undeposited Funds,,0.00
Earrow,AS005088,2013-05-22,872603,17673.60,Cash,Undeposited Funds,,0.00
HANDS INTERNATINAL (PVT) LTD,AS005090,2013-05-22,683591,6944.00,Cash,Undeposited Funds,,0.00
Maxies & Company (Pvt) Ltd,AS005174,2013-05-22,824651,300900.00,Cash,Undeposited Funds,,0.00
DP Technologies (pvt) Ltd,AS005169,2013-05-22,004513,300000.00,Cash,Undeposited Funds,,0.00
Synergy Ventures,AS005175,2013-05-22,615598,132000.00,Cash,Undeposited Funds,,0.00
Synergy Ventures,AS005121,2013-05-30,,2240.00,Cash,Undeposited Funds,,0.00
Synergy Ventures,AS005132,2013-05-30,,12320.00,Cash,Undeposited Funds,,0.00
Synergy Ventures,AS005160,2013-05-30,,2240.00,Cash,Undeposited Funds,,0.00
Synergy Ventures,AS005180,2013-05-30,,37000.00,Cash,Undeposited Funds,,0.00
Synergy Ventures,AS005181,2013-05-30,,140000.00,Cash,Undeposited Funds,,0.00
MACSON MESH,AS005173,2013-05-30,,4000.00,Cash,Undeposited Funds,,0.00
MACSON MESH,AS005178,2013-05-30,,28000.00,Cash,Undeposited Funds,,0.00
Micrologic Systes,AS005201,2013-05-30,564170,40000.00,Cash,Undeposited Funds,,0.00
MR.HARSHA,AS005179,2013-05-30,,20400.00,Cash,Undeposited Funds,,0.00
STATEMAN HATS (Pvt) LTD.,AS005155,2013-06-04,848740,3360.00,Cash,Undeposited Funds,,0.00
STATEMAN HATS (Pvt) LTD.,AS005156,2013-06-04,848740,3000.00,Cash,Undeposited Funds,,0.00
STATEMAN HATS (Pvt) LTD.,AS005157,2013-06-04,848740,2240.00,Cash,Undeposited Funds,,0.00
STATEMAN HATS (Pvt) LTD.,AS005158,2013-06-04,848740,3360.00,Cash,Undeposited Funds,,0.00
STATEMAN HATS (Pvt) LTD.,AS005126,2013-06-04,848740,2240.00,Cash,Undeposited Funds,,0.00
STATEMAN HATS (Pvt) LTD.,AS005128,2013-06-04,848740,6720.00,Cash,Undeposited Funds,,0.00
STATEMAN HATS (Pvt) LTD.,AS005131,2013-06-04,848740,4480.00,Cash,Undeposited Funds,,0.00
STATEMAN HATS (Pvt) LTD.,AS005127,2013-06-04,848740,2240.00,Cash,Undeposited Funds,,0.00
STATEMAN HATS (Pvt) LTD.,AS005125,2013-06-04,848740,5600.00,Cash,Undeposited Funds,,0.00
STATEMAN HATS (Pvt) LTD.,AS005115,2013-06-04,848740,1120.00,Cash,Undeposited Funds,,0.00
STATEMAN HATS (Pvt) LTD.,AS005109,2013-06-04,848740,2240.00,Cash,Undeposited Funds,,0.00
STATEMAN HATS (Pvt) LTD.,AS005107,2013-06-04,848740,2240.00,Cash,Undeposited Funds,,0.00
STATEMAN HATS (Pvt) LTD.,AS005105,2013-06-04,848740,2240.00,Cash,Undeposited Funds,,0.00
STATEMAN HATS (Pvt) LTD.,AS005106,2013-06-04,848740,2240.00,Cash,Undeposited Funds,,0.00
LANKA COMMODITY BROKERS LTD,AS005192,2013-06-04,995982,31590.00,Cash,Undeposited Funds,,0.00
UNION ASSURANCE PLC,AS005152,2013-06-06,,6720.00,Check,Undeposited Funds,,0.00
LANKA COMMODITY BROKERS LTD,AS005855,2013-06-06,653754,44000.00,Check,Undeposited Funds,,0.00
Ceylon Chocolates Limited,AS005147,2013-06-13,,170340.00,Cash,Undeposited Funds,,0.00
KIK,AS005196,2013-06-13,"888320,888319,888343",376380.00,Check,Undeposited Funds,,0.00
K.I.K. Engineering Co.(Pvt) Ltd,AS005197,2013-06-13,"858533,858527,858515",376380.00,Check,Undeposited Funds,,0.00
The Computer Center (pvt) Ltd,AS005203,2013-06-13,303474,72000.00,Check,Undeposited Funds,,0.00
KAMINSKI. C/o STATESMAN HATS (PVT) LTD.,AS005130,2013-06-18,5130,1680.00,Check,Undeposited Funds,,0.00
KAMINSKI. C/o STATESMAN HATS (PVT) LTD.,AS005136,2013-06-18,,2240.00,Check,Undeposited Funds,,0.00
KAMINSKI. C/o STATESMAN HATS (PVT) LTD.,AS005159,2013-06-18,,2000.00,Check,Undeposited Funds,,0.00
CHRISTIAN AID,AS004697,2013-06-18,378184,3360.00,Check,Undeposited Funds,,0.00
CHRISTIAN AID,AS004727,2013-06-18,378184,3360.00,Check,Undeposited Funds,,0.00
CHRISTIAN AID,AS005040,2013-06-18,378184,2240.00,Check,Undeposited Funds,,0.00
CHRISTIAN AID,AS005065,2013-06-18,378184,2240.00,Check,Undeposited Funds,,0.00
CHRISTIAN AID,AS005207,2013-06-18,378184,20000.00,Check,Undeposited Funds,,0.00
JAY JAY MILLS LANKA (PVT) LTD,AS005199,2013-06-21,,465120.00,Check,Undeposited Funds,,0.00
Digital Commerce Lanka (Pvt) Ltd,AS005141,2013-06-24,223296,22500.00,Check,Undeposited Funds,,0.00
Digital Commerce Lanka (Pvt) Ltd,AS005142,2013-06-24,223296,100000.00,Check,Undeposited Funds,,0.00
"FRONTIER AUTOMOTIVES (PVT) LTD.,",AS005186,2013-06-25,466830,6000.00,Check,Undeposited Funds,,0.00
"FRONTIER AUTOMOTIVES (PVT) LTD.,",AS005187,2013-06-25,466830,2000.00,Check,Undeposited Funds,,0.00
"FRONTIER AUTOMOTIVES (PVT) LTD.,",AS005188,2013-06-25,466830,3500.00,Check,Undeposited Funds,,0.00
Ceylinco Insurance Co. Ltd.,AS005202,2013-06-28,"554242,553695",396780.00,Check,Undeposited Funds,,0.00
The Capital Maharaja,AS005189,2013-06-29,748183,202920.00,Check,Undeposited Funds,,0.00
Mr.Madura Sonnadara,AS005213,2013-07-10,072959,147390.00,Check,Undeposited Funds,,0.00
STATEMAN HATS (Pvt) LTD.,AS005198,2013-07-10,927317,115000.00,Check,Undeposited Funds,,0.00
LANKA COMMODITY BROKERS LTD,AS005204,2013-07-10,513471,31590.00,Check,Undeposited Funds,,0.00
Mr.Nalin,AS005170,2013-07-10,,65000.00,Check,Undeposited Funds,,0.00
ICC,AS005200,2013-07-12,,32000.00,Check,Undeposited Funds,,0.00
LANKA COMMODITY BROKERS LTD,AS005211,2013-07-18,513807,327879.00,Check,Undeposited Funds,,0.00
Sri Lanka Navy,AS005216,2013-07-24,,15000.00,Check,Undeposited Funds,,0.00
Inovatec Information Technologies (Pvt)Lt,AS005210,2013-07-25,184943,110000.00,Check,Undeposited Funds,,0.00
Open Systems Integrators,AS005212,2013-07-27,,273400.00,Check,Undeposited Funds,,0.00
Inovatec Network Systems (PTE) Ltd,AS005209,2013-07-27,,344750.00,Check,Undeposited Funds,,0.00
Hiran Wickramanayake,AS005217,2013-07-27,,38400.00,Check,Undeposited Funds,,0.00
Mr.Madura Sonnadara,AS005213,2013-07-27,,147390.00,Check,Undeposited Funds,,0.00
"FRONTIER AUTOMOTIVES (PVT) LTD.,",AS005122,2013-07-29,,131590.00,cancelled,Undeposited Funds,,0.00
GLPL,AS004846,2013-07-29,,248406.00,cancelled,Undeposited Funds,,0.00
John Keells Office Automation,AS004349,2013-07-29,,8000.00,cancelled,Undeposited Funds,,0.00
MTV,AS005143,2013-07-29,,22500.00,cancelled,Undeposited Funds,,0.00
MTV Channel (private) Ltd-Pannipitiya,AS004791,2013-07-29,,310000.00,cancelled,Undeposited Funds,,0.00
TEDHA PVT LTD,AS004955,2013-07-29,,11200.00,cancelled,Undeposited Funds,,0.00
Wirehat,AS004478,2013-07-29,,3900.00,cancelled,Undeposited Funds,,0.00
The Capital Maharaja,AS004806,2013-07-29,,119800.00,cancelled,Undeposited Funds,,0.00
Nawaloka Construction Company Limited,AS004569,2013-07-29,,9000.00,cancelled,Undeposited Funds,,0.00
Dil Cinema,AS004403,2013-07-29,,5500.00,cancelled,Undeposited Funds,,0.00
Dialog,AS004735,2013-07-29,,3000.00,cancelled,Undeposited Funds,,0.00
BENEDICTSONS (PVT) LTD,AS004435,2013-07-29,,6700.00,cancelled,Undeposited Funds,,0.00
Asiri Hospital PLC,AS004737,2013-07-29,,4424.00,cancelled,Undeposited Funds,,0.00
KAIZA HOLDINGS (PVT) LTD,AS004117,2013-07-30,,3360.00,cancelled,Undeposited Funds,,0.00
KAIZA HOLDINGS (PVT) LTD,AS004430,2013-07-30,,4480.00,cancelled,Undeposited Funds,,0.00
KAIZA HOLDINGS (PVT) LTD,AS004807,2013-07-30,,15680.00,cancelled,Undeposited Funds,,0.00
LANKA MOUNT CASTLE (PVT) LTD,AS004014,2013-07-30,,2240.00,cancelled,Undeposited Funds,,0.00
LANKA MOUNT CASTLE (PVT) LTD,AS004228,2013-07-30,,7840.00,cancelled,Undeposited Funds,,0.00
LANKA MOUNT CASTLE (PVT) LTD,AS004252,2013-07-30,,7840.00,cancelled,Undeposited Funds,,0.00
LANKA MOUNT CASTLE (PVT) LTD,AS004318,2013-07-30,,7840.00,cancelled,Undeposited Funds,,0.00
LANKA MOUNT CASTLE (PVT) LTD,AS004583,2013-07-30,,3360.00,cancelled,Undeposited Funds,,0.00
LANKA MOUNT CASTLE (PVT) LTD,AS004627,2013-07-30,,3360.00,cancelled,Undeposited Funds,,0.00
STATEMAN HATS (Pvt) LTD.,AS005167,2013-08-05,997973,14000.00,Check,Undeposited Funds,,0.00
STATEMAN HATS (Pvt) LTD.,AS005154,2013-08-05,997973,6000.00,Check,Undeposited Funds,,0.00
STATEMAN HATS (Pvt) LTD.,AS005092,2013-08-05,997973,61000.00,Check,Undeposited Funds,,0.00
STATEMAN HATS (Pvt) LTD.,AS005153,2013-08-05,997973,12000.00,Check,Undeposited Funds,,0.00
LANKA MOUNT CASTLE (PVT) LTD,AS005218,2013-08-05,975221,70000.00,Check,Undeposited Funds,,0.00
Sri Lanka Insurance Coporation ltd.,AS005225,2013-08-05,053453,6324.00,Check,Undeposited Funds,,0.00
ZERANDIB MOTORS,AS005134,2013-08-05,,2240.00,cancelled,Undeposited Funds,,0.00
UNION ASSURANCE PLC,AS004841,2013-08-05,,6720.00,cancelled,Undeposited Funds,,0.00
"FRONTIER AUTOMOTIVES (PVT) LTD.,",AS005184,2013-08-06,,2000.00,cancelled,Undeposited Funds,,0.00
SL - Virtusa World,AS005208,2013-08-12,,346000.00,Check,Undeposited Funds,,0.00
Nawaloka Construction Company Limited,AS005166,2013-08-15,329907,35500.00,Check,Undeposited Funds,,0.00
Inovatec Network Systems (PTE) Ltd,AS005209,2013-08-19,639921,344750.00,Check,Undeposited Funds,,0.00
LANKA MOUNT CASTLE (PVT) LTD,AS005218,2013-08-22,975322,70000.00,Check,Undeposited Funds,,0.00
DP Technologies (pvt) Ltd,AS005239,2013-08-27,92109,716040.00,Check,Undeposited Funds,,0.00
LANKA COMMODITY BROKERS LTD,AS005214,2013-08-29,513604,31590.00,Check,Undeposited Funds,,0.00
"Lanka Floortiles PLC,",AS005228,2013-09-02,513698,22338.00,Check,Undeposited Funds,,0.00
Hiran Wickramanayake,AS005244,2013-09-02,,31000.00,Cash,Undeposited Funds,,0.00
Mr.Riad Rafi,AS005215,2013-09-05,,120000.00,Cash,Undeposited Funds,,0.00
D.G.M (A.M.H.E)CEB,AS005243,2013-09-16,806375,113854.90,Check,Undeposited Funds,,0.00
Lankem,AS005245,2013-09-18,,329868.00,Check,Undeposited Funds,,0.00
D.G.M (A.M.H.E)CEB,AS005243,2013-09-20,,0.05,Check,Undeposited Funds,,0.00
MICROCELLS LTD,AS005205,2013-09-26,,12000.00,Check,Undeposited Funds,,0.00
Mr.R.C.De Silva,AS005263,2013-09-27,,42000.00,Cash,Undeposited Funds,,0.00
Swisstec Aluminium ( Lankatiles),AS005227,2013-09-27,392485,35292.00,Check,Undeposited Funds,,0.00
SWISSTEK (CEYLON)PLC,AS005229,2013-09-27,417013,24745.20,Check,Undeposited Funds,,0.00
SL - Virtusa World,AS005255,2013-10-01,,300000.00,Check,Undeposited Funds,,0.00
ATG Ceylon (Pvt) Ltd,AS005256,2013-10-01,570125,5100.00,Check,Undeposited Funds,,0.00
CCS Lanka Pvt Ltd,AS005264,2013-10-02,190840,263450.00,Check,Undeposited Funds,,0.00
techtron,AS005258,2013-10-11,386516,99000.00,Check,Undeposited Funds,,0.00
Mr.Sashi Rajamahendran,AS005270,2013-10-11,300551,170000.00,Check,Undeposited Funds,,0.00
PRETEC SYSTEMS,AS005262,2013-10-14,351183,103000.00,Check,Undeposited Funds,,0.00
Hemas Pharmaceutiacls (pvt) Ltd,AS005260,2013-10-14,01340,178500.00,Check,Undeposited Funds,,0.00
KAMINSKI. C/o STATESMAN HATS (PVT) LTD.,AS005112,2013-10-21,618408,40521.60,Check,Undeposited Funds,,0.00
KAMINSKI. C/o STATESMAN HATS (PVT) LTD.,AS005206,2013-10-21,618408,35100.00,Check,Undeposited Funds,,0.00
DSI,AS005242,2013-10-22,,25000.00,Check,Undeposited Funds,,0.00
DIPPED Products Plc,AS005269,2013-10-30,,484500.00,Check,Undeposited Funds,,0.00
DIPPED Products Plc,AS005271,2013-10-30,,146880.00,Check,Undeposited Funds,,0.00
ITN,AS005259,2013-10-31,,175000.00,Check,Undeposited Funds,,0.00
Mr.Dilshan,AS005238,2013-10-31,,9000.00,Check,Undeposited Funds,,0.00
ATG Ceylon (Pvt) Ltd,AS005257,2013-11-04,,3570.00,Check,Undeposited Funds,,0.00
"FRONTIER AUTOMOTIVES (PVT) LTD.,",AS005185,2013-11-04,552719,3500.00,Check,Undeposited Funds,,0.00
LANKA MOUNT CASTLE (PVT) LTD,AS005241,2013-11-05,975490,10000.00,Check,Undeposited Funds,,0.00
STATEMAN HATS (Pvt) LTD.,AS005234,2013-11-05,61860,5000.00,Check,Undeposited Funds,,0.00
STATEMAN HATS (Pvt) LTD.,AS005231,2013-11-05,61860,2000.00,Check,Undeposited Funds,,0.00
STATEMAN HATS (Pvt) LTD.,AS005232,2013-11-05,61860,8000.00,Check,Undeposited Funds,,0.00
STATEMAN HATS (Pvt) LTD.,AS005151,2013-11-05,61860,4150.00,Check,Undeposited Funds,,0.00
STATEMAN HATS (Pvt) LTD.,AS005252,2013-11-05,61860,6000.00,Check,Undeposited Funds,,0.00
STATEMAN HATS (Pvt) LTD.,AS005183,2013-11-05,61860,4000.00,Check,Undeposited Funds,,0.00
STATEMAN HATS (Pvt) LTD.,AS005237,2013-11-05,618601,9750.00,Check,Undeposited Funds,,0.00
STATEMAN HATS (Pvt) LTD.,AS005236,2013-11-05,61860,3000.00,Check,Undeposited Funds,,0.00
STATEMAN HATS (Pvt) LTD.,AS005235,2013-11-05,618601,4000.00,Check,Undeposited Funds,,0.00
STATEMAN HATS (Pvt) LTD.,AS005253,2013-11-05,618601,3000.00,Check,Undeposited Funds,,0.00
CCS Lanka Pvt Ltd,AS005264,2013-11-11,471883,263450.00,Check,Undeposited Funds,,0.00
MACSON MESH,AS005248,2013-11-18,757387,5000.00,Check,Undeposited Funds,,0.00
Mr.Michale,AS005296,2013-11-18,,2100.00,Cash,Undeposited Funds,,0.00
SGS Lanka (pvt) Ltd.,AS005280,2013-11-22,,121890.00,Cash,Undeposited Funds,,0.00
Brandix Lanka Limited,AS005305,2013-11-22,,125000.00,Cash,Undeposited Funds,,0.00
Mr.R.C.De Silva,AS005302,2013-11-22,,35000.00,Cash,Undeposited Funds,,0.00
Mr.Riad Rafi,AS005266,2013-11-23,663744,216596.00,Cash,Undeposited Funds,,0.00
Mr.Riad Rafi,AS005279,2013-11-23,,164000.00,Check,Undeposited Funds,,0.00
Lanka Hospitals,AS005254,2013-11-23,,301920.00,Check,Undeposited Funds,,0.00
Hiran Wickramanayake,AS005307,2013-11-25,,24500.00,Cash,Undeposited Funds,,0.00
Mr.R.C.De Silva,AS005308,2013-11-27,,35000.00,Cash,Undeposited Funds,,0.00
LANKA COMMODITY BROKERS LTD,AS005240,2013-11-27,,31590.00,Cash,Undeposited Funds,,0.00
NDB Wealth Management,AS005272,2013-11-29,,100980.00,Check,Undeposited Funds,,0.00
Weblook International (Pvt) Ltd,AS005303,2013-12-02,017772,100000.00,Cash,Undeposited Funds,,0.00
Weblook International (Pvt) Ltd,AS005303,2013-12-02,017773,130000.00,Cash,Undeposited Funds,,0.00
SML FRONTIER AUTOMOTIVES (PVT) LTD,AS005171,2013-12-03,903938,12000.00,Check,Undeposited Funds,,0.00
SML FRONTIER AUTOMOTIVES (PVT) LTD,AS005219,2013-12-03,903938,2000.00,Check,Undeposited Funds,,0.00
SML FRONTIER AUTOMOTIVES (PVT) LTD,AS005220,2013-12-03,916625,2000.00,Check,Undeposited Funds,,0.00
MUSLIM AID,AS005161,2013-12-03,694444,2240.00,Check,Undeposited Funds,,0.00
MUSLIM AID,AS005163,2013-12-03,694444,1120.00,Check,Undeposited Funds,,0.00
LANKA MOUNT CASTLE (PVT) LTD,AS005313,2013-12-05,774480,74800.00,Check,Undeposited Funds,,0.00
The Capital Maharaja,AS005295,2013-12-09,236148,78000.00,Check,Undeposited Funds,,0.00
Muslim Commercial Bank,AS005265,2013-12-09,074985,25666.67,Check,Undeposited Funds,,0.00
Muslim Commercial Bank,AS005265,2013-12-09,074987,75000.00,Check,Undeposited Funds,,0.00
Muslim Commercial Bank,AS005265,2013-12-09,074986,25666.66,Check,Undeposited Funds,,0.00
Muslim Commercial Bank,AS005265,2013-12-09,074988,25666.67,Check,Undeposited Funds,,0.00
Hiran Wickramanayake,AS005244,2013-12-09,,500.00,Cash,Undeposited Funds,,0.00
Hiran Wickramanayake,AS005307,2013-12-09,,32500.00,Cash,Undeposited Funds,,0.00
Lanka Hospitals,AS005226,2013-12-20,,15300.00,Check,Undeposited Funds,,0.00
LANKA MOUNT CASTLE (PVT) LTD,AS005314,2013-12-23,975962,55440.00,Cash,Undeposited Funds,,0.00
LANKA COMMODITY BROKERS LTD,AS005261,2013-12-24,543485,31590.00,Check,Undeposited Funds,,0.00
LANKA COMMODITY BROKERS LTD,AS005284,2013-12-24,543606,31590.00,Check,Undeposited Funds,,0.00
LANKA COMMODITY BROKERS LTD,AS005285,2013-12-24,543606,31590.00,Check,Undeposited Funds,,0.00
Hiran Wickramanayake,AS005319,2013-12-27,,6000.00,Cash,Undeposited Funds,,0.00
Hiran Wickramanayake,AS005320,2013-12-27,,21000.00,Cash,Undeposited Funds,,0.00
REGENT FINE JEWELS,AS004817,2013-12-31,,10080.00,Check,Undeposited Funds,,0.00
REGENT FINE JEWELS,AS004836,2013-12-31,,12000.00,Check,Undeposited Funds,,0.00
REGENT FINE JEWELS,AS005315,2013-12-31,,203000.00,Check,Undeposited Funds,,0.00
Shay & Company,AS005341,2013-12-31,,4500.00,Check,Undeposited Funds,,0.00
Shay & Company,AS005342,2013-12-31,,4500.00,Check,Undeposited Funds,,0.00
Shay & Company,AS005343,2013-12-31,,4500.00,Check,Undeposited Funds,,0.00
MUSLIM AID,AS005177,2014-01-03,817769,14500.00,Cash,Undeposited Funds,,0.00
MUSLIM AID,AS005328,2014-01-03,817769,15000.00,Check,Undeposited Funds,,0.00
MUSLIM AID,AS005329,2014-01-03,817769,20000.00,Check,Undeposited Funds,,0.00
Earrow,AS005326,2014-01-03,432947,15780.00,Check,Undeposited Funds,,0.00
Synergy Ventures,AS005278,2014-01-08,684041,19000.00,Check,Undeposited Funds,,0.00
Synergy Ventures,AS005249,2014-01-08,684041,2000.00,Check,Undeposited Funds,,0.00
Synergy Ventures,AS005294,2014-01-08,684041,4000.00,Check,Undeposited Funds,,0.00
Fazaal Ceramics,AS005300,2014-01-08,684041,4750.00,Check,Undeposited Funds,,0.00
LANKA COMMODITY BROKERS LTD,AS005318,2014-01-08,543733,31590.00,Check,Undeposited Funds,,0.00
LANKA COMMODITY BROKERS LTD,AS005324,2014-01-08,543733,33000.00,Check,Undeposited Funds,,0.00
LANKA COMMODITY BROKERS LTD,AS005331,2014-01-08,543733,74900.00,Check,Undeposited Funds,,0.00
STATEMAN HATS (Pvt) LTD.,AS005182,2014-01-10,,36000.00,Check,Undeposited Funds,,0.00
STATEMAN HATS (Pvt) LTD.,AS005276,2014-01-10,,5400.00,Check,Undeposited Funds,,0.00
STATEMAN HATS (Pvt) LTD.,AS005277,2014-01-10,,4000.00,Check,Undeposited Funds,,0.00
STATEMAN HATS (Pvt) LTD.,AS005274,2014-01-10,,6000.00,Check,Undeposited Funds,,0.00
STATEMAN HATS (Pvt) LTD.,AS005275,2014-01-10,,2000.00,Check,Undeposited Funds,,0.00
STATEMAN HATS (Pvt) LTD.,AS005273,2014-01-10,,50490.00,Check,Undeposited Funds,,0.00
KAMINSKI. C/o STATESMAN HATS (PVT) LTD.,AS005297,2014-01-10,,53958.00,Check,Undeposited Funds,,0.00
KAMINSKI. C/o STATESMAN HATS (PVT) LTD.,AS005223,2014-01-10,,4000.00,Check,Undeposited Funds,,0.00
KAMINSKI. C/o STATESMAN HATS (PVT) LTD.,AS005176,2014-01-10,,2000.00,Check,Undeposited Funds,,0.00
IWMI International Water Management Insti,AS005330,2014-01-13,,360000.00,Check,Undeposited Funds,,0.00
IWMI International Water Management Insti,AS005332,2014-01-13,,174000.00,Check,Undeposited Funds,,0.00
IWMI International Water Management Insti,AS005333,2014-01-13,,215000.00,Check,Undeposited Funds,,0.00
CSN,AS005346,2014-01-23,360446,220962.60,Check,Undeposited Funds,,0.00
CAPITAL ALLIANCE GROUP,AS005347,2014-01-27,981863,60000.00,Check,Undeposited Funds,,0.00
Mr.Riad Rafi,AS005281,2014-01-27,663816,67320.00,Check,Undeposited Funds,,0.00
MUSLIM AID,AS005287,2014-01-27,817792,52000.00,Check,Undeposited Funds,,0.00
MICROCELLS LTD,AS005317,2014-01-29,,12000.00,Check,Undeposited Funds,,0.00
Access Projects,AS005368,2014-01-31,747497,190000.00,Check,Undeposited Funds,,0.00
Family Care Hospital (Pvt) Ltd,AS005312,2014-02-05,,60000.00,Cash,Undeposited Funds,,0.00
Dil Cinema,AS005325,2014-02-05,,40000.00,Cash,Undeposited Funds,,0.00
The Computer Center (pvt) Ltd,AS005371,2014-02-06,,20000.00,Check,Undeposited Funds,,0.00
Practical Action,AS005369,2014-02-10,002960,9000.00,Check,Undeposited Funds,,0.00
Ceylon Tea Services - Dilma,AS005350,2014-02-10,899833,22950.00,Check,Undeposited Funds,,0.00
Ceylon Tea Services - Dilma,AS005370,2014-02-10,899833,45900.00,Check,Undeposited Funds,,0.00
Rangiri Sri Lanka Media Network,AS005351,2014-02-10,442069,30000.00,Check,Undeposited Funds,,0.00
Rangiri Sri Lanka Media Network,AS005365,2014-02-10,442069,30000.00,Check,Undeposited Funds,,0.00
Deputy General Manager,AS005345,2014-02-12,,169830.00,Check,Undeposited Funds,,0.00
New Life Literature (Pvt) Ltd.,AS005366,2014-02-12,,292000.00,Check,Undeposited Funds,,0.00
EWIS Systems (Pvt) Ltd,AS005310,2014-02-13,,160000.00,Check,Undeposited Funds,,0.00
Hiran Wickramanayake,AS005373,2014-02-13,830718,9000.00,Check,Undeposited Funds,,0.00
Inta Tecsolutions Lanka (Pvt)Ltd,AS005380,2014-02-13,148148,80000.00,Check,Undeposited Funds,,0.00
INSTITUTE OF CHARTERED ACCOUNTANTS OF SL,AS005375,2014-02-24,054324,199000.00,Check,Undeposited Funds,,0.00
SLTS,AS005304,2014-02-24,581596,299000.00,Check,Undeposited Funds,,0.00
IWMI International Water Management Insti,AS005374,2014-02-25,,225000.00,Check,Undeposited Funds,,0.00
Imageline (Pvt) Ltd,AS005363,2014-02-26,216089,4500.00,Check,Undeposited Funds,,0.00
Imageline (Pvt) Ltd,AS005364,2014-02-26,216089,4500.00,Check,Undeposited Funds,,0.00
Sri Lanka Press Institute,AS005390,2014-03-06,218037,316200.00,Check,Undeposited Funds,,0.00
EXPRESS NEWSPAPERS (CEYLON) LTD,AS005372,2014-03-06,,45000.00,Check,Undeposited Funds,,0.00
MACSON MESH,AS005316,2014-03-06,,32500.00,Check,Undeposited Funds,,0.00
MACSON MESH,AS005321,2014-03-06,,2000.00,Check,Undeposited Funds,,0.00
MACSON MESH,AS005357,2014-03-06,,2000.00,Check,Undeposited Funds,,0.00
MACSON MESH,AS005358,2014-03-06,,3000.00,Check,Undeposited Funds,,0.00
STATEMAN HATS (Pvt) LTD.,AS005288,2014-03-14,914997,4000.00,Check,Undeposited Funds,,0.00
STATEMAN HATS (Pvt) LTD.,AS005289,2014-03-14,914997,6000.00,Check,Undeposited Funds,,0.00
STATEMAN HATS (Pvt) LTD.,AS005290,2014-03-14,914997,4000.00,Check,Undeposited Funds,,0.00
STATEMAN HATS (Pvt) LTD.,AS005354,2014-03-14,914997,3000.00,Check,Undeposited Funds,,0.00
STATEMAN HATS (Pvt) LTD.,AS005355,2014-03-14,914997,4000.00,Check,Undeposited Funds,,0.00
STATEMAN HATS (Pvt) LTD.,AS005322,2014-03-14,914997,4000.00,Check,Undeposited Funds,,0.00
STATEMAN HATS (Pvt) LTD.,AS005291,2014-03-14,914997,2000.00,Check,Undeposited Funds,,0.00
STATEMAN HATS (Pvt) LTD.,AS005292,2014-03-14,91499,4000.00,Check,Undeposited Funds,,0.00
STATEMAN HATS (Pvt) LTD.,AS005293,2014-03-14,914997,3000.00,Check,Undeposited Funds,,0.00
STATEMAN HATS (Pvt) LTD.,AS005362,2014-03-14,914997,2500.00,Check,Undeposited Funds,,0.00
STATEMAN HATS (Pvt) LTD.,AS005359,2014-03-14,914997,3000.00,Check,Undeposited Funds,,0.00
Merbok MDF Lanka (Pvt) Ltd,AS005407,2014-03-19,947475,175000.00,Check,Undeposited Funds,,0.00
R.M.Holdings (Pvt) Ltd,AS005409,2014-03-19,812436,268000.00,Check,Undeposited Funds,,0.00
R.M.Holdings (Pvt) Ltd,AS005409,2014-03-19,812436,2680.00,Check,Undeposited Funds,,0.00
Studio Jonathans,AS005408,2014-03-19,270332,91910.00,Check,Undeposited Funds,,0.00
GP Garments,AS005389,2014-03-26,,36720.00,Check,Undeposited Funds,,0.00
GP Garments,AS005404,2014-03-26,,4500.00,Check,Undeposited Funds,,0.00
CAPITAL ALLIANCE GROUP,AS005399,2014-03-26,981963,295800.00,Check,Undeposited Funds,,0.00
Amana Global Limited,AS005391,2014-03-26,306952,55720.00,Check,Undeposited Funds,,0.00
CSN,AS005346,2014-03-28,391455,100000.00,Check,Undeposited Funds,,0.00
LANKA COMMODITY BROKERS LTD,AS005348,2014-03-31,564572,36590.00,Check,Undeposited Funds,,0.00
LANKA COMMODITY BROKERS LTD,AS005378,2014-03-31,564572,36590.00,Check,Undeposited Funds,,0.00
LANKA COMMODITY BROKERS LTD,AS005401,2014-03-31,564572,36590.00,Check,Undeposited Funds,,0.00
Studio Lakdam,AS005416,2014-03-31,,19000.00,Check,Undeposited Funds,,0.00
LANKA TILES,AS005309,2014-03-31,756669,9750.00,Check,Undeposited Funds,,0.00
Novaco Security Services (Pvt)Ltd,AS005337,2014-03-31,846614,4500.00,Check,Undeposited Funds,,0.00
Mr.Kamil,AS005397,2014-03-31,,2000.00,Check,Undeposited Funds,,0.00
techtron,AS005379,2014-04-01,044749,89000.00,Check,Undeposited Funds,,0.00
techtron,AS005398,2014-04-01,044691,95000.00,Check,Undeposited Funds,,0.00
Studio Lakdam,AS005392,2014-04-01,,50000.00,Check,Undeposited Funds,,0.00
JAT Holdings (Pvt) Ltd,AS005413,2014-04-04,009219,70195.00,Check,Undeposited Funds,,0.00
STATEMAN HATS (Pvt) LTD.,AS005417,2014-04-04,991787,113500.00,Check,Undeposited Funds,,0.00
STATEMAN HATS (Pvt) LTD.,AS005344,2014-04-07,,24500.00,Check,Undeposited Funds,,0.00
Network Information Technologies (Pvt) Lt,AS005415,2014-04-08,585281,263900.00,Check,Undeposited Funds,,0.00
MACSON MESH,AS005431,2014-04-09,963764,64680.00,Check,Undeposited Funds,,0.00
CSN,AS005346,2014-04-10,391534,250000.00,Check,Undeposited Funds,,0.00
Practical Action,AS005403,2014-04-10,003445,5000.00,Check,Undeposited Funds,,0.00
Synergy Ventures,AS005388,2014-04-10,,4000.00,Check,Undeposited Funds,,0.00
Sense Micro Distributors,AS005367,2014-04-21,243347,35700.00,Check,Undeposited Funds,,0.00
Practical Action,AS005403,2014-04-22,,5000.00,Cash,Undeposited Funds,,0.00
People In Need,AS005406,2014-04-22,047564,2500.00,Check,Undeposited Funds,,0.00
MR.HARSHA,AS005436,2014-04-23,317036,42500.00,Check,Undeposited Funds,,0.00
CSN,AS005346,2014-04-30,360728,312887.80,Check,Undeposited Funds,,0.00
Studio Jonathans,AS005408,2014-05-05,,91910.00,Check,Undeposited Funds,,0.00
Weblook International (Pvt) Ltd,AS005306,2014-05-05,048621,21000.00,Check,Undeposited Funds,,0.00
STATEMAN HATS (Pvt) LTD.,AS005230,2014-05-05,563278,7750.00,Check,Undeposited Funds,,0.00
STATEMAN HATS (Pvt) LTD.,AS005267,2014-05-05,563278,17200.00,Check,Undeposited Funds,,0.00
STATEMAN HATS (Pvt) LTD.,AS005268,2014-05-05,563278,17200.00,Check,Undeposited Funds,,0.00
STATEMAN HATS (Pvt) LTD.,AS005233,2014-05-05,563278,15000.00,Check,Undeposited Funds,,0.00
STATEMAN HATS (Pvt) LTD.,AS005377,2014-05-05,563278,17200.00,Check,Undeposited Funds,,0.00
STATEMAN HATS (Pvt) LTD.,AS005396,2014-05-05,563278,4000.00,Check,Undeposited Funds,,0.00
STATEMAN HATS (Pvt) LTD.,AS005395,2014-05-05,563278,3000.00,Check,Undeposited Funds,,0.00
STATEMAN HATS (Pvt) LTD.,AS005381,2014-05-05,563278,5000.00,Check,Undeposited Funds,,0.00
STATEMAN HATS (Pvt) LTD.,AS005382,2014-05-05,563278,5000.00,Check,Undeposited Funds,,0.00
Studio Lakdam,AS005392,2014-05-07,846581,59000.00,Check,Undeposited Funds,,0.00
R.M.Holdings (Pvt) Ltd,AS005414,2014-05-19,812619,80000.00,Check,Undeposited Funds,,0.00
Assetline Leasing Company Limited,AS005402,2014-05-19,422661,35000.00,Check,Undeposited Funds,,0.00
Lankem,AS005356,2014-05-23,057321,3000.00,Check,Undeposited Funds,,0.00
Lankem,AS005383,2014-05-23,057321,3000.00,Check,Undeposited Funds,,0.00
SC SECURITIES,AS005376,2014-05-23,957048,15000.00,Check,Undeposited Funds,,0.00
KBSL Information Technologies Limited,AS005435,2014-05-23,253046,184527.00,Check,Undeposited Funds,,0.00
GHIM LI LANKA (PVT)LTD,AS005412,2014-05-26,679532,146450.00,Check,Undeposited Funds,,0.00
Gennext (Pvt)Ltd,AS005430,2014-05-27,702334,259406.00,Check,Undeposited Funds,,0.00
Hemas Holdings PLC,AS005405,2014-05-28,010844,22500.00,Check,Undeposited Funds,,0.00
"ASIAN ALLIANCE INSURANCE CO LTD.,",AS005448,2014-06-02,330711,22500.00,Check,Undeposited Funds,,0.00
SABAH  Association,AS005410,2014-06-04,047400-048651,22500.00,Check,Undeposited Funds,,0.00
Studio Lakdam,AS005452,2014-06-09,849294,38000.00,Check,Undeposited Funds,,0.00
Ceylon Electricity Board,AS005419,2014-06-11,806968,141778.00,Check,Undeposited Funds,,0.00
Sri Lanka Insurance Coporation ltd.,AS005454,2014-06-18,,646400.00,Check,Undeposited Funds,,0.00
techtron,AS005450,2014-06-19,050453,160000.00,Check,Undeposited Funds,,0.00
EAP Network (pvt) ltd,AS005426,2014-06-19,,3000.00,Check,Undeposited Funds,,0.00
South Asian Technologies (Pvt) Ltd,AS005469,2014-06-20,885426,399960.00,Check,Undeposited Funds,,0.00
National Human Resource Development Counc,AS005465,2014-06-24,189929,257550.00,Check,Undeposited Funds,,0.00
BlueScope Lysaght Lanka Pvt.Ltd,AS005468,2014-06-24,,102515.00,Check,Undeposited Funds,,0.00
Seylan,AS005464,2014-06-30,063358,119136.00,Check,Undeposited Funds,,0.00
Seylan,AS005475,2014-06-30,063345,22725.00,Check,Undeposited Funds,,0.00
CAPITAL ALLIANCE GROUP,AS005471,2014-06-30,338946,20200.00,Check,Undeposited Funds,,0.00
MACSON MESH,AS005480,2014-07-02,007702,323000.00,Check,Undeposited Funds,,0.00
MACSON MESH,AS005434,2014-07-02,007338,8500.00,Check,Undeposited Funds,,0.00
BlueScope Lysaght Lanka Pvt.Ltd,AS005468,2014-07-10,982986,102515.00,Check,Undeposited Funds,,0.00
"ASIAN ALLIANCE INSURANCE CO LTD.,",AS005470,2014-07-14,332085,15000.00,Check,Undeposited Funds,,0.00
LANKA COMMODITY BROKERS LTD,AS005481,2014-07-14,587443,130000.00,Check,Undeposited Funds,,0.00
LANKA COMMODITY BROKERS LTD,AS005432,2014-07-14,588180,36590.00,Check,Undeposited Funds,,0.00
LANKA COMMODITY BROKERS LTD,AS005449,2014-07-14,587456,36590.00,Check,Undeposited Funds,,0.00
Gennext (Pvt)Ltd,AS005439,2014-07-15,702367,311200.00,Check,Undeposited Funds,,0.00
MUSLIM AID,AS005479,2014-07-15,916214 - 916213,391200.00,Check,Undeposited Funds,,0.00
Lanka Bell Ltd,AS005453,2014-07-15,021361,12000.00,Check,Undeposited Funds,,0.00
National Human Resource Development Counc,AS005465,2014-07-23,189975,32724.00,Check,Undeposited Funds,,0.00
National Human Resource Development Counc,AS005465,2014-07-23,189997,6000.00,Check,Undeposited Funds,,0.00
STATEMAN HATS (Pvt) LTD.,AS005247,2014-07-31,618601,4000.00,Check,Undeposited Funds,,0.00
STATEMAN HATS (Pvt) LTD.,AS005251,2014-07-31,618601,5500.00,Check,Undeposited Funds,,0.00
FPA,AS005476,2014-08-04,009718,2000.00,Check,Undeposited Funds,,0.00
MUSLIM AID,AS005493,2014-08-06,294542,33800.00,Check,Undeposited Funds,,0.00
"ASIAN ALLIANCE INSURANCE CO LTD.,",AS005492,2014-08-13,709803,15000.00,Check,Undeposited Funds,,0.00
Bell Solutions (Pvt)Ltd,AS005477,2014-08-13,038959,204525.00,Check,Undeposited Funds,,0.00
Aitken Spence Printing & Packaging(Pvt)Lt,AS005478,2014-08-14,005382,384120.00,Check,Undeposited Funds,,0.00
LANKA COMMODITY BROKERS LTD,AS005474,2014-08-14,587591,36590.00,Check,Undeposited Funds,,0.00
ABC TRADE & INVESTMENTS (PVT) LTD,AS005411,2014-08-18,527517,6000.00,Check,Undeposited Funds,,0.00
Hameedia Stores (Pvt)Ltd,AS005506,2014-08-18,821507 - 981698,131300.00,Check,Undeposited Funds,,0.00
Nawaloka Construction Company Limited,AS005494,2014-08-18,101559,98475.00,Check,Undeposited Funds,,0.00
Hameedia Stores (Pvt)Ltd,AS005506,2014-08-18,821507 -981698,131300.00,Check,Undeposited Funds,,0.00
NOLIMIT,AS005509,2014-08-22,463448,150000.00,Check,Undeposited Funds,,0.00
Macksons Tiles Lanka (Pvt) Ltd,AS005496,2014-08-26,101764,181800.00,Check,Undeposited Funds,,0.00
DP Technologies (pvt) Ltd,AS005498,2014-08-26,353220,9200.00,Check,Undeposited Funds,,0.00
DP Technologies (pvt) Ltd,AS005499,2014-08-26,353220,9200.00,Check,Undeposited Funds,,0.00
Mountcastle Pty Ltd,AS005521,2014-08-27,,38000.00,Check,Undeposited Funds,,0.00
Mountcastle Pty Ltd,AS005522,2014-08-27,,151800.00,Check,Undeposited Funds,,0.00
Lankem,AS005461,2014-08-27,060055,3000.00,Check,Undeposited Funds,,0.00
SC SECURITIES,AS005467,2014-08-28,978102,5000.00,Check,Undeposited Funds,,0.00
Siverline Computer System,AS005523,2014-08-28,896906,41915.00,Check,Undeposited Funds,,0.00
Studio Jonathans,AS005517,2014-09-01,048075,40400.00,Check,Undeposited Funds,,0.00
Jon Trepte,AS005529,2014-09-02,,219000.00,Cash,Undeposited Funds,,0.00
Sascon Holdings (Pvt) Ltd,AS005508,2014-09-02,692152,30300.00,Cash,Undeposited Funds,,0.00
Sascon Holdings (Pvt) Ltd,AS005510,2014-09-02,692152,4000.00,Cash,Undeposited Funds,,0.00
ebase asia,AS005495,2014-09-05,367034,29729.35,Check,Undeposited Funds,,0.00
Ceylinco Insurance Co. Ltd.,AS005463,2014-09-09,948003,20000.00,Check,Undeposited Funds,,0.00
Fazaal Ceramics,AS005428,2014-09-11,730252,1000.00,Check,Undeposited Funds,,0.00
Fazaal Ceramics,AS005445,2014-09-11,730252,2000.00,Check,Undeposited Funds,,0.00
Fazaal Ceramics,AS005446,2014-09-11,730252,1000.00,Check,Undeposited Funds,,0.00
Fazaal Ceramics,AS005456,2014-09-11,730252,2000.00,Check,Undeposited Funds,,0.00
Fazaal Ceramics,AS005384,2014-09-11,706450,15000.00,Check,Undeposited Funds,,0.00
Fazaal Ceramics,AS005385,2014-09-11,710891,8000.00,Check,Undeposited Funds,,0.00
Fazaal Ceramics,AS005386,2014-09-11,710891,3000.00,Check,Undeposited Funds,,0.00
MICROCELLS LTD,AS005473,2014-09-11,,14000.00,Check,Undeposited Funds,,0.00
Barclays Computers (Pvt) Ltd,AS005507,2014-09-11,587216,27000.00,Check,Undeposited Funds,,0.00
"ASIAN ALLIANCE INSURANCE CO LTD.,",AS005516,2014-09-17,711926,15000.00,Check,Undeposited Funds,,0.00
OdloVFX Private Limited,AS005545,2014-09-17,578416,56560.00,Check,Undeposited Funds,,0.00
Cape Weligama (Pvt)Ltd,AS005518,2014-09-17,190618,76760.00,Check,Undeposited Funds,,0.00
STATEMAN HATS (Pvt) LTD.,AS005400,2014-09-22,775861,17200.00,Check,Undeposited Funds,,0.00
STATEMAN HATS (Pvt) LTD.,AS005420,2014-09-22,775861,14000.00,Check,Undeposited Funds,,0.00
STATEMAN HATS (Pvt) LTD.,AS005421,2014-09-22,775861,2000.00,Check,Undeposited Funds,,0.00
STATEMAN HATS (Pvt) LTD.,AS005422,2014-09-22,775861,6000.00,Check,Undeposited Funds,,0.00
STATEMAN HATS (Pvt) LTD.,AS005437,2014-09-22,775861,2000.00,Check,Undeposited Funds,,0.00
STATEMAN HATS (Pvt) LTD.,AS005438,2014-09-22,775861,4800.00,Check,Undeposited Funds,,0.00
STATEMAN HATS (Pvt) LTD.,AS005440,2014-09-22,775861,2000.00,Check,Undeposited Funds,,0.00
STATEMAN HATS (Pvt) LTD.,AS005441,2014-09-22,775861,2000.00,Check,Undeposited Funds,,0.00
STATEMAN HATS (Pvt) LTD.,AS005442,2014-09-22,775861,3000.00,Check,Undeposited Funds,,0.00
STATEMAN HATS (Pvt) LTD.,AS005443,2014-09-22,775861,2000.00,Check,Undeposited Funds,,0.00
STATEMAN HATS (Pvt) LTD.,AS005451,2014-09-22,775861,17200.00,Check,Undeposited Funds,,0.00
STATEMAN HATS (Pvt) LTD.,AS005462,2014-09-22,775861,2000.00,Check,Undeposited Funds,,0.00
JAY JAY MILLS LANKA (PVT) LTD,AS005547,2014-09-22,269072,70700.00,Check,Undeposited Funds,,0.00
Just in Time Holdings (Pvt) Ltd,AS005548,2014-09-25,043837,145440.00,Check,Undeposited Funds,,0.00
ABC TRADE & INVESTMENTS (PVT) LTD,AS005520,2014-09-25,543607,59000.00,Check,Undeposited Funds,,0.00
CSN,AS005551,2014-09-25,360749,422500.00,Check,Undeposited Funds,,0.00
Synergy Ventures,AS005298,2014-09-25,,30000.00,Check,Undeposited Funds,,0.00
Mr.Buddhika,AS005528,2014-10-06,,8000.00,Cash,Undeposited Funds,,0.00
MACSON MESH,AS005444,2014-10-09,008088,6000.00,Check,Undeposited Funds,,0.00
MACSON MESH,AS005457,2014-10-09,008088,15000.00,Check,Undeposited Funds,,0.00
Thakral One (Pvt) Ltd,AS005527,2014-10-10,655269,27270.00,Check,Undeposited Funds,,0.00
NOLIMIT,AS005535,2014-10-10,577199,30000.00,Check,Undeposited Funds,,0.00
NOLIMIT,AS005540,2014-10-10,577199,30000.00,Check,Undeposited Funds,,0.00
The Institute of Chartered Accountants,AS005525,2014-10-10,244410,90000.00,Check,Undeposited Funds,,0.00
VS Information Systems (Pvt) Ltd,AS005550,2014-10-15,346562,29290.00,Check,Undeposited Funds,,0.00
NOLIMIT,AS005563,2014-10-15,577230,655000.00,Check,Undeposited Funds,,0.00
CSN,AS005551,2014-10-15,267243,422500.00,Check,Undeposited Funds,,0.00
Studio Lakdam,AS005561,2014-10-15,850140,20200.00,Check,Undeposited Funds,,0.00
Eureka Technology Partners (Pvt)Ltd,AS005544,2014-10-15,590330,59800.00,Check,Undeposited Funds,,0.00
DTech (Pvt) Ltd,AS005541,2014-10-15,244808,80000.00,Check,Undeposited Funds,,0.00
DB Automation (Pvt) Ltd,AS005526,2014-10-20,013299,108070.00,Check,Undeposited Funds,,0.00
CCS Lanka Pvt Ltd,AS005524,2014-10-20,961466,35350.00,Check,Undeposited Funds,,0.00
Richardson Projects,AS005552,2014-10-20,410879,9000.00,Check,Undeposited Funds,,0.00
STATEMAN HATS (Pvt) LTD.,AS005559,2014-10-20,838661,59200.00,Check,Undeposited Funds,,0.00
Shermans Logistics (pvt) Ltd,AS005565,2014-10-20,780008,18000.00,Check,Undeposited Funds,,0.00
KAMINSKI. C/o STATESMAN HATS (PVT) LTD.,AS005505,2014-10-22,838638,35100.00,Check,Undeposited Funds,,0.00
KAMINSKI. C/o STATESMAN HATS (PVT) LTD.,AS005531,2014-10-22,838638,2000.00,Check,Undeposited Funds,,0.00
FITIS,AS005282,2014-10-28,,94700.00,Check,Undeposited Funds,,0.00
FITIS,AS005583,2014-10-28,,102816.00,Check,Undeposited Funds,,0.00
Hiran Wickramanayake,AS005307,2014-10-28,,1000.00,Check,Undeposited Funds,,0.00
Tea Tang (Pvt) Ltd,AS005554,2014-11-03,74872,60600.00,Check,Undeposited Funds,,0.00
VS Information Systems (Pvt) Ltd,AS005562,2014-11-03,414373,29290.00,Check,Undeposited Funds,,0.00
Studio Lakdam,AS005566,2014-11-03,850139,34000.00,Check,Undeposited Funds,,0.00
Nawaloka Construction Company Limited,AS005530,2014-11-03,165046,45450.00,Check,Undeposited Funds,,0.00
STATEMAN HATS (Pvt) LTD.,AS005472,2014-11-04,925087,17200.00,Check,Undeposited Funds,,0.00
STATEMAN HATS (Pvt) LTD.,AS005483,2014-11-04,925087,17200.00,Check,Undeposited Funds,,0.00
STATEMAN HATS (Pvt) LTD.,AS005484,2014-11-04,925087,2000.00,Check,Undeposited Funds,,0.00
STATEMAN HATS (Pvt) LTD.,AS005485,2014-11-04,925087,2000.00,Check,Undeposited Funds,,0.00
STATEMAN HATS (Pvt) LTD.,AS005486,2014-11-04,925087,2000.00,Check,Undeposited Funds,,0.00
STATEMAN HATS (Pvt) LTD.,AS005511,2014-11-04,925087,2000.00,Check,Undeposited Funds,,0.00
STATEMAN HATS (Pvt) LTD.,AS005512,2014-11-04,925087,2000.00,Check,Undeposited Funds,,0.00
STATEMAN HATS (Pvt) LTD.,AS005513,2014-11-04,925087,6000.00,Check,Undeposited Funds,,0.00
STATEMAN HATS (Pvt) LTD.,AS005515,2014-11-04,925087,17200.00,Check,Undeposited Funds,,0.00
STATEMAN HATS (Pvt) LTD.,AS005538,2014-11-04,925087,17200.00,Check,Undeposited Funds,,0.00
STATEMAN HATS (Pvt) LTD.,AS005557,2014-11-04,925087,169500.00,Check,Undeposited Funds,,0.00
STATEMAN HATS (Pvt) LTD.,AS005532,2014-11-04,,72000.00,Check,Undeposited Funds,,0.00
STATEMAN HATS (Pvt) LTD.,AS005556,2014-11-04,,183300.00,Check,Undeposited Funds,,0.00
STATEMAN HATS (Pvt) LTD.,AS005558,2014-11-04,,22500.00,Check,Undeposited Funds,,0.00
Mr.Buddhika,AS005555,2014-11-04,,8000.00,Cash,Undeposited Funds,,0.00
Finlays Colombo PLC,AS005560,2014-11-05,966524,42420.00,Check,Undeposited Funds,,0.00
"ASIAN ALLIANCE INSURANCE CO LTD.,",AS005539,2014-11-05,713516,15000.00,Check,Undeposited Funds,,0.00
"ASIAN ALLIANCE INSURANCE CO LTD.,",AS005568,2014-11-05,713516,15000.00,Check,Undeposited Funds,,0.00
Sri Lanka Insurance Coporation ltd.,AS005570,2014-11-10,074784,20000.00,Check,Undeposited Funds,,0.00
ABC TRADE & INVESTMENTS (PVT) LTD,AS005520,2014-11-12,543608 -543609,59000.00,Check,Undeposited Funds,,0.00
LANKA COMMODITY BROKERS LTD,AS005581,2014-11-12,606967,71000.00,Check,Undeposited Funds,,0.00
REGENT FINE JEWELS,AS005584,2014-11-13,,44000.00,Check,Undeposited Funds,,0.00
AG International (PTE)Ltd,AS005580,2014-11-17,905829,65650.00,Check,Undeposited Funds,,0.00
Ceylinco Insurance Co. Ltd.,AS005601,2014-11-19,,155529.90,Check,Undeposited Funds,,0.00
LANKA COMMODITY BROKERS LTD,AS005482,2014-11-20,607053,36590.00,Check,Undeposited Funds,,0.00
LANKA COMMODITY BROKERS LTD,AS005514,2014-11-20,607053,36590.00,Check,Undeposited Funds,,0.00
LANKA COMMODITY BROKERS LTD,AS005537,2014-11-20,607053,36590.00,Check,Undeposited Funds,,0.00
Wadduwa Resorts (Pvt) Ltd,AS005536,2014-11-24,226739,64640.00,Check,Undeposited Funds,,0.00
Studio Lakdam,AS005553,2014-11-24,"096458,096460",99000.00,Check,Undeposited Funds,,0.00
CSN,AS005614,2014-11-27,462779,705500.00,Check,Undeposited Funds,,0.00
HNB ASSUARANCE,AS005582,2014-11-27,135991,436320.00,Check,Undeposited Funds,,0.00
HNB ASSUARANCE,AS005600,2014-11-27,135991,136350.00,Check,Undeposited Funds,,0.00
Barclays Computers (Pvt) Ltd,AS005572,2014-12-01,,27000.00,Cash,Undeposited Funds,,0.00
Mountcastle Pty Ltd,AS005607,2014-12-01,,99000.00,Check,Undeposited Funds,,0.00
Mountcastle Pty Ltd,AS005612,2014-12-01,,33000.00,Check,Undeposited Funds,,0.00
Mountcastle Pty Ltd AUS,AS005573,2014-12-01,,124000.00,Check,Undeposited Funds,,0.00
NOLIMIT,AS005613,2014-12-08,612071,192500.00,Check,Undeposited Funds,,0.00
Softlogic Retail (Pvt)Ltd,AS005615,2014-12-08,179265,241592.00,Check,Undeposited Funds,,0.00
APL,AS005611,2014-12-11,112903,20000.00,Check,Undeposited Funds,,0.00
Rangiri Sri Lanka Media Network,AS005571,2014-12-11,,1076000.00,Check,Undeposited Funds,,0.00
LANKA COMMODITY BROKERS LTD,AS005619,2014-12-17,607252,80598.00,Check,Undeposited Funds,,0.00
And Beyond,AS005631,2014-12-17,214150,212605.00,Check,Undeposited Funds,,0.00
NOLIMIT,AS005608,2014-12-19,612098,30000.00,Check,Undeposited Funds,,0.00
"ASIAN ALLIANCE INSURANCE CO LTD.,",AS005606,2014-12-26,715226,15000.00,Check,Undeposited Funds,,0.00
Sri Lanka Insurance Coporation ltd.,AS005633,2014-12-26,077725,15000.00,Check,Undeposited Funds,,0.00
STATEMAN HATS (Pvt) LTD.,AS005502,2014-12-30,501487,31293.00,Check,Undeposited Funds,,0.00
STATEMAN HATS (Pvt) LTD.,AS005503,2014-12-30,501487,31293.00,Check,Undeposited Funds,,0.00
STATEMAN HATS (Pvt) LTD.,AS005504,2014-12-30,501487,31293.00,Check,Undeposited Funds,,0.00
STATEMAN HATS (Pvt) LTD.,AS005596,2014-12-30,501487,4000.00,Check,Undeposited Funds,,0.00
STATEMAN HATS (Pvt) LTD.,AS005597,2014-12-30,501487,6000.00,Check,Undeposited Funds,,0.00
STATEMAN HATS (Pvt) LTD.,AS005598,2014-12-30,501487,4000.00,Check,Undeposited Funds,,0.00
Asiri,AS005617,2014-12-30,002153,32320.00,Check,Undeposited Funds,,0.00
LANKA MOUNT CASTLE (PVT) LTD,AS005626,2014-12-30,716797,53067.00,Check,Undeposited Funds,,0.00
STATEMAN HATS (Pvt) LTD.,AS005301,2014-12-30,501252,59200.00,Check,Undeposited Funds,,0.00
Mr.Dhanushka,AS005647,2015-01-06,,25000.00,Cash,Undeposited Funds,,0.00
MICROCELLS LTD,AS005627,2015-01-06,,18000.00,Check,Undeposited Funds,,0.00
Ace Apparels (Pvt) Ltd,AS005618,2015-01-12,759957,142410.00,Check,Undeposited Funds,,0.00
AG International (PTE)Ltd,AS005623,2015-01-12,974290,30300.00,Check,Undeposited Funds,,0.00
STATEMAN HATS (Pvt) LTD.,AS005639,2015-01-19,568090,114950.00,Check,Undeposited Funds,,0.00
STATEMAN HATS (Pvt) LTD.,AS005569,2015-01-19,568090,17200.00,Check,Undeposited Funds,,0.00
STATEMAN HATS (Pvt) LTD.,AS005604,2015-01-19,568090,17200.00,Check,Undeposited Funds,,0.00
STATEMAN HATS (Pvt) LTD.,AS005349,2015-01-19,5639,17200.00,Check,Undeposited Funds,,0.00
STATEMAN HATS (Pvt) LTD.,AS005433,2015-01-19,568090,17200.00,Check,Undeposited Funds,,0.00
STATEMAN HATS (Pvt) LTD.,AS005629,2015-01-19,568090,17200.00,Check,Undeposited Funds,,0.00
STATEMAN HATS (Pvt) LTD.,AS005327,2015-01-19,568090,17200.00,Check,Undeposited Funds,,0.00
Isoft Infosys,AS005625,2015-01-22,451513,31310.00,Check,Undeposited Funds,,0.00
LANKA COMMODITY BROKERS LTD,AS005637,2015-01-23,629346,67200.00,Check,Undeposited Funds,,0.00
David Pierise Information Technologies Lt,AS005620,2015-01-23,420233,58949.50,Check,Undeposited Funds,,0.00
SLTS,AS005609,2015-01-23,264943 - 264944,383800.00,Check,Undeposited Funds,,0.00
SL - Virtusa World,AS005610,2015-01-23,,335000.00,Check,Undeposited Funds,,0.00
Asiri,AS005616,2015-01-23,002280,65326.80,Check,Undeposited Funds,,0.00
Eureka Technology Partners (Pvt)Ltd,AS005636,2015-01-29,623739,59000.00,Check,Undeposited Funds,,0.00
HNB ASSUARANCE,AS005640,2015-01-29,224076,45450.00,Check,Undeposited Funds,,0.00
Synergy Ventures,AS005221,2015-01-30,,4000.00,Check,Undeposited Funds,,0.00
Synergy Ventures,AS005222,2015-01-30,,4000.00,Check,Undeposited Funds,,0.00
Synergy Ventures,AS005250,2015-01-30,,2000.00,Check,Undeposited Funds,,0.00
Synergy Ventures,AS005299,2015-01-30,,2000.00,Check,Undeposited Funds,,0.00
Synergy Ventures,AS005427,2015-01-30,,4000.00,Check,Undeposited Funds,,0.00
Synergy Ventures,AS005429,2015-01-30,,2000.00,Check,Undeposited Funds,,0.00
Synergy Ventures,AS005447,2015-01-30,,4000.00,Check,Undeposited Funds,,0.00
Synergy Ventures,AS005460,2015-01-30,,2000.00,Check,Undeposited Funds,,0.00
Synergy Ventures,AS005488,2015-01-30,,2000.00,Check,Undeposited Funds,,0.00
Synergy Ventures,AS005593,2015-01-30,,27000.00,Check,Undeposited Funds,,0.00
Fazaal Ceramics,AS005586,2015-01-30,,12000.00,Check,Undeposited Funds,,0.00
Fazaal Ceramics,AS005589,2015-01-30,,3000.00,Check,Undeposited Funds,,0.00
Fazaal Ceramics,AS005590,2015-01-30,,3000.00,Check,Undeposited Funds,,0.00
Fazaal Ceramics,AS005588,2015-01-30,,3000.00,Check,Undeposited Funds,,0.00
Fazaal Ceramics,AS005587,2015-01-30,,6000.00,Check,Undeposited Funds,,0.00
ebase asia,AS005641,2015-02-06,011474,29729.35,Check,Undeposited Funds,,0.00
Entrust & Title,AS005643,2015-02-06,217625,3000.00,Check,Undeposited Funds,,0.00
Rangiri Sri Lanka Media Network,AS005579,2015-02-06,,30000.00,Check,Undeposited Funds,,0.00
Rangiri Sri Lanka Media Network,AS005622,2015-02-06,,30000.00,Check,Undeposited Funds,,0.00
Miami Exports (Pvt) Ltd,AS005585,2015-02-09,162655,657500.00,Check,Undeposited Funds,,0.00
Cape Weligama (Pvt)Ltd,AS005646,2015-02-09,800190,95950.00,Check,Undeposited Funds,,0.00
STATEMAN HATS (Pvt) LTD.,AS005564,2015-02-09,568250,110000.00,Check,Undeposited Funds,,0.00
Globe Mirror Industries (pvt) Ltd,AS005630,2015-02-10,024266,34845.00,Check,Undeposited Funds,,0.00
ATG Ceylon (Pvt) Ltd,,2015-02-10,,0,Check,Undeposited Funds,cancelled invoice,0.00
Sarasavi Publishers (Pvt) Ltd,AS005688,2015-02-16,055103,191900.00,Check,Undeposited Funds,,0.00
Open Systems Integrators,AS005659,2015-02-18,048477,331280.00,Check,Undeposited Funds,,0.00
"ASIAN ALLIANCE INSURANCE CO LTD.,",AS005632,2015-02-18,958218 - 958212,15000.00,Check,Undeposited Funds,,0.00
"ASIAN ALLIANCE INSURANCE CO LTD.,",AS005649,2015-02-18,958218 - 958212,15000.00,Check,Undeposited Funds,,0.00
David Pierise Information Technologies Lt,AS005658,2015-02-18,432175,83830.00,Check,Undeposited Funds,,0.00
DP Technologies (pvt) Ltd,AS005651,2015-02-18,432175,10500.00,Check,Undeposited Funds,,0.00
Ceylinco Insurance Co. Ltd.,AS005699,2015-02-24,5699,153924.00,Check,Undeposited Funds,,0.00
CSN,AS005614,2015-02-24,488778,352750.00,Check,Undeposited Funds,,0.00
Sri Lanka Insurance Coporation ltd.,AS005682,2015-02-24,5682,72000.00,Check,Undeposited Funds,,0.00
BLMM,AS005706,2015-03-04,634828,22725.00,Check,Undeposited Funds,,0.00
Open Systems Integrators,AS005648,2015-03-04,048462,117412.50,Check,Undeposited Funds,,0.00
Nawaloka Construction Company Limited,AS005642,2015-03-04,215165,87870.00,Check,Undeposited Funds,,0.00
Embassy Of Italy in Sri Lanka and Maldive,AS005704,2015-03-04,718846,81665.00,Check,Undeposited Funds,,0.00
Empire Leather,AS005709,2015-03-04,,750.00,Cash,Undeposited Funds,,0.00
Merbok MDF Lanka (Pvt) Ltd,AS005689,2015-03-06,974353,112110.00,Cash,Undeposited Funds,,0.00
Merbok MDF Lanka (Pvt) Ltd,AS005713,2015-03-06,974353,20000.00,Check,Undeposited Funds,,0.00
Merbok MDF Lanka (Pvt) Ltd,AS005693,2015-03-09,974353,3030.00,Check,Undeposited Funds,,0.00
MUSLIM AID,AS005677,2015-03-10,770158,2000.00,Check,Undeposited Funds,,0.00
MUSLIM AID,AS005678,2015-03-10,770158,2000.00,Check,Undeposited Funds,,0.00
Redline Technologies,AS005701,2015-03-12,239079,153000.00,Check,Undeposited Funds,,0.00
Power House - Derana,AS005644,2015-03-12,626304,18000.00,Check,Undeposited Funds,,0.00
China Harbour Engineering Company Ltd,AS005708,2015-03-18,077499,411000.00,Check,Undeposited Funds,,0.00
LANKA COMMODITY BROKERS LTD,AS005605,2015-03-18,629644,36590.00,Check,Undeposited Funds,,0.00
LANKA COMMODITY BROKERS LTD,AS005628,2015-03-18,629644,36590.00,Check,Undeposited Funds,,0.00
LANKA COMMODITY BROKERS LTD,AS005657,2015-03-18,629644,36590.00,Check,Undeposited Funds,,0.00
"ASIAN ALLIANCE INSURANCE CO LTD.,",AS005687,2015-03-18,958304,15000.00,Check,Undeposited Funds,,0.00
IWMI International Water Management Insti,AS005720,2015-03-18,512105,526800.00,Check,Undeposited Funds,,0.00
Softlogic Retail (Pvt) Ltd.,AS005711,2015-03-18,237141,747400.00,Check,Undeposited Funds,,0.00
Mountcastle Pty Ltd,AS005707,2015-03-19,,562500.00,Check,Undeposited Funds,,0.00
CCS Lanka Pvt Ltd,AS005715,2015-03-30,244699,217150.00,Check,Undeposited Funds,,0.00
DP Technologies (pvt) Ltd,AS005697,2015-03-30,432261,10500.00,Check,Undeposited Funds,,0.00
Janashakthi Insurance Plc,AS005683,2015-03-30,941434,435310.00,Check,Undeposited Funds,,0.00
HNB ASSUARANCE,AS005624,2015-03-30,277986,247450.00,Check,Undeposited Funds,,0.00
Mr.Chamindu,AS005737,2015-03-30,,34340.00,Cash,Undeposited Funds,,0.00
Dil Cinema,AS005702,2015-04-02,,42000.00,Cash,Undeposited Funds,,0.00
STATEMAN HATS (Pvt) LTD.,AS005650,2015-04-20,750087,17200.00,Check,Undeposited Funds,,0.00
STATEMAN HATS (Pvt) LTD.,AS005686,2015-04-20,750087,17200.00,Check,Undeposited Funds,,0.00
STATEMAN HATS (Pvt) LTD.,AS005690,2015-04-20,750087,700.00,Check,Undeposited Funds,,0.00
STATEMAN HATS (Pvt) LTD.,AS005655,2015-04-20,750087,3000.00,Check,Undeposited Funds,,0.00
STATEMAN HATS (Pvt) LTD.,AS005653,2015-04-20,750087,4000.00,Check,Undeposited Funds,,0.00
STATEMAN HATS (Pvt) LTD.,AS005656,2015-04-20,750087,5000.00,Check,Undeposited Funds,,0.00
STATEMAN HATS (Pvt) LTD.,AS005654,2015-04-20,750087,7000.00,Check,Undeposited Funds,,0.00
STATEMAN HATS (Pvt) LTD.,AS005662,2015-04-20,750087,4000.00,Check,Undeposited Funds,,0.00
STATEMAN HATS (Pvt) LTD.,AS005660,2015-04-20,750087,3000.00,Check,Undeposited Funds,,0.00
STATEMAN HATS (Pvt) LTD.,AS005661,2015-04-20,750087,3000.00,Check,Undeposited Funds,,0.00
STATEMAN HATS (Pvt) LTD.,AS005652,2015-04-20,750087,1500.00,Check,Undeposited Funds,,0.00
CCS Lanka Pvt Ltd,AS005715,2015-04-20,244854,217150.00,Check,Undeposited Funds,,0.00
Mr.Salman,AS005736,2015-04-20,629950,28750.00,Check,Undeposited Funds,,0.00
LANKA COMMODITY BROKERS LTD,AS005567,2015-04-20,629926,36590.00,Check,Undeposited Funds,,0.00
IWMI International Water Management Insti,AS005720,2015-04-23,328952,526800.00,Check,Undeposited Funds,,0.00
CSN,AS005614,2015-04-23,441103,352750.00,Check,Undeposited Funds,,0.00
CARITAS,AS005765,2015-04-29,,5000.00,Check,Undeposited Funds,,0.00
UNION ASSURANCE PLC,AS005726,2015-04-30,030285,5000.00,Check,Undeposited Funds,,0.00
Open Systems Integrators,AS005727,2015-04-30,027097,59590.00,Check,Undeposited Funds,,0.00
ebase asia,AS005735,2015-04-30,,29729.35,Check,Undeposited Funds,,0.00
CAPITAL ALLIANCE GROUP,AS005733,2015-04-30,757200,18685.00,Check,Undeposited Funds,,0.00
Savinda Graphics system (Pvt) Ltd,AS005712,2015-04-30,634194,298455.00,Check,Undeposited Funds,,0.00
Barclays Computers (Pvt) Ltd,AS005717,2015-05-05,746229,54000.00,Check,Undeposited Funds,,0.00
Barclays Computers (Pvt) Ltd,AS005719,2015-05-05,746229,123000.00,Check,Undeposited Funds,,0.00
UNION ASSURANCE PLC,AS005710,2015-05-05,030441,37370.00,Check,Undeposited Funds,,0.00
"ASIAN ALLIANCE INSURANCE CO LTD.,",AS005716,2015-05-05,958418,15000.00,Check,Undeposited Funds,,0.00
"ASIAN ALLIANCE INSURANCE CO LTD.,",AS005730,2015-05-05,958418,12776.50,Check,Undeposited Funds,,0.00
Assetline Leasing Company Limited,AS005728,2015-05-05,469895,35350.00,Check,Undeposited Funds,,0.00
"ASIAN ALLIANCE INSURANCE CO LTD.,",AS005750,2015-05-05,958418,15000.00,Check,Undeposited Funds,,0.00
Sri Lanka Insurance Coporation ltd.,AS005721,2015-05-14,027815,198000.00,Check,Undeposited Funds,,0.00
Sri Lanka Insurance Coporation ltd.,AS005729,2015-05-14,027397,132000.00,Check,Undeposited Funds,,0.00
DP Technologies (pvt) Ltd,AS005731,2015-05-14,441744,10500.00,Check,Undeposited Funds,,0.00
DP Technologies (pvt) Ltd,AS005738,2015-05-14,441744,203010.00,Check,Undeposited Funds,,0.00
ZERANDIB MOTORS,AS005339,2015-05-14,070763,75000.00,Check,Undeposited Funds,,0.00
ZERANDIB MOTORS,AS005762,2015-05-14,070746,40000.00,Check,Undeposited Funds,,0.00
GP Garments,AS005732,2015-05-18,,30300.00,Check,Undeposited Funds,,0.00
DP Technologies (pvt) Ltd,AS005744,2015-06-11,454984,271690.00,Check,Undeposited Funds,,0.00
DP Technologies (pvt) Ltd,AS005745,2015-06-11,454984,209070.00,Check,Undeposited Funds,,0.00
DP Technologies (pvt) Ltd,AS005746,2015-06-11,454984,18180.00,Check,Undeposited Funds,,0.00
DP Technologies (pvt) Ltd,AS005747,2015-06-11,454984,18180.00,Check,Undeposited Funds,,0.00
ebase asia,AS005743,2015-06-11,039026,29729.35,Check,Undeposited Funds,,0.00
ebase asia,AS005752,2015-06-11,039026,29729.35,Check,Undeposited Funds,,0.00
ebase asia,AS005776,2015-06-11,039026,29729.35,Check,Undeposited Funds,,0.00
Red Dot Tours Lanka (Pvt)Ltd,AS005774,2015-06-11,787831,179780.00,Check,Undeposited Funds,,0.00
techtron,AS005763,2015-06-11,074308,180000.00,Check,Undeposited Funds,,0.00
Sense Micro Distributors,AS005549,2015-06-11,,54000.00,Check,Undeposited Funds,,0.00
R.M.Holdings (Pvt) Ltd,AS005742,2015-06-11,846045,110400.00,Check,Undeposited Funds,,0.00
Mr.Buddhika,AS005739,2015-06-11,,8000.00,Cash,Undeposited Funds,,0.00
Isoft Infosys,,2015-06-11,486399,65145.00,Check,Undeposited Funds,,0.00
Isoft Infosys,,2015-06-16,486399,65145.00,Check,Undeposited Funds,,0.00
Barclays Computers (Pvt) Ltd,AS005748,2015-06-17,,27000.00,Cash,Undeposited Funds,,0.00
Barclays Computers (Pvt) Ltd,AS005749,2015-06-17,,27000.00,Cash,Undeposited Funds,,0.00
"ASIAN ALLIANCE INSURANCE CO LTD.,",AS005775,2015-06-17,958651,15000.00,Check,Undeposited Funds,,0.00
SATRA Infrastructure Management Services,AS005768,2015-06-17,Direct Deposit,1146350.00,Cash,Undeposited Funds,,0.00
Sri Lanka Insurance Coporation ltd.,AS005751,2015-06-19,Deposit Bank,2011839.20,Check,Undeposited Funds,,0.00
HNB ASSUARANCE,AS005740,2015-06-19,Deposit Bank,75750.00,Check,Undeposited Funds,,0.00
Rangiri Sri Lanka Media Network,AS005684,2015-06-25,786810,30000.00,Check,Undeposited Funds,,0.00
Isoft Infosys,,2015-06-25,486399,1000.00,Check,Undeposited Funds,,0.00
Isoft Infosys,AS005761,2015-06-25,486399,64145.00,Check,Undeposited Funds,,0.00
MACSON MESH,AS005663,2015-06-25,307110,2000.00,Check,Undeposited Funds,,0.00
MACSON MESH,AS005664,2015-06-25,307110,2000.00,Check,Undeposited Funds,,0.00
MACSON MESH,AS005665,2015-06-25,307110,5000.00,Check,Undeposited Funds,,0.00
MACSON MESH,AS005666,2015-06-25,307110,4000.00,Check,Undeposited Funds,,0.00
MACSON MESH,AS005667,2015-06-25,307110,3000.00,Check,Undeposited Funds,,0.00
MACSON MESH,AS005668,2015-06-25,307110,2000.00,Check,Undeposited Funds,,0.00
MACSON MESH,AS005669,2015-06-25,307110,2000.00,Check,Undeposited Funds,,0.00
MACSON MESH,AS005670,2015-06-25,307110,4000.00,Check,Undeposited Funds,,0.00
MACSON MESH,AS005674,2015-06-25,307110,3000.00,Check,Undeposited Funds,,0.00
MACSON MESH,AS005634,2015-06-25,666786,35100.00,Check,Undeposited Funds,,0.00
Studio Lakdam,AS005766,2015-06-25,870647,49995.00,Check,Undeposited Funds,,0.00
STATEMAN HATS (Pvt) LTD.,AS005781,2015-06-30,887081,58075.00,Check,Undeposited Funds,,0.00
STATEMAN HATS (Pvt) LTD.,AS005286,2015-06-30,887081,17200.00,Check,Undeposited Funds,,0.00
STATEMAN HATS (Pvt) LTD.,AS005780,2015-06-30,887081,17200.00,Check,Undeposited Funds,,0.00
STATEMAN HATS (Pvt) LTD.,AS005783,2015-06-30,887081,11312.00,Check,Undeposited Funds,,0.00
STATEMAN HATS (Pvt) LTD.,AS005757,2015-06-30,887081,3030.00,Check,Undeposited Funds,,0.00
STATEMAN HATS (Pvt) LTD.,AS005755,2015-06-30,887081,51510.00,Check,Undeposited Funds,,0.00
STATEMAN HATS (Pvt) LTD.,AS005754,2015-06-30,887081,17200.00,Check,Undeposited Funds,,0.00
STATEMAN HATS (Pvt) LTD.,AS005756,2015-06-30,887081,2000.00,Check,Undeposited Funds,,0.00
Seylan,AS005807,2015-06-30,953817,125046.08,Check,Undeposited Funds,,0.00
Ceylon Tea Services - Dilma,AS005778,2015-06-30,801518,23331.00,Check,Undeposited Funds,,0.00
Travel Center UK,AS005825,2015-07-03,291646,348450.00,Check,Undeposited Funds,,0.00
Studio Lakdam,AS005766,2015-07-07,870648,49995.00,Check,Undeposited Funds,,0.00
Looklet Design & Production,AS005789,2015-07-07,535823,298354.00,Check,Undeposited Funds,,0.00
Singer(Sri Lanka)PLC,AS005784,2015-07-07,907940,376225.00,Check,Undeposited Funds,,0.00
Mountcastle Pty Ltd AUS,AS005809,2015-07-13,,322000.00,Check,Undeposited Funds,,0.00
Mountcastle Pty Ltd,AS005796,2015-07-13,,3000.00,Check,Undeposited Funds,,0.00
Mountcastle Pty Ltd,AS005797,2015-07-13,,2000.00,Check,Undeposited Funds,,0.00
Mountcastle Pty Ltd,AS005810,2015-07-13,,99000.00,Check,Undeposited Funds,,0.00
Mountcastle Pty Ltd,AS005811,2015-07-13,,102000.00,Check,Undeposited Funds,,0.00
Mountcastle Pty Ltd,AS005812,2015-07-13,,105000.00,Check,Undeposited Funds,,0.00
Mountcastle Pty Ltd,AS005821,2015-07-13,,302000.00,Check,Undeposited Funds,,0.00
Mountcastle Pty Ltd,AS005835,2015-07-13,,36500.00,Check,Undeposited Funds,,0.00
MICROCELLS LTD,AS005813,2015-07-14,,18000.00,Cash,Undeposited Funds,,0.00
Taj Samudra,AS005769,2015-07-14,306673,402990.00,Check,Undeposited Funds,,0.00
The Computer Center (pvt) Ltd,AS005806,2015-07-15,346133,200600.00,Check,Undeposited Funds,,0.00
Ceylon Electricity Board-Kolonnawa,AS005824,2015-07-27,964047,80295.00,Check,Undeposited Funds,,0.00
Gennext (Pvt)Ltd,AS005790,2015-07-27,732487,16750.00,Check,Undeposited Funds,,0.00
Mr.Fahim Farook,AS005862,2015-07-28,202746,76000.00,Check,Undeposited Funds,,0.00
David Pieris Information Technologies Lt,AS005849,2015-07-28,307479,11500.00,Check,Undeposited Funds,,0.00
Siemens AG,AS005860,2015-07-28,864948-864949,189375.00,Check,Undeposited Funds,,0.00
Digital Commerce Lanka (Pvt) Ltd,AS005800,2015-08-03,,150000.00,Check,Undeposited Funds,,0.00
ebase asia,AS005770,2015-08-03,039085,29729.35,Check,Undeposited Funds,,0.00
ebase asia,AS005777,2015-08-03,039085,29729.35,Check,Undeposited Funds,,0.00
Eureka Technology Partners (Pvt)Ltd,AS005826,2015-08-03,655334,66000.00,Check,Undeposited Funds,,0.00
MTI Consulting,AS005866,2015-08-04,458584,314500.00,Check,Undeposited Funds,,0.00
DSI,AS005801,2015-08-04,562595,44500.00,Check,Undeposited Funds,,0.00
STATEMAN HATS (Pvt) LTD.,AS005722,2015-08-04,,4000.00,Check,Undeposited Funds,,0.00
STATEMAN HATS (Pvt) LTD.,AS005723,2015-08-04,,2000.00,Check,Undeposited Funds,,0.00
STATEMAN HATS (Pvt) LTD.,AS005725,2015-08-04,,2000.00,Check,Undeposited Funds,,0.00
STATEMAN HATS (Pvt) LTD.,AS005791,2015-08-04,,2500.00,Check,Undeposited Funds,,0.00
STATEMAN HATS (Pvt) LTD.,AS005792,2015-08-04,,4000.00,Check,Undeposited Funds,,0.00
Maharaja Entertainments (Pvt) Ltd,AS005787,2015-08-07,498123,20200.00,Check,Undeposited Funds,,0.00
ASIAN MEDIA PUBLICATION (PVT)LTD,AS005859,2015-08-07,616204,18685.00,Check,Undeposited Funds,,0.00
"ASIAN ALLIANCE INSURANCE CO LTD.,",AS005802,2015-08-10,958835,15000.00,Check,Undeposited Funds,,0.00
Mr.R.C.De Silva,AS005879,2015-08-12,,12625.00,Cash,Undeposited Funds,,0.00
Isoft Infosys,AS005761,2015-08-13,,1000.00,Check,Undeposited Funds,,0.00
MUSLIM AID,AS005724,2015-08-14,784756,1500.00,Check,Undeposited Funds,,0.00
MUSLIM AID,AS005741,2015-08-14,784756,160000.00,Check,Undeposited Funds,,0.00
Amana Global Limited,AS005845,2015-08-14,,150490.00,Check,Undeposited Funds,,0.00
"ASIAN ALLIANCE INSURANCE CO LTD.,",AS005846,2015-08-14,958933,15000.00,Check,Undeposited Funds,,0.00
Barclays Computers (Pvt) Ltd,AS005839,2015-08-14,,27000.00,Check,Undeposited Funds,,0.00
Barclays Computers (Pvt) Ltd,AS005840,2015-08-14,,27000.00,Check,Undeposited Funds,,0.00
SGS Lanka (pvt) Ltd.,AS005847,2015-08-20,020559,122210.00,Check,Undeposited Funds,,0.00
Central Hospital,AS005519,2015-08-20,,12000.00,Check,Undeposited Funds,,0.00
Central Hospital,AS005705,2015-08-20,,12000.00,Check,Undeposited Funds,,0.00
Central Hospital,AS005808,2015-08-20,,158400.00,Check,Undeposited Funds,,0.00
Digital Mobility Solutions Lanka (pvt)Ltd,AS005767,2015-08-21,660031,3000.00,Check,Undeposited Funds,,0.00
DSI,AS005836,2015-08-24,618956,126000.00,Check,Undeposited Funds,,0.00
Aitken Spence Travels (Private)Limited.,AS005844,2015-08-24,,12625.00,Check,Undeposited Funds,,0.00
Access Projects (Pvt)Ltd,AS005814,2015-08-28,730333,151399.00,Check,Undeposited Funds,,0.00
DP Technologies (pvt) Ltd,AS005881,2015-08-28,473185,11500.00,Check,Undeposited Funds,,0.00
American Premium Water Systems (Pvt)Ltd,AS005861,2015-08-28,253125,127260.00,Check,Undeposited Funds,,0.00
Avian,AS005852,2015-08-31,783171,121200.00,Check,Undeposited Funds,,0.00
Peoples Merchant Bank,AS005788,2015-09-04,104671,24997.50,Check,Undeposited Funds,,0.00
Ultimate Solutions,AS005865,2015-09-04,,31562.50,Cash,Undeposited Funds,,0.00
LANKA COMMODITY BROKERS LTD,AS005798,2015-09-08,653860,36590.00,Check,Undeposited Funds,,0.00
LANKA COMMODITY BROKERS LTD,AS005838,2015-09-08,653860,36590.00,Check,Undeposited Funds,,0.00
LANKA COMMODITY BROKERS LTD,AS005877,2015-09-08,653860,36590.00,Check,Undeposited Funds,,0.00
Digital Mobility Solutions Lanka (pvt)Ltd,AS005734,2015-09-08,665672,60000.00,Check,Undeposited Funds,,0.00
STATEMAN HATS (Pvt) LTD.,AS005799,2015-09-08,531930,17200.00,Check,Undeposited Funds,,0.00
STATEMAN HATS (Pvt) LTD.,AS005816,2015-09-08,531930,4000.00,Check,Undeposited Funds,,0.00
STATEMAN HATS (Pvt) LTD.,AS005829,2015-09-08,531930,5000.00,Check,Undeposited Funds,,0.00
STATEMAN HATS (Pvt) LTD.,AS005830,2015-09-08,531930,2600.00,Check,Undeposited Funds,,0.00
STATEMAN HATS (Pvt) LTD.,AS005831,2015-09-08,531930,2000.00,Check,Undeposited Funds,,0.00
STATEMAN HATS (Pvt) LTD.,AS005837,2015-09-08,531930,17200.00,Check,Undeposited Funds,,0.00
STATEMAN HATS (Pvt) LTD.,AS005869,2015-09-08,531930,5000.00,Check,Undeposited Funds,,0.00
Cargills (Ceylon) PLC,AS005834,2015-09-08,,581400.00,Check,Undeposited Funds,,0.00
Cargills (Ceylon) PLC,AS005848,2015-09-08,,19380.00,Check,Undeposited Funds,,0.00
NOLIMIT,AS005880,2015-09-09,703698,203010.00,Check,Undeposited Funds,,0.00
Digital Commerce Lanka (Pvt) Ltd,AS005828,2015-09-09,410698,20000.00,Check,Undeposited Funds,,0.00
Synergy Ventures,AS005680,2015-09-10,838925,2000.00,Check,Undeposited Funds,,0.00
Synergy Ventures,AS005681,2015-09-10,838925,2500.00,Check,Undeposited Funds,,0.00
Synergy Ventures,AS005692,2015-09-10,838925,2500.00,Check,Undeposited Funds,,0.00
Synergy Ventures,AS005760,2015-09-10,838925,1000.00,Check,Undeposited Funds,,0.00
Synergy Ventures,AS005773,2015-09-10,838925,6000.00,Check,Undeposited Funds,,0.00
Synergy Ventures,AS005793,2015-09-10,838925,4000.00,Check,Undeposited Funds,,0.00
Synergy Ventures,AS005817,2015-09-10,838925,2000.00,Check,Undeposited Funds,,0.00
Synergy Ventures,AS005872,2015-09-10,838925,2500.00,Check,Undeposited Funds,,0.00
David Pieris Information Technologies Lt,AS005854,2015-09-14,477270,538330.00,Check,Undeposited Funds,,0.00
David Pieris Information Technologies Lt,AS005856,2015-09-14,477270,1104940.00,Check,Undeposited Funds,,0.00
David Pieris Information Technologies Lt,AS005857,2015-09-14,477270,286840.00,Check,Undeposited Funds,,0.00
Sinnadurai Sundaralingam & Balendra,AS005909,2015-09-15,147458,56047.00,Check,Undeposited Funds,,0.00
Central Hospital,AS005867,2015-09-22,,193000.00,Check,Undeposited Funds,,0.00
Central Hospital,AS005864,2015-09-22,,12000.00,Check,Undeposited Funds,,0.00
Central Hospital,AS005863,2015-09-22,,18000.00,Check,Undeposited Funds,,0.00
NOLIMIT,AS005914,2015-10-06,703772,1015050.00,Check,Undeposited Funds,,0.00
Rapidventure (Pvt) Ltd,AS005915,2015-10-06,616474,30000.00,Check,Undeposited Funds,,0.00
KAMINSKI. C/o STATESMAN HATS (PVT) LTD.,AS005885,2015-10-12,615527,36450.00,Check,Undeposited Funds,,0.00
KAMINSKI. C/o STATESMAN HATS (PVT) LTD.,AS005890,2015-10-12,615527,2000.00,Check,Undeposited Funds,,0.00
Ballys Limited,AS005921,2015-10-13,,7500.00,Cash,Undeposited Funds,,0.00
Union Assurance General Ltd,AS005875,2015-10-13,040974,224725.00,Check,Undeposited Funds,,0.00
Lanka Hydraulic Institute Ltd,AS005888,2015-10-21,,264620.00,Check,Undeposited Funds,,0.00
Central Hospital,AS005602,2015-10-22,,6000.00,Check,Undeposited Funds,,0.00
Central Hospital,AS005603,2015-10-22,,6000.00,Check,Undeposited Funds,,0.00
Central Hospital,AS005882,2015-10-22,,551460.00,Check,Undeposited Funds,,0.00
Central Hospital,AS005874,2015-10-22,,154400.00,Check,Undeposited Funds,,0.00
Sinnadurai Sundaralingam & Balendra,AS005909,2015-10-22,147487,36873.00,Check,Undeposited Funds,,0.00
"ASIAN ALLIANCE INSURANCE PLC.,",AS005878,2015-10-29,959226,15000.00,Check,Undeposited Funds,,0.00
"ASIAN ALLIANCE INSURANCE PLC.,",AS005911,2015-10-29,959226,15000.00,Check,Undeposited Funds,,0.00
DP Technologies (pvt) Ltd,AS005925,2015-10-29,488547,63630.00,Check,Undeposited Funds,,0.00
Mr.Warna Lokubalasuriya,AS005939,2015-10-30,,42000.00,Cash,Undeposited Funds,,0.00
STATEMAN HATS (Pvt) LTD.,AS005599,2015-11-03,,146300.00,Check,Undeposited Funds,,0.00
STATEMAN HATS (Pvt) LTD.,AS005782,2015-11-03,,650.00,Check,Undeposited Funds,,0.00
STATEMAN HATS (Pvt) LTD.,AS005822,2015-11-03,,72000.00,Check,Undeposited Funds,,0.00
STATEMAN HATS (Pvt) LTD.,AS005842,2015-11-03,,3000.00,Check,Undeposited Funds,,0.00
STATEMAN HATS (Pvt) LTD.,AS005870,2015-11-03,,4000.00,Check,Undeposited Funds,,0.00
STATEMAN HATS (Pvt) LTD.,AS005871,2015-11-03,,3000.00,Check,Undeposited Funds,,0.00
STATEMAN HATS (Pvt) LTD.,AS005873,2015-11-03,,17200.00,Check,Undeposited Funds,,0.00
STATEMAN HATS (Pvt) LTD.,AS005876,2015-11-03,,81000.00,Check,Undeposited Funds,,0.00
STATEMAN HATS (Pvt) LTD.,AS005891,2015-11-03,,3000.00,Check,Undeposited Funds,,0.00
STATEMAN HATS (Pvt) LTD.,AS005892,2015-11-03,,4000.00,Check,Undeposited Funds,,0.00
STATEMAN HATS (Pvt) LTD.,AS005893,2015-11-03,,2000.00,Check,Undeposited Funds,,0.00
STATEMAN HATS (Pvt) LTD.,AS005894,2015-11-03,,750.00,Check,Undeposited Funds,,0.00
STATEMAN HATS (Pvt) LTD.,AS005895,2015-11-03,,8000.00,Check,Undeposited Funds,,0.00
STATEMAN HATS (Pvt) LTD.,AS005897,2015-11-03,,12500.00,Check,Undeposited Funds,,0.00
STATEMAN HATS (Pvt) LTD.,AS005898,2015-11-03,,750.00,Check,Undeposited Funds,,0.00
STATEMAN HATS (Pvt) LTD.,AS005901,2015-11-03,,2250.00,Check,Undeposited Funds,,0.00
STATEMAN HATS (Pvt) LTD.,AS005908,2015-11-03,,17200.00,Check,Undeposited Funds,,0.00
STATEMAN HATS (Pvt) LTD.,AS005918,2015-11-03,,1350.00,Check,Undeposited Funds,,0.00
David Pieris Information Technologies Lt,AS005857,2015-11-03,,193110.00,Check,Undeposited Funds,,0.00
David Pieris Information Technologies Lt,AS005857,2015-11-03,,550250.00,Check,Undeposited Funds,,0.00
David Pieris Information Technologies Lt,AS005858,2015-11-03,,1186750.00,Check,Undeposited Funds,,0.00
Sri Lanka Insurance Coporation ltd.,AS005913,2015-11-04,031358,132000.00,Check,Undeposited Funds,,0.00
Galle Face Hotel,AS005912,2015-11-09,994050,285830.00,Check,Undeposited Funds,,0.00
ATG Ceylon (Pvt) Ltd,AS005917,2015-11-11,009322,50662.00,Check,Undeposited Funds,,0.00
Dialog Broadband Network (Pvt) Ltd.,AS005758,2015-11-11,018581,30000.00,Check,Undeposited Funds,,0.00
My Logic Technical Services,AS005926,2015-11-17,022463,59085.00,Check,Undeposited Funds,,0.00
E Logic Lanka,AS005923,2015-11-17,292329-292330,88375.00,Check,Undeposited Funds,,0.00
MACSON MESH,AS005759,2015-11-17,823496,2000.00,Check,Undeposited Funds,,0.00
MACSON MESH,AS005771,2015-11-17,823496,6000.00,Check,Undeposited Funds,,0.00
MACSON MESH,AS005794,2015-11-17,823496,4000.00,Check,Undeposited Funds,,0.00
MACSON MESH,AS005795,2015-11-17,823496,1500.00,Check,Undeposited Funds,,0.00
MACSON MESH,AS005815,2015-11-17,823496,3000.00,Check,Undeposited Funds,,0.00
MACSON MESH,AS005819,2015-11-17,823496,4000.00,Check,Undeposited Funds,,0.00
MACSON MESH,AS005823,2015-11-17,823496,6000.00,Check,Undeposited Funds,,0.00
MACSON MESH,AS005832,2015-11-17,823496,2800.00,Check,Undeposited Funds,,0.00
Avian,AS005922,2015-11-30,807828,93425.00,Check,Undeposited Funds,,0.00
IWMI International Water Management Insti,AS005947,2015-11-30,329585,335000.00,Check,Undeposited Funds,,0.00
MACSON MESH,AS005942,2015-11-30,823856,140000.00,Check,Undeposited Funds,,0.00
NOLIMIT,AS005920,2015-11-30,726133,116000.00,Check,Undeposited Funds,,0.00
FITIS,AS005946,2015-11-30,,25000.00,Check,Undeposited Funds,,0.00
FITIS,AS005961,2015-11-30,,25000.00,Check,Undeposited Funds,,0.00
FITIS,AS005962,2015-11-30,,25000.00,Check,Undeposited Funds,,0.00
Studio Lakdam,AS006113,2015-11-30,"914556,914557,914558",204000.00,Check,Undeposited Funds,,0.00
ebase asia,AS006087,2015-11-30,085426,31000.00,Check,Undeposited Funds,,0.00
HNB ASSUARANCE,AS005934,2015-12-03,Deposit Bank,995860.00,Check,Undeposited Funds,,0.00
LANKA COMMODITY BROKERS LTD,AS005138,2015-12-09,995365,35380.80,Check,Undeposited Funds,,0.00
LANKA COMMODITY BROKERS LTD,AS005718,2015-12-09,629926,36590.00,Check,Undeposited Funds,,0.00
LANKA COMMODITY BROKERS LTD,AS005753,2015-12-09,652995,36590.00,Check,Undeposited Funds,,0.00
LANKA COMMODITY BROKERS LTD,AS005779,2015-12-09,653393,36590.00,Check,Undeposited Funds,,0.00
LANKA COMMODITY BROKERS LTD,AS005910,2015-12-09,681309,36590.00,Check,Undeposited Funds,,0.00
LANKA COMMODITY BROKERS LTD,AS005948,2015-12-09,682025,39592.00,Check,Undeposited Funds,,0.00
LANKA COMMODITY BROKERS LTD,AS005928,2015-12-09,681640,39592.00,Check,Undeposited Funds,,0.00
Mr.Harsha Wanigatunga.,AS005940,2015-12-09,571558,154000.00,Check,Undeposited Funds,,0.00
Silvacos (Pvt) Ltd,AS005944,2015-12-09,579443,87264.00,Check,Undeposited Funds,,0.00
We Effect,AS005953,2015-12-09,589686,43700.00,Check,Undeposited Funds,,0.00
Sri Lanka Insurance Coporation ltd.,AS005941,2015-12-09,032001,488840.00,Check,Undeposited Funds,,0.00
OKELTA Doctering Your IT Solution,AS005943,2015-12-11,498574,74235.00,Check,Undeposited Funds,,0.00
NOLIMIT,AS005960,2015-12-14,726272,630240.00,Check,Undeposited Funds,,0.00
Associated Electrical Corporation Limited,AS005977,2015-12-14,736948,145440.00,Check,Undeposited Funds,,0.00
"ASIAN ALLIANCE INSURANCE PLC.,",AS005929,2015-12-17,959910,15000.00,Check,Undeposited Funds,,0.00
Ceylon  Electricity Board-Kolonnawa,AS005959,2015-12-22,187882,82820.00,Check,Undeposited Funds,,0.00
EXPRESS NEWSPAPERS (CEYLON) LTD,AS005958,2015-12-22,901335,18685.00,Check,Undeposited Funds,,0.00
MUSLIM AID,AS005950,2015-12-22,,200000.00,Check,Undeposited Funds,,0.00
Gennext (Pvt)Ltd,AS005935,2015-12-22,808407,100200.00,Check,Undeposited Funds,,0.00
Mr.Buddhika,AS005951,2015-12-22,,192910.00,Cash,Undeposited Funds,,0.00
Rapidventure (Pvt) Ltd,AS006033,2015-12-30,653208,19000.00,Check,Undeposited Funds,,0.00
Asiri,AS005945,2016-01-04,004026,30000.00,Check,Undeposited Funds,,0.00
Eureka Technology Partners (Pvt)Ltd,AS005963,2016-01-04,731334,341077.00,Check,Undeposited Funds,,0.00
Dialog Axiata PLC,AS005976,2016-01-04,170159,642000.00,Check,Undeposited Funds,,0.00
Merbok MDF Lanka (Pvt) Ltd,AS006032,2016-01-04,505359,49995.00,Check,Undeposited Funds,,0.00
Fazaal Ceramics,AS005980,2016-01-04,,237400.00,Check,Undeposited Funds,,0.00
Rangiri Sri Lanka Media Network,AS005931,2016-01-04,,30000.00,Check,Undeposited Funds,,0.00
Mr.Gayan,AS006030,2016-01-04,,70850.00,Cash,Undeposited Funds,,0.00
Tritech Engineers (Pvt) Ltd,AS005955,2016-01-04,,313100.00,Check,Undeposited Funds,,0.00
Volume Technology Centre,AS005975,2016-01-05,,220432.50,Cash,Undeposited Funds,,0.00
Central Hospital,AS005936,2016-01-06,,6000.00,Check,Undeposited Funds,,0.00
Central Hospital,AS005937,2016-01-06,,6000.00,Check,Undeposited Funds,,0.00
Central Hospital,AS005938,2016-01-06,,12000.00,Check,Undeposited Funds,,0.00
Fazaal Ceramics,AS005675,2016-01-12,260024,1000.00,Check,Undeposited Funds,,0.00
Fazaal Ceramics,AS005932,2016-01-12,863252,38000.00,Check,Undeposited Funds,,0.00
The Computer Center (pvt) Ltd,AS005967,2016-01-14,181356,319000.00,Check,Undeposited Funds,,0.00
Network Information Technologies (Pvt) Lt,AS005883,2016-01-14,619081,322000.00,Check,Undeposited Funds,,0.00
"ASIAN ALLIANCE INSURANCE PLC.,",AS005986,2016-01-14,960055,15000.00,Check,Undeposited Funds,,0.00
R.M.Holdings (Pvt) Ltd,AS006028,2016-01-25,887982,65500.00,Check,Undeposited Funds,,0.00
Ru Salu Clothing (Pvt) Ltd,AS006029,2016-01-25,888950,65000.00,Check,Undeposited Funds,,0.00
Aitken Spence PLC,AS005964,2016-01-30,114294,5000.00,Check,Undeposited Funds,,0.00
Aitken Spence Travels (Private)Limited.,AS005978,2016-01-30,276393,46965.00,Check,Undeposited Funds,,0.00
Avian,AS006013,2016-01-30,824313,492375.00,Check,Undeposited Funds,,0.00
Rapidventure (Pvt) Ltd,AS006084,2016-02-01,653235,16069.00,Check,Undeposited Funds,,0.00
DP Technologies (pvt) Ltd,AS005968,2016-02-06,,70700.00,Check,Undeposited Funds,,0.00
DP Technologies (pvt) Ltd,AS005974,2016-02-06,,11500.00,Check,Undeposited Funds,,0.00
STATEMAN HATS (Pvt) LTD.,AS005930,2016-02-08,8255556,17200.00,Check,Undeposited Funds,,0.00
STATEMAN HATS (Pvt) LTD.,AS005949,2016-02-08,8255556,17200.00,Check,Undeposited Funds,,0.00
STATEMAN HATS (Pvt) LTD.,AS005954,2016-02-08,8255556,70000.00,Check,Undeposited Funds,,0.00
Studio Lakdam,AS005965,2016-02-09,895529,47470.00,Check,Undeposited Funds,,0.00
Studio Lakdam,AS006076,2016-02-09,895528,17675.00,Check,Undeposited Funds,,0.00
Fazaal Ceramics,AS005786,2016-02-09,647559,70000.00,Check,Undeposited Funds,,0.00
I Dawn Group Of Companies,AS006034,2016-02-09,,870500.00,Cash,Undeposited Funds,,0.00
Onvi Debug Solutions (Pvt)Ltd,AS005966,2016-02-12,316052,26000.00,Check,Undeposited Funds,,0.00
"ASIAN ALLIANCE INSURANCE PLC.,",AS005957,2016-02-12,960145,15000.00,Check,Undeposited Funds,,0.00
Phoenix Ogilvy (Pvt) Ltd,AS005970,2016-02-12,472079,1154834.00,Check,Undeposited Funds,,0.00
ZEOS SOLUTIONS,AS005952,2016-02-18,424692,27000.00,Check,Undeposited Funds,,0.00
ZEOS SOLUTIONS,AS006012,2016-02-18,424692,24000.00,Check,Undeposited Funds,,0.00
ZEOS SOLUTIONS,AS006015,2016-02-18,424692,11000.00,Check,Undeposited Funds,,0.00
IUCN,AS006074,2016-02-19,468611,168670.00,Check,Undeposited Funds,,0.00
Islandwide Marketing Services,AS006014,2016-02-19,154022,54000.00,Check,Undeposited Funds,,0.00
Rapidventure (Pvt) Ltd,AS006086,2016-02-19,675456,16069.00,Check,Undeposited Funds,,0.00
Mrs.E.Karunakalage,AS006132,2016-02-29,,3500.00,Cash,Undeposited Funds,,0.00
Union Assurance General Ltd,AS006027,2016-03-02,002047,30000.00,Check,Undeposited Funds,,0.00
Sri Lanka Insurance Coporation ltd.,AS005853,2016-03-02,032612,33000.00,Check,Undeposited Funds,,0.00
Barclays Computers (Pvt) Ltd,AS006070,2016-03-02,026232,20400.00,Check,Undeposited Funds,,0.00
KAMINSKI. C/o STATESMAN HATS (PVT) LTD.,AS005984,2016-03-02,825658,14000.00,Check,Undeposited Funds,,0.00
KAMINSKI. C/o STATESMAN HATS (PVT) LTD.,AS006005,2016-03-02,825658,2000.00,Check,Undeposited Funds,,0.00
KAMINSKI. C/o STATESMAN HATS (PVT) LTD.,AS006050,2016-03-02,825658,2000.00,Check,Undeposited Funds,,0.00
Pet Packaging (Pvt) Ltd,AS006085,2016-03-02,,187500.00,Check,Undeposited Funds,,0.00
We Effect,AS005973,2016-03-02,,34441.00,Check,Undeposited Funds,,0.00
And Beyond,AS006117,2016-03-02,965373,22720.00,Check,Undeposited Funds,,0.00
Consolidated Business Systems Limited,AS006133,2016-03-04,297965,43500.00,Check,Undeposited Funds,,0.00
NABAVIYYAH INSTITUTE,AS005691,2016-03-08,,8000.00,Cash,Undeposited Funds,,0.00
Onvi Debug Solutions (Pvt)Ltd,AS006072,2016-03-08,316054,50380.00,Check,Undeposited Funds,,0.00
DSI,AS005971,2016-03-08,059238,44500.00,Check,Undeposited Funds,,0.00
Mountcastle Aus USD,AS005906,2016-03-09,,14.00,Check,Undeposited Funds,,0.00
Mountcastle Aus USD,AS005956,2016-03-09,,750.00,Check,Undeposited Funds,,0.00
Mountcastle Aus USD,AS005995,2016-03-09,,28.00,Check,Undeposited Funds,,0.00
Mountcastle Aus USD,AS006002,2016-03-09,,31.00,Check,Undeposited Funds,,0.00
Mountcastle Aus USD,AS006021,2016-03-09,,7.00,Check,Undeposited Funds,,0.00
Mountcastle Aus USD,AS006035,2016-03-09,,28.00,Check,Undeposited Funds,,0.00
Mountcastle Aus USD,AS006038,2016-03-09,,56.00,Check,Undeposited Funds,,0.00
Mountcastle Aus USD,AS006042,2016-03-09,,14.00,Check,Undeposited Funds,,0.00
Mountcastle Aus USD,AS006045,2016-03-09,,7.00,Check,Undeposited Funds,,0.00
Mountcastle Aus USD,AS006048,2016-03-09,,14.00,Check,Undeposited Funds,,0.00
Mountcastle Aus USD,AS006069,2016-03-09,,100.00,Check,Undeposited Funds,,0.00
Mountcastle Aus USD,AS006082,2016-03-09,,750.00,Check,Undeposited Funds,,0.00
Mountcastle Aus USD,AS006089,2016-03-09,,1241.00,Check,Undeposited Funds,,0.00
Mountcastle Aus USD,AS006090,2016-03-09,,897.00,Check,Undeposited Funds,,0.00
Mountcastle Aus USD,AS006091,2016-03-09,,111.00,Check,Undeposited Funds,,0.00
Mountcastle Aus USD,AS006092,2016-03-09,,2402.00,Check,Undeposited Funds,,0.00
Mountcastle Aus USD,AS006093,2016-03-09,,180.00,Check,Undeposited Funds,,0.00
Mountcastle Aus USD,1,2016-03-09,,14.00,Check,Undeposited Funds,,0.00
Mountcastle Pty Ltd,AS005905,2016-03-09,,35.00,Check,Undeposited Funds,,0.00
ZEOS SOLUTIONS,AS006073,2016-03-10,450454,36000.00,Check,Undeposited Funds,,0.00
STATEMAN HATS (Pvt) LTD.,AS005981,2016-03-11,,17200.00,Check,Undeposited Funds,,0.00
STATEMAN HATS (Pvt) LTD.,AS005988,2016-03-11,,2000.00,Check,Undeposited Funds,,0.00
STATEMAN HATS (Pvt) LTD.,AS005989,2016-03-11,,2000.00,Check,Undeposited Funds,,0.00
STATEMAN HATS (Pvt) LTD.,AS005990,2016-03-11,,2000.00,Check,Undeposited Funds,,0.00
STATEMAN HATS (Pvt) LTD.,AS005991,2016-03-11,,2000.00,Check,Undeposited Funds,,0.00
STATEMAN HATS (Pvt) LTD.,AS005992,2016-03-11,,2000.00,Check,Undeposited Funds,,0.00
STATEMAN HATS (Pvt) LTD.,AS005993,2016-03-11,,1000.00,Check,Undeposited Funds,,0.00
STATEMAN HATS (Pvt) LTD.,AS005994,2016-03-11,,2000.00,Check,Undeposited Funds,,0.00
STATEMAN HATS (Pvt) LTD.,AS005997,2016-03-11,,2000.00,Check,Undeposited Funds,,0.00
STATEMAN HATS (Pvt) LTD.,AS005998,2016-03-11,,2000.00,Check,Undeposited Funds,,0.00
STATEMAN HATS (Pvt) LTD.,AS005999,2016-03-11,,2000.00,Check,Undeposited Funds,,0.00
STATEMAN HATS (Pvt) LTD.,AS006001,2016-03-11,,4000.00,Check,Undeposited Funds,,0.00
STATEMAN HATS (Pvt) LTD.,AS006008,2016-03-11,,5000.00,Check,Undeposited Funds,,0.00
STATEMAN HATS (Pvt) LTD.,AS006010,2016-03-11,,80600.00,Check,Undeposited Funds,,0.00
STATEMAN HATS (Pvt) LTD.,AS006023,2016-03-11,,2000.00,Check,Undeposited Funds,,0.00
STATEMAN HATS (Pvt) LTD.,AS006024,2016-03-11,,2000.00,Check,Undeposited Funds,,0.00
STATEMAN HATS (Pvt) LTD.,AS006036,2016-03-11,,10000.00,Check,Undeposited Funds,,0.00
STATEMAN HATS (Pvt) LTD.,AS006039,2016-03-11,,3000.00,Check,Undeposited Funds,,0.00
STATEMAN HATS (Pvt) LTD.,AS006041,2016-03-11,,6000.00,Check,Undeposited Funds,,0.00
STATEMAN HATS (Pvt) LTD.,AS006044,2016-03-11,,5000.00,Check,Undeposited Funds,,0.00
STATEMAN HATS (Pvt) LTD.,AS006049,2016-03-11,,2000.00,Check,Undeposited Funds,,0.00
STATEMAN HATS (Pvt) LTD.,AS006051,2016-03-11,,3000.00,Check,Undeposited Funds,,0.00
STATEMAN HATS (Pvt) LTD.,AS006066,2016-03-11,,2000.00,Check,Undeposited Funds,,0.00
STATEMAN HATS (Pvt) LTD.,AS006081,2016-03-11,,17200.00,Check,Undeposited Funds,,0.00
STATEMAN HATS (Pvt) LTD.,AS006098,2016-03-11,,17200.00,Check,Undeposited Funds,,0.00
STATEMAN HATS (Pvt) LTD.,AS006104,2016-03-11,,4000.00,Check,Undeposited Funds,,0.00
STATEMAN HATS (Pvt) LTD.,AS006105,2016-03-11,,2000.00,Check,Undeposited Funds,,0.00
STATEMAN HATS (Pvt) LTD.,AS006112,2016-03-11,,15000.00,Check,Undeposited Funds,,0.00
Netcore Solutions,AS006100,2016-03-11,391900,31000.00,Check,Undeposited Funds,,0.00
Hayleys Business Solutions International,AS006116,2016-03-16,871825,319000.00,Check,Undeposited Funds,,0.00
Mahaweli Reach Hotel PLC,AS006096,2016-03-17,617869,207000.00,Check,Undeposited Funds,,0.00
ZenCapital (Pvt) Ltd,AS006097,2016-03-17,729503,16500.00,Check,Undeposited Funds,,0.00
Intec Systems & Solutions,AS005887,2016-03-18,132974,99990.00,Check,Undeposited Funds,,0.00
Rapidventure (Pvt) Ltd,AS006114,2016-03-23,675494,70705.00,Check,Undeposited Funds,,0.00
Ru Salu Clothing (Pvt) Ltd,AS006130,2016-03-23,922628,357900.00,Check,Undeposited Funds,,0.00
Macksons Tiles Lanka (Pvt) Ltd,AS005969,2016-03-24,,4000.00,Check,Undeposited Funds,,0.00
KIK,AS006102,2016-03-24,,10000.00,Check,Undeposited Funds,,0.00
KIK,AS006103,2016-03-24,,15000.00,Check,Undeposited Funds,,0.00
David Pieris Information Technologies Lt,AS006121,2016-03-30,514995,370180.00,Check,Undeposited Funds,,0.00
LANKA COMMODITY BROKERS LTD,AS006080,2016-03-30,712885,39592.00,Check,Undeposited Funds,,0.00
LANKA COMMODITY BROKERS LTD,AS006099,2016-03-30,712885,40131.00,Check,Undeposited Funds,,0.00
Network Information Technologies (Pvt) Lt,AS005983,2016-03-30,623788,60000.00,Check,Undeposited Funds,,0.00
Jetwing Travels (Pvt) Ltd,AS006124,2016-03-31,043051,376500.00,Check,Undeposited Funds,,0.00
Peoples Merchant Bank,AS006110,2016-03-31,106500,14000.00,Check,Undeposited Funds,,0.00
Avian,AS006115,2016-03-31,829413,119500.00,Check,Undeposited Funds,,0.00
I Dawn Group Of Companies,AS006123,2016-04-08,066862,368000.00,Check,Undeposited Funds,,0.00
I Dawn Group Of Companies,AS006140,2016-04-08,066862,586000.00,Check,Undeposited Funds,,0.00
Barclays Computers (Pvt) Ltd,AS006079,2016-04-08,650692,51500.00,Check,Undeposited Funds,,0.00
Marlbo Trading Company,AS006127,2016-04-08,670558,20000.00,Check,Undeposited Funds,,0.00
The Computer Center (pvt) Ltd,AS006134,2016-04-08,,52000.00,Check,Undeposited Funds,,0.00
EAP Broadcasting Company Ltd,AS006094,2016-04-08,,686000.00,Check,Undeposited Funds,,0.00
Search Advanced Technology,AS006191,2016-04-19,010104,22000.00,Check,Undeposited Funds,,0.00
Okelta Technologies,AS006151,2016-04-19,032041,66500.00,Check,Undeposited Funds,,0.00
Pubudu Engineering (Pvt) Ltd,AS006192,2016-04-19,684748,286000.00,Check,Undeposited Funds,,0.00
Gateway Technologies,AS006198,2016-04-19,109390,78000.00,Check,Undeposited Funds,,0.00
ATG Occupational (Pvt) Ltd,AS005924,2016-04-20,009873,22725.00,Check,Undeposited Funds,,0.00
ATG Occupational (Pvt) Ltd,AS005927,2016-04-20,009873,22725.00,Check,Undeposited Funds,,0.00
Fazaal Hardware(Pvt)Ltd,AS005394,2016-04-24,,8000.00,Check,Undeposited Funds,,0.00
Fazaal Hardware(Pvt)Ltd,AS005542,2016-04-24,,7500.00,Check,Undeposited Funds,,0.00
Fazaal Hardware(Pvt)Ltd,AS005591,2016-04-24,,3000.00,Check,Undeposited Funds,,0.00
Fazaal Hardware(Pvt)Ltd,AS005592,2016-04-24,,3000.00,Check,Undeposited Funds,,0.00
Fazaal Hardware(Pvt)Ltd,AS005679,2016-04-24,,4000.00,Check,Undeposited Funds,,0.00
Fazaal Hardware(Pvt)Ltd,AS005772,2016-04-24,,30000.00,Check,Undeposited Funds,,0.00
Fazaal Hardware(Pvt)Ltd,AS005805,2016-04-24,,10000.00,Check,Undeposited Funds,,0.00
Fazaal Hardware(Pvt)Ltd,AS005820,2016-04-24,,10000.00,Check,Undeposited Funds,,0.00
Fazaal Hardware(Pvt)Ltd,AS005833,2016-04-24,,110000.00,Check,Undeposited Funds,,0.00
Fazaal Hardware(Pvt)Ltd,AS006078,2016-04-24,,398400.00,Check,Undeposited Funds,,0.00
Ceylinco Insurance Co. Ltd.,AS006201,2016-04-28,284534,248787.00,Check,Undeposited Funds,,0.00
MBC Networks(Pvt)Ltd.,AS006131,2016-04-29,692969,106000.00,Check,Undeposited Funds,,0.00
DSI,AS006126,2016-05-03,059781,3250.00,Check,Undeposited Funds,,0.00
Debug Computer Peripherals (Pvt) Ltd,AS006120,2016-05-05,823226,70700.00,Check,Undeposited Funds,,0.00
David Pierise Information Technologies Lt,AS006141,2016-05-05,523356,11500.00,Check,Undeposited Funds,,0.00
David Pierise Information Technologies Lt,AS006184,2016-05-05,515229,11500.00,Check,Undeposited Funds,,0.00
Eureka Technology Partners (Pvt)Ltd,AS006148,2016-05-05,026121,181350.00,Check,Undeposited Funds,,0.00
Rapidventure (Pvt) Ltd,AS006160,2016-05-05,691937,20655.00,Check,Undeposited Funds,,0.00
I Dawn Group Of Companies,AS006152,2016-05-10,,637200.00,Cash,Undeposited Funds,,0.00
I Dawn Group Of Companies,AS006185,2016-05-10,,212400.00,Cash,Undeposited Funds,,0.00
Airport & Aviation Services(Sri Lanka)Ltd,AS006128,2016-05-10,049070,170690.00,Check,Undeposited Funds,,0.00
DSI,AS005868,2016-05-10,562873,18000.00,Check,Undeposited Funds,,0.00
Tajima Colombo (Pvt) Ltd,AS006207,2016-05-18,013727,59500.00,Check,Undeposited Funds,,0.00
MCB Bank Ltd,AS006095,2016-05-18,095623,20500.00,Check,Undeposited Funds,,0.00
Pacific Manning Agency Colombo(Pvt)Ltd,AS006146,2016-05-18,625979,83600.00,Check,Undeposited Funds,,0.00
Pretec Systems (Pvt)Ltd,AS006016,2016-05-25,036349,60000.00,Check,Undeposited Funds,,0.00
KIK,AS006129,2016-05-25,759882,22500.00,Check,Undeposited Funds,Bank Deposited,0.00
SouthNet Technologies (Pvt) Ltd,AS006202,2016-06-07,683920,105300.00,Check,Undeposited Funds,,0.00
Debug Computer Peripherals (Pvt) Ltd,AS006205,2016-06-07,185434,166659.00,Check,Undeposited Funds,,0.00
St.Anthony's Coating & Minerals(Pvt) Ltd.,AS006190,2016-06-07,895988,102000.00,Check,Undeposited Funds,,0.00
I Dawn Group Of Companies,AS006200,2016-06-10,,1000000.00,Cash,Undeposited Funds,,0.00
ebase asia,AS006153,2016-06-10,085394,31000.00,Check,Undeposited Funds,,0.00
Sri Lanka Insurance Coporation ltd.,AS006122,2016-06-13,036341,264000.00,Check,Undeposited Funds,,0.00
Avian,AS006208,2016-06-13,863777,127000.00,Check,Undeposited Funds,,0.00
KAMINSKI. C/o STATESMAN HATS (PVT) LTD.,AS006125,2016-06-13,,200000.00,Cash,Undeposited Funds,,0.00
KAMINSKI. C/o STATESMAN HATS (PVT) LTD.,AS006210,2016-06-13,,39690.00,Cash,Undeposited Funds,,0.00
KAMINSKI. C/o STATESMAN HATS (PVT) LTD.,AS006212,2016-06-13,,19000.00,Cash,Undeposited Funds,,0.00
KAMINSKI. C/o STATESMAN HATS (PVT) LTD.,AS006125,2016-06-13,999468,149000.00,Check,Undeposited Funds,,0.00
KAMINSKI. C/o STATESMAN HATS (PVT) LTD.,AS006144,2016-06-13,999468,4000.00,Check,Undeposited Funds,,0.00
MICROCELLS LTD,AS005979,2016-06-13,,18000.00,Cash,Undeposited Funds,Bank Deposited,0.00
Base Hp (Pvt) Ltd,AS006206,2016-06-14,615263,312500.00,Check,Undeposited Funds,,0.00
Base Hp (Pvt) Ltd,AS006216,2016-06-14,615263,460000.00,Check,Undeposited Funds,,0.00
Mr.Cader,AS006106,2016-06-14,,7000.00,Cash,Undeposited Funds,took that for pety cash,0.00
Union Assurance General Ltd,AS006215,2016-06-15,004252,120000.00,Check,Undeposited Funds,,0.00
Gennext (Pvt)Ltd,AS006154,2016-06-16,500965,92720.00,Check,Undeposited Funds,,0.00
LANKA COMMODITY BROKERS LTD,AS006188,2016-06-16,712559,40131.00,Check,Undeposited Funds,,0.00
Aitken Spence Apparels (Pvt) Ltd,AS006214,2016-06-16,001356,130000.00,Check,Undeposited Funds,,0.00
STATEMAN HATS (Pvt) LTD.,AS006138,2016-06-24,656477,17200.00,Check,Undeposited Funds,,0.00
STATEMAN HATS (Pvt) LTD.,AS006139,2016-06-24,656477,19000.00,Check,Undeposited Funds,,0.00
STATEMAN HATS (Pvt) LTD.,AS006165,2016-06-24,656477,4000.00,Check,Undeposited Funds,,0.00
STATEMAN HATS (Pvt) LTD.,AS006167,2016-06-24,656477,2000.00,Check,Undeposited Funds,,0.00
STATEMAN HATS (Pvt) LTD.,AS006171,2016-06-24,656477,2000.00,Check,Undeposited Funds,,0.00
STATEMAN HATS (Pvt) LTD.,AS006172,2016-06-24,656477,2000.00,Check,Undeposited Funds,,0.00
STATEMAN HATS (Pvt) LTD.,AS006173,2016-06-24,656477,2000.00,Check,Undeposited Funds,,0.00
STATEMAN HATS (Pvt) LTD.,AS006174,2016-06-24,656477,2000.00,Check,Undeposited Funds,,0.00
STATEMAN HATS (Pvt) LTD.,AS006175,2016-06-24,656477,3000.00,Check,Undeposited Funds,,0.00
STATEMAN HATS (Pvt) LTD.,AS006176,2016-06-24,656477,2000.00,Check,Undeposited Funds,,0.00
STATEMAN HATS (Pvt) LTD.,AS006179,2016-06-24,656477,2000.00,Check,Undeposited Funds,,0.00
STATEMAN HATS (Pvt) LTD.,AS006180,2016-06-24,656477,5000.00,Check,Undeposited Funds,,0.00
STATEMAN HATS (Pvt) LTD.,AS006211,2016-06-24,656477,39690.00,Check,Undeposited Funds,,0.00
STATEMAN HATS (Pvt) LTD.,AS006232,2016-06-24,656477,17200.00,Check,Undeposited Funds,,0.00
STATEMAN HATS (Pvt) LTD.,AS006254,2016-06-24,656477,2000.00,Check,Undeposited Funds,,0.00
EAP Broadcasting Company Ltd,AS006075,2016-06-27,,15000.00,Cash,Undeposited Funds,Bank deposited,0.00
Care Lable Industries (Pvt) Ltd,AS006249,2016-06-29,186037,25450.00,Check,Undeposited Funds,Deposited to the Bank,0.00
Ceylon Royal Teas (Pvt)Ltd,AS006261,2016-06-29,422662,100000.00,Check,Undeposited Funds,,0.00
Sri Lanka Insurance Coporation ltd.,AS006251,2016-06-30,036769,170000.00,Check,Undeposited Funds,,0.00
MACSON MESH,AS006157,2016-07-12,368224,4000.00,Check,Undeposited Funds,,0.00
MACSON MESH,AS006155,2016-07-12,368043,6000.00,Check,Undeposited Funds,,0.00
MACSON MESH,AS006156,2016-07-12,368043,36500.00,Check,Undeposited Funds,,0.00
MACSON MESH,AS006158,2016-07-12,368043,1000.00,Check,Undeposited Funds,,0.00
DSI,AS006222,2016-07-14,184501,54000.00,Check,Undeposited Funds,,0.00
EAP Broadcasting Company Ltd,AS006019,2016-07-14,,18685.00,Cash,Undeposited Funds,Bank Deposits,0.00
Akbar Brothers (Pvt) Ltd,AS006250,2016-07-20,829089,275000.00,Check,Undeposited Funds,,0.00
ZEOS SOLUTIONS,AS006213,2016-07-21,,11000.00,Cash,Undeposited Funds,return one unit 90271,0.00
ZEOS SOLUTIONS,AS006137,2016-07-21,517627,38400.00,Check,Undeposited Funds,,0.00
ZEOS SOLUTIONS,AS006189,2016-07-21,517627,108335.00,Check,Undeposited Funds,,0.00
David Pierise Information Technologies Lt,AS006221,2016-07-22,532099,15000.00,Check,Undeposited Funds,,0.00
Sri Lanka Insurance Coporation ltd.,AS006204,2016-07-25,098838,1892669.30,Check,Undeposited Funds,,0.00
Elegent Media Solutions,AS006299,2016-07-27,070580,47300.00,Check,Undeposited Funds,,0.00
Elegent Media Solutions,AS006298,2016-07-27,070579,151900.00,Check,Undeposited Funds,,0.00
Open Systems Integrators,AS006239,2016-07-27,163351,401500.00,Check,Undeposited Funds,,0.00
Sri Lanka Insurance Coporation ltd.,AS006265,2016-07-27,037263,136000.00,Check,Undeposited Funds,,0.00
Ceylon Royal Teas (Pvt)Ltd,AS006290,2016-07-28,,5000.00,Cash,Undeposited Funds,,0.00
Ceylon Royal Teas (Pvt)Ltd,AS006261,2016-07-28,422722,18250.00,Check,Undeposited Funds,,0.00
The Capital Maharaja,AS006217,2016-07-29,390105,70000.00,Check,Undeposited Funds,,0.00
Eureka Technology Partners (Pvt)Ltd,AS006223,2016-07-29,040847,66620.00,Check,Undeposited Funds,,0.00
Avian,AS006256,2016-07-29,878613,90000.00,Check,Undeposited Funds,,0.00
Thillai Vision,AS006314,2016-07-30,913882,136000.00,Check,Undeposited Funds,,0.00
Debug Computer Peripherals (Pvt) Ltd,AS006248,2016-08-04,424492,70300.00,Check,Undeposited Funds,,0.00
I Net Systems & Solutions (Pvt) Ltd,AS006186,2016-08-04,028290,16500.00,Check,Undeposited Funds,,0.00
Microlink Computer Systems,AS006326,2016-08-04,596849,51500.00,Check,Undeposited Funds,,0.00
Peoples Merchant Bank,AS006271,2016-08-04,290827,67400.00,Check,Undeposited Funds,,0.00
Barefoot (Pvt)Ltd,AS006278,2016-08-04,633161,112000.00,Check,Undeposited Funds,,0.00
KIK,AS006288,2016-08-09,,32500.00,Check,Undeposited Funds,Bank Deposit,0.00
Rapidventure (Pvt) Ltd,AS006203,2016-08-09,,20655.00,Check,Undeposited Funds,Bank Deposits,0.00
STATEMAN HATS (Pvt) LTD.,AS006224,2016-08-09,731202,5000.00,Check,Undeposited Funds,,0.00
STATEMAN HATS (Pvt) LTD.,AS006252,2016-08-09,731202,5000.00,Check,Undeposited Funds,,0.00
STATEMAN HATS (Pvt) LTD.,AS006253,2016-08-09,731202,4000.00,Check,Undeposited Funds,,0.00
The Kingsbury PLC,AS006262,2016-08-09,131640,218800.00,Check,Undeposited Funds,,0.00
I Dawn Group Of Companies,AS006199,2016-08-10,,300000.00,Cash,Undeposited Funds,,0.00
National Chamber Of Exporters Of SL,AS006286,2016-08-10,363413,65000.00,Check,Undeposited Funds,,0.00
M S Technologies (Pvt)Limites,AS006287,2016-08-10,058643,186500.00,Check,Undeposited Funds,,0.00
National Chamber Of Exporters Of SL,AS006286,2016-08-10,363413,500.00,Check,Undeposited Funds,,0.00
New Life Literature (Pvt) Ltd.,AS006284,2016-08-11,862925,22500.00,Check,Undeposited Funds,,0.00
Mr V . Arul,AS006334,2016-08-12,,194100.00,Cash,Undeposited Funds,,0.00
Tea Tang (Pvt) Ltd,AS006245,2016-08-12,084812,331500.00,Check,Undeposited Funds,,0.00
I Dawn Group Of Companies,AS006199,2016-08-16,,286000.00,Cash,Undeposited Funds,,0.00
I Dawn Group Of Companies,AS006200,2016-08-16,,114000.00,Cash,Undeposited Funds,,0.00
JAT Holdings (Pvt) Ltd,AS006244,2016-08-16,901210,98500.00,Check,Undeposited Funds,,0.00
Sri Lanka Insurance Coporation ltd.,AS006315,2016-08-19,038527,1970000.00,Check,Undeposited Funds,,0.00
Editing Table Studio,AS006351,2016-08-23,475847,200000.00,Check,Undeposited Funds,,0.00
Editing Table Studio,AS006351,2016-08-23,475848,281650.00,Check,Undeposited Funds,,0.00
Softlogic IT,AS006266,2016-08-25,360187,182500.00,Check,Undeposited Funds,,0.00
Just in Time Technologies (Pvt)Ltd,AS006332,2016-08-25,429069,188310.00,Check,Undeposited Funds,,0.00
Barclays Computers (Pvt) Ltd,AS006263,2016-09-01,882378,28500.00,Check,Undeposited Funds,,0.00
Elegent Media Solutions,AS006303,2016-09-02,058228,4500.00,Check,Undeposited Funds,,0.00
CAPITAL ALLIANCE GROUP,AS006329,2016-09-06,368038,21820.00,Check,Undeposited Funds,,0.00
Mr.Madura Sonnadara,AS006331,2016-09-06,166687,73695.00,Check,Undeposited Funds,,0.00
T K S Finance Limited,AS006362,2016-09-09,440584,142000.00,Check,Undeposited Funds,,0.00
SouthNet Technologies (Pvt) Ltd,AS006317,2016-09-09,758539,93900.00,Check,Undeposited Funds,,0.00
SouthNet Technologies (Pvt) Ltd,AS006317,2016-09-09,758540,100000.00,Check,Undeposited Funds,,0.00
E- Com Solutions (Pvt) Ltd,AS006352,2016-09-09,378911,36800.00,Check,Undeposited Funds,,0.00
E- Com Solutions (Pvt) Ltd,AS006345,2016-09-09,378912,16500.00,Check,Undeposited Funds,,0.00
R.M.Holdings (Pvt) Ltd,AS006353,2016-09-13,912861,28500.00,Check,Undeposited Funds,,0.00
Rapidventure (Pvt) Ltd,AS006350,2016-09-14,740424,20655.00,Check,Undeposited Funds,,0.00
Summit Finance PLC,AS006361,2016-09-14,355233,600000.00,Check,Undeposited Funds,,0.00
Softlogic IT,AS006325,2016-09-14,822559,53550.00,Check,Undeposited Funds,,0.00
Dil Cinema,AS006267,2016-09-15,,210000.00,Cash,Undeposited Funds,,0.00
Hemsons International (Pte)Ltd,AS006355,2016-09-19,633339,144000.00,Check,Undeposited Funds,,0.00
"Abans Electricals PLC, Service Dep",AS006381,2016-09-21,184041,86000.00,Check,Undeposited Funds,,0.00
NOLIMIT,AS006218,2016-09-21,031796,50000.00,Check,Undeposited Funds,,0.00
NOLIMIT,AS006247,2016-09-21,046706,25300.00,Check,Undeposited Funds,,0.00
Central Hospital,AS006309,2016-09-21,,159600.00,Cash,Undeposited Funds,Bank Deposit,0.00
Central Hospital,AS006310,2016-09-21,,239400.00,Cash,Undeposited Funds,Bank Deposits,0.00
Open Systems Integrators,AS006313,2016-09-21,163499,393500.00,Cash,Undeposited Funds,,0.00
T K S Finance Limited,AS006377,2016-09-21,406047,142000.00,Check,Undeposited Funds,,0.00
Microlink Computer Systems,AS006384,2016-09-22,605761,35620.00,Check,Undeposited Funds,,0.00
Care Lable Industries (Pvt) Ltd,AS006390,2016-09-29,202328,25000.00,Check,Undeposited Funds,,0.00
Care Lable Industries (Pvt) Ltd,AS006390,2016-09-29,202329,25000.00,Check,Undeposited Funds,,0.00
Care Lable Industries (Pvt) Ltd,AS006390,2016-09-29,202330,25000.00,Check,Undeposited Funds,,0.00
Care Lable Industries (Pvt) Ltd,AS006390,2016-09-29,202331,25000.00,Check,Undeposited Funds,,0.00
Care Lable Industries (Pvt) Ltd,AS006390,2016-09-29,202332,25000.00,Check,Undeposited Funds,,0.00
Care Lable Industries (Pvt) Ltd,AS006390,2016-09-29,202333,25000.00,Check,Undeposited Funds,,0.00
Care Lable Industries (Pvt) Ltd,AS006390,2016-09-29,202334,25000.00,Check,Undeposited Funds,,0.00
Care Lable Industries (Pvt) Ltd,AS006390,2016-09-29,202335,12600.00,Check,Undeposited Funds,,0.00
Avian,AS006336,2016-09-29,899228,89500.00,Check,Undeposited Funds,,0.00
STATEMAN HATS (Pvt) LTD.,AS006026,2016-09-29,793271,4000.00,Check,Undeposited Funds,,0.00
STATEMAN HATS (Pvt) LTD.,AS006064,2016-09-29,793271,4000.00,Check,Undeposited Funds,,0.00
STATEMAN HATS (Pvt) LTD.,AS006181,2016-09-29,793271,49500.00,Check,Undeposited Funds,,0.00
STATEMAN HATS (Pvt) LTD.,AS006320,2016-09-29,793271,17200.00,Check,Undeposited Funds,,0.00
STATEMAN HATS (Pvt) LTD.,AS006321,2016-09-29,793271,17200.00,Check,Undeposited Funds,,0.00
Ceylon Electricity Board-col city,AS006296,2016-09-29,386580,67700.00,Check,Undeposited Funds,,0.00
J F Packaging (Pvt) Ltd,AS006270,2016-10-01,218446,21820.00,Check,Undeposited Funds,,0.00
Union Assurance General Ltd,AS006369,2016-10-01,044390,60000.00,Check,Undeposited Funds,,0.00
MTI Consulting,AS006386,2016-10-01,096128,2000.00,Check,Undeposited Funds,,0.00
T E C Data Solutions,AS006392,2016-10-05,654861,14500.00,Check,Undeposited Funds,,0.00
T E C Data Solutions,AS006392,2016-10-05,654862,7250.00,Check,Undeposited Funds,,250.00
KAMINSKI. C/o STATESMAN HATS (PVT) LTD.,AS004109,2016-10-05,731371,240.00,Check,Undeposited Funds,,0.00
KAMINSKI. C/o STATESMAN HATS (PVT) LTD.,AS006234,2016-10-05,731371,88525.00,Check,Undeposited Funds,,0.00
KAMINSKI. C/o STATESMAN HATS (PVT) LTD.,AS006236,2016-10-05,731371,62600.00,Check,Undeposited Funds,,0.00
KAMINSKI. C/o STATESMAN HATS (PVT) LTD.,AS006237,2016-10-05,731371,44425.00,Check,Undeposited Funds,,0.00
KAMINSKI. C/o STATESMAN HATS (PVT) LTD.,AS006238,2016-10-05,731371,44425.00,Check,Undeposited Funds,,0.00
KAMINSKI. C/o STATESMAN HATS (PVT) LTD.,AS006241,2016-10-05,731371,3000.00,Check,Undeposited Funds,,0.00
KAMINSKI. C/o STATESMAN HATS (PVT) LTD.,AS006242,2016-10-05,731371,3000.00,Check,Undeposited Funds,,0.00
KAMINSKI. C/o STATESMAN HATS (PVT) LTD.,AS006243,2016-10-05,731371,36700.00,Check,Undeposited Funds,,0.00
KAMINSKI. C/o STATESMAN HATS (PVT) LTD.,AS006258,2016-10-05,731371,44000.00,Check,Undeposited Funds,,0.00
KAMINSKI. C/o STATESMAN HATS (PVT) LTD.,AS006322,2016-10-05,731371,44425.00,Check,Undeposited Funds,,0.00
KAMINSKI. C/o STATESMAN HATS (PVT) LTD.,AS006323,2016-10-05,731371,44700.00,Check,Undeposited Funds,,0.00
KAMINSKI. C/o STATESMAN HATS (PVT) LTD.,AS006400,2016-10-05,731371,13760.00,Check,Undeposited Funds,,0.00
Origin Business Solutions,AS006412,2016-10-05,,106000.00,Cash,Undeposited Funds,Bank Deposited,0.00
Memory Technologies,AS006359,2016-10-05,305954,170000.00,Check,Undeposited Funds,,0.00
Access Projects (Pvt)Ltd,AS006300,2016-10-06,596466,80000.00,Check,Undeposited Funds,,0.00
Access Projects (Pvt)Ltd,AS006301,2016-10-06,596466,80000.00,Check,Undeposited Funds,,0.00
I Dawn Group Of Companies,AS006401,2016-10-07,089467,590040.00,Check,Undeposited Funds,,0.00
I Dawn Group Of Companies,AS006401,2016-10-07,089467,590040.00,Check,Undeposited Funds,,0.00
I Dawn Group Of Companies,AS006401,2016-10-07,089465,1000000.00,Check,Undeposited Funds,,0.00
Print Animation (Pvt)Ltd,AS006393,2016-10-17,421800,35000.00,Check,Undeposited Funds,,0.00
Precision Micro Solutions (Pvt)Ltd,AS006382,2016-10-17,729407,16500.00,Check,Undeposited Funds,,0.00
Netcore Solutions,AS006360,2016-10-17,439820,30000.00,Check,Undeposited Funds,,0.00
Asiri,AS006306,2016-10-17,,79800.00,Cash,Undeposited Funds,Bank Deposits,0.00
Asiri,AS006307,2016-10-17,,159600.00,Cash,Undeposited Funds,Bank Deposits,0.00
Asiri,AS006308,2016-10-17,,79800.00,Cash,Undeposited Funds,Bank Deposits,0.00
Asiri Hospital PLC,AS006302,2016-10-17,,79800.00,Cash,Undeposited Funds,Bank Deposits,0.00
Asiri Hospital PLC,AS006304,2016-10-17,,79800.00,Cash,Undeposited Funds,Bank Deposits,0.00
Asiri Hospital PLC,AS006305,2016-10-17,,79800.00,Cash,Undeposited Funds,Bank Deposits,0.00
MICROCELLS LTD,AS006324,2016-10-17,,18000.00,Cash,Undeposited Funds,Bank Deposits,0.00
National Chamber Of Exporters Of SL,AS006414,2016-10-19,378063,24000.00,Check,Undeposited Funds,,0.00
SouthNet Technologies (Pvt) Ltd,AS006388,2016-10-20,786186,61965.00,Check,Undeposited Funds,,0.00
Softlogic IT,AS006375,2016-10-20,822806,124900.00,Check,Undeposited Funds,,0.00
State Bank of India.,AS006291,2016-10-25,708242,78000.00,Check,Undeposited Funds,,0.00
Barclays Computers (Pvt) Ltd,AS006333,2016-10-26,,28500.00,Cash,Undeposited Funds,,0.00
Digital Mobility Solutions Lanka (pvt)Ltd,AS006260,2016-10-26,741860,4000.00,Check,Undeposited Funds,,0.00
Digital Mobility Solutions Lanka (pvt)Ltd,AS006370,2016-10-26,741860,320000.00,Check,Undeposited Funds,,0.00
Lanka Bell Ltd,AS006285,2016-10-31,032216,168270.00,Check,Undeposited Funds,,0.00
Certis Lanka Technology & Consultancy,AS006394,2016-11-03,095251,42000.00,Check,Undeposited Funds,,0.00
Mrs Hayley Evans,AS006449,2016-11-03,,137000.00,Cash,Undeposited Funds,,0.00
KIK,AS006438,2016-11-07,812827,40350.00,Check,Undeposited Funds,,0.00
Avian,AS006385,2016-11-09,903677,86700.00,Check,Undeposited Funds,,0.00
E- Com Solutions (Pvt) Ltd,AS006407,2016-11-09,387364,33000.00,Check,Undeposited Funds,,0.00
CAPITAL ALLIANCE GROUP,AS006383,2016-11-10,368182,21820.00,Check,Undeposited Funds,,0.00
MAS Capital (Pvt)Ltd,AS006335,2016-11-10,100286,64000.00,Check,Undeposited Funds,,0.00
Mountcastle Pty Ltd,AS006162,2016-11-10,,4000.00,Cash,Undeposited Funds,Bank Deposits,0.00
Mountcastle Pty Ltd,AS006163,2016-11-10,,5000.00,Cash,Undeposited Funds,Bank Deposits,0.00
Mountcastle Pty Ltd,AS006164,2016-11-10,,4000.00,Cash,Undeposited Funds,Bank Deposits,0.00
Mountcastle Pty Ltd,AS006193,2016-11-10,,1000.00,Cash,Undeposited Funds,Bank Deposits,0.00
Mountcastle Pty Ltd,AS006194,2016-11-10,,1000.00,Cash,Undeposited Funds,Bank Deposits,0.00
Mountcastle Pty Ltd,AS006196,2016-11-10,,5000.00,Cash,Undeposited Funds,Bank Deposits,0.00
Mountcastle Pty Ltd,AS006209,2016-11-10,,99000.00,Cash,Undeposited Funds,Bank Deposits,0.00
Mountcastle Pty Ltd,AS006228,2016-11-10,,2000.00,Cash,Undeposited Funds,Bank Deposits,0.00
Mountcastle Pty Ltd,AS006233,2016-11-10,,109500.00,Cash,Undeposited Funds,Bank Deposits,0.00
Mountcastle Pty Ltd,AS006240,2016-11-10,,12000.00,Cash,Undeposited Funds,Bank Deposits,0.00
Mountcastle Pty Ltd,AS006255,2016-11-10,,5900.00,Cash,Undeposited Funds,Bank Deposits,0.00
Mountcastle Pty Ltd,AS006273,2016-11-10,,1000.00,Cash,Undeposited Funds,Bank Deposits,0.00
Mountcastle Pty Ltd,AS006275,2016-11-10,,1000.00,Cash,Undeposited Funds,Bank Deposits,0.00
Mountcastle Pty Ltd,AS006276,2016-11-10,,15000.00,Cash,Undeposited Funds,Bank Deposits,0.00
Mountcastle Pty Ltd,AS006277,2016-11-10,,179000.00,Cash,Undeposited Funds,Bank Deposits,0.00
Mountcastle Pty Ltd,AS006279,2016-11-10,,2000.00,Cash,Undeposited Funds,Bank Deposits,0.00
Mountcastle Pty Ltd,AS006280,2016-11-10,,2000.00,Cash,Undeposited Funds,Bank Deposits,0.00
Mountcastle Pty Ltd,AS006282,2016-11-10,,27500.00,Cash,Undeposited Funds,Bank Deposits,0.00
Mountcastle Pty Ltd,AS006283,2016-11-10,,1000.00,Cash,Undeposited Funds,Bank Deposits,0.00
Mountcastle Pty Ltd,AS006293,2016-11-10,,2450.00,Cash,Undeposited Funds,Bank Deposits,0.00
Mountcastle Pty Ltd,AS006295,2016-11-10,,3000.00,Cash,Undeposited Funds,Bank Deposits,0.00
Mountcastle Pty Ltd,AS006347,2016-11-10,,1000.00,Cash,Undeposited Funds,Bank Deposits,0.00
Mountcastle Pty Ltd,AS006348,2016-11-10,,1750.00,Cash,Undeposited Funds,Bank Deposits,0.00
Mountcastle Pty Ltd,AS006349,2016-11-10,,5000.00,Cash,Undeposited Funds,Bank Deposits,0.00
Mountcastle Pty Ltd,AS006363,2016-11-10,,5000.00,Cash,Undeposited Funds,Bank Deposits,0.00
Mountcastle Pty Ltd,AS006364,2016-11-10,,360300.00,Cash,Undeposited Funds,Bank Deposits,0.00
Mountcastle Pty Ltd,AS006366,2016-11-10,,242000.00,Cash,Undeposited Funds,Bank Deposits,0.00
David Pierise Information Technologies Lt,AS006289,2016-11-11,543410,191000.00,Check,Undeposited Funds,,0.00
David Pieris Information Technologies Lt,AS006330,2016-11-11,548013,191000.00,Check,Undeposited Funds,,0.00
Avian,AS006387,2016-11-17,909182,246000.00,Check,Undeposited Funds,,0.00
KAMINSKI. C/o STATESMAN HATS (PVT) LTD.,AS006342,2016-11-18,793332,15000.00,Check,Undeposited Funds,,0.00
KAMINSKI. C/o STATESMAN HATS (PVT) LTD.,AS006343,2016-11-18,793332,1000.00,Check,Undeposited Funds,,0.00
KAMINSKI. C/o STATESMAN HATS (PVT) LTD.,AS006344,2016-11-18,793332,1000.00,Check,Undeposited Funds,,0.00
Sri Lanka Insurance Coporation ltd.,AS006408,2016-11-19,039982,274666.64,Check,Undeposited Funds,,0.00
Bio Foods (Pvt) Ltd,AS006454,2016-11-22,369801,130000.00,Check,Undeposited Funds,,0.00
FITIS,AS006429,2016-11-22,580845,25000.00,Check,Undeposited Funds,,0.00
FITIS,AS006430,2016-11-22,580843,50000.00,Check,Undeposited Funds,,0.00
FITIS,AS006431,2016-11-22,580844,25000.00,Check,Undeposited Funds,,0.00
MACSON MESH,AS005543,2016-11-22,666481,2000.00,Check,Undeposited Funds,,0.00
MACSON MESH,AS005594,2016-11-22,666481,4000.00,Check,Undeposited Funds,,0.00
MACSON MESH,AS005987,2016-11-22,367970,10000.00,Check,Undeposited Funds,,0.00
MACSON MESH,AS006020,2016-11-22,367970,1000.00,Check,Undeposited Funds,,0.00
MACSON MESH,AS006022,2016-11-22,367970,2000.00,Check,Undeposited Funds,,0.00
MACSON MESH,AS006031,2016-11-22,367970,3000.00,Check,Undeposited Funds,,0.00
MACSON MESH,AS006037,2016-11-22,367970,5000.00,Check,Undeposited Funds,,0.00
MACSON MESH,AS006047,2016-11-22,367970,2000.00,Check,Undeposited Funds,,0.00
MACSON MESH,AS006067,2016-11-22,367970,5000.00,Check,Undeposited Funds,,0.00
MACSON MESH,AS006107,2016-11-22,367970,2000.00,Check,Undeposited Funds,,0.00
MACSON MESH,AS006108,2016-11-22,367970,2000.00,Check,Undeposited Funds,,0.00
Print Animation (Pvt)Ltd,AS006428,2016-11-24,693264,20000.00,Check,Undeposited Funds,,0.00
Studio I Max,AS006465,2016-11-24,,25000.00,Cash,Undeposited Funds,Advance,0.00
Shangri La Hotels Lanka (Private)Limited,AS006456,2016-11-25,288970,180000.00,Check,Undeposited Funds,,0.00
Thread Works (Pvt) Ltd,AS006439,2016-11-26,796585,110000.00,Check,Undeposited Funds,,0.00
JAT Holdings (Pvt) Ltd,AS006389,2016-11-28,969108,24000.00,Check,Undeposited Funds,,0.00
Studio Lakdam,AS006379,2016-11-28,938621,3600.00,Check,Undeposited Funds,,0.00
Studio Lakdam,AS006404,2016-11-28,938621,2500.00,Check,Undeposited Funds,,0.00
MACSON MESH,AS005827,2016-11-28,307479,11500.00,Check,Undeposited Funds,,0.00
MACSON MESH,AS005424,2016-11-28,963884,2500.00,Check,Undeposited Funds,,0.00
MACSON MESH,AS005425,2016-11-28,963884,1500.00,Check,Undeposited Funds,,0.00
F T Soft (Pvt)Ltd,AS006445,2016-11-30,781360,130750.00,Check,Undeposited Funds,,0.00
REGENT FINE JEWELS,AS005933,2016-11-30,783940,4000.00,Check,Undeposited Funds,,0.00
REGENT FINE JEWELS,AS005972,2016-11-30,783940,4500.00,Check,Undeposited Funds,,0.00
Mr Mueen,AS006268,2016-11-30,783940,5000.00,Check,Undeposited Funds,,0.00
techtron,AS006450,2016-11-30,098065,158000.00,Check,Undeposited Funds,,0.00
Care Lable Industries (Pvt) Ltd,AS006391,2016-12-05,214263,15000.00,Check,Undeposited Funds,,0.00
BlueChip Technical Services(Pvt)Ltd,AS006311,2016-12-05,735548,120600.00,Check,Undeposited Funds,,0.00
BlueChip Technical Services(Pvt)Ltd,AS006419,2016-12-05,735547,257400.00,Check,Undeposited Funds,,0.00
Jon Trepte,AS006501,2016-12-06,,139000.00,Cash,Undeposited Funds,Bank Transfer,0.00
LANKA COMMODITY BROKERS LTD,AS006395,2016-12-07,761824,40404.00,Check,Undeposited Funds,,0.00
LANKA COMMODITY BROKERS LTD,AS006396,2016-12-07,761824,40404.00,Check,Undeposited Funds,,0.00
LANKA COMMODITY BROKERS LTD,AS006435,2016-12-07,761824,40677.00,Check,Undeposited Funds,,0.00
Asiri Hospital PLC,AS006376,2016-12-07,,644000.00,Cash,Undeposited Funds,Bank Transfer,0.00
Tellida (Pvt)Ltd,AS006451,2016-12-07,167695,63000.00,Check,Undeposited Funds,,0.00
JAT Holdings (Pvt) Ltd,AS006409,2016-12-07,901994,29000.00,Check,Undeposited Funds,,0.00
Netcore Solutions,AS006421,2016-12-15,759651,36450.00,Check,Undeposited Funds,,0.00
techtron,AS006413,2016-12-16,624794,30000.00,Check,Undeposited Funds,,0.00
MACSON MESH,AS006316,2016-12-16,584204,89000.00,Check,Undeposited Funds,,0.00
MACSON MESH,AS006459,2016-12-16,584204,1000.00,Check,Undeposited Funds,,0.00
Mr Prasenna Senanayake  H N B,AS006512,2016-12-16,,51300.00,Cash,Undeposited Funds,,0.00
Sysco Network Systems,AS006468,2016-12-16,386661,90000.00,Check,Undeposited Funds,,0.00
Rangiri Sri Lanka Media Network,AS006373,2016-12-16,,139000.00,Cash,Undeposited Funds,Bank Deposits,0.00
Rangiri Sri Lanka Media Network,AS006374,2016-12-16,,25000.00,Cash,Undeposited Funds,Bank Deposits,0.00
Rapidventure (Pvt) Ltd,AS006416,2016-12-16,770688,80943.67,Check,Undeposited Funds,,0.00
Rapidventure (Pvt) Ltd,AS006426,2016-12-16,770688,54488.00,Check,Undeposited Funds,,0.00
JAY JAY MILLS LANKA (PVT) LTD,AS006422,2016-12-20,390636,70000.00,Check,Undeposited Funds,,0.00
Editing Table Studio,AS006510,2016-12-20,,5000.00,Cash,Undeposited Funds,,0.00
American Premium Water Systems (Pvt)Ltd,AS006447,2016-12-20,738852,220000.00,Check,Undeposited Funds,,0.00
The Computer Center (pvt) Ltd,AS006436,2016-12-20,380264,23740.00,Check,Undeposited Funds,,0.00
The Computer Center (pvt) Ltd,AS006514,2016-12-20,380265,35610.00,Check,Undeposited Funds,,0.00
The Computer Center (pvt) Ltd,AS006417,2016-12-20,834137,29000.00,Check,Undeposited Funds,,0.00
LANKA COMMODITY BROKERS LTD,AS006493,2016-12-20,741149,41223.00,Check,Undeposited Funds,,0.00
Pacific Manning Agency Colombo(Pvt)Ltd,AS006149,2016-12-20,631681,16720.00,Check,Undeposited Funds,,0.00
Savinda Graphics system (Pvt) Ltd,AS006475,2016-12-22,738136,122000.00,Check,Undeposited Funds,,0.00
Weblook International (Pvt) Ltd,AS005621,2016-12-27,226472,10000.00,Check,Undeposited Funds,,0.00
ZEOS SOLUTIONS,AS006118,2016-12-27,,80000.00,Cash,Undeposited Funds,,0.00
ZEOS SOLUTIONS,AS006147,2016-12-27,,23500.00,Cash,Undeposited Funds,,0.00
Enterprise Technology (Pvt)Ltd,AS006441,2016-12-27,347897,987700.00,Check,Undeposited Funds,,0.00
Denipitiya Studio,,2016-12-27,044508,75000.00,Check,Undeposited Funds,,75000.00
Denipitiya Studio,,2016-12-27,044509,100000.00,Check,Undeposited Funds,,100000.00
Denipitiya Studio,,2016-12-27,044510,80000.00,Check,Undeposited Funds,,80000.00
Avian,AS006455,2016-12-29,923453,336400.00,Check,Undeposited Funds,,0.00
Avian,AS006463,2016-12-29,923453,2177400.00,Check,Undeposited Funds,,0.00
ATG Occupational (Pvt) Ltd,AS006467,2016-12-29,011625,6000.00,Check,Undeposited Funds,,0.00
Microlink Computer Systems,AS006521,2016-12-29,609130,150040.00,Check,Undeposited Funds,,0.00
Microlink Computer Systems,AS006521,2016-12-29,609131,150040.00,Check,Undeposited Funds,,0.00
Studio I Max,AS006465,2016-12-29,,30000.00,Cash,Undeposited Funds,,0.00
Mr.A.K.Carder,AS006161,2016-12-29,,4000.00,Cash,Undeposited Funds,,0.00
Mr Bari,AS006432,2016-12-31,822509,24000.00,Check,Undeposited Funds,,0.00
MACSON MESH,AS005423,2017-01-03,584291,3000.00,Check,Undeposited Funds,,0.00
MACSON MESH,AS005458,2017-01-03,584291,1000.00,Check,Undeposited Funds,,0.00
MACSON MESH,AS005487,2017-01-03,584291,2000.00,Check,Undeposited Funds,,0.00
MACSON MESH,AS005489,2017-01-03,584291,7060.00,Check,Undeposited Funds,,0.00
MACSON MESH,AS005490,2017-01-03,584291,4000.00,Check,Undeposited Funds,,0.00
MACSON MESH,AS005491,2017-01-03,584291,2000.00,Check,Undeposited Funds,,0.00
MACSON MESH,AS005546,2017-01-03,584291,34500.00,Check,Undeposited Funds,,0.00
MACSON MESH,AS005578,2017-01-03,584291,4000.00,Check,Undeposited Funds,,0.00
MACSON MESH,AS005595,2017-01-03,584291,5000.00,Check,Undeposited Funds,,0.00
MACSON MESH,AS005671,2017-01-03,584291,5000.00,Check,Undeposited Funds,,0.00
MACSON MESH,AS005672,2017-01-03,584291,2000.00,Check,Undeposited Funds,,0.00
MACSON MESH,AS005696,2017-01-03,584291,1500.00,Check,Undeposited Funds,,0.00
MACSON MESH,AS005803,2017-01-03,584291,3000.00,Check,Undeposited Funds,,0.00
MACSON MESH,AS005804,2017-01-03,584291,4000.00,Check,Undeposited Funds,,0.00
MACSON MESH,AS005818,2017-01-03,584291,4000.00,Check,Undeposited Funds,,0.00
MACSON MESH,AS006494,2017-01-03,584291,40500.00,Check,Undeposited Funds,,0.00
MACSON MESH,AS005843,2017-01-03,,1000.00,Cash,Undeposited Funds,,0.00
Rapidventure (Pvt) Ltd,AS006427,2017-01-04,783011,30200.00,Check,Undeposited Funds,,0.00
Rapidventure (Pvt) Ltd,AS006444,2017-01-04,783011,50743.67,Check,Undeposited Funds,,0.00
KAMINSKI. C/o STATESMAN HATS (PVT) LTD.,AS006365,2017-01-04,508836,15000.00,Check,Undeposited Funds,,0.00
KAMINSKI. C/o STATESMAN HATS (PVT) LTD.,AS006399,2017-01-04,508836,44700.00,Check,Undeposited Funds,,0.00
KAMINSKI. C/o STATESMAN HATS (PVT) LTD.,AS006400,2017-01-04,508836,30700.00,Check,Undeposited Funds,,0.00
STATEMAN HATS (Pvt) LTD.,AS006187,2017-01-04,508846,17200.00,Check,Undeposited Funds,,0.00
STATEMAN HATS (Pvt) LTD.,AS006225,2017-01-04,508846,4000.00,Check,Undeposited Funds,,0.00
STATEMAN HATS (Pvt) LTD.,AS006337,2017-01-04,508846,1000.00,Check,Undeposited Funds,,0.00
STATEMAN HATS (Pvt) LTD.,AS006338,2017-01-04,508846,5000.00,Check,Undeposited Funds,,0.00
STATEMAN HATS (Pvt) LTD.,AS006339,2017-01-04,508846,1000.00,Check,Undeposited Funds,,0.00
STATEMAN HATS (Pvt) LTD.,AS006340,2017-01-04,508846,2000.00,Check,Undeposited Funds,,0.00
STATEMAN HATS (Pvt) LTD.,AS006341,2017-01-04,508846,1000.00,Check,Undeposited Funds,,0.00
STATEMAN HATS (Pvt) LTD.,AS006356,2017-01-04,508846,2000.00,Check,Undeposited Funds,,0.00
STATEMAN HATS (Pvt) LTD.,AS006357,2017-01-04,508846,11500.00,Check,Undeposited Funds,,0.00
STATEMAN HATS (Pvt) LTD.,AS006358,2017-01-04,508846,2000.00,Check,Undeposited Funds,,0.00
STATEMAN HATS (Pvt) LTD.,AS006397,2017-01-04,508846,17200.00,Check,Undeposited Funds,,0.00
STATEMAN HATS (Pvt) LTD.,AS006398,2017-01-04,508846,17200.00,Check,Undeposited Funds,,0.00
STATEMAN HATS (Pvt) LTD.,AS006402,2017-01-04,508846,4000.00,Check,Undeposited Funds,,0.00
STATEMAN HATS (Pvt) LTD.,AS006403,2017-01-04,508846,5000.00,Check,Undeposited Funds,,0.00
STATEMAN HATS (Pvt) LTD.,AS006405,2017-01-04,508846,1000.00,Check,Undeposited Funds,,0.00
STATEMAN HATS (Pvt) LTD.,AS006406,2017-01-04,508846,18000.00,Check,Undeposited Funds,,0.00
STATEMAN HATS (Pvt) LTD.,AS006442,2017-01-04,508846,17200.00,Check,Undeposited Funds,,0.00
STATEMAN HATS (Pvt) LTD.,AS006496,2017-01-04,508846,60000.00,Check,Undeposited Funds,,0.00
STATEMAN HATS (Pvt) LTD.,AS006499,2017-01-04,508846,17200.00,Check,Undeposited Funds,,0.00
Synergy Ventures,AS006025,2017-01-05,883067,4000.00,Check,Undeposited Funds,,0.00
Synergy Ventures,AS006046,2017-01-05,883067,20000.00,Check,Undeposited Funds,,0.00
Synergy Ventures,AS006055,2017-01-05,883067,1000.00,Check,Undeposited Funds,,0.00
Synergy Ventures,AS006056,2017-01-05,883067,2000.00,Check,Undeposited Funds,,0.00
Synergy Ventures,AS006058,2017-01-05,883067,5000.00,Check,Undeposited Funds,,0.00
Synergy Ventures,AS006060,2017-01-05,883067,4000.00,Check,Undeposited Funds,,0.00
Synergy Ventures,AS006061,2017-01-05,883067,2000.00,Check,Undeposited Funds,,0.00
Synergy Ventures,AS006068,2017-01-05,883067,1000.00,Check,Undeposited Funds,,0.00
Synergy Ventures,AS006109,2017-01-05,883067,4000.00,Check,Undeposited Funds,,0.00
Synergy Ventures,AS006159,2017-01-05,883067,3000.00,Check,Undeposited Funds,,0.00
Synergy Ventures,AS006182,2017-01-05,883067,4000.00,Check,Undeposited Funds,,0.00
Synergy Ventures,AS006183,2017-01-05,883067,1500.00,Check,Undeposited Funds,,0.00
Synergy Ventures,AS005902,2017-01-05,949231,1000.00,Check,Undeposited Funds,,0.00
Synergy Ventures,AS005903,2017-01-05,949231,4000.00,Check,Undeposited Funds,,0.00
Synergy Ventures,AS005904,2017-01-05,949231,2000.00,Check,Undeposited Funds,,0.00
Synergy Ventures,AS005907,2017-01-05,949231,1500.00,Check,Undeposited Funds,,0.00
Synergy Ventures,AS006057,2017-01-05,949231,2000.00,Check,Undeposited Funds,,0.00
Synergy Ventures,AS006145,2017-01-05,949231,1000.00,Check,Undeposited Funds,,0.00
Synergy Ventures,AS006229,2017-01-05,949231,2000.00,Check,Undeposited Funds,,0.00
Synergy Ventures,AS006230,2017-01-05,949231,3000.00,Check,Undeposited Funds,,0.00
Studio Click,AS006509,2017-01-10,775738,212900.00,Check,Undeposited Funds,,0.00
Tajima Colombo (Pvt) Ltd,AS006488,2017-01-10,098770,55500.00,Check,Undeposited Funds,,0.00
Base Hp (Pvt) Ltd,AS006457,2017-01-11,631573,130600.00,Check,Undeposited Funds,,0.00
Aitken Spence Printing & Packaging(Pvt)Lt,AS006423,2017-01-11,008493,471700.00,Check,Undeposited Funds,,0.00
Studio Lakdam,AS006522,2017-01-11,945186,35000.00,Check,Undeposited Funds,,0.00
Bio Foods (Pvt) Ltd,AS006500,2017-01-13,401152,40500.00,Check,Undeposited Funds,,0.00
Tellida (Pvt)Ltd,AS006505,2017-01-13,173303,69500.00,Check,Undeposited Funds,,0.00
Novaco Security Services (Pvt)Ltd,AS005338,2017-01-16,,4500.00,Cash,Undeposited Funds,Bank Deposits,0.00
Novaco Security Services (Pvt)Ltd,AS006469,2017-01-16,,4500.00,Cash,Undeposited Funds,Bank Deposits,0.00
Novaco Security Services (Pvt)Ltd,AS006470,2017-01-16,,4500.00,Cash,Undeposited Funds,Bank Deposits,0.00
LANKA COMMODITY BROKERS LTD,AS006231,2017-01-16,762114,40131.00,Check,Undeposited Funds,,0.00
LANKA COMMODITY BROKERS LTD,AS006318,2017-01-16,762114,40131.00,Check,Undeposited Funds,,0.00
LANKA COMMODITY BROKERS LTD,AS006319,2017-01-16,762114,40404.00,Check,Undeposited Funds,,0.00
Finlays Colombo PLC,AS006452,2017-01-17,619271,35000.00,Check,Undeposited Funds,,0.00
David Pieris Information Technologies Lt,AS006492,2017-01-17,565563,204000.00,Check,Undeposited Funds,,0.00
Ceylon Electricity Board - Ethulkotte,AS006518,2017-01-17,270371,124000.00,Check,Undeposited Funds,,0.00
Studio Click Online,AS006424,2017-01-18,080546,17500.00,Check,Undeposited Funds,,0.00
Studio Click Online,AS006424,2017-01-18,080547,17500.00,Check,Undeposited Funds,,0.00
Studio Click Online,AS006425,2017-01-18,080548,11000.00,Check,Undeposited Funds,,250.00
Studio Click Online,AS006440,2017-01-18,080548,2250.00,Check,Undeposited Funds,,250.00
Department of Agriculture,AS006487,2017-01-23,156188,524975.00,Check,Undeposited Funds,,0.00
APL Logistics,AS006502,2017-01-23,104328,150200.00,Check,Undeposited Funds,,0.00
Rapidventure (Pvt) Ltd,AS006490,2017-01-24,783031,18490.00,Check,Undeposited Funds,,0.00
Okelta Technologies,AS006583,2017-01-25,709603,163750.00,Check,Undeposited Funds,,0.00
Centre For Research And Development,AS006511,2017-01-25,236812,10000.00,Check,Undeposited Funds,,0.00
Centre For Research And Development,AS006520,2017-01-25,236960,2215000.00,Check,Undeposited Funds,,0.00
ATG Occupational (Pvt) Ltd,AS006543,2017-01-27,011785,1000.00,Check,Undeposited Funds,,0.00
SouthNet Technologies (Pvt) Ltd,AS006531,2017-01-27,044627,100000.00,Check,Undeposited Funds,,0.00
SouthNet Technologies (Pvt) Ltd,AS006453,2017-01-27,044628,9000.00,Check,Undeposited Funds,,0.00
SouthNet Technologies (Pvt) Ltd,AS006531,2017-01-27,044628,146000.00,Check,Undeposited Funds,,0.00
South Asian Technologies (Pvt) Ltd,AS006312,2017-01-31,040400,56300.00,Check,Undeposited Funds,,0.00
JAT Holdings (Pvt) Ltd,AS006410,2017-02-01,745946,29000.00,Check,Undeposited Funds,,0.00
MR. HIRAN WICKRAMANAYAKE,AS006294,2017-02-01,908139,1000.00,Check,Undeposited Funds,,0.00
David Pierise Information Technologies Lt,AS006517,2017-02-02,574275,204000.00,Check,Undeposited Funds,,0.00
I Dawn Group Of Companies,AS006200,2017-02-02,3 cheques,553000.00,Check,Undeposited Funds,"104462,104464,104463",0.00
I Dawn Group Of Companies,AS006246,2017-02-02,3 cheques,18090.00,Check,Undeposited Funds,"104462,104464,104463",0.00
Netcore Solutions,AS006504,2017-02-09,035152,21500.00,Check,Undeposited Funds,,0.00
T E C Data Solutions,AS006603,2017-02-09,051127,14500.00,Check,Undeposited Funds,,0.00
Authenticities Pvt Ltd,AS006534,2017-02-11,,1900.00,Cash,Undeposited Funds,,0.00
Mr Prasenna Senanayake  H N B,AS006513,2017-02-11,,1500.00,Cash,Undeposited Funds,,0.00
Studio Lakdam,AS006883,2017-02-14,949007,25330.00,Check,Undeposited Funds,,0.00
Barclays Computers (Pvt) Ltd,AS006460,2017-02-15,,26150.00,Cash,Undeposited Funds,reduced against payment,0.00
Barclays Computers (Pvt) Ltd,AS006460,2017-02-15,742901,30850.00,Check,Undeposited Funds,,0.00
Barclays Computers (Pvt) Ltd,AS006529,2017-02-15,742901,28500.00,Check,Undeposited Funds,,0.00
Barclays Computers (Pvt) Ltd,AS006557,2017-02-15,742901,28500.00,Check,Undeposited Funds,,0.00
Hotel Sansu,AS006587,2017-02-20,777278,100000.00,Check,Undeposited Funds,,0.00
Hotel Sansu,AS006587,2017-02-20,777279,99500.00,Check,Undeposited Funds,,0.00
Global IT Works,AS006558,2017-02-22,820852,195000.00,Check,Undeposited Funds,,0.00
Rangiri Sri Lanka Media Network,AS006461,2017-02-28,833612,25000.00,Check,Undeposited Funds,,0.00
Open Systems Integrators,AS006556,2017-02-28,200566,371200.00,Check,Undeposited Funds,,0.00
CHEC Port City Colombo (Pvt)Ltd,AS006609,2017-02-28,813632,80500.00,Check,Undeposited Funds,,0.00
Susila Creations(Pvt)  Ltd,AS006627,2017-02-28,735709,337000.00,Check,Undeposited Funds,,0.00
Studio I Max,AS006465,2017-03-03,,43000.00,Cash,Undeposited Funds,,0.00
Rapidventure (Pvt) Ltd,AS006528,2017-03-09,802188,29070.00,Check,Undeposited Funds,,0.00
Rapidventure (Pvt) Ltd,AS006538,2017-03-09,802188,57100.00,Check,Undeposited Funds,,0.00
JAT Holdings (Pvt) Ltd,AS006515,2017-03-10,969470,3600.00,Check,Undeposited Funds,,0.00
JAT Holdings (Pvt) Ltd,AS006516,2017-03-10,969470,3600.00,Check,Undeposited Funds,,0.00
LEECOM SCADA SYSTEMS (PVT)LTD,AS006648,2017-03-10,951533,91425.00,Check,Undeposited Funds,,0.00
Lankem Ceylon PLC,AS006269,2017-03-10,,16820.00,Check,Undeposited Funds,,0.00
Lankem Ceylon PLC,AS006420,2017-03-10,,16820.00,Check,Undeposited Funds,,0.00
Tajima Colombo (Pvt) Ltd,AS006561,2017-03-10,098808,517500.00,Check,Undeposited Funds,,0.00
Macksons Holdings,AS006415,2017-03-10,583781,6000.00,Check,Undeposited Funds,,0.00
Winter Quilts,AS006523,2017-03-10,001474,192000.00,Check,Undeposited Funds,,0.00
Mr Prasenna Senanayake  H N B,AS006649,2017-03-13,,16500.00,Cash,Undeposited Funds,,0.00
MICROCELLS LTD,AS006546,2017-03-13,,18000.00,Cash,Undeposited Funds,Bank Deposit,0.00
KIK,AS006477,2017-03-13,,40350.00,Cash,Undeposited Funds,Bank Deposits,0.00
KIK,AS006519,2017-03-13,,40350.00,Cash,Undeposited Funds,Bank Deposits,0.00
Central Hospital,AS006555,2017-03-13,,85300.00,Cash,Undeposited Funds,Bank Deposits,0.00
Mountcastle Pty Ltd,AS006433,2017-03-13,,111750.00,Cash,Undeposited Funds,Bank Deposits,0.00
Mountcastle Pty Ltd,AS006448,2017-03-13,,222800.00,Cash,Undeposited Funds,Bank Deposits,0.00
Mountcastle Pty Ltd,AS006471,2017-03-13,,10000.00,Cash,Undeposited Funds,Bank Deposits,0.00
Mountcastle Pty Ltd,AS006472,2017-03-13,,2000.00,Cash,Undeposited Funds,Bank Deposits,0.00
Mountcastle Pty Ltd,AS006473,2017-03-13,,4000.00,Cash,Undeposited Funds,Bank Deposits,0.00
Mountcastle Pty Ltd,AS006474,2017-03-13,,21500.00,Cash,Undeposited Funds,Bank Deposits,0.00
Mountcastle Pty Ltd,AS006476,2017-03-13,,2000.00,Cash,Undeposited Funds,Bank Deposits,0.00
Mountcastle Pty Ltd,AS006508,2017-03-13,,18350.00,Cash,Undeposited Funds,Bank Deposits,0.00
Thillai Vision,AS006621,2017-03-13,834522,17500.00,Check,Undeposited Funds,,0.00
ICC Resorts (Pvt) Ltd,AS006602,2017-03-14,995056,70500.00,Check,Undeposited Funds,,0.00
Trade Promoters (Pvt)Ltd,AS006581,2017-03-14,023958,20000.00,Check,Undeposited Funds,,0.00
Avian,AS006604,2017-03-14,944988,433800.00,Check,Undeposited Funds,,0.00
LANKA COMMODITY BROKERS LTD,AS006598,2017-03-15,780021,11270.00,Check,Undeposited Funds,,0.00
E- Com Solutions (Pvt) Ltd,AS006610,2017-03-16,394132,152100.00,Check,Undeposited Funds,,0.00
Consolidated Business Systems Limited,AS006638,2017-03-16,728703,26910.00,Check,Undeposited Funds,,0.00
Associated Resoorts Developers (Pvt)Ltd,AS006607,2017-03-20,455955,70500.00,Check,Undeposited Funds,,0.00
Ulagalla Walawwa Resort (Pvt)Ltd,AS006620,2017-03-20,664919,70500.00,Check,Undeposited Funds,,0.00
Jungle Beach Resort (Pvt)Ltd,AS006619,2017-03-20,507667,70500.00,Check,Undeposited Funds,,0.00
UGA Escapes Management (Pvt) Ltd,AS006608,2017-03-20,421573,70500.00,Check,Undeposited Funds,,0.00
KAMINSKI. C/o STATESMAN HATS (PVT) LTD.,AS006443,2017-03-22,672957,44975.00,Check,Undeposited Funds,,0.00
KAMINSKI. C/o STATESMAN HATS (PVT) LTD.,AS006498,2017-03-22,672957,45525.00,Check,Undeposited Funds,,0.00
KAMINSKI. C/o STATESMAN HATS (PVT) LTD.,AS006533,2017-03-22,672957,1000.00,Check,Undeposited Funds,,0.00
KAMINSKI. C/o STATESMAN HATS (PVT) LTD.,AS006542,2017-03-22,672957,3000.00,Check,Undeposited Funds,,0.00
KAMINSKI. C/o STATESMAN HATS (PVT) LTD.,AS006545,2017-03-22,672957,45250.00,Check,Undeposited Funds,,0.00
KAMINSKI. C/o STATESMAN HATS (PVT) LTD.,AS006551,2017-03-22,672957,2000.00,Check,Undeposited Funds,,0.00
KAMINSKI. C/o STATESMAN HATS (PVT) LTD.,AS006595,2017-03-22,672957,365000.00,Check,Undeposited Funds,,0.00
KAMINSKI. C/o STATESMAN HATS (PVT) LTD.,AS006599,2017-03-22,672957,52923.00,Check,Undeposited Funds,,0.00
STATEMAN HATS (Pvt) LTD.,AS006367,2017-03-22,624783,8750.00,Check,Undeposited Funds,,0.00
STATEMAN HATS (Pvt) LTD.,AS006368,2017-03-22,624783,13000.00,Check,Undeposited Funds,,0.00
STATEMAN HATS (Pvt) LTD.,AS006458,2017-03-22,624783,2000.00,Check,Undeposited Funds,,0.00
STATEMAN HATS (Pvt) LTD.,AS006464,2017-03-22,624783,2500.00,Check,Undeposited Funds,,0.00
STATEMAN HATS (Pvt) LTD.,AS006478,2017-03-22,624783,2000.00,Check,Undeposited Funds,,0.00
STATEMAN HATS (Pvt) LTD.,AS006479,2017-03-22,624783,5500.00,Check,Undeposited Funds,,0.00
STATEMAN HATS (Pvt) LTD.,AS006480,2017-03-22,624783,3900.00,Check,Undeposited Funds,,0.00
STATEMAN HATS (Pvt) LTD.,AS006481,2017-03-22,624783,1000.00,Check,Undeposited Funds,,0.00
STATEMAN HATS (Pvt) LTD.,AS006482,2017-03-22,624783,3000.00,Check,Undeposited Funds,,0.00
STATEMAN HATS (Pvt) LTD.,AS006483,2017-03-22,624783,2000.00,Check,Undeposited Funds,,0.00
STATEMAN HATS (Pvt) LTD.,AS006484,2017-03-22,624783,5000.00,Check,Undeposited Funds,,0.00
STATEMAN HATS (Pvt) LTD.,AS006485,2017-03-22,624783,8000.00,Check,Undeposited Funds,,0.00
STATEMAN HATS (Pvt) LTD.,AS006507,2017-03-22,624783,19000.00,Check,Undeposited Funds,,0.00
STATEMAN HATS (Pvt) LTD.,AS006569,2017-03-22,624783,3450.00,Check,Undeposited Funds,,0.00
STATEMAN HATS (Pvt) LTD.,AS006571,2017-03-22,624783,2300.00,Check,Undeposited Funds,,0.00
STATEMAN HATS (Pvt) LTD.,AS006573,2017-03-22,624783,1150.00,Check,Undeposited Funds,,0.00
STATEMAN HATS (Pvt) LTD.,AS006574,2017-03-22,624783,1150.00,Check,Undeposited Funds,,0.00
STATEMAN HATS (Pvt) LTD.,AS006575,2017-03-22,624783,2300.00,Check,Undeposited Funds,,0.00
STATEMAN HATS (Pvt) LTD.,AS006577,2017-03-22,624783,3450.00,Check,Undeposited Funds,,0.00
STATEMAN HATS (Pvt) LTD.,AS006597,2017-03-22,624783,19780.00,Check,Undeposited Funds,,0.00
My Logic Technical Services,AS006668,2017-03-22,278193,58000.00,Check,Undeposited Funds,,0.00
Melwire Rolling (Pvt) Ltd,AS006582,2017-03-23,013837,96000.00,Check,Undeposited Funds,,0.00
Ceylinco General Insurance Limited,AS006646,2017-03-23,976736,314847.28,Check,Undeposited Funds,,0.00
Mr Arjuna,AS006678,2017-03-24,074040,59400.00,Check,Undeposited Funds,,0.00
EXPRESS NEWSPAPERS (CEYLON) LTD,AS006297,2017-03-29,,22500.00,Cash,Undeposited Funds,,0.00
Eternal Asia Lanka (Pvt) Ltd,AS006596,2017-03-29,757298,30000.00,Check,Undeposited Funds,,0.00
Barclays Computers (Pvt) Ltd,AS006613,2017-03-29,134910,72000.00,Check,Undeposited Funds,,0.00
TURNKEY IT TRAINING,AS006657,2017-03-29,358846,72000.00,Check,Undeposited Funds,,0.00
Asian Paints (Lanka) Limited,AS006634,2017-03-30,044188/493369,55100.00,Check,Undeposited Funds,,0.00
Timex Garments (Pvt) Ltd,AS006559,2017-03-30,4444438,233000.00,Check,Undeposited Funds,,0.00
Shaw Wallace Ceylon Limited,AS006615,2017-03-30,707158,16000.00,Check,Undeposited Funds,,0.00
Samson Compounds (Pvt) Ltd,AS006585,2017-03-30,860333,57000.00,Check,Undeposited Funds,,0.00
Analytical Instruments (Pvt) Ltd,AS006644,2017-03-31,399230,160000.00,Check,Undeposited Funds,,0.00
Cash Sales,AS006686,2017-04-03,,30800.00,Cash,Undeposited Funds,Mr Samitha,0.00
I Dawn Group Of Companies,AS006652,2017-04-04,109593,109640.00,Check,Undeposited Funds,,0.00
BlueChip Technical Services(Pvt)Ltd,AS006655,2017-04-04,754856,395200.00,Check,Undeposited Funds,,0.00
Micro Access Computer Systems,AS006696,2017-04-06,,30900.00,Cash,Undeposited Funds,,0.00
DSI,AS006584,2017-04-07,516790,57000.00,Check,Undeposited Funds,,0.00
NOLIMIT,AS006380,2017-04-07,093000,24900.00,Check,Undeposited Funds,,0.00
ebase asia,AS006591,2017-04-07,609173,21000.00,Check,Undeposited Funds,,0.00
ebase asia,AS006592,2017-04-07,609173,4000.00,Check,Undeposited Funds,,0.00
ebase asia,AS006600,2017-04-07,609173,25000.00,Check,Undeposited Funds,,0.00
ebase asia,AS006650,2017-04-07,609173,30800.00,Check,Undeposited Funds,,0.00
Assetline Leasing Company Limited,AS006635,2017-04-07,554386,40000.00,Check,Undeposited Funds,,0.00
LANKA COMMODITY BROKERS LTD,AS006636,2017-04-17,789117,11270.00,Check,Undeposited Funds,,0.00
Asiri,AS006532,2017-04-17,Bank,67500.00,Bank Deposits,Undeposited Funds,,0.00
Fazaal Hardware(Pvt)Ltd,AS006235,2017-04-17,Bank,15000.00,Bank Deposits,Undeposited Funds,,0.00
Fazaal Hardware(Pvt)Ltd,AS006257,2017-04-17,Bank,6000.00,Bank Deposits,Undeposited Funds,,0.00
Fazaal Hardware(Pvt)Ltd,AS006272,2017-04-17,Bank,177000.00,Bank Deposits,Undeposited Funds,,0.00
Fazaal Hardware(Pvt)Ltd,AS006346,2017-04-17,Bank,20000.00,Bank Deposits,Undeposited Funds,,0.00
Fazaal Hardware(Pvt)Ltd,AS006372,2017-04-17,Bank,1000.00,Bank Deposits,Undeposited Funds,,0.00
Softlogic Retail (Pvt) Ltd.,AS006631,2017-04-17,Bank,759500.00,Bank Deposits,Undeposited Funds,,0.00
MCB Bank Ltd,AS006639,2017-04-17,105603,22500.00,Check,Undeposited Funds,,0.00
Bureau Veritas Consumer Products,AS006701,2017-04-17,814693,138500.00,Check,Undeposited Funds,,0.00
LANKA COMMODITY BROKERS LTD,AS006690,2017-04-17,789047,11270.00,Check,Undeposited Funds,,0.00
Sri Lanka Insurance Coporation ltd.,AS006659,2017-04-17,110763,457700.00,Check,Undeposited Funds,,0.00
The Computer Center (pvt) Ltd,AS006601,2017-04-17,77918,26038.00,Check,Undeposited Funds,,0.00
Mr Madura Sonnadara,AS006693,2017-04-17,,64000.00,Cash,Undeposited Funds,,0.00
Optimal Solutions,AS006720,2017-04-17,,31500.00,Cash,Undeposited Funds,,0.00
CHEC Port City Colombo (Pvt)Ltd,AS006658,2017-04-17,499419,80500.00,Check,Undeposited Funds,,0.00
UGA Escapes Colombo (PVt)Ltd,AS006618,2017-04-17,960488,70500.00,Check,Undeposited Funds,,0.00
Rapidventure (Pvt) Ltd,AS006647,2017-04-17,829802,174730.00,Check,Undeposited Funds,,0.00
Rapidventure (Pvt) Ltd,AS006622,2017-04-17,Bank,27514.90,Bank Deposits,Undeposited Funds,,0.00
Rapidventure (Pvt) Ltd,AS006629,2017-04-17,Bank,27514.90,Bank Deposits,Undeposited Funds,,0.00
Elegent Knitting (Pvt) Ltd,AS006662,2017-04-17,567692,3450.00,Check,Undeposited Funds,,0.00
Ceylon Electricity Board - Ethulkotte,AS006694,2017-04-17,268828,124000.00,Check,Undeposited Funds,,0.00
E- Com Solutions (Pvt) Ltd,AS006691,2017-04-17,408967,131100.00,Check,Undeposited Funds,,0.00
Christo Martinez (Pvt) Limited,AS006676,2017-05-08,690695,352500.00,Check,Undeposited Funds,,0.00
MTI Consulting,AS006572,2017-05-08,331437,2000.00,Check,Undeposited Funds,,0.00
Hemas Holdings PLC,AS006565,2017-05-08,015157,20000.00,Check,Undeposited Funds,,0.00
Asia Pacific Technology Systems (Pvt) Ltd,AS006674,2017-05-17,291636,34500.00,Check,Undeposited Funds,,0.00
Micro Solutions Information Systems (Pvt),AS006684,2017-05-17,661936,418000.00,Check,Undeposited Funds,,0.00
M R C Associate Garments (Pvt) Ltd,AS006727,2017-05-17,935080,106000.00,Check,Undeposited Funds,,0.00
My Computers (Pvt) Ltd,AS006700,2017-05-18,Cash,32260.00,Cash,Undeposited Funds,,0.00
Netcore Solutions,AS006530,2017-05-18,Cash,3600.00,Cash,Undeposited Funds,,0.00
Ceylon Beveraage Can (Pvt) Ltd,AS006633,2017-05-18,123074,78000.00,Check,Undeposited Funds,,0.00
Sri Lanka Institute of Taxation,AS006730,2017-05-19,052228,77500.00,Check,Undeposited Funds,,0.00
Tajima Colombo (Pvt) Ltd,AS006692,2017-05-19,104160,46920.00,Check,Undeposited Funds,,0.00
Synergy Ventures,AS006227,2017-05-19,983530,2000.00,Check,Undeposited Funds,,0.00
Synergy Ventures,AS006524,2017-05-19,983530,6000.00,Check,Undeposited Funds,,0.00
Synergy Ventures,AS006525,2017-05-19,983530,6000.00,Check,Undeposited Funds,,0.00
Synergy Ventures,AS006526,2017-05-19,983530,5000.00,Check,Undeposited Funds,,0.00
Synergy Ventures,AS006527,2017-05-19,983530,6000.00,Check,Undeposited Funds,,0.00
Synergy Ventures,AS006568,2017-05-19,983530,1150.00,Check,Undeposited Funds,,0.00
Synergy Ventures,AS006570,2017-05-19,983530,5750.00,Check,Undeposited Funds,,0.00
Synergy Ventures,AS006576,2017-05-19,983530,14950.00,Check,Undeposited Funds,,0.00
Aitken Spence Cargo (pvt) Ltd,AS006562,2017-05-19,085797,20000.00,Check,Undeposited Funds,,0.00
Mrs Inoka,AS006731,2017-05-19,Cash,44000.00,Cash,Undeposited Funds,,0.00
Micro Solutions Information Systems (Pvt),AS006698,2017-05-23,672154,60950.00,Check,Undeposited Funds,,0.00
Bureau Veritas Consumer Products,AS006701,2017-05-24,814754,138500.00,Check,Undeposited Funds,,0.00
MAC PC SOLUTIONS,AS006656,2017-05-24,284110,43750.00,Check,Undeposited Funds,,0.00
MAC PC SOLUTIONS,AS006656,2017-05-24,284111,43750.00,Check,Undeposited Funds,,0.00
BlueChip Technical Services(Pvt)Ltd,AS006715,2017-05-24,755033,551800.00,Check,Undeposited Funds,,0.00
ZEOS SOLUTIONS,AS006378,2017-05-24,Cash Cheque484872,70000.00,Cash,Undeposited Funds,,0.00
Barclays Computers (Pvt) Ltd,AS006651,2017-05-24,748915,29400.00,Check,Undeposited Funds,,0.00
Barclays Computers (Pvt) Ltd,AS006683,2017-05-24,748915,29400.00,Check,Undeposited Funds,,0.00
Cash Sales,AS006679,2017-05-24,Bank Deposit,21102.99,Cash,Undeposited Funds,,0.00
MACSON MESH,AS006371,2017-05-24,Bank Deposits,90000.00,Bank Deposits,Undeposited Funds,,0.00
MACSON MESH,AS006462,2017-05-24,Bank Deposits,5000.00,Bank Deposits,Undeposited Funds,,0.00
MACSON MESH,AS006466,2017-05-24,Bank Deposits,30000.00,Bank Deposits,Undeposited Funds,,0.00
MACSON MESH,AS006614,2017-05-24,Bank Deposits,39767.00,Bank Deposits,Undeposited Funds,,0.00
MUSLIM AID,AS005985,2017-05-24,,4000.00,Bank Deposits,Undeposited Funds,,0.00
MUSLIM AID,AS006077,2017-05-24,,10000.00,Bank Deposits,Undeposited Funds,,0.00
MUSLIM AID,AS006226,2017-05-24,,20000.00,Bank Deposits,Undeposited Funds,,0.00
MUSLIM AID,AS006495,2017-05-24,,60000.00,Bank Deposits,Undeposited Funds,,0.00
MUSLIM AID,AS006548,2017-05-24,,15000.00,Bank Deposits,Undeposited Funds,,0.00
MUSLIM AID,AS006549,2017-05-24,,15000.00,Bank Deposits,Undeposited Funds,,0.00
Pretec Solutions,AS006617,2017-05-24,Bank Deposits,32260.00,Bank Deposits,Undeposited Funds,,0.00
Pretec Solutions,AS006628,2017-05-24,Bank Deposits,64520.00,Bank Deposits,Undeposited Funds,,0.00
Aitken Spence Travels (Private)Limited.,AS006327,2017-05-24,015891,22500.00,Check,Undeposited Funds,,0.00
Digital Mobility Solutions Lanka (pvt)Ltd,AS006497,2017-05-24,012709,37000.00,Check,Undeposited Funds,,0.00
REGENT FINE JEWELS,AS006489,2017-05-24,838203,14000.00,Check,Undeposited Funds,,0.00
Lanka Bell,AS006437,2017-05-24,034107,20100.00,Check,Undeposited Funds,,0.00
Mrs Inoka,AS006743,2017-05-26,Cash,22000.00,Cash,Undeposited Funds,,0.00
Greenwave Technologies,AS006765,2017-05-26,Cash,32300.00,Cash,Undeposited Funds,,0.00
Globe Glaass (Pvt) Ltd,AS006723,2017-05-26,090478,81650.00,Check,Undeposited Funds,,0.00
Barclays Computers (Pvt) Ltd,AS006706,2017-05-26,135034,29400.00,Check,Undeposited Funds,,0.00
Barclays Computers (Pvt) Ltd,AS006708,2017-05-26,135034,29400.00,Check,Undeposited Funds,,0.00
Barclays Computers (Pvt) Ltd,AS006726,2017-05-26,135034,29400.00,Check,Undeposited Funds,,0.00
MS Technologies (Private) Limited,AS006677,2017-05-29,497758,479900.00,Check,Undeposited Funds,,0.00
Epro Technologies (Pvt) Ltd,AS006745,2017-05-29,,59600.00,Check,Undeposited Funds,,0.00
Micro Access Computer Systems,AS006751,2017-05-31,CASH,30900.00,Cash,Undeposited Funds,,0.00
I Dawn Group Of Companies,AS006752,2017-05-31,Cash,212000.00,Cash,Undeposited Funds,,0.00
Studio I Max,AS006759,2017-06-07,Cash,20000.00,Cash,Undeposited Funds,,0.00
KAMINSKI. C/o STATESMAN HATS (PVT) LTD.,AS006688,2017-06-09,804521,295800.00,Check,Undeposited Funds,,0.00
KAMINSKI. C/o STATESMAN HATS (PVT) LTD.,AS006689,2017-06-09,804521,23000.00,Check,Undeposited Funds,,0.00
KAMINSKI. C/o STATESMAN HATS (PVT) LTD.,AS006711,2017-06-09,804521,53302.50,Check,Undeposited Funds,,0.00
STATEMAN HATS (Pvt) LTD.,AS006535,2017-06-09,804522,2000.00,Check,Undeposited Funds,,0.00
STATEMAN HATS (Pvt) LTD.,AS006536,2017-06-09,804522,2000.00,Check,Undeposited Funds,,0.00
STATEMAN HATS (Pvt) LTD.,AS006537,2017-06-09,804522,3000.00,Check,Undeposited Funds,,0.00
STATEMAN HATS (Pvt) LTD.,AS006539,2017-06-09,804522,3750.00,Check,Undeposited Funds,,0.00
STATEMAN HATS (Pvt) LTD.,AS006540,2017-06-09,804522,5000.00,Check,Undeposited Funds,,0.00
STATEMAN HATS (Pvt) LTD.,AS006541,2017-06-09,804522,2000.00,Check,Undeposited Funds,,0.00
STATEMAN HATS (Pvt) LTD.,AS006547,2017-06-09,804522,17200.00,Check,Undeposited Funds,,0.00
STATEMAN HATS (Pvt) LTD.,AS006552,2017-06-09,804522,2000.00,Check,Undeposited Funds,,0.00
STATEMAN HATS (Pvt) LTD.,AS006663,2017-06-09,804522,8050.00,Check,Undeposited Funds,,0.00
STATEMAN HATS (Pvt) LTD.,AS006664,2017-06-09,804522,750.00,Check,Undeposited Funds,,0.00
STATEMAN HATS (Pvt) LTD.,AS006665,2017-06-09,804522,2300.00,Check,Undeposited Funds,,0.00
STATEMAN HATS (Pvt) LTD.,AS006666,2017-06-09,804522,2300.00,Check,Undeposited Funds,,0.00
STATEMAN HATS (Pvt) LTD.,AS006667,2017-06-09,804522,2300.00,Check,Undeposited Funds,,0.00
STATEMAN HATS (Pvt) LTD.,AS006669,2017-06-09,804522,2300.00,Check,Undeposited Funds,,0.00
STATEMAN HATS (Pvt) LTD.,AS006670,2017-06-09,804522,5750.00,Check,Undeposited Funds,,0.00
STATEMAN HATS (Pvt) LTD.,AS006671,2017-06-09,804522,13800.00,Check,Undeposited Funds,,0.00
STATEMAN HATS (Pvt) LTD.,AS006672,2017-06-09,804522,19780.00,Check,Undeposited Funds,,0.00
STATEMAN HATS (Pvt) LTD.,AS006673,2017-06-09,804522,19780.00,Check,Undeposited Funds,,0.00
STATEMAN HATS (Pvt) LTD.,AS006687,2017-06-09,804522,2300.00,Check,Undeposited Funds,,0.00
STATEMAN HATS (Pvt) LTD.,AS006710,2017-06-09,804522,19780.00,Check,Undeposited Funds,,0.00
ARPICO FINANCE CO.(LTD),AS006695,2017-06-09,109964,613500.00,Check,Undeposited Funds,,0.00
LANKA COMMODITY BROKERS LTD,AS006709,2017-06-19,797578,11270.00,Check,Undeposited Funds,,0.00
David Pieris Information Technologies Lt,AS006729,2017-06-19,589979,235283.00,Check,Undeposited Funds,,0.00
Editing Table Studio,AS006774,2017-06-19,627304,5750.00,Check,Undeposited Funds,,0.00
The Buddhist Media Network,AS006748,2017-06-19,056996,1948450.00,Check,Undeposited Funds,,0.00
Sri Lanka Insurance Coporation ltd.,AS006728,2017-06-19,112637,2247553.78,Check,Undeposited Funds,,0.00
LANKA COMMODITY BROKERS LTD,AS006767,2017-06-19,,11270.00,Check,Undeposited Funds,,0.00
Rapidventure (Pvt) Ltd,AS006675,2017-06-21,Bank Deposit,60041.00,Bank Deposits,Undeposited Funds,,0.00
Singer(Sri Lanka)PLC,AS006755,2017-06-21,948259,498000.00,Check,Undeposited Funds,,0.00
Lanka Bell Ltd,AS006560,2017-06-21,041881,16820.00,Check,Undeposited Funds,,0.00
Lanka Bell Ltd,AS006593,2017-06-21,041881,10000.00,Check,Undeposited Funds,,0.00
techtron,AS006800,2017-06-21,109901,125000.00,Check,Undeposited Funds,,0.00
STATEMAN HATS (Pvt) LTD.,AS006712,2017-06-21,870111,55200.00,Check,Undeposited Funds,,0.00
STATEMAN HATS (Pvt) LTD.,AS006713,2017-06-21,870111,9200.00,Check,Undeposited Funds,,0.00
STATEMAN HATS (Pvt) LTD.,AS006714,2017-06-21,870111,3450.00,Check,Undeposited Funds,,0.00
STATEMAN HATS (Pvt) LTD.,AS006733,2017-06-21,870111,55200.00,Check,Undeposited Funds,,0.00
STATEMAN HATS (Pvt) LTD.,AS006734,2017-06-21,870111,9200.00,Check,Undeposited Funds,,0.00
STATEMAN HATS (Pvt) LTD.,AS006735,2017-06-21,870111,3450.00,Check,Undeposited Funds,,0.00
STATEMAN HATS (Pvt) LTD.,AS006736,2017-06-21,870111,19780.00,Check,Undeposited Funds,,0.00
STATEMAN HATS (Pvt) LTD.,AS006740,2017-06-21,870111,48438.00,Check,Undeposited Funds,,0.00
MAC PC SOLUTIONS,AS006656,2017-06-26,Cash,9000.00,Cash,Undeposited Funds,,0.00
Sri Lanka Institute of Taxation,AS006756,2017-06-26,058037,22500.00,Check,Undeposited Funds,,0.00
Sri Lanka Institute of Taxation,AS006778,2017-06-26,058037,164800.00,Check,Undeposited Funds,,0.00
Sri Lanka Institute of Taxation,AS006730,2017-06-26,057423,77500.00,Check,Undeposited Funds,,0.00
EEE Tech Services,AS006697,2017-06-26,039610,34845.00,Check,Undeposited Funds,,0.00
Digital Mobility Solutions Lanka (pvt)Ltd,AS006721,2017-06-26,026791,241000.00,Check,Undeposited Funds,,0.00
Tea Tang (Pvt) Ltd,AS006704,2017-07-04,097337,11500.00,Check,Undeposited Funds,,0.00
Base Hp (Pvt) Ltd,AS006749,2017-07-04,656130,92500.00,Check,Undeposited Funds,,0.00
Print Point (Pvt) Ltd,AS006725,2017-07-04,564780,73025.00,Check,Undeposited Funds,,0.00
M G M Holdings (Pvt)Ltd,AS006699,2017-07-04,496670,7000.00,Check,Undeposited Funds,,0.00
JAY JAY MILLS LANKA (PVT) LTD,AS006742,2017-07-04,436296,50000.00,Check,Undeposited Funds,,0.00
JAY JAY MILLS LANKA (PVT) LTD,AS006768,2017-07-04,436296,25000.00,Check,Undeposited Funds,,0.00
Search Advanced Technology,AS006803,2017-07-06,016413,154500.00,Check,Undeposited Funds,,0.00
Cargills Bank Ltd,AS006761,2017-07-10,ENV no376,8200188.00,Check,Undeposited Funds,,0.00
Softlogic IT,AS006718,2017-07-10,ENV no-376,91020.00,Check,Undeposited Funds,,0.00
Hayleys Business Solutions International,AS006754,2017-07-17,886699,139725.00,Check,Undeposited Funds,,0.00
ebase asia,AS006564,2017-07-17,770937,47500.00,Check,Undeposited Funds,,0.00
ebase asia,AS006681,2017-07-17,770937,30800.00,Check,Undeposited Funds,,0.00
Micro Solutions Information Systems (Pvt),AS006719,2017-07-17,672240,71000.00,Check,Undeposited Funds,,0.00
Micro Solutions Information Systems (Pvt),AS006719,2017-07-17,672239,71000.00,Check,Undeposited Funds,,0.00
EXPRESS NEWSPAPERS (CEYLON) LTD,AS006506,2017-07-17,786896,22500.00,Check,Undeposited Funds,,0.00
LANKA COMMODITY BROKERS LTD,AS006739,2017-07-17,797208,11270.00,Check,Undeposited Funds,,0.00
CCS Lanka Pvt Ltd,AS006716,2017-07-17,797578,76500.00,Check,Undeposited Funds,,0.00
JAY JAY MILLS LANKA (PVT) LTD,AS006792,2017-07-17,442865,1218900.00,Check,Undeposited Funds,,0.00
Asian Paints (Lanka) Limited,AS006758,2017-07-17,044984,23000.00,Check,Undeposited Funds,,0.00
Analytical Instruments (Pvt) Ltd,AS006757,2017-07-17,608646,140000.00,Check,Undeposited Funds,,0.00
Barclays Computers (Pvt) Ltd,AS006732,2017-07-17,,58800.00,Check,Undeposited Funds,,0.00
Barclays Computers (Pvt) Ltd,AS006747,2017-07-17,,143800.00,Check,Undeposited Funds,,0.00
Regency Teas (Pvt) Ltd,AS006779,2017-07-21,120578,196500.00,Check,Undeposited Funds,,0.00
Regency Teas (Pvt) Ltd,AS006804,2017-07-21,120578,28400.00,Check,Undeposited Funds,,0.00
MAC PC SOLUTIONS,AS006835,2017-07-21,417997,75000.00,Check,Undeposited Funds,,0.00
KIK,AS006783,2017-07-21,888620,325955.00,Check,Undeposited Funds,,0.00
KIK,AS006783,2017-07-21,919071,162977.50,Check,Undeposited Funds,,0.00
KIK,AS006783,2017-07-21,919070,162977.50,Check,Undeposited Funds,,0.00
MR. HIRAN WICKRAMANAYAKE,AS006594,2017-07-24,926320,2000.00,Check,Undeposited Funds,,0.00
MR. HIRAN WICKRAMANAYAKE,AS006843,2017-07-24,926320,1000.00,Check,Undeposited Funds,,0.00
LANKA COMMODITY BROKERS LTD,AS006827,2017-07-27,810414,11270.00,Check,Undeposited Funds,,0.00
David Pierise Information Technologies Lt,AS006794,2017-07-28,598009,432000.00,Check,Undeposited Funds,,0.00
The Computer Center (pvt) Ltd,AS006777,2017-07-28,305153,96505.00,Check,Undeposited Funds,,0.00
Janathakshana (Gte) Ltd,AS006762,2017-07-28,117431,57500.00,Check,Undeposited Funds,,0.00
Mr.Nalin,AS006136,2017-07-31,Cash,22000.00,Cash,Undeposited Funds,,0.00
Fairfirst Insurance Limited,AS006753,2017-08-05,056508,60100.00,Check,Undeposited Funds,,0.00
Fairfirst Insurance Limited,AS006763,2017-08-05,056507,565000.00,Check,Undeposited Funds,,0.00
Fairfirst Insurance Limited,AS006782,2017-08-05,056506,760940.00,Check,Undeposited Funds,,0.00
Avian,AS006785,2017-08-05,978989,2144200.00,Check,Undeposited Funds,,0.00
Singer(Sri Lanka)PLC,AS006793,2017-08-09,155443,405960.00,Check,Undeposited Funds,,0.00
BlueChip Technical Services(Pvt)Ltd,AS006786,2017-08-11,773756,391200.00,Check,Undeposited Funds,,0.00
INSTITUTE OF CHARTERED ACCOUNTANTS OF SL,AS006840,2017-08-11,075505,39000.00,Check,Undeposited Funds,,0.00
Studio I Max,AS006759,2017-08-11,Cash,20000.00,Cash,Undeposited Funds,,0.00
K.I.K. Engineering Co.(Pvt) Ltd,AS006702,2017-08-15,888887,75900.00,Check,Undeposited Funds,,0.00
Memory Technologies,AS006805,2017-08-15,788018,19800.00,Check,Undeposited Funds,,0.00
Tallees Advertising (Pvt)Ltd,AS006703,2017-08-15,570826,5750.00,Check,Undeposited Funds,,0.00
Rainbow Technologies Lanka (Pvt)Ltd,AS006818,2017-08-16,Cash,32500.00,Cash,Undeposited Funds,,0.00
Elegent Media Solutions,AS006864,2017-08-16,Cash,32775.00,Cash,Undeposited Funds,,0.00
Softlogic Life PLC,AS006724,2017-08-16,839755,57500.00,Check,Undeposited Funds,,0.00
One Solutions,AS006798,2017-08-18,Bank Deposit,71900.00,Bank Deposits,Undeposited Funds,,0.00
T & D Associates,AS006809,2017-08-18,Bank Deposit,217200.00,Bank Deposits,Undeposited Funds,,0.00
T & D Associates,AS006810,2017-08-18,Bank Deposit,89001.38,Bank Deposits,Undeposited Funds,,0.00
York Hotel Management Services Ltd,AS006788,2017-08-18,Bank Deposit,80000.00,Bank Deposits,Undeposited Funds,,0.00
Advance Network Technologies (Pvt)Ltd,AS006825,2017-08-18,Bank Deposit,259000.00,Bank Deposits,Undeposited Funds,,0.00
Municipal Council,AS006863,2017-08-21,118097,74975.00,Check,Undeposited Funds,,0.00
Melwire Rolling (Pvt) Ltd,AS006839,2017-08-21,018714,105800.00,Check,Undeposited Funds,,0.00
Studio I Max,AS006759,2017-08-21,Cash,10000.00,Cash,Undeposited Funds,,0.00
Studio I Max,AS006759,2017-08-21,Cash,10000.00,Cash,Undeposited Funds,,0.00
Studio I Max,AS006759,2017-08-21,Cash,20000.00,Cash,Undeposited Funds,,0.00
LANKA COMMODITY BROKERS LTD,AS006882,2017-08-21,810306,11270.00,Check,Undeposited Funds,,0.00
BlueChip Technical Services(Pvt)Ltd,AS006838,2017-08-21,554410,1035740.00,Check,Undeposited Funds,,0.00
Greenwave Technologies,AS006905,2017-08-21,799976,31900.00,Check,Undeposited Funds,,0.00
Sapath systems Lanka (Pvt) Ltd,AS006904,2017-08-21,857898,69800.00,Check,Undeposited Funds,,0.00
UGA Escapes Management (Pvt) Ltd,AS006828,2017-08-21,677118,10062.50,Check,Undeposited Funds,,0.00
Associated Resoorts Developers (Pvt)Ltd,AS006860,2017-08-21,764464,27025.00,Check,Undeposited Funds,,0.00
ebase asia,AS006707,2017-08-21,909081,30800.00,Check,Undeposited Funds,,0.00
Alpha Industries,AS006855,2017-08-21,900520,84500.00,Check,Undeposited Funds,,0.00
Cool planet,AS006791,2017-08-22,344023,184250.00,Check,Undeposited Funds,,0.00
First Capital Holdings PLC,AS006806,2017-08-22,536801,124000.00,Check,Undeposited Funds,,0.00
Pacific Manning Agency Colombo(Pvt)Ltd,AS006764,2017-08-25,650313,19228.00,Check,Undeposited Funds,,0.00
Silverline Information Technology(Pvt)Lt,AS006841,2017-08-25,069145,30800.00,Check,Undeposited Funds,,0.00
Avian,AS006807,2017-08-25,500164,430100.00,Check,Undeposited Funds,,0.00
McShaw Automotive Ltd,AS006854,2017-08-28,975525,235000.00,Check,Undeposited Funds,,0.00
NOLIMIT,AS006776,2017-08-28,158045,78000.00,Check,Undeposited Funds,,0.00
Sri Lanka Insurance Coporation ltd.,AS006808,2017-08-30,114216,22500.00,Check,Undeposited Funds,,0.00
Sri Lanka Insurance Coporation ltd.,AS006861,2017-08-30,047936,531300.00,Check,Undeposited Funds,,0.00
Sri Lanka Insurance Coporation ltd.,AS006862,2017-08-30,047935,507960.00,Check,Undeposited Funds,,0.00
Asiri,AS006760,2017-08-30,794305,68000.00,Check,Undeposited Funds,,0.00
Avian,AS006831,2017-08-30,500162,1072100.00,Check,Undeposited Funds,,0.00
BlueChip Technical Services(Pvt)Ltd,AS006838,2017-08-31,773832,1035740.00,Check,Undeposited Funds,,0.00
Merbok MDF Lanka (Pvt) Ltd,AS006616,2017-09-04,663666,25500.00,Check,Undeposited Funds,,0.00
Paan Paan,AS006796,2017-09-04,489817,240100.00,Check,Undeposited Funds,,0.00
Regency Teas (Pvt) Ltd,AS006836,2017-09-04,120889,143000.00,Check,Undeposited Funds,,0.00
Regency Teas (Pvt) Ltd,AS006873,2017-09-04,815308,484380.00,Check,Undeposited Funds,,0.00
MACSON MESH,AS006566,2017-09-07,394357,3450.00,Check,Undeposited Funds,,0.00
MACSON MESH,AS006640,2017-09-07,394357,2300.00,Check,Undeposited Funds,,0.00
MACSON MESH,AS006641,2017-09-07,394357,1150.00,Check,Undeposited Funds,,0.00
MACSON MESH,AS006642,2017-09-07,394357,11500.00,Check,Undeposited Funds,,0.00
MACSON MESH,AS006821,2017-09-07,394357,2300.00,Check,Undeposited Funds,,0.00
MACSON MESH,AS006822,2017-09-07,394357,11500.00,Check,Undeposited Funds,,0.00
Lakseya,AS006890,2017-09-07,047770,102550.00,Check,Undeposited Funds,,0.00
Lakseya,AS006890,2017-09-07,047771,102550.00,Check,Undeposited Funds,,0.00
Simato VAS Solutions Private Limited,AS006897,2017-09-07,244079,84600.00,Check,Undeposited Funds,,0.00
Assetline Leasing Company Limited,AS006833,2017-09-07,573944,234100.00,Check,Undeposited Funds,,0.00
Avian,AS006831,2017-09-12,500163,1072100.00,Check,Undeposited Funds,,0.00
Simato VAS Solutions Private Limited,AS006908,2017-09-15,Cash,23500.00,Cash,Undeposited Funds,,0.00
Mr Malintha,AS006896,2017-09-15,Cash,55200.00,Cash,Undeposited Funds,,0.00
Tellida (Pvt)Ltd,AS006834,2017-09-20,197634,10925.00,Check,Undeposited Funds,,0.00
Asiri Hospital PLC,AS006829,2017-09-20,Bank Deposits,102000.00,Bank Deposits,Undeposited Funds,,0.00
Rapidventure (Pvt) Ltd,AS006750,2017-09-20,Bank Deposits,70029.00,Bank Deposits,Undeposited Funds,,0.00
Avian,AS006858,2017-09-20,501962,29800.00,Check,Undeposited Funds,,0.00
Avian,AS006842,2017-09-20,500208,737400.00,Check,Undeposited Funds,,0.00
Lanka Bell Ltd,AS006886,2017-09-20,042945,13500.00,Check,Undeposited Funds,,0.00
KAMINSKI. C/o STATESMAN HATS (PVT) LTD.,AS006660,2017-09-25,976418,52986.25,Check,Undeposited Funds,,0.00
KAMINSKI. C/o STATESMAN HATS (PVT) LTD.,AS006661,2017-09-25,976418,52986.25,Check,Undeposited Funds,,0.00
KAMINSKI. C/o STATESMAN HATS (PVT) LTD.,AS006737,2017-09-25,976418,48438.00,Check,Undeposited Funds,,0.00
KAMINSKI. C/o STATESMAN HATS (PVT) LTD.,AS006738,2017-09-25,976418,53935.00,Check,Undeposited Funds,,0.00
KAMINSKI. C/o STATESMAN HATS (PVT) LTD.,AS006773,2017-09-25,976418,53935.00,Check,Undeposited Funds,,0.00
KAMINSKI. C/o STATESMAN HATS (PVT) LTD.,AS006820,2017-09-25,976418,2300.00,Check,Undeposited Funds,,0.00
KAMINSKI. C/o STATESMAN HATS (PVT) LTD.,AS006823,2017-09-25,976418,5750.00,Check,Undeposited Funds,,0.00
KAMINSKI. C/o STATESMAN HATS (PVT) LTD.,AS006852,2017-09-25,976418,53935.00,Check,Undeposited Funds,,0.00
Gennext (Pvt)Ltd,AS006848,2017-09-25,813033,45000.00,Check,Undeposited Funds,,0.00
HNB ASSUARANCE,AS006775,2017-09-25,097776,150552.00,Check,Undeposited Funds,,0.00
Cargills Bank Ltd,AS006871,2017-09-25,Cheque Deposit bank,6520155.00,Check,Undeposited Funds,,0.00
Macksons Properties (Pvt) Ltd,AS006914,2017-09-25,848981,340000.00,Check,Undeposited Funds,,0.00
Owen Design Studio,AS006919,2017-09-26,Bank Deposit,157000.00,Bank Deposits,Undeposited Funds,,0.00
Paan Paan,AS006802,2017-09-26,490022,34500.00,Check,Undeposited Funds,,0.00
Paan Paan,AS006812,2017-09-26,490022,22425.00,Check,Undeposited Funds,,0.00
Paan Paan,AS006813,2017-09-26,490022,6900.00,Check,Undeposited Funds,,0.00
Paan Paan,AS006817,2017-09-26,490022,16000.00,Check,Undeposited Funds,,0.00
Paan Paan,AS006826,2017-09-26,490022,8500.00,Check,Undeposited Funds,,0.00
Cargills (Ceylon) PLC,AS006354,2017-09-26,135263,183600.00,Check,Undeposited Funds,,0.00
Cargills (Ceylon) PLC,AS006486,2017-09-26,135263,91800.00,Check,Undeposited Funds,,0.00
Cargills (Ceylon) PLC,AS006637,2017-09-26,135263,105300.00,Check,Undeposited Funds,,0.00
Cargills (Ceylon) PLC,AS006680,2017-09-26,135263,27565.50,Check,Undeposited Funds,,0.00
Cargills (Ceylon) PLC,AS006682,2017-09-26,135263,34603.50,Check,Undeposited Funds,,0.00
a-Design Studio,AS006931,2017-09-28,265868,266000.00,Check,Undeposited Funds,,0.00
Hotel Sansu,AS006932,2017-09-30,Cash,2300.00,Check,Undeposited Funds,,0.00
Avian,AS006859,2017-10-02,502007,1095600.00,Check,Undeposited Funds,,0.00
Aitken Spence Cargo (pvt) Ltd,AS006866,2017-10-02,087650,20000.00,Check,Undeposited Funds,,0.00
Finlays Colombo Limited (Welisara),AS006868,2017-10-06,709013,35000.00,Check,Undeposited Funds,,0.00
Mr. K. Bandara,AS006948,2017-10-06,Cash Payment,36000.00,Cash,Undeposited Funds,,0.00
Centre For Research And Development,AS006895,2017-10-12,394060,980000.00,Check,Undeposited Funds,,0.00
Thillai Vision,AS006939,2017-10-12,243965,90000.00,Check,Undeposited Funds,,0.00
M G M Holdings (Pvt)Ltd,AS006699,2017-10-12,183437,6000.00,Check,Undeposited Funds,,0.00
Nadeera Paints (Pvt) Ltd,AS006944,2017-10-17,968922,34500.00,Check,Undeposited Funds,,0.00
JAT Holdings (Home),AS006685,2017-10-17,894957,63250.00,Check,Undeposited Funds,,0.00
Aliya Resort & Spa,AS006898,2017-10-17,041869,82500.00,Check,Undeposited Funds,,0.00
Maalu Maalu Passekudah (Pvt)Ltd,AS006899,2017-10-17,563938,82500.00,Check,Undeposited Funds,,0.00
Orit Apparels Lanka (Pvt)Ltd,AS006889,2017-10-17,Bank Deposits,405000.00,Bank Deposits,Undeposited Funds,,0.00
Fazaal Ceramics,AS005764,2017-10-18,739256,33000.00,Check,Undeposited Funds,,0.00
Fazaal Ceramics,AS006062,2017-10-18,739256,3750.00,Check,Undeposited Funds,,0.00
Fazaal Ceramics,AS006053,2017-10-18,936054,2750.00,Check,Undeposited Funds,,0.00
Fazaal Ceramics,AS006059,2017-10-18,936054,750.00,Check,Undeposited Funds,,0.00
Fazaal Ceramics,AS006062,2017-10-18,936054,250.00,Check,Undeposited Funds,,0.00
Fazaal Ceramics,AS006053,2017-10-18,878990,8500.00,Check,Undeposited Funds,,0.00
Hemas Holdings PLC,AS006837,2017-10-18,016138,20000.00,Check,Undeposited Funds,,0.00
STATEMAN HATS (Pvt) LTD.,AS006769,2017-10-18,561544,55200.00,Check,Undeposited Funds,,0.00
STATEMAN HATS (Pvt) LTD.,AS006770,2017-10-18,561544,9200.00,Check,Undeposited Funds,,0.00
STATEMAN HATS (Pvt) LTD.,AS006771,2017-10-18,561544,3450.00,Check,Undeposited Funds,,0.00
STATEMAN HATS (Pvt) LTD.,AS006772,2017-10-18,561544,19780.00,Check,Undeposited Funds,,0.00
STATEMAN HATS (Pvt) LTD.,AS006819,2017-10-18,561544,18250.00,Check,Undeposited Funds,,0.00
STATEMAN HATS (Pvt) LTD.,AS006824,2017-10-18,561544,82000.00,Check,Undeposited Funds,,0.00
STATEMAN HATS (Pvt) LTD.,AS006844,2017-10-18,561544,3500.00,Check,Undeposited Funds,,0.00
STATEMAN HATS (Pvt) LTD.,AS006846,2017-10-18,561544,3000.00,Check,Undeposited Funds,,0.00
STATEMAN HATS (Pvt) LTD.,AS006847,2017-10-18,561544,55200.00,Check,Undeposited Funds,,0.00
STATEMAN HATS (Pvt) LTD.,AS006849,2017-10-18,561544,19780.00,Check,Undeposited Funds,,0.00
STATEMAN HATS (Pvt) LTD.,AS006850,2017-10-18,561544,9200.00,Check,Undeposited Funds,,0.00
STATEMAN HATS (Pvt) LTD.,AS006851,2017-10-18,561544,3450.00,Check,Undeposited Funds,,0.00
STATEMAN HATS (Pvt) LTD.,AS006872,2017-10-18,561544,55200.00,Check,Undeposited Funds,,0.00
STATEMAN HATS (Pvt) LTD.,AS006879,2017-10-18,561544,3450.00,Check,Undeposited Funds,,0.00
STATEMAN HATS (Pvt) LTD.,AS006880,2017-10-18,561544,9200.00,Check,Undeposited Funds,,0.00
STATEMAN HATS (Pvt) LTD.,AS006881,2017-10-18,561544,19780.00,Check,Undeposited Funds,,0.00
Rapidventure (Pvt) Ltd,AS006901,2017-10-23,884761,4600.00,Check,Undeposited Funds,,0.00
Asia broadcasting cop (Hiru Tv),AS006865,2017-10-24,817816,1575000.00,Check,Undeposited Funds,,0.00
Asia broadcasting cop (Hiru Tv),AS006884,2017-10-24,817816,1575000.00,Check,Undeposited Funds,,0.00
Avian,AS006888,2017-10-24,502126,1490000.00,Check,Undeposited Funds,,0.00
Barclays Computers (Pvt) Ltd,AS006832,2017-10-25,162333,19850.00,Check,Undeposited Funds,,0.00
Barclays Computers (Pvt) Ltd,AS006874,2017-10-25,162333,29400.00,Check,Undeposited Funds,,0.00
Barclays Computers (Pvt) Ltd,AS006887,2017-10-25,162333,71900.00,Check,Undeposited Funds,,0.00
Ceylinco General Insurance Limited,AS006938,2017-10-25,497655,1557000.00,Check,Undeposited Funds,,0.00
David Pieris Information Technologies Lt,AS006875,2017-10-25,614994,15800.00,Check,Undeposited Funds,,0.00
David Pieris Information Technologies Lt,AS006876,2017-10-25,614994,397000.00,Check,Undeposited Funds,,0.00
CIRCA Technology Services,AS006967,2017-10-26,936258,32000.00,Check,Undeposited Funds,,0.00
Convenience Foods ( Lanka ) PLC,AS006912,2017-10-27,156644,467000.00,Check,Undeposited Funds,,0.00
Prime Lands (Pvt) Ltd,AS006936,2017-10-30,542211,246730.00,Check,Undeposited Funds,,0.00
CBL Foods International (Pvt) Ltd,AS006910,2017-10-30,042826,1048000.00,Check,Undeposited Funds,,0.00
WinSoft Technologies (Pvt)Ltd,AS006933,2017-10-30,863241,349400.00,Check,Undeposited Funds,,0.00
Seven X Lanka (Pvt) Ltd,AS006976,2017-11-01,580337,51750.00,Check,Undeposited Funds,,0.00
Asian Paints (Lanka) Limited,AS006797,2017-11-08,Bank Deposits,23000.00,Bank Deposits,Undeposited Funds,,0.00
Asian Paints (Lanka) Limited,AS006907,2017-11-08,Bank Deposits,34500.00,Bank Deposits,Undeposited Funds,,0.00
Centre For Research And Development,AS006787,2017-11-08,394257,35300.00,Check,Undeposited Funds,,0.00
Madison Media (Pvt) Ltd.,AS006962,2017-11-08,,70600.00,Check,Undeposited Funds,,0.00
Jayantha Cutter Makers,AS006945,2017-11-10,cash,10000.00,Cash,Undeposited Funds,,0.00
Avian,AS006902,2017-11-10,989525,377700.00,Check,Undeposited Funds,,0.00
Avian,AS006926,2017-11-10,989525,20100.00,Check,Undeposited Funds,,0.00
Paan Paan,AS006814,2017-11-10,704290,28750.00,Check,Undeposited Funds,,0.00
Paan Paan,AS006815,2017-11-10,704383,28750.00,Check,Undeposited Funds,,0.00
Paan Paan,AS006816,2017-11-10,704188,28750.00,Check,Undeposited Funds,,0.00
Paan Paan,AS006920,2017-11-10,704078,28750.00,Check,Undeposited Funds,,0.00
JAT Holdings Hokandara,AS006857,2017-11-10,915112,35650.00,Check,Undeposited Funds,,0.00
JAT Holdings Hokandara,AS006953,2017-11-10,915240,4600.00,Check,Undeposited Funds,,0.00
JAT HOLDINGS (PVT) LTD - HORANA,AS006955,2017-11-10,915240,4600.00,Check,Undeposited Funds,,0.00
Evoke International (Pvt)Ltd,AS006999,2017-11-10,713974,23000.00,Check,Undeposited Funds,,0.00
Barclays Computers (Pvt) Ltd,AS006937,2017-11-10,,29400.00,Check,Undeposited Funds,,0.00
Studio I Max,AS006759,2017-11-10,Cash,16000.00,Cash,Undeposited Funds,,0.00
Thread Works (Pvt) Ltd,AS006964,2017-11-10,136050,34500.00,Check,Undeposited Funds,,0.00
LANKA COMMODITY BROKERS LTD,AS005685,2017-11-10,824580,36590.00,Check,Undeposited Funds,,0.00
LANKA COMMODITY BROKERS LTD,AS006911,2017-11-10,824386,11270.00,Check,Undeposited Funds,,0.00
Studio Lakdam,AS006883,2017-11-20,972163,44670.00,Check,Undeposited Funds,,0.00
Kithala Resort,AS006900,2017-11-20,647570,82500.00,Check,Undeposited Funds,,0.00
Seven X Lanka (Pvt) Ltd,AS007004,2017-11-20,580353,552000.00,Check,Undeposited Funds,,0.00
Hiran Wickramanayake,AS007006,2017-11-24,Cash,15000.00,Cash,Undeposited Funds,,0.00
Liyakta Office Systems (Pvt) Ltd,AS007008,2017-11-25,101510,60000.00,Check,Undeposited Funds,,0.00
Stelacom (Pvt) Ltd,AS006952,2017-11-28,833926,147200.00,Check,Undeposited Funds,,0.00
Fujitec Lanka (Pvt)Ltd,AS006975,2017-11-29,130260,498755.00,Check,Undeposited Funds,,0.00
Optimal Solutions,AS007017,2017-12-04,,32000.00,Cash,Undeposited Funds,,0.00
Ceylon Electricity Board Kandy,AS006973,2017-12-04,512707,299400.00,Check,Undeposited Funds,,0.00
Asia broadcasting cop (Hiru Tv),AS006916,2017-12-06,817987,1800000.00,Check,Undeposited Funds,,0.00
Studio Click,AS006994,2017-12-06,879368,26500.00,Check,Undeposited Funds,,0.00
Lycafly (Pvt) Ltd,AS007024,2017-12-07,521683,36800.00,Check,Undeposited Funds,,0.00
D & W Associates International (Pvt) Ltd,AS007025,2017-12-08,959703,95000.00,Check,Undeposited Funds,,0.00
Sanasa Insurance Company Limited,AS006987,2017-12-08,333951,245400.00,Check,Undeposited Funds,,0.00
UGA Escapes Management (Pvt) Ltd,AS007003,2017-12-11,677524,105800.00,Check,Undeposited Funds,,0.00
Ulagalla Walawwa Resort (Pvt)Ltd,AS006913,2017-12-11,811125,25000.00,Check,Undeposited Funds,,0.00
Hiran Wickramanayake,AS007006,2017-12-11,Cash,24700.00,Cash,Undeposited Funds,,0.00
Rapidventure (Pvt) Ltd,AS006977,2017-12-13,892975,25469.05,Check,Undeposited Funds,,0.00
Expo International (Pvt) Ltd.,AS006954,2017-12-13,797197,133000.00,Check,Undeposited Funds,,0.00
J L Morison Son & Jones (Ceylon)Ltd,AS006903,2017-12-14,020165,24750.00,Check,Undeposited Funds,,0.00
Micro Solutions Information Systems (Pvt),AS006935,2017-12-14,690396,102000.00,Check,Undeposited Funds,,0.00
Jayantha Cutter Makers,AS006945,2017-12-14,cash,10000.00,Cash,Undeposited Funds,,0.00
Paan Paan,AS006921,2017-12-15,925331,28750.00,Check,Undeposited Funds,,0.00
A S IT Solutions,AS007031,2017-12-18,Cash,94000.00,Cash,Undeposited Funds,,0.00
Chris and Mayu Photographers,AS007036,2017-12-21,580074,329000.00,Check,Undeposited Funds,,21.00
Chris and Mayu Photographers,AS007037,2017-12-21,580074,3979.00,Check,Undeposited Funds,,21.00
A J & Son,AS007039,2017-12-22,Cash,35000.00,Cash,Undeposited Funds,,0.00
X Press Solutions (Mr Irfan),AS006578,2017-12-26,"Cash60000,40450ASBil",3450.00,Cash,Undeposited Funds,,0.00
X Press Solutions (Mr Irfan),AS006623,2017-12-26,"Cash60000,40450ASBil",97000.00,Cash,Undeposited Funds,,0.00
TASZ Holdings (Pvt)Ltd,AS006989,2017-12-26,232230,105800.00,Check,Undeposited Funds,,0.00
Centre For Research And Development,AS006643,2017-12-27,448300,12450.00,Check,Undeposited Funds,,0.00
INSTITUTE OF CHARTERED ACCOUNTANTS OF SL,AS006986,2017-12-27,076821,95400.00,Check,Undeposited Funds,,0.00
Netcore Solutions,AS006972,2017-12-27,971293,68425.00,Check,Undeposited Funds,,0.00
Dialog Axiata PLC,AS006801,2017-12-27,179366,5750.00,Check,Undeposited Funds,,0.00
Prudential Shipping Lines (Pvt)Ltd,AS007016,2017-12-28,995633,114570.00,Check,Undeposited Funds,,0.00
Centre For Research And Development,AS006943,2017-12-29,448343,20700.00,Check,Undeposited Funds,,0.00
KIK,AS006790,2018-01-03,947912,52440.00,Check,Undeposited Funds,,0.00
KIK,AS006799,2018-01-03,947912,18975.00,Check,Undeposited Funds,,0.00
Survey Department,AS007014,2018-01-03,230540,1190475.00,Check,Undeposited Funds,,0.00
Industrial Clothing Pvt. Ltd,AS006978,2018-01-04,690965,398200.00,Check,Undeposited Funds,,0.00
Avian,AS006949,2018-01-05,532303,146600.00,Check,Undeposited Funds,,0.00
Avian,AS006951,2018-01-05,532303,190200.00,Check,Undeposited Funds,,0.00
Industrial Clothing (Pvt) Ltd - Malwana,AS006993,2018-01-05,027259,398200.00,Check,Undeposited Funds,,0.00
Mr Malintha,AS007085,2018-01-08,Cash,250000.00,Cash,Undeposited Funds,,0.00
Property Finance & Investments,AS007035,2018-01-08,809283,78000.00,Check,Undeposited Funds,,0.00
Sun Aqua Pasikudah,AS007080,2018-01-08,363904,325000.00,Check,Undeposited Funds,,0.00
Studio Siyakroo,AS007083,2018-01-08,835368,38667.00,Check,Undeposited Funds,,0.00
Studio Siyakroo,AS007083,2018-01-08,835370,38667.00,Check,Undeposited Funds,,0.00
Studio Siyakroo,AS007083,2018-01-08,835369,38666.00,Check,Undeposited Funds,,1.00
Halcyon House Colombo,AS007057,2018-01-08,433557,110000.00,Check,Undeposited Funds,,0.00
99X Technology Limited,AS007027,2018-01-08,024178,260000.00,Check,Undeposited Funds,,0.00
Studio Pro- Eye,AS007079,2018-01-08,675640,100000.00,Check,Undeposited Funds,,0.00
Studio Pro- Eye,AS007079,2018-01-08,675642,138000.00,Check,Undeposited Funds,,0.00
Studio Pro- Eye,AS007079,2018-01-08,675641,138000.00,Check,Undeposited Funds,,0.00
Jayantha Cutter Makers,AS006945,2018-01-12,cash,10000.00,Cash,Undeposited Funds,,0.00
Jayantha Cutter Makers,AS006945,2018-01-12,805788,14000.00,Check,Undeposited Funds,,0.00
Avian,AS007081,2018-01-12,563220,246500.00,Check,Undeposited Funds,,0.00
Sapath systems Lanka (Pvt) Ltd,AS007100,2018-01-12,871124,68300.00,Check,Undeposited Funds,,0.00
Property Finance & Investments,AS007032,2018-01-12,809533,38000.00,Check,Undeposited Funds,,0.00
Tech Solution Network,AS007087,2018-01-13,066948,57600.00,Check,Undeposited Funds,,0.00
Barclays Computers (Pvt) Ltd,AS006957,2018-01-13,951237,29400.00,Check,Undeposited Funds,,0.00
Barclays Computers (Pvt) Ltd,AS006960,2018-01-13,951237,29400.00,Check,Undeposited Funds,,0.00
Barclays Computers (Pvt) Ltd,AS007000,2018-01-13,951237,29400.00,Check,Undeposited Funds,,0.00
Sarasavi Publishers (Pvt) Ltd,AS007084,2018-01-16,150358,200000.00,Check,Undeposited Funds,,0.00
Sahasra Studio (PVT) Ltd,AS007055,2018-01-16,5134990,150000.00,Check,Undeposited Funds,,0.00
Colombo Court Hotel & Spa,AS007092,2018-01-16,Cash,5750.00,Cash,Undeposited Funds,,0.00
Rapidventure (Pvt) Ltd,AS007029,2018-01-16,893028,30069.05,Check,Undeposited Funds,,0.00
Industrial Clothing (Pvt) Ltd Avis,AS006979,2018-01-16,027116,398200.00,Check,Undeposited Funds,,0.00
Ceylinco General Insurance Limited,AS007034,2018-01-18,499445,4006000.00,Check,Undeposited Funds,,0.00
LANKA COMMODITY BROKERS LTD,AS006984,2018-01-20,824800,11270.00,Check,Undeposited Funds,,0.00
Just in Time Technologies (Pvt)Ltd,AS007098,2018-01-22,,10.00,Check,Undeposited Funds,,0.00
Just in Time Technologies (Pvt)Ltd,AS007098,2018-01-22,952677,133990.00,Check,Undeposited Funds,,10.00
American Premium Water Systems (Pvt)Ltd,AS007009,2018-01-22,516591,203000.00,Check,Undeposited Funds,,0.00
American Premium Water Systems (Pvt)Ltd,AS007009,2018-01-22,516592,203000.00,Check,Undeposited Funds,,0.00
American Premium Water Systems (Pvt)Ltd,AS007009,2018-01-22,516593,203500.00,Check,Undeposited Funds,,0.00
Lanka Bell Ltd,AS006877,2018-01-25,044213,33000.00,Check,Undeposited Funds,,0.00
Regency Teas (Pvt) Ltd,AS007033,2018-01-25,575363,181368.23,Check,Undeposited Funds,,0.00
Greenwave Technologies,AS007102,2018-01-26,901902,31900.00,Check,Undeposited Funds,,0.00
Tellida (Pvt)Ltd,AS006891,2018-01-26,201384,10925.00,Check,Undeposited Funds,,0.00
techtron,AS007074,2018-01-29,313327,103000.00,Check,Undeposited Funds,,0.00
techtron,AS007001,2018-01-29,288451,70000.00,Check,Undeposited Funds,,0.00
techtron,AS006942,2018-01-29,268435,173800.00,Check,Undeposited Funds,,0.00
techtron,AS007018,2018-01-29,300220,105000.00,Check,Undeposited Funds,,0.00
techtron,AS007020,2018-01-29,300220,85000.00,Check,Undeposited Funds,,0.00
ICC Inernational Construction Consortium,AS007056,2018-01-29,029511,472000.00,Check,Undeposited Funds,,0.00
Jat Holdings (pvt) Ltd Horana,AS006766,2018-01-29,857228,35650.00,Check,Undeposited Funds,,0.00
David Pieris Information Technologies Lt,AS007002,2018-01-29,627264,253800.00,Check,Undeposited Funds,,0.00
Synergy Engineering (Pvt) ltd,AS007105,2018-01-29,707632,89475.00,Check,Undeposited Funds,,0.00
Avian,AS006970,2018-02-07,532380,197200.00,Check,Undeposited Funds,,0.00
Avian,AS007015,2018-02-07,533734,113000.00,Check,Undeposited Funds,,0.00
The Employer's Federation of Ceylon,AS007093,2018-02-07,197784,311900.00,Check,Undeposited Funds,,0.00
Hiran Wickramanayake,AS007113,2018-02-07,Cash,15000.00,Cash,Undeposited Funds,,0.00
Studio Lakdam,AS006927,2018-02-07,972193,100000.00,Check,Undeposited Funds,,0.00
ICC Inernational Construction Consortium,AS007107,2018-02-15,430157,472000.00,Check,Undeposited Funds,,0.00
MAS Fabrics (Pvt) Ltd,AS007019,2018-02-19,Bank Deposits,489600.00,Bank Deposits,Undeposited Funds,,0.00
KIK,AS006869,2018-02-19,Bank Deposits,66930.00,Bank Deposits,Undeposited Funds,,0.00
KIK,AS006870,2018-02-19,Bank Deposits,5750.00,Bank Deposits,Undeposited Funds,,0.00
Micro Solutions Information Systems (Pvt),AS006719,2018-02-19,Paid Reduced From Pu,71700.00,Paid-Reduced From Purchases,Undeposited Funds,,0.00
Redline Technologies,AS006705,2018-02-19,Paid Reduce From puc,39400.00,Paid-Reduced From Purchases,Undeposited Funds,,0.00
Global IT Works,AS006589,2018-02-19,Paid reduced From pu,36000.00,Paid-Reduced From Purchases,Undeposited Funds,,0.00
Global IT Works,AS006590,2018-02-19,Paid reduced From pu,12000.00,Paid-Reduced From Purchases,Undeposited Funds,,0.00
Department of Agriculture,AS007058,2018-02-20,297827,488725.00,Check,Undeposited Funds,,0.00
Studio Lakdam,AS006927,2018-02-21,972195,100000.00,Check,Undeposited Funds,,0.00
Avian,AS007082,2018-02-21,563221,2144200.00,Check,Undeposited Funds,,0.00
LANKA COMMODITY BROKERS LTD,AS007026,2018-02-23,247527,11270.00,Check,Undeposited Funds,,0.00
LANKA COMMODITY BROKERS LTD,AS007042,2018-02-23,247527,11270.00,Check,Undeposited Funds,,0.00
Hiran Wickramanayake,AS007113,2018-02-26,Cash,20000.00,Cash,Undeposited Funds,,0.00
Mr Imtiyaz Marikar,AS007134,2018-02-26,Cash,9900.00,Cash,Undeposited Funds,,0.00
AMW Computers (Pvt) Ltd,AS007089,2018-02-26,561746,136000.00,Check,Undeposited Funds,,0.00
Nexsa High Tech Solution (Pvt) Ltd,AS007121,2018-02-26,006639,31000.00,Check,Undeposited Funds,,0.00
NOLIMIT,AS006958,2018-02-26,197713,93150.00,Check,Undeposited Funds,,0.00
Chris and Mayu Photographers,AS007037,2018-02-26,Bank Deposit,3565.00,Bank Deposits,Undeposited Funds,,0.00
FITIS,AS006990,2018-02-26,Reduce Against Purch,28750.00,Paid-Reduced From Purchases,Undeposited Funds,,0.00
FITIS,AS006991,2018-02-26,Reduce Against Purch,28750.00,Paid-Reduced From Purchases,Undeposited Funds,,0.00
T & D Associates,AS006988,2018-02-26,Bank Deposits,28750.00,Bank Deposits,Undeposited Funds,,0.00
SLIM,AS007076,2018-02-26,429953,41400.00,Check,Undeposited Funds,,0.00
Weblook International (Pvt) Ltd,AS005621,2018-02-26,Invoice Cancel,60000.00,cancelled,Undeposited Funds,,0.00
David Pieris Information Technologies Lt,AS006992,2018-02-26,627186,392000.00,Check,Undeposited Funds,,0.00
KAMINSKI. C/o STATESMAN HATS (PVT) LTD.,AS006996,2018-02-26,,53935.00,Check,Undeposited Funds,,0.00
KAMINSKI. C/o STATESMAN HATS (PVT) LTD.,AS006997,2018-02-26,,53935.00,Check,Undeposited Funds,,0.00
KAMINSKI. C/o STATESMAN HATS (PVT) LTD.,AS006998,2018-02-26,,53935.00,Check,Undeposited Funds,,0.00
STATEMAN HATS (Pvt) LTD.,AS006892,2018-02-26,772778,4500.00,Check,Undeposited Funds,,0.00
STATEMAN HATS (Pvt) LTD.,AS006922,2018-02-26,772778,55200.00,Check,Undeposited Funds,,0.00
STATEMAN HATS (Pvt) LTD.,AS006923,2018-02-26,772778,9200.00,Check,Undeposited Funds,,0.00
STATEMAN HATS (Pvt) LTD.,AS006924,2018-02-26,772778,19780.00,Check,Undeposited Funds,,0.00
STATEMAN HATS (Pvt) LTD.,AS006925,2018-02-26,772778,3450.00,Check,Undeposited Funds,,0.00
STATEMAN HATS (Pvt) LTD.,AS006928,2018-02-26,772778,7750.00,Check,Undeposited Funds,,0.00
STATEMAN HATS (Pvt) LTD.,AS006929,2018-02-26,772778,5000.00,Check,Undeposited Funds,,0.00
STATEMAN HATS (Pvt) LTD.,AS006930,2018-02-26,772778,29050.00,Check,Undeposited Funds,,0.00
STATEMAN HATS (Pvt) LTD.,AS006940,2018-02-26,772778,163100.00,Check,Undeposited Funds,,0.00
STATEMAN HATS (Pvt) LTD.,AS006982,2018-02-26,772778,55200.00,Check,Undeposited Funds,,0.00
STATEMAN HATS (Pvt) LTD.,AS006983,2018-02-26,772778,3450.00,Check,Undeposited Funds,,0.00
STATEMAN HATS (Pvt) LTD.,AS006995,2018-02-26,772778,9200.00,Check,Undeposited Funds,,0.00
HK Computer Solutions (Pvt) Ltd,AS006915,2018-02-27,Bank Deposits,153000.00,Bank Deposits,Undeposited Funds,,0.00
Lankem Ceylon PLC,AS006580,2018-02-28,082027,6900.00,Check,Undeposited Funds,,0.00
SouthNet Technologies (Pvt) Ltd,AS007077,2018-02-28,275872,26680.00,Check,Undeposited Funds,,0.00
Asia Pacific Technology Systems (Pvt) Ltd,AS006966,2018-02-28,959697,210000.00,Check,Undeposited Funds,,0.00
Digital Commerce Lanka (Pvt) Ltd,AS006909,2018-02-28,102123,140000.00,Check,Undeposited Funds,,0.00
John Keells Logistics (Pvt) Ltd,AS007023,2018-02-28,002241,112000.00,Check,Undeposited Funds,,0.00
John Keells Logistics (Pvt) Ltd,AS007022,2018-02-28,002168,131000.00,Check,Undeposited Funds,,0.00
Moresand Ltd,AS007133,2018-02-28,452476,323000.00,Check,Undeposited Funds,,0.00
Ms.Anusha,AS006632,2018-02-28,cash,67000.00,Cash,Undeposited Funds,,0.00
The Computer Center (pvt) Ltd,AS006971,2018-02-28,143550,90000.00,Check,Undeposited Funds,,0.00
Sun Shine Health Care Lanka Ltd,AS006950,2018-02-28,184404,28750.00,Check,Undeposited Funds,,0.00
Sampath Senaratharachige Asso,AS007139,2018-03-05,213149,270000.00,Check,Undeposited Funds,,0.00
Sampath Senaratharachige Asso,AS007139,2018-03-05,213201,200000.00,Check,Undeposited Funds,,0.00
Sampath Senaratharachige Asso,AS007139,2018-03-05,213202,128000.00,Check,Undeposited Funds,,0.00
ABC TRADE & INVESTMENTS (PVT) LTD,AS007091,2018-03-07,919333,1124040.00,Check,Undeposited Funds,,0.00
Neo Graphics (Pvt) Ltd,AS007164,2018-03-07,031228,118000.00,Check,Undeposited Funds,,0.00
Neo Graphics (Pvt) Ltd,AS007164,2018-03-07,031229,100000.00,Check,Undeposited Funds,,0.00
Neo Graphics (Pvt) Ltd,AS007164,2018-03-07,031230,100000.00,Check,Undeposited Funds,,0.00
Gennext (Pvt)Ltd,AS006941,2018-03-09,854306,44000.00,Check,Undeposited Funds,,0.00
The Computer Center (pvt) Ltd,AS007088,2018-03-09,686127,276000.00,Check,Undeposited Funds,,0.00
Jayantha Cutter Makers,AS006945,2018-03-09,Cash,500.00,Cash,Undeposited Funds,,0.00
Mr Shiran Wijerathne,AS007125,2018-03-09,Cash,20700.00,Cash,Undeposited Funds,,0.00
Sense Micro Distributors,AS006586,2018-03-09,Reduce From Purchase,60000.00,Paid-Reduced From Purchases,Undeposited Funds,,0.00
Barclays Computers (Pvt) Ltd,AS007011,2018-03-13,565155,29400.00,Check,Undeposited Funds,,0.00
Barclays Computers (Pvt) Ltd,AS007053,2018-03-13,565155,58800.00,Check,Undeposited Funds,,0.00
Barclays Computers (Pvt) Ltd,AS007054,2018-03-13,565155,19850.00,Check,Undeposited Funds,,0.00
Barclays Computers (Pvt) Ltd,AS007094,2018-03-13,565155,29400.00,Check,Undeposited Funds,,0.00
SGS Lanka (pvt) Ltd.,AS007170,2018-03-13,Bank Deposits,23700.00,Bank Deposits,Undeposited Funds,,0.00
Seven X Lanka (Pvt) Ltd,AS007168,2018-03-13,591267,116000.00,Check,Undeposited Funds,,0.00
Clock Inn Colombo,AS007173,2018-03-13,Cash,23500.00,Cash,Undeposited Funds,,0.00
Richard Pieris Finance Limited,AS007104,2018-03-14,021196,704000.00,Check,Undeposited Funds,,0.00
Ideal Finance Ltd,AS007140,2018-03-14,735438,275600.00,Check,Undeposited Funds,,0.00
Pretec Solutions,AS006980,2018-03-15,444813,36000.00,Check,Undeposited Funds,,0.00
DYN TECH ENTERPRISES,AS007075,2018-03-16,837893,43700.00,Check,Undeposited Funds,,0.00
Studio Lakdam,AS006927,2018-03-16,987006,50000.00,Check,Undeposited Funds,,0.00
Studio Lakdam,AS006927,2018-03-16,987007,50000.00,Check,Undeposited Funds,,0.00
Studio Lakdam,AS006927,2018-03-16,987008,48650.00,Check,Undeposited Funds,,9.00
Studio Lakdam,AS007021,2018-03-16,987010,35000.00,Check,Undeposited Funds,,0.00
Studio Lakdam,AS007021,2018-03-16,987011,35000.00,Check,Undeposited Funds,,0.00
Milans Studio & Colour Lab,AS007176,2018-03-16,211475,20000.00,Check,Undeposited Funds,,0.00
Milans Studio & Colour Lab,AS007176,2018-03-16,211476,50000.00,Check,Undeposited Funds,,0.00
Milans Studio & Colour Lab,AS007176,2018-03-16,211477,50000.00,Check,Undeposited Funds,,0.00
Milans Studio & Colour Lab,AS007176,2018-03-16,211478,50000.00,Check,Undeposited Funds,,0.00
Milans Studio & Colour Lab,AS007176,2018-03-16,211479,50000.00,Check,Undeposited Funds,,0.00
Milans Studio & Colour Lab,AS007176,2018-03-16,211480,49000.00,Check,Undeposited Funds,,0.00
ADZ Insurance Brokers(Pvt) Ltd,AS007163,2018-03-20,608037,129260.00,Check,Undeposited Funds,,0.00
SLIM,AS007111,2018-03-20,430238,41400.00,Check,Undeposited Funds,,0.00
Melwire Rolling (Pvt) Ltd,AS007129,2018-03-20,025393,168187.50,Check,Undeposited Funds,,0.00
Editing Table Studio,AS007174,2018-03-20,781271,5750.00,Check,Undeposited Funds,,0.00
Leap inc.,AS007185,2018-03-20,986885,181200.00,Check,Undeposited Funds,,0.00
Tekxeon Interconnect (Pvt) Ltd,AS007040,2018-03-22,728829,97750.00,Check,Undeposited Funds,,0.00
Mitra Innovation Limited,AS007132,2018-03-22,560138,218000.00,Check,Undeposited Funds,,0.00
Digital Post Services,AS007187,2018-03-22,501922,260000.00,Check,Undeposited Funds,,0.00
Power House - Derana,AS007118,2018-03-22,858324,750000.00,Check,Undeposited Funds,,0.00
Power House - Derana,AS007118,2018-03-22,858323,750000.00,Check,Undeposited Funds,,0.00
Power House - Derana,AS007118,2018-03-22,858325,617600.00,Check,Undeposited Funds,,0.00
LANKA COMMODITY BROKERS LTD,AS007127,2018-03-23,847715,11270.00,Check,Undeposited Funds,,0.00
LANKA COMMODITY BROKERS LTD,AS007128,2018-03-23,847715,11270.00,Check,Undeposited Funds,,0.00
Sinnadurai Sundaralingam & Balendra,AS007030,2018-03-27,493492,20000.00,Check,Undeposited Funds,,0.00
Sinnadurai Sundaralingam & Balendra,AS007038,2018-03-27,493492,21500.00,Check,Undeposited Funds,,0.00
SouthNet Technologies (Pvt) Ltd,AS007131,2018-03-27,290331,26680.00,Check,Undeposited Funds,,0.00
MTI Consulting (New Building),AS007142,2018-03-28,186736,425125.00,Check,Undeposited Funds,,0.00
MTI Consulting (New Building),AS007142,2018-03-28,738580,256250.00,Check,Undeposited Funds,,0.00
Smart Media (Pvt) Ltd,AS007120,2018-03-28,893767,163000.00,Check,Undeposited Funds,,0.00
Thillai Vision,AS007191,2018-03-28,Cash Paid,5000.00,Cash,Undeposited Funds,,0.00
KAMINSKI. C/o STATESMAN HATS (PVT) LTD.,AS007010,2018-03-30,832303,53935.00,Check,Undeposited Funds,,0.00
KAMINSKI. C/o STATESMAN HATS (PVT) LTD.,AS007068,2018-03-30,832303,53935.00,Check,Undeposited Funds,,0.00
KAMINSKI. C/o STATESMAN HATS (PVT) LTD.,AS007078,2018-03-30,832303,53935.00,Check,Undeposited Funds,,0.00
KAMINSKI. C/o STATESMAN HATS (PVT) LTD.,AS007090,2018-03-30,832303,10350.00,Check,Undeposited Funds,,0.00
STATEMAN HATS (Pvt) LTD.,AS006985,2018-03-30,899932,19780.00,Check,Undeposited Funds,,0.00
STATEMAN HATS (Pvt) LTD.,AS007050,2018-03-30,899932,14200.00,Check,Undeposited Funds,,0.00
STATEMAN HATS (Pvt) LTD.,AS007060,2018-03-30,899932,55200.00,Check,Undeposited Funds,,0.00
STATEMAN HATS (Pvt) LTD.,AS007061,2018-03-30,899932,55200.00,Check,Undeposited Funds,,0.00
STATEMAN HATS (Pvt) LTD.,AS007062,2018-03-30,899932,3450.00,Check,Undeposited Funds,,0.00
STATEMAN HATS (Pvt) LTD.,AS007063,2018-03-30,899932,3450.00,Check,Undeposited Funds,,0.00
STATEMAN HATS (Pvt) LTD.,AS007064,2018-03-30,899932,19780.00,Check,Undeposited Funds,,0.00
STATEMAN HATS (Pvt) LTD.,AS007065,2018-03-30,899932,19780.00,Check,Undeposited Funds,,0.00
STATEMAN HATS (Pvt) LTD.,AS007066,2018-03-30,899932,9200.00,Check,Undeposited Funds,,0.00
STATEMAN HATS (Pvt) LTD.,AS007067,2018-03-30,899932,9200.00,Check,Undeposited Funds,,0.00
STATEMAN HATS (Pvt) LTD.,AS007097,2018-03-30,899932,60375.00,Check,Undeposited Funds,,0.00
STATEMAN HATS (Pvt) LTD.,AS007143,2018-03-30,899932,55200.00,Check,Undeposited Funds,,0.00
STATEMAN HATS (Pvt) LTD.,AS007144,2018-03-30,899932,55200.00,Check,Undeposited Funds,,0.00
STATEMAN HATS (Pvt) LTD.,AS007145,2018-03-30,899932,9200.00,Check,Undeposited Funds,,0.00
STATEMAN HATS (Pvt) LTD.,AS007146,2018-03-30,899932,9200.00,Check,Undeposited Funds,,0.00
STATEMAN HATS (Pvt) LTD.,AS007147,2018-03-30,899932,19780.00,Check,Undeposited Funds,,0.00
STATEMAN HATS (Pvt) LTD.,AS007148,2018-03-30,899932,19780.00,Check,Undeposited Funds,,0.00
STATEMAN HATS (Pvt) LTD.,AS007149,2018-03-30,899932,3450.00,Check,Undeposited Funds,,0.00
STATEMAN HATS (Pvt) LTD.,AS007150,2018-03-30,899932,3450.00,Check,Undeposited Funds,,0.00
STATEMAN HATS (Pvt) LTD.,AS007160,2018-03-30,899932,11500.00,Check,Undeposited Funds,,0.00
MACSON MESH,AS007043,2018-04-02,206351,11730.00,Check,Undeposited Funds,,0.00
MACSON MESH,AS007046,2018-04-02,206351,5750.00,Check,Undeposited Funds,,0.00
MACSON MESH,AS007047,2018-04-02,206351,46575.00,Check,Undeposited Funds,,0.00
MACSON MESH,AS007048,2018-04-02,206351,6325.00,Check,Undeposited Funds,,0.00
MACSON MESH,AS007049,2018-04-02,206351,1150.00,Check,Undeposited Funds,,0.00
MACSON MESH,AS007051,2018-04-02,206351,1725.00,Check,Undeposited Funds,,0.00
MACSON MESH,AS007052,2018-04-02,206351,1437.50,Check,Undeposited Funds,,0.00
Seya Colour,AS007213,2018-04-03,706888,204200.00,Check,Undeposited Funds,,0.00
Institute of Health policy,AS007177,2018-04-05,508575,19750.00,Check,Undeposited Funds,,0.00
ADZ Insurance Brokers(Pvt) Ltd,AS007193,2018-04-05,608050,225000.00,Check,Undeposited Funds,,0.00
Novaco Security Services (Pvt)Ltd,AS007072,2018-04-05,Bank Deposited,5175.00,Bank Deposits,Undeposited Funds,,0.00
Digital Mobility Solutions Lanka (pvt)Ltd,AS007103,2018-04-05,042937,500000.00,Check,Undeposited Funds,,0.00
Digital Mobility Solutions Lanka (pvt)Ltd,AS007103,2018-04-05,042936,500000.00,Check,Undeposited Funds,,0.00
Asiri Hospital PLC,AS006968,2018-04-05,Bank Deposits,79800.00,Bank Deposits,Undeposited Funds,,0.00
Avian,AS007109,2018-04-09,575457,37000.00,Check,Undeposited Funds,,0.00
Avian,AS007117,2018-04-09,614999,54600.00,Check,Undeposited Funds,,0.00
Avian,AS007106,2018-04-09,575431,83900.00,Check,Undeposited Funds,,0.00
Cargills Bank Ltd,AS007169,2018-04-09,017028,336720.00,Check,Undeposited Funds,,0.00
Premier Services,AS007192,2018-04-10,864203,47500.00,Check,Undeposited Funds,,0.00
Network Information Technologies (Pvt) Lt,AS007110,2018-04-11,674815,144881.00,Check,Undeposited Funds,,0.00
Rapidventure (Pvt) Ltd,AS007166,2018-04-11,928533,181324.00,Check,Undeposited Funds,,0.00
Netcore Solutions,AS007136,2018-04-20,522923,31800.00,Check,Undeposited Funds,,0.00
Digital Mobility Solutions Lanka (pvt)Ltd,AS006630,2018-04-20,062970,21850.00,Check,Undeposited Funds,,0.00
Melwire Rolling (Pvt) Ltd,AS007044,2018-04-23,025522,214475.00,Check,Undeposited Funds,,0.00
Jon Trepte,AS006624,2018-04-23,992434,11000.00,Check,Undeposited Funds,,0.00
Micro Solutions Information Systems (Pvt),AS007234,2018-04-25,714076,11500.00,Check,Undeposited Funds,,0.00
Aitken Spence Travels (Private)Limited.,AS007086,2018-04-25,310026,22500.00,Check,Undeposited Funds,,0.00
Aitken Spence Travels (Private)Limited.,AS006906,2018-04-25,018563,185000.00,Check,Undeposited Funds,,0.00
Paan Paan,AS006981,2018-04-26,925569,28750.00,Check,Undeposited Funds,,0.00
Barclays Computers (Pvt) Ltd,AS007112,2018-04-26,202834,59100.00,Check,Undeposited Funds,,0.00
Barclays Computers (Pvt) Ltd,AS007122,2018-04-26,202834,58800.00,Check,Undeposited Funds,,0.00
First Capital Holdings PLC,AS007207,2018-04-26,264103,125000.00,Check,Undeposited Funds,,0.00
UNION ASSURANCE PLC,AS007123,2018-04-26,019621,20700.00,Check,Undeposited Funds,,0.00
S-Lon,AS007186,2018-04-26,253616,166000.00,Check,Undeposited Funds,,0.00
a-Design Studio,AS007229,2018-04-26,377328,254000.00,Check,Undeposited Funds,,0.00
a-Design Studio,AS007231,2018-04-26,377328,64000.00,Check,Undeposited Funds,,0.00
Jat Technologies,AS007219,2018-04-26,146708,273800.00,Check,Undeposited Funds,,0.00
TYAX (PVT)LTD,AS007216,2018-05-02,467387,410000.00,Check,Undeposited Funds,,0.00
Digital Mobility Solutions Lanka (pvt)Ltd,AS007103,2018-05-02,101539,1775452.50,Check,Undeposited Funds,,0.00
JOLANKA (Pvt) Ltd,AS007181,2018-05-02,993954,136250.00,Check,Undeposited Funds,,0.00
MUSLIM AID,AS007211,2018-05-02,892767,11212.50,Check,Undeposited Funds,,0.00
MUSLIM AID,AS006043,2018-05-02,882582,2300.00,Check,Undeposited Funds,,0.00
MUSLIM AID,AS007095,2018-05-02,882582,52900.00,Check,Undeposited Funds,,0.00
MUSLIM AID,AS007005,2018-05-02,,20375.00,Check,Undeposited Funds,,0.00
LANKA MOUNT CASTLE (PVT) LTD,AS007124,2018-05-04,696542,48300.00,Check,Undeposited Funds,,0.00
Delmage Forsyth & Co. Ltd,AS007179,2018-05-04,012863,450000.00,Check,Undeposited Funds,,0.00
Property Finance & Investments,AS007116,2018-05-04,832404,23420.00,Check,Undeposited Funds,,0.00
SouthNet Technologies (Pvt) Ltd,AS007184,2018-05-09,312579,26450.00,Check,Undeposited Funds,,0.00
SouthNet Technologies (Pvt) Ltd,AS007189,2018-05-09,312579,26450.00,Check,Undeposited Funds,,0.00
Carmart (PVT) Limited,AS007224,2018-05-10,344252,83500.00,Check,Undeposited Funds,,0.00
Contrinex,AS007249,2018-05-10,919527,91000.00,Check,Undeposited Funds,,0.00
Halcyon House Colombo,AS007057,2018-05-12,433641,2286.00,Check,Undeposited Funds,,0.00
Halcyon House Colombo,AS007220,2018-05-12,433641,12362.50,Check,Undeposited Funds,,0.00
Halcyon House Colombo,,2018-05-12,433641,0.50,Check,Undeposited Funds,,0.00
Avian,AS007178,2018-05-15,632100,404400.00,Check,Undeposited Funds,,0.00
Property Finance & Investments,AS007194,2018-05-15,832847,397800.00,Check,Undeposited Funds,,0.00
Cenmetrix (Pvt) Ltd,AS007119,2018-05-16,564761,142250.00,Check,Undeposited Funds,,0.00
Jayantha Cutter Makers,AS007180,2018-05-16,299782,10900.00,Check,Undeposited Funds,,0.00
Ulagalla Walawwa Resort (Pvt)Ltd,AS007227,2018-05-16,810729,350750.00,Check,Undeposited Funds,,0.00
Premier Services,AS007236,2018-05-16,864208,7500.00,Check,Undeposited Funds,,0.00
Premier Services,AS007237,2018-05-16,864208,34500.00,Check,Undeposited Funds,,0.00
Univell ComputerSolutions( Pvt) Ltd,AS006588,2018-05-18,100862,19000.00,Check,Undeposited Funds,,0.00
Studio Lakdam,AS007262,2018-05-18,987037,35000.00,Check,Undeposited Funds,,0.00
Studio Lakdam,AS007262,2018-05-18,987038,31000.00,Check,Undeposited Funds,,0.00
Studio Lakdam,AS007405,2018-05-18,987038,4000.00,Check,Undeposited Funds,,0.00
Paan Paan,AS007069,2018-05-18,338700,28750.00,Check,Undeposited Funds,,0.00
Paan Paan,AS007070,2018-05-18,607452,28750.00,Check,Undeposited Funds,,0.00
Lakvijaya Power Station,AS007215,2018-05-21,563968,148920.00,Check,Undeposited Funds,,0.00
Editing Table Studio,AS007263,2018-05-21,795979,64600.00,Check,Undeposited Funds,,0.00
Smart Tech,AS007272,2018-05-23,728586,115000.00,Check,Undeposited Funds,,0.00
David Pieris Information Technologies Lt,AS007190,2018-05-23,654660,316000.00,Check,Undeposited Funds,,0.00
David Pierise Information Technologies Lt,AS007135,2018-05-23,654624,21275.00,Check,Undeposited Funds,,0.00
World IT Solution,AS007283,2018-05-28,Cash,30000.00,Cash,Undeposited Funds,,0.00
HKS Technologies,AS007284,2018-05-30,532555,31500.00,Check,Undeposited Funds,,0.00
Sampath Senaratharachige Asso,AS007225,2018-05-30,213262,212000.00,Check,Undeposited Funds,,0.00
Ayurvie  Weligama (PVT) Ltd,AS007226,2018-05-30,858020,82500.00,Check,Undeposited Funds,,0.00
Xpress Digital,AS007232,2018-05-30,607206,184600.00,Check,Undeposited Funds,,0.00
Cargills Bank Ltd,AS007253,2018-06-01,017874,336720.00,Check,Undeposited Funds,,0.00
Ceylinco General Insurance Limited,AS007267,2018-06-01,480653,359360.28,Check,Undeposited Funds,,0.00
Pretec Systems (Pvt)Ltd,AS007183,2018-06-01,130023,32000.00,Check,Undeposited Funds,,0.00
Micro Solutions Information Systems (Pvt),AS007245,2018-06-01,723245,177500.00,Check,Undeposited Funds,,0.00
Micro Solutions Information Systems (Pvt),AS007245,2018-06-01,723246,177500.00,Check,Undeposited Funds,,0.00
Avian,AS007208,2018-06-01,634091,2030200.00,Check,Undeposited Funds,,0.00
Miami Exports(Pvt) Ltd,AS007007,2018-06-01,607791,101955.00,Check,Undeposited Funds,,0.00
LANKA COMMODITY BROKERS LTD,AS007217,2018-06-05,855666,5750.00,Check,Undeposited Funds,,0.00
LANKA COMMODITY BROKERS LTD,AS007205,2018-06-05,862599,11270.00,Check,Undeposited Funds,,0.00
Rangiri Sri Lanka Media Network,AS007099,2018-06-05,863546,25000.00,Check,Undeposited Funds,,0.00
D Tech (Pvt) Ltd,AS007246,2018-06-06,299118,170830.00,Check,Undeposited Funds,,0.00
SLIM,AS007248,2018-06-07,431111,230000.00,Check,Undeposited Funds,,0.00
Sahasra Studio (PVT) Ltd,AS007309,2018-06-07,550752,60000.00,Check,Undeposited Funds,,0.00
Cargills Bank Ltd,AS007254,2018-06-12,017937,336720.00,Check,Undeposited Funds,,0.00
Cargills Bank Ltd,AS007255,2018-06-12,017916,2986420.00,Check,Undeposited Funds,,0.00
ETEL Solutions (Pvt) Ltd,AS007279,2018-06-12,437359,241500.00,Check,Undeposited Funds,,0.00
LEGACY HEALTH,AS007221,2018-06-12,049803,143175.00,Check,Undeposited Funds,,0.00
Analytical Instruments (Pvt) Ltd,AS007206,2018-06-19,227955,27000.00,Check,Undeposited Funds,,0.00
The Buddhist Media Network,AS007305,2018-06-20,065032,1225000.00,Check,Undeposited Funds,,0.00
LANKA COMMODITY BROKERS LTD,AS007286,2018-06-20,870080,11270.00,Check,Undeposited Funds,,0.00
LANKA COMMODITY BROKERS LTD,AS007289,2018-06-20,870023,5750.00,Check,Undeposited Funds,,0.00
CEB Head Office,AS007218,2018-06-25,585083,698200.00,Check,Undeposited Funds,,0.00
Lanka Bell Ltd,AS007275,2018-06-26,046943,251600.00,Check,Undeposited Funds,,0.00
Premier Services,AS007302,2018-06-26,864209,55000.00,Check,Undeposited Funds,,0.00
ebase asia,AS006961,2018-06-26,592112,32300.00,Check,Undeposited Funds,,0.00
Sri Lanka Insurance Coporation ltd.,AS007266,2018-06-26,054412,207000.00,Check,Undeposited Funds,,0.00
Sri Lanka Insurance Coporation ltd.,AS007296,2018-06-26,126903,2747649.86,Check,Undeposited Funds,,0.00
First Capital Holdings PLC,AS007274,2018-07-03,381360,533000.00,Check,Undeposited Funds,,0.00
Harbour Village,AS007321,2018-07-04,613774,168900.00,Check,Undeposited Funds,,0.00
Abercrombie & Kent (Pvt) Ltd,AS007311,2018-07-04,434485,462000.00,Check,Undeposited Funds,,0.00
Institute of Personnel Management,AS007041,2018-07-05,219181,273300.00,Check,Undeposited Funds,,0.00
CCS Lanka Pvt Ltd,AS007141,2018-07-06,bank deposit,305125.00,Bank Deposits,Undeposited Funds,,0.00
SGS Lanka (pvt) Ltd.,AS007171,2018-07-06,bank Deposit,3450.00,Bank Deposits,Undeposited Funds,,0.00
DKW Aqua International (Pvt) Ltd,AS007222,2018-07-06,bank Deposit,96400.00,Bank Deposits,Undeposited Funds,,0.00
DKW Aqua International (Pvt) Ltd,AS007223,2018-07-06,bank Deposit,51750.00,Bank Deposits,Undeposited Funds,,0.00
Colombo Centre For Cognitive Computing (P,AS007172,2018-07-06,Bank Deposits,44086.50,Bank Deposits,Undeposited Funds,,0.00
Unimac It Solutions,AS007188,2018-07-06,bank Deposits,23500.00,Bank Deposits,Undeposited Funds,,0.00
Rapidventure (Pvt) Ltd,AS007165,2018-07-06,bank Deposits,43660.00,Bank Deposits,Undeposited Funds,,0.00
Rapidventure (Pvt) Ltd,AS007096,2018-07-06,bank Deposits,47876.00,Bank Deposits,Undeposited Funds,,0.00
The Buddhist Media Network,AS006748,2018-07-06,Payment Includ New I,102550.00,Bank Deposits,Undeposited Funds,,0.00
I U C N,AS007367,2018-07-06,480116,21500.00,Check,Undeposited Funds,,0.00
Rapidventure (Pvt) Ltd,AS007239,2018-07-09,bank Deposits,28750.00,Bank Deposits,Undeposited Funds,,0.00
SouthNet Technologies (Pvt) Ltd,AS007277,2018-07-09,312661,91100.00,Check,Undeposited Funds,,0.00
SouthNet Technologies (Pvt) Ltd,AS007247,2018-07-09,312660,90735.00,Check,Undeposited Funds,,0.00
And Beyond,AS007368,2018-07-09,041702,8050.00,Check,Undeposited Funds,,0.00
Sarasavi Publishers (Pvt) Ltd,AS007300,2018-07-09,782335,90000.00,Check,Undeposited Funds,,0.00
EL Toro Roofing Products Ltd,AS007243,2018-07-09,530081,195000.00,Check,Undeposited Funds,,0.00
Star Garments (Pvt) Limited,AS007303,2018-07-09,740395,734000.00,Check,Undeposited Funds,,0.00
Elegent Media Solutions,AS007369,2018-07-11,108040,69000.00,Check,Undeposited Funds,,0.00
TMI Solutions (Pvt) Ltd,AS007313,2018-07-11,095128,17825.00,Check,Undeposited Funds,,0.00
STATEMAN HATS (Pvt) LTD.,AS007200,2018-07-11,551423,55200.00,Check,Undeposited Funds,,0.00
STATEMAN HATS (Pvt) LTD.,AS007201,2018-07-11,551423,9200.00,Check,Undeposited Funds,,0.00
STATEMAN HATS (Pvt) LTD.,AS007202,2018-07-11,551423,19780.00,Check,Undeposited Funds,,0.00
STATEMAN HATS (Pvt) LTD.,AS007203,2018-07-11,551423,3450.00,Check,Undeposited Funds,,0.00
STATEMAN HATS (Pvt) LTD.,AS007209,2018-07-11,551423,17968.75,Check,Undeposited Funds,,0.00
STATEMAN HATS (Pvt) LTD.,AS007287,2018-07-11,551423,3450.00,Check,Undeposited Funds,,0.00
STATEMAN HATS (Pvt) LTD.,AS007288,2018-07-11,551423,3450.00,Check,Undeposited Funds,,0.00
STATEMAN HATS (Pvt) LTD.,AS007291,2018-07-11,551423,19780.00,Check,Undeposited Funds,,0.00
STATEMAN HATS (Pvt) LTD.,AS007292,2018-07-11,551423,19780.00,Check,Undeposited Funds,,0.00
STATEMAN HATS (Pvt) LTD.,AS007293,2018-07-11,551423,9200.00,Check,Undeposited Funds,,0.00
STATEMAN HATS (Pvt) LTD.,AS007294,2018-07-11,551423,9200.00,Check,Undeposited Funds,,0.00
STATEMAN HATS (Pvt) LTD.,AS007297,2018-07-11,551423,55200.00,Check,Undeposited Funds,,0.00
STATEMAN HATS (Pvt) LTD.,AS007298,2018-07-11,551423,55200.00,Check,Undeposited Funds,,0.00
PC Globe Systems (Pvt) Ltd,AS007281,2018-07-11,802474,50000.00,Check,Undeposited Funds,,0.00
PC Globe Systems (Pvt) Ltd,AS007281,2018-07-11,802476,92500.00,Check,Undeposited Funds,,0.00
PC Globe Systems (Pvt) Ltd,AS007281,2018-07-11,802475,50000.00,Check,Undeposited Funds,,0.00
Digital Commerce Lanka (Pvt) Ltd,AS007269,2018-07-12,728351,4600.00,Check,Undeposited Funds,,0.00
Digital Commerce Lanka (Pvt) Ltd,AS007299,2018-07-12,728351,22200.00,Check,Undeposited Funds,,0.00
Paan Paan,AS007197,2018-07-12,278760,28750.00,Check,Undeposited Funds,,0.00
Paan Paan,AS007198,2018-07-12,278760,28750.00,Check,Undeposited Funds,,0.00
Paan Paan,AS007199,2018-07-12,278760,32200.00,Check,Undeposited Funds,,0.00
Barclays Computers (Pvt) Ltd,AS007230,2018-07-12,603274,58800.00,Check,Undeposited Funds,,0.00
Barclays Computers (Pvt) Ltd,AS007233,2018-07-12,603274,58800.00,Check,Undeposited Funds,,0.00
Pacific Manning Agency Colombo(Pvt)Ltd,AS007332,2018-07-12,681638,19228.00,Check,Undeposited Funds,,0.00
LANKA COMMODITY BROKERS LTD,AS007290,2018-07-13,876596,5750.00,Check,Undeposited Funds,,0.00
LANKA COMMODITY BROKERS LTD,AS007285,2018-07-13,869978,11270.00,Check,Undeposited Funds,,0.00
I U C N,AS007376,2018-07-13,480106,21500.00,Check,Undeposited Funds,,0.00
Ulagalla Walawwa Resort (Pvt)Ltd,AS007295,2018-07-13,989197,87687.50,Check,Undeposited Funds,,0.00
Mr Chitrupa De Silva,AS007379,2018-07-14,Cash,86900.00,Cash,Undeposited Funds,,0.00
Avian,AS007252,2018-07-14,637939,972500.00,Check,Undeposited Funds,,0.00
Avian,AS007252,2018-07-14,637938,972500.00,Check,Undeposited Funds,,0.00
Editing Table Studio,AS007363,2018-07-17,010431,159000.00,Check,Undeposited Funds,,0.00
I U C N,AS006781,2018-07-17,477630,3000.00,Check,Undeposited Funds,,0.00
Owen Design Studio,AS007385,2018-07-21,Bank Deposits,36500.00,Bank Deposits,Undeposited Funds,,0.00
Thakral One (Pvt) Ltd.,AS007314,2018-07-21,900618,221700.00,Check,Undeposited Funds,,0.00
Epro Technologies (Pvt) Ltd,AS007390,2018-07-24,147107,165000.00,Check,Undeposited Funds,,0.00
Shangri La Hotels Lanka (Private)Limited,AS007270,2018-07-24,510570,40250.00,Check,Undeposited Funds,,0.00
Shangri La Hotels Lanka (Private)Limited,AS007278,2018-07-24,510570,17250.00,Check,Undeposited Funds,,0.00
Shangri La Hotels Lanka (Private)Limited,AS007383,2018-07-24,Cash,11500.00,Cash,Undeposited Funds,,0.00
JAT Holdings (Pvt) Ltd,AS007114,2018-07-25,895620,4600.00,Check,Undeposited Funds,,0.00
JAT Holdings (Pvt) Ltd,AS007115,2018-07-25,895620,4600.00,Check,Undeposited Funds,,0.00
MACSON MESH,AS007137,2018-07-26,839028,1725.00,Check,Undeposited Funds,,0.00
MACSON MESH,AS007138,2018-07-26,839028,1150.00,Check,Undeposited Funds,,0.00
MACSON MESH,AS007153,2018-07-26,839028,22400.00,Check,Undeposited Funds,,0.00
MACSON MESH,AS007154,2018-07-26,839028,1150.00,Check,Undeposited Funds,,0.00
MACSON MESH,AS007155,2018-07-26,839028,1150.00,Check,Undeposited Funds,,0.00
MACSON MESH,AS007156,2018-07-26,839028,20125.00,Check,Undeposited Funds,,0.00
MACSON MESH,AS007162,2018-07-26,839028,8050.00,Check,Undeposited Funds,,0.00
NOLIMIT,AS007353,2018-07-26,268569,464689.70,Check,Undeposited Funds,,0.00
NOLIMIT,AS007365,2018-07-26,952752,78600.00,Check,Undeposited Funds,,0.00
Holmes Pollard & Stott (Pvt) Ltd,AS007241,2018-07-30,854803,256300.00,Check,Undeposited Funds,,0.00
Micro Solutions Information Systems (Pvt),AS007273,2018-07-31,729179,44850.00,Check,Undeposited Funds,,0.00
Avian,AS007268,2018-08-02,575524,1945000.00,Check,Undeposited Funds,,0.00
Studio Lakdam,AS007315,2018-08-06,502965,32000.00,Check,Undeposited Funds,,0.00
Sahasra Studio (PVT) Ltd,AS007386,2018-08-06,550769,6750.00,Check,Undeposited Funds,,0.00
Softlogic IT,AS007251,2018-08-09,600847,351600.00,Check,Undeposited Funds,,0.00
Softlogic IT,AS007259,2018-08-09,601102,112300.00,Check,Undeposited Funds,,0.00
Digital Mobility Solutions Lanka (pvt)Ltd,AS007329,2018-08-09,112977,1280181.15,Check,Undeposited Funds,,0.00
ebase asia,AS007408,2018-08-10,cash,2500.00,Cash,Undeposited Funds,,0.00
Orit Apparels Lanka (Pvt) Ltd-Seethawaka,AS007240,2018-08-10,019356,105225.00,Check,Undeposited Funds,,0.00
LANKA COMMODITY BROKERS LTD,AS007337,2018-08-10,876683,11270.00,Check,Undeposited Funds,,0.00
LANKA COMMODITY BROKERS LTD,AS007338,2018-08-10,876683,5750.00,Check,Undeposited Funds,,0.00
LANKA COMMODITY BROKERS LTD,AS007320,2018-08-10,876539,90000.00,Check,Undeposited Funds,,0.00
Karvin Fernando Production,AS007411,2018-08-11,cash,115800.00,Cash,Undeposited Funds,,0.00
Cargills Bank Ltd,AS007382,2018-08-16,025987,618740.00,Check,Undeposited Funds,,0.00
MICROCELLS LTD,AS006853,2018-08-17,Bank Deposits,20700.00,Bank Deposits,Undeposited Funds,,0.00
Regency Teas (Pvt) Ltd,AS007101,2018-08-18,575762,13750.00,Check,Undeposited Funds,,0.00
Gennext (Pvt)Ltd,AS007012,2018-08-18,854635,4500.00,Check,Undeposited Funds,,0.00
Gennext (Pvt)Ltd,AS007167,2018-08-18,854635,45000.00,Check,Undeposited Funds,,0.00
Kiffs (Pvt) Ltd.,AS007364,2018-08-22,419548,65500.00,Check,Undeposited Funds,,0.00
JLanka Technologies (Pvt) Ltd,AS007324,2018-08-22,263220,54900.00,Check,Undeposited Funds,,0.00
Insight Computers,AS007326,2018-08-23,268166,33304.00,Check,Undeposited Funds,,0.00
George Steuart Optimize Pvt Ltd,AS007280,2018-08-24,564054,74500.00,Check,Undeposited Funds,,0.00
Institute of Health policy,AS007380,2018-08-24,513297,21275.00,Check,Undeposited Funds,,0.00
Paan Paan,AS007334,2018-08-27,519298,32200.00,Check,Undeposited Funds,,0.00
Thakral One (Pvt) Ltd.,AS007375,2018-08-27,900680,162400.00,Check,Undeposited Funds,,0.00
Thakral One (Pvt) Ltd.,AS007389,2018-08-27,900680,162400.00,Check,Undeposited Funds,,0.00
MCB Bank Ltd,AS007416,2018-08-27,114905,21178.00,Check,Undeposited Funds,,0.00
Rapidventure (Pvt) Ltd,AS007319,2018-08-27,963962,30069.05,Check,Undeposited Funds,,0.00
Rapidventure (Pvt) Ltd,AS007323,2018-08-27,963962,27514.90,Check,Undeposited Funds,,0.00
UNION ASSURANCE PLC,AS007395,2018-08-28,024446,402700.00,Check,Undeposited Funds,,0.00
J L Morison Son & Jones (Ceylon)Ltd,AS007028,2018-08-29,022954,24750.00,Check,Undeposited Funds,,0.00
Melwire Rolling (Pvt) Ltd,AS007393,2018-08-29,026223,115575.00,Check,Undeposited Funds,,0.00
Pretec Solutions,AS007276,2018-08-29,444929,38050.00,Check,Undeposited Funds,,0.00
Pretec Solutions,AS007276,2018-08-29,444930,38050.00,Check,Undeposited Funds,,0.00
Digital Post Services,AS007445,2018-08-29,501970,218000.00,Check,Undeposited Funds,,0.00
Peradeniya Botanical Garden,AS007377,2018-08-30,781983,594000.00,Check,Undeposited Funds,,0.00
Peradeniya Botanical Garden,AS007378,2018-08-30,781983,5750.00,Check,Undeposited Funds,,0.00
DSI,AS007307,2018-08-30,369654,22000.00,Check,Undeposited Funds,,0.00
Studio I Max,AS007366,2018-08-30,Bank Depasits,30000.00,Bank Deposits,Undeposited Funds,,0.00
Avian,AS007257,2018-08-30,637881,91500.00,Check,Undeposited Funds,,0.00
LTL Transformers (Pvt) Ltd,AS007402,2018-08-30,302464,199000.00,Check,Undeposited Funds,,0.00
UGA Escapes Management (Pvt) Ltd,AS007261,2018-08-30,272473,23000.00,Check,Undeposited Funds,,0.00
BlueChip Technical Services(Pvt)Ltd,AS007310,2018-08-30,774938,542800.00,Check,Undeposited Funds,,0.00
Avian,AS007325,2018-08-30,641998,794500.00,Check,Undeposited Funds,,0.00
Avian,AS007333,2018-08-30,641997,794500.00,Check,Undeposited Funds,,0.00
Unity PC Systems,AS007448,2018-09-03,Cash,30700.00,Cash,Undeposited Funds,,0.00
ebase asia,AS007453,2018-09-04,881740,37200.00,Check,Undeposited Funds,,0.00
Personal Computers-Maldives,AS007455,2018-09-04,Cash,54940.00,Cash,Undeposited Funds,,0.00
Smart Tech,AS007452,2018-09-04,574923,28750.00,Check,Undeposited Funds,,0.00
One Plus Solutions,AS007456,2018-09-05,394333,50750.00,Check,Undeposited Funds,,0.00
Peoples Merchant Finance PLC,AS007316,2018-09-11,012875,333600.00,Check,Undeposited Funds,,0.00
Paan Paan,AS007335,2018-09-11,519156,32200.00,Check,Undeposited Funds,,0.00
Paan Paan,AS007336,2018-09-11,519156,32200.00,Check,Undeposited Funds,,0.00
Paan Paan,AS007348,2018-09-11,519156,1150.00,Check,Undeposited Funds,,0.00
Paan Paan,AS007426,2018-09-11,519540,32200.00,Check,Undeposited Funds,,0.00
Paan Paan,AS007427,2018-09-11,519508,32200.00,Check,Undeposited Funds,,0.00
Sri Lanka Insurance Coporation ltd.,AS007373,2018-09-11,128359,32000.00,Check,Undeposited Funds,,0.00
CEB Head Office- IT,AS007412,2018-09-13,746522,299600.00,Check,Undeposited Funds,,0.00
Mohamed Shanon Areef,AS007470,2018-09-17,Cash,170000.00,Cash,Undeposited Funds,,0.00
Personal Computers-Maldives,AS007462,2018-09-17,Cash,71000.00,Cash,Undeposited Funds,,0.00
LK Domain Registry,AS007477,2018-09-19,929322,144500.00,Check,Undeposited Funds,,0.00
Bernard Botejue Industries Ltd,AS006744,2018-09-19,cash,16675.00,Cash,Undeposited Funds,,0.00
Care Lable Industries (Pvt) Ltd,AS007397,2018-09-19,341356,40250.00,Check,Undeposited Funds,,0.00
Care Lable Industries (Pvt) Ltd,AS007397,2018-09-19,341357,40250.00,Check,Undeposited Funds,,0.00
Care Lable Industries (Pvt) Ltd,AS007397,2018-09-19,341358,40250.00,Check,Undeposited Funds,,0.00
TYAX (PVT)LTD,AS007370,2018-09-20,467654,60750.00,Check,Undeposited Funds,,0.00
Janathakshana (Gte) Ltd,AS007374,2018-09-20,127879,73312.50,Check,Undeposited Funds,,0.00
Avian,AS007322,2018-09-20,644011,110100.00,Check,Undeposited Funds,,0.00
Avian,AS007360,2018-09-20,644011,40200.00,Check,Undeposited Funds,,0.00
MACSON MESH,AS006567,2018-09-20,839663,3450.00,Check,Undeposited Funds,,0.00
MACSON MESH,AS006746,2018-09-20,839663,34500.00,Check,Undeposited Funds,,0.00
MACSON MESH,AS006795,2018-09-20,839663,70000.00,Check,Undeposited Funds,,0.00
MACSON MESH,AS007196,2018-09-20,839663,164250.00,Check,Undeposited Funds,,0.00
MACSON MESH,AS007210,2018-09-20,839663,6900.00,Check,Undeposited Funds,,0.00
MACSON MESH,AS007351,2018-09-20,839663,1725.00,Check,Undeposited Funds,,0.00
ENTEC COMPUTER SYSTEMS (PVT) LTD,AS007478,2018-09-20,258846,30000.00,Check,Undeposited Funds,,0.00
DSI,AS007306,2018-09-21,448987,57700.00,Check,Undeposited Funds,,0.00
Power House - Derana,AS007228,2018-09-21,859736,17200.00,Check,Undeposited Funds,,0.00
Maxaire,AS007387,2018-09-25,482460,48000.00,Check,Undeposited Funds,,0.00
Ultrium Technologies (Pvt) Ltd,AS007483,2018-09-25,936905,162000.00,Check,Undeposited Funds,,0.00
D Tech (Pvt) Ltd,AS007407,2018-09-28,855755,51300.00,Check,Undeposited Funds,,0.00
D Tech (Pvt) Ltd,AS007362,2018-09-28,855630,202000.00,Check,Undeposited Funds,,0.00
Avian,AS007317,2018-09-28,644009,1680400.00,Check,Undeposited Funds,,0.00
ebase asia,AS007493,2018-09-28,609190,71000.00,Check,Undeposited Funds,,0.00
Nexsa High Tech Solution (Pvt) Ltd,AS007308,2018-09-28,006911,31659.50,Check,Undeposited Funds,,0.00
Nexsa High Tech Solution (Pvt) Ltd,AS007420,2018-09-28,006910,57132.00,Check,Undeposited Funds,,0.00
Central Hospital,AS007410,2018-09-28,Bank Deposit,301300.00,Bank Deposits,Undeposited Funds,,0.00
Central Hospital,AS007327,2018-09-28,Bank Deposit,1489500.00,Bank Deposits,Undeposited Funds,,0.00
Ceylon Electricity Board-col city,AS007388,2018-10-01,733732,248000.00,Check,Undeposited Funds,,0.00
Open Systems Integrators,AS007496,2018-10-02,277178,267500.00,Check,Undeposited Funds,,0.00
BlueChip Technical Services(Pvt)Ltd,AS007392,2018-10-02,775037,220600.00,Check,Undeposited Funds,,0.00
International Marine Services (Pvt) Ltd,AS007481,2018-10-08,995942,29900.00,Check,Undeposited Funds,,0.00
a-Design Studio,AS007235,2018-10-09,377413,8000.00,Check,Undeposited Funds,,0.00
Micro Solutions Information Systems (Pvt),AS007454,2018-10-09,737016,300250.00,Check,Undeposited Funds,,0.00
Micro Solutions Information Systems (Pvt),AS007454,2018-10-09,737017,300250.00,Check,Undeposited Funds,,0.00
Cargills Bank Ltd,AS007417,2018-10-09,026089,94500.00,Check,Undeposited Funds,,0.00
China Harbour Engineering Company Ltd,AS007409,2018-10-09,654259,985800.00,Check,Undeposited Funds,,0.00
Avian,AS007403,2018-10-09,644169,862000.00,Check,Undeposited Funds,,0.00
Avian,AS007403,2018-10-09,644170,862000.00,Check,Undeposited Funds,,0.00
DPS Software Pvt Ltd,AS007514,2018-10-10,220554,100050.00,Check,Undeposited Funds,,0.00
Janathakshana (Gte) Ltd,AS007488,2018-10-11,128270,20200.00,Check,Undeposited Funds,,0.00
The Computer Center (pvt) Ltd,AS007459,2018-10-12,900842,822659.00,Check,Undeposited Funds,,0.00
The Computer Center (pvt) Ltd,AS007459,2018-10-12,900843,822659.00,Check,Undeposited Funds,,0.00
Asiri,AS007415,2018-10-15,Bank Deposits,50600.00,Bank Deposits,Undeposited Funds,,0.00
Studio Siyakroo,AS007250,2018-10-15,bank deposits,18000.00,Bank Deposits,Undeposited Funds,,1770.00
Redline Technologies,AS007242,2018-10-15,134547,107000.00,Check,Undeposited Funds,,0.00
Redline Technologies,AS007264,2018-10-15,134547,30000.00,Check,Undeposited Funds,,0.00
Redline Technologies,AS007265,2018-10-15,134547,35000.00,Check,Undeposited Funds,,0.00
Navesta Pharmaceuticals (Pvt) Ltd,AS007421,2018-10-15,389972,306000.00,Check,Undeposited Funds,,0.00
Tajima Colombo (Pvt) Ltd,AS007244,2018-10-15,026143,71415.00,Check,Undeposited Funds,,0.00
Digital Mobility Solutions Lanka (pvt)Ltd,AS007460,2018-10-15,015063,112470.00,Check,Undeposited Funds,,0.00
Hiran Wickramanayake,AS007349,2018-10-17,926387,8050.00,Check,Undeposited Funds,,0.00
MICROCELLS LTD,AS007073,2018-10-17,Bank Deposits,20700.00,Bank Deposits,Undeposited Funds,,0.00
MICROCELLS LTD,AS007357,2018-10-17,Bank Deposits,20700.00,Bank Deposits,Undeposited Funds,,0.00
Nadeera Paints (Pvt) Ltd,AS007361,2018-10-18,586459,5750.00,Check,Undeposited Funds,,0.00
MACSON MESH,AS007441,2018-10-18,838839,2300.00,Check,Undeposited Funds,,0.00
MACSON MESH,AS007443,2018-10-18,838839,14248.50,Check,Undeposited Funds,,0.00
JAT Holdings (Pvt) Ltd,AS007182,2018-10-18,895792,29900.00,Check,Undeposited Funds,,0.00
REGENT FINE JEWELS,AS006878,2018-10-18,838416,5750.00,Check,Undeposited Funds,,0.00
The Computer Center (pvt) Ltd,AS007400,2018-10-18,900760,29000.00,Check,Undeposited Funds,,0.00
CEB Ranembe- Randenigala,AS007537,2018-10-19,481143,96600.00,Check,Undeposited Funds,,0.00
Ceylinco General Insurance Limited,AS007406,2018-10-19,504025,84000.00,Check,Undeposited Funds,,0.00
Global Parcel Delivery (Pvt) Ltd,AS007472,2018-10-19,030154,23000.00,Check,Undeposited Funds,,0.00
Aston Electronics,AS007541,2018-10-20,Cash,37050.00,Cash,Undeposited Funds,,0.00
Rapidventure (Pvt) Ltd,AS006328,2018-10-22,,3600.00,Check,Undeposited Funds,,0.00
Rapidventure (Pvt) Ltd,AS007396,2018-10-22,,30069.05,Check,Undeposited Funds,,0.00
Base Hp (Pvt) Ltd,AS007464,2018-10-25,731278,235000.00,Check,Undeposited Funds,,0.00
ICC Inernational Construction Consortium,AS007371,2018-10-25,572420,185000.00,Check,Undeposited Funds,,0.00
Search Advanced Technology,AS007398,2018-10-25,021516,30000.00,Check,Undeposited Funds,,0.00
LANKA COMMODITY BROKERS LTD,AS007422,2018-10-26,892685,11270.00,Check,Undeposited Funds,,0.00
LANKA COMMODITY BROKERS LTD,AS007423,2018-10-26,892685,11270.00,Check,Undeposited Funds,,0.00
LANKA COMMODITY BROKERS LTD,AS007424,2018-10-26,892685,5750.00,Check,Undeposited Funds,,0.00
LANKA COMMODITY BROKERS LTD,AS007425,2018-10-26,892685,5750.00,Check,Undeposited Funds,,0.00
LANKA COMMODITY BROKERS LTD,AS007502,2018-10-26,892372,5750.00,Check,Undeposited Funds,,0.00
LANKA COMMODITY BROKERS LTD,AS007503,2018-10-26,892372,11270.00,Check,Undeposited Funds,,0.00
Serindib Leisure Management (hemas),AS007401,2018-10-26,003361,54850.00,Check,Undeposited Funds,,0.00
B.M. Amal perera,AS007552,2018-10-29,Bank Deposits,30000.00,Bank Deposits,Undeposited Funds,,0.00
STATEMAN HATS (Pvt) LTD.,AS007339,2018-10-29,,55200.00,Check,Undeposited Funds,,0.00
STATEMAN HATS (Pvt) LTD.,AS007340,2018-10-29,,3450.00,Check,Undeposited Funds,,0.00
STATEMAN HATS (Pvt) LTD.,AS007341,2018-10-29,,9200.00,Check,Undeposited Funds,,0.00
STATEMAN HATS (Pvt) LTD.,AS007342,2018-10-29,,19780.00,Check,Undeposited Funds,,0.00
STATEMAN HATS (Pvt) LTD.,AS007343,2018-10-29,,49990.50,Check,Undeposited Funds,,0.00
STATEMAN HATS (Pvt) LTD.,AS007346,2018-10-29,,16675.00,Check,Undeposited Funds,,0.00
STATEMAN HATS (Pvt) LTD.,AS007429,2018-10-29,,55200.00,Check,Undeposited Funds,,0.00
STATEMAN HATS (Pvt) LTD.,AS007430,2018-10-29,,55200.00,Check,Undeposited Funds,,0.00
STATEMAN HATS (Pvt) LTD.,AS007431,2018-10-29,,3450.00,Check,Undeposited Funds,,0.00
STATEMAN HATS (Pvt) LTD.,AS007432,2018-10-29,,3450.00,Check,Undeposited Funds,,0.00
STATEMAN HATS (Pvt) LTD.,AS007433,2018-10-29,,9200.00,Check,Undeposited Funds,,0.00
STATEMAN HATS (Pvt) LTD.,AS007434,2018-10-29,,9200.00,Check,Undeposited Funds,,0.00
STATEMAN HATS (Pvt) LTD.,AS007435,2018-10-29,,19780.00,Check,Undeposited Funds,,0.00
STATEMAN HATS (Pvt) LTD.,AS007436,2018-10-29,,19780.00,Check,Undeposited Funds,,0.00
STATEMAN HATS (Pvt) LTD.,AS007439,2018-10-29,,3450.00,Check,Undeposited Funds,,0.00
STATEMAN HATS (Pvt) LTD.,AS007440,2018-10-29,,5750.00,Check,Undeposited Funds,,0.00
STATEMAN HATS (Pvt) LTD.,AS007467,2018-10-29,,5750.00,Check,Undeposited Funds,,0.00
STATEMAN HATS (Pvt) LTD.,AS007498,2018-10-29,,55200.00,Check,Undeposited Funds,,0.00
STATEMAN HATS (Pvt) LTD.,AS007499,2018-10-29,,3450.00,Check,Undeposited Funds,,0.00
STATEMAN HATS (Pvt) LTD.,AS007500,2018-10-29,,9200.00,Check,Undeposited Funds,,0.00
Sri Lanka Institute of Taxation,AS006784,2018-10-29,Bank Deposits,11500.00,Bank Deposits,Undeposited Funds,,3450.00
Sri Lanka Institute of Taxation,AS007258,2018-10-29,Bank Deposits,8050.00,Bank Deposits,Undeposited Funds,,3450.00
STATEMAN HATS (Pvt) LTD.,AS007489,2018-11-01,796319,500000.00,Check,Undeposited Funds,,0.00
Innova Tech Lanka (Pvt) Ltd,AS007515,2018-11-01,756598,168000.00,Check,Undeposited Funds,,0.00
Globe Glaass (Pvt) Ltd,AS007304,2018-11-06,797127,95450.00,Check,Undeposited Funds,,0.00
Mitra Innovation Limited,AS007450,2018-11-06,714456,276000.00,Check,Undeposited Funds,,0.00
Barclays Computers (Pvt) Ltd,AS007399,2018-11-06,603348,58800.00,Check,Undeposited Funds,,0.00
Barclays Computers (Pvt) Ltd,AS007444,2018-11-06,603348,78900.00,Check,Undeposited Funds,,0.00
Tech Crop Solutions (Pvt) Ltd,AS007487,2018-11-06,380371,800000.00,Check,Undeposited Funds,,0.00
Softlogic IT,AS007451,2018-11-07,945070,110950.00,Cash,Undeposited Funds,,0.00
Digital Commerce Lanka (Pvt) Ltd,AS007391,2018-11-07,730455,25300.00,Cash,Undeposited Funds,,0.00
Studio Lakdam,AS007405,2018-11-08,502996,30000.00,Check,Undeposited Funds,,0.00
Studio Lakdam,AS007405,2018-11-08,502996,30000.00,Check,Undeposited Funds,,0.00
Okelta Technologies,AS007580,2018-11-12,062191,19100.00,Check,Undeposited Funds,,0.00
Moresand Ltd,AS007575,2018-11-12,476122,29700.00,Check,Undeposited Funds,,0.00
Studio I Max,AS007366,2018-11-12,bank deposits,30000.00,Bank Deposits,Undeposited Funds,,0.00
Regency Teas (Pvt) Ltd,AS007473,2018-11-13,453828,486061.88,Check,Undeposited Funds,,0.00
Studio I Max,AS007366,2018-11-14,552056,20000.00,Check,Undeposited Funds,,0.00
Studio I Max,AS007366,2018-11-14,552057,20000.00,Check,Undeposited Funds,,0.00
Studio I Max,AS007366,2018-11-14,552055,20000.00,Check,Undeposited Funds,,0.00
Asiri,AS007384,2018-11-15,Bank deposits,86300.00,Bank Deposits,Undeposited Funds,,0.00
Asiri,AS006411,2018-11-15,Bank Deposits,8000.00,Bank Deposits,Undeposited Funds,,0.00
Asiri,AS006885,2018-11-15,Bank Deposits,40250.00,Bank Deposits,Undeposited Funds,,0.00
Saber IT Solutions (Pvt) Ltd,AS007449,2018-11-15,BANK DEPOSITS,119000.00,Bank Deposits,Undeposited Funds,,0.00
Saber IT Solutions (Pvt) Ltd,AS007449,2018-11-15,BANK DEPOSITS,5000.00,Bank Deposits,Undeposited Funds,,0.00
Saber IT Solutions (Pvt) Ltd,AS007449,2018-11-15,BANK DEPOSITS,15700.00,Bank Deposits,Undeposited Funds,,0.00
Orit Apparels Lanka (Pvt) Ltd-Seethawaka,AS007414,2018-11-15,BANK DEPOSITS,71300.00,Bank Deposits,Undeposited Funds,,0.00
My Computers (Pvt) Ltd,AS007587,2018-11-16,Cash,35300.00,Cash,Undeposited Funds,,0.00
Cargills Bank Ltd,AS007513,2018-11-23,027279,330300.00,Check,Undeposited Funds,,0.00
Cargills Bank Ltd,AS007486,2018-11-23,027441,449600.00,Check,Undeposited Funds,,0.00
Information Technologies & Enterprise Sol,AS007512,2018-11-26,Bank Deposits,65000.00,Bank Deposits,Undeposited Funds,,0.00
Whiteglow (Pvt)Ltd,AS007540,2018-11-29,187532,276000.00,Check,Undeposited Funds,,0.00
Intec Atebion,AS007595,2018-11-29,015068,36000.00,Check,Undeposited Funds,,0.00
Digital Post Services,AS007581,2018-11-29,501989,192000.00,Check,Undeposited Funds,,0.00
MACSON MESH,AS007492,2018-11-29,564401,3450.00,Check,Undeposited Funds,,0.00
MACSON MESH,AS007529,2018-11-29,564449,13225.00,Check,Undeposited Funds,,0.00
techtron,AS007521,2018-11-29,468040,77500.00,Check,Undeposited Funds,,0.00
Netcore Solutions,AS007480,2018-11-30,574630,26320.00,Check,Undeposited Funds,,0.00
Netcore Solutions,AS007480,2018-11-30,574629,26425.00,Check,Undeposited Funds,,0.00
Netcore Solutions,AS007480,2018-11-30,574628,26375.00,Check,Undeposited Funds,,0.00
The Computer Center (pvt) Ltd,AS007509,2018-12-03,213503,104400.00,Check,Undeposited Funds,,0.00
The Computer Center (pvt) Ltd,AS007510,2018-12-03,213502,48905.00,Check,Undeposited Funds,,0.00
David Pieris Information Technologies Lt,AS007328,2018-12-04,667918,188400.00,Check,Undeposited Funds,,0.00
Exterme Computer Technologies Pvt Ltd,AS007485,2018-12-04,113508,143500.00,Check,Undeposited Funds,,0.00
Web Lankan.Com (Pvt)Ltd,AS007565,2018-12-04,34000 c check 65000i,99000.00,Check,Undeposited Funds,,0.00
LTL Transformers (Pvt) Ltd,AS007551,2018-12-05,302395,80500.00,Check,Undeposited Funds,,0.00
Lalith Athulathmudali Vocational Trading,AS007522,2018-12-05,243618,8625.00,Check,Undeposited Funds,,0.00
Lalith Athulathmudali Vocational Trading,AS007576,2018-12-05,243618,28750.00,Check,Undeposited Funds,,0.00
Avian,AS007418,2018-12-05,644205,110100.00,Check,Undeposited Funds,,0.00
Avian,AS007419,2018-12-05,644205,110100.00,Check,Undeposited Funds,,0.00
Avian,AS007446,2018-12-05,644205,122700.00,Check,Undeposited Funds,,0.00
Lankem Ceylon PLC,AS007318,2018-12-05,942304,2875.00,Check,Undeposited Funds,,2875.00
Micro Solutions Information Systems (Pvt),AS007524,2018-12-06,748513,441250.00,Check,Undeposited Funds,,0.00
TYAX (PVT)LTD,AS007495,2018-12-06,077496,255000.00,Check,Undeposited Funds,,0.00
BOEHM + LECKNER MULTI MOULDS (PVT) Ltd,AS007534,2018-12-07,925874,16000.00,Check,Undeposited Funds,,0.00
BOEHM + LECKNER MULTI MOULDS (PVT) Ltd,AS007535,2018-12-07,925874,13800.00,Check,Undeposited Funds,,0.00
Paan Paan,AS007501,2018-12-11,403093,35650.00,Check,Undeposited Funds,,0.00
Paan Paan,AS007559,2018-12-11,403094,35650.00,Check,Undeposited Funds,,0.00
Paan Paan,AS007506,2018-12-11,403095,42090.00,Check,Undeposited Funds,,0.00
Editing Table Studio,AS007394,2018-12-11,050450,5175.00,Check,Undeposited Funds,,0.00
Print Animation (Pvt)Ltd,AS007461,2018-12-12,376486,6325.00,Check,Undeposited Funds,,0.00
Print Animation (Pvt)Ltd,AS007463,2018-12-12,376486,27000.00,Check,Undeposited Funds,,0.00
Data Management Systems (Pvt) Limited,AS007568,2018-12-12,602105,365500.00,Check,Undeposited Funds,,0.00
Origin Business Solutions,AS007536,2018-12-12,410098,137000.00,Check,Undeposited Funds,,0.00
BlueChip Technical Services(Pvt)Ltd,AS007525,2018-12-12,775255,152100.00,Check,Undeposited Funds,,0.00
SharpEYE Network Solutions (Pvt) Ltd,AS007610,2018-12-13,841149,62000.00,Check,Undeposited Funds,,0.00
Avian,AS007564,2018-12-14,665824,107600.00,Check,Undeposited Funds,,0.00
Avian,AS007570,2018-12-14,665824,125100.00,Check,Undeposited Funds,,0.00
Micro Solutions Information Systems (Pvt),AS007312,2018-12-18,748530,17606.50,Check,Undeposited Funds,,0.00
Micro Solutions Information Systems (Pvt),AS007484,2018-12-18,748530,47058.00,Check,Undeposited Funds,,0.00
Avian,AS007469,2018-12-18,648475,142200.00,Check,Undeposited Funds,,0.00
Avian,AS007479,2018-12-18,648475,53600.00,Check,Undeposited Funds,,0.00
SouthNet Technologies (Pvt) Ltd,AS007531,2018-12-19,428057,232316.10,Check,Undeposited Funds,,0.00
CEB - Ampitiya,AS007603,2018-12-19,730117,13500.00,Check,Undeposited Funds,,0.00
T & D Associates,AS007566,2018-12-27,Bank Deposits,28750.00,Bank Deposits,Undeposited Funds,,0.00
ICC Inernational Construction Consortium,AS007548,2018-12-27,756319,577500.00,Check,Undeposited Funds,,0.00
Analytical Instruments (Pvt) Ltd,AS007582,2018-12-27,523009,70000.00,Check,Undeposited Funds,,0.00
Analytical Instruments (Pvt) Ltd,AS007591,2018-12-27,523009,70000.00,Check,Undeposited Funds,,0.00
Paan Paan,AS007597,2018-12-28,403347,35650.00,Check,Undeposited Funds,,0.00
Paan Paan,AS007611,2018-12-28,403347,1725.00,Check,Undeposited Funds,,0.00
Information Technologies & Enterprise Sol,AS007512,2018-12-28,Direct deposit,20000.00,Check,Undeposited Funds,,0.00
Survey Department,AS007507,2018-12-31,310367,179950.00,Check,Undeposited Funds,,0.00
Survey Department,AS008199,2018-12-31,310367,25.00,Check,Undeposited Funds,,0.00
Avian,AS007457,2019-01-08,654683,265500.00,Check,Undeposited Funds,,0.00
Asiri,AS007542,2019-01-08,Bank Deposit,92000.00,Bank Deposits,Undeposited Funds,,0.00
Rapidventure (Pvt) Ltd,AS007511,2019-01-08,Bank Deposits,586500.00,Bank Deposits,Undeposited Funds,,0.00
Asian Paints (Lanka) Limited,AS007494,2019-01-08,Bank Deposits,37950.00,Bank Deposits,Undeposited Funds,,0.00
Studio I Max,AS007366,2019-01-08,Direct deposit,14000.00,Check,Undeposited Funds,,0.00
Mr Prasenna Senanayake  H N B,AS007108,2019-01-09,Cash,44000.00,Cash,Undeposited Funds,,0.00
Electro Net,AS007553,2019-01-09,Cash,34960.00,Cash,Undeposited Funds,,0.00
Mr Prasenna Senanayake  H N B,AS007214,2019-01-10,Cash,16000.00,Cash,Undeposited Funds,,0.00
SGS Lanka (pvt) Ltd.,AS007516,2019-01-10,Bank Deposits,27200.00,Bank Deposits,Undeposited Funds,,0.00
Micro Channel,AS007593,2019-01-11,Bank Deposits,29500.00,Bank Deposits,Undeposited Funds,,0.00
My Computers (Pvt) Ltd,AS007650,2019-01-11,681843,35300.00,Check,Undeposited Funds,,0.00
"MAS Fabrics(Pvt) Ltd , Thulhiriya",AS007583,2019-01-11,Bank Deposits $ Acc,2868237.89,Bank Deposits,Undeposited Funds,,0.00
Virus Technologies,AS007532,2019-01-14,Cash,29250.00,Cash,Undeposited Funds,,0.00
Avian,AS007608,2019-01-14,668895,27100.00,Check,Undeposited Funds,,0.00
Avian,AS007562,2019-01-14,654740,269600.00,Check,Undeposited Funds,,0.00
PC Technologies (Pvt) Ltd,AS006956,2019-01-17,CASH,30000.00,Cash,Undeposited Funds,,0.00
MUSLIM AID,AS007618,2019-01-17,928781,66125.00,Check,Undeposited Funds,,0.00
David Pieris Information Technologies Lt,AS007482,2019-01-17,695244,49454.51,Check,Undeposited Funds,,0.00
Barclays Computers (Pvt) Ltd,AS007447,2019-01-17,150358,58800.00,Check,Undeposited Funds,,0.00
Barclays Computers (Pvt) Ltd,AS007465,2019-01-17,150358,46300.00,Check,Undeposited Funds,,0.00
Barclays Computers (Pvt) Ltd,AS007465,2019-01-17,Set off 1141401,10850.00,Paid-Reduced From Purchases,Undeposited Funds,,0.00
Barclays Computers (Pvt) Ltd,AS007465,2019-01-17,Set off 1143678,1950.00,Paid-Reduced From Purchases,Undeposited Funds,,0.00
Thakral One (Pvt) Ltd.,AS007573,2019-01-18,958282,145200.00,Check,Undeposited Funds,,0.00
Moresand Ltd,AS007645,2019-01-18,507976,388000.00,Check,Undeposited Funds,,0.00
Barclays Computers (Pvt) Ltd,AS007567,2019-01-18,833482,58800.00,Check,Undeposited Funds,,0.00
Liyakta Office Systems (Pvt) Ltd,AS007622,2019-01-18,239316,13984.00,Check,Undeposited Funds,,0.00
Rapidventure (Pvt) Ltd,AS007647,2019-01-21,Direct Deposit,26050.00,Check,Undeposited Funds,,0.00
PC Technologies (Pvt) Ltd,AS006956,2019-01-22,cash,15000.00,Cash,Undeposited Funds,,0.00
Hotel Sansu,AS007331,2019-01-22,778009,2875.00,Check,Undeposited Funds,,0.00
PC Technologies (Pvt) Ltd,AS006956,2019-01-23,Cash,6750.00,Cash,Undeposited Funds,,0.00
A & F Holdings ( Aasaf),AS007642,2019-01-23,692395,164410.00,Check,Undeposited Funds,,0.00
A & F Holdings ( Aasaf),AS007642,2019-01-23,692394,168498.45,Check,Undeposited Funds,,0.00
A & F Holdings ( Aasaf),Cash,2019-01-23,692394,1.55,Check,Undeposited Funds,,0.00
NOLIMIT,AS007623,2019-01-23,953395,26385.00,Check,Undeposited Funds,,0.00
NOLIMIT,AS007646,2019-01-23,953424,52770.00,Check,Undeposited Funds,,0.00
NOLIMIT,AS007609,2019-01-23,319950,46046.00,Check,Undeposited Funds,,0.00
Jat Holdings (Rajigiriya),AS007518,2019-01-23,895925,11500.00,Check,Undeposited Funds,,0.00
LANKA COMMODITY BROKERS LTD,AS007569,2019-01-24,591279,5750.00,Check,Undeposited Funds,,0.00
LANKA COMMODITY BROKERS LTD,AS007578,2019-01-24,591279,11270.00,Check,Undeposited Funds,,0.00
STATEMAN HATS (Pvt) LTD.,AS007554,2019-01-24,947943,25300.00,Check,Undeposited Funds,,0.00
STATEMAN HATS (Pvt) LTD.,AS007555,2019-01-24,947943,55200.00,Check,Undeposited Funds,,0.00
STATEMAN HATS (Pvt) LTD.,AS007556,2019-01-24,947943,3450.00,Check,Undeposited Funds,,0.00
STATEMAN HATS (Pvt) LTD.,AS007557,2019-01-24,947943,9200.00,Check,Undeposited Funds,,0.00
STATEMAN HATS (Pvt) LTD.,AS007598,2019-01-24,947943,25300.00,Check,Undeposited Funds,,0.00
STATEMAN HATS (Pvt) LTD.,AS007599,2019-01-24,947943,55200.00,Check,Undeposited Funds,,0.00
STATEMAN HATS (Pvt) LTD.,AS007600,2019-01-24,947943,9200.00,Check,Undeposited Funds,,0.00
STATEMAN HATS (Pvt) LTD.,AS007601,2019-01-24,947943,3450.00,Check,Undeposited Funds,,0.00
STATEMAN HATS (Pvt) LTD.,AS007614,2019-01-24,947943,5750.00,Check,Undeposited Funds,,0.00
STATEMAN HATS (Pvt) LTD.,AS007615,2019-01-24,947943,5750.00,Check,Undeposited Funds,,0.00
STATEMAN HATS (Pvt) LTD.,AS007621,2019-01-24,947943,60375.00,Check,Undeposited Funds,,0.00
KAMINSKI. C/o STATESMAN HATS (PVT) LTD.,AS007428,2019-01-24,947944,55832.50,Check,Undeposited Funds,,0.00
KAMINSKI. C/o STATESMAN HATS (PVT) LTD.,AS007438,2019-01-24,947944,55990.63,Check,Undeposited Funds,,0.00
KAMINSKI. C/o STATESMAN HATS (PVT) LTD.,AS007546,2019-01-24,947944,1725.00,Check,Undeposited Funds,,0.00
KAMINSKI. C/o STATESMAN HATS (PVT) LTD.,AS007558,2019-01-24,947944,60576.25,Check,Undeposited Funds,,0.00
KAMINSKI. C/o STATESMAN HATS (PVT) LTD.,AS007602,2019-01-24,947944,62631.88,Check,Undeposited Funds,,0.00
STATEMAN HATS (Pvt) LTD.,AS007489,2019-01-24,947945,515992.50,Check,Undeposited Funds,,0.00
FITIS,AS007560,2019-01-24,866723,28750.00,Check,Undeposited Funds,,0.00
FITIS,AS007561,2019-01-24,866810,28750.00,Check,Undeposited Funds,,0.00
Network Information Technologies (Pvt) Lt,AS007533,2019-01-24,699035,23000.00,Check,Undeposited Funds,,0.00
Network Information Technologies (Pvt) Lt,AS007491,2019-01-24,698968,102000.00,Check,Undeposited Funds,,0.00
Hirdaramani Industries (Pvt) Ltd,AS007648,2019-01-25,Bank Deposits,282000.00,Bank Deposits,Undeposited Funds,,0.00
C Lab Tec System,AS007651,2019-01-25,Bank Deposits,287970.00,Bank Deposits,Undeposited Funds,,0.00
Sudarshana Senadheera Architects(PVT) LTD,AS007636,2019-01-25,Bank Deposits,255400.00,Bank Deposits,Undeposited Funds,,0.00
Sudarshana Senadheera Architects(PVT) LTD,AS007644,2019-01-25,Bank Deposits,18400.00,Bank Deposits,Undeposited Funds,,0.00
Data one Solutions (Pvt) Ltd,AS007592,2019-01-28,210665,66100.00,Check,Undeposited Funds,,0.00
LK Domain Registry,AS007671,2019-01-29,929441,15986.44,Check,Undeposited Funds,,0.00
MUSLIM AID,AS007634,2019-01-30,928836,17250.00,Check,Undeposited Funds,,0.00
ABC TRADE & INVESTMENTS (PVT) LTD,AS007577,2019-01-30,538502,300000.00,Check,Undeposited Funds,,0.00
ABC TRADE & INVESTMENTS (PVT) LTD,AS007577,2019-01-30,538503,222000.00,Check,Undeposited Funds,,0.00
MCB Bank Ltd,AS007640,2019-01-31,122012,21450.00,Check,Undeposited Funds,,0.00
Electro Net,AS007658,2019-02-01,Reduce From Purchas,16583.00,Paid-Reduced From Purchases,Undeposited Funds,,0.00
Electro Net,AS007563,2019-02-01,Reduce from Purchase,17606.50,Paid-Reduced From Purchases,Undeposited Funds,,0.00
Micro Solutions Information Systems (Pvt),AS007617,2019-02-05,742561,20361.04,Check,Undeposited Funds,,0.00
Data E Net Computer Systems (Pvt) Ltd,AS007585,2019-02-06,428244,48265.00,Check,Undeposited Funds,,0.00
Ulagalla Walawwa Resort (Pvt)Ltd,AS007520,2019-02-11,988227,39675.00,Check,Undeposited Funds,,0.00
Data E Net Computer Systems (Pvt) Ltd,AS007585,2019-02-11,428244,0.50,Check,Undeposited Funds,,0.00
Data E Net Computer Systems (Pvt) Ltd,,2019-02-11,428244,48264.50,Check,Undeposited Funds,,0.00
Liyakta Office Systems (Pvt) Ltd,AS007654,2019-02-11,101864,7291.00,Check,Undeposited Funds,,0.00
Liyakta Office Systems (Pvt) Ltd,AS007686,2019-02-11,101865,7268.00,Check,Undeposited Funds,,2.00
MACSON MESH,AS007620,2019-02-13,564795,46575.00,Check,Undeposited Funds,,0.00
MACSON MESH,AS007571,2019-02-13,564699,14200.00,Check,Undeposited Funds,,0.00
Asia Pacific Technology Systems (Pvt) Ltd,AS007604,2019-02-13,611838,160500.00,Check,Undeposited Funds,,0.00
Asia Pacific Technology Systems (Pvt) Ltd,AS007635,2019-02-13,611838,18500.00,Check,Undeposited Funds,,0.00
Asia Pacific Technology Systems (Pvt) Ltd,AS007594,2019-02-13,611853,54280.00,Check,Undeposited Funds,,0.00
SLIM,AS007572,2019-02-14,433388,98900.00,Check,Undeposited Funds,,0.00
Redline Technologies,AS007687,2019-02-15,164057,215852.00,Check,Undeposited Funds,,0.00
JAT Holdings (Pvt) Ltd,AS007649,2019-02-18,895975,60000.00,Check,Undeposited Funds,,0.00
China Harbour Engineering Company Ltd,AS007637,2019-02-20,654878,90850.00,Check,Undeposited Funds,,0.00
China Harbour Engineering Company Ltd,AS007639,2019-02-20,654880,113280.00,Check,Undeposited Funds,,0.00
Nawaloka Construction Company Limited,AS007698,2019-02-26,Cash,5175.00,Cash,Undeposited Funds,,0.00
Orit Apparels Lanka (Pvt) Ltd-Seethawaka,AS007538,2019-02-28,Online,105225.00,,Undeposited Funds,,0.00
T & D Associates,AS007605,2019-02-28,online,56350.00,,Undeposited Funds,,0.00
MTI Consulting (New Building),AS007661,2019-03-01,927415,5750.00,Check,Undeposited Funds,,0.00
ADZ Insurance Brokers(Pvt) Ltd,AS007714,2019-03-01,026396,23460.00,Check,Undeposited Funds,,0.00
Asia Pacific Technology Systems (Pvt) Ltd,AS007653,2019-03-04,507335,85100.00,Check,Undeposited Funds,,0.00
Base Hp (Pvt) Ltd,AS007625,2019-03-04,750989,74600.00,Check,Undeposited Funds,,0.00
D Tech (Pvt) Ltd,AS007543,2019-03-12,490045,56200.00,Check,Undeposited Funds,,0.00
WinSoft Technologies (Pvt)Ltd,AS007693,2019-03-12,337602,50000.00,Check,Undeposited Funds,,0.00
WinSoft Technologies (Pvt)Ltd,AS007693,2019-03-12,337601,50000.00,Check,Undeposited Funds,,0.00
WinSoft Technologies (Pvt)Ltd,AS007693,2019-03-12,337603,50200.00,Check,Undeposited Funds,,0.00
WinSoft Technologies (Pvt)Ltd,AS007692,2019-03-12,337600,17250.00,Check,Undeposited Funds,,0.00
LANKA COMMODITY BROKERS LTD,AS007631,2019-03-13,923254,11270.00,Check,Undeposited Funds,,0.00
LANKA COMMODITY BROKERS LTD,AS007632,2019-03-13,923254,5750.00,Check,Undeposited Funds,,0.00
The Computer Center (pvt) Ltd,AS007668,2019-03-13,533680,3450.00,Check,Undeposited Funds,,0.00
Premium Trading and Logistics (Pvt) Ltd,AS007688,2019-03-14,180289,54375.00,Check,Undeposited Funds,,0.00
KAMINSKI. C/o STATESMAN HATS (PVT) LTD.,AS007612,2019-03-15,000328,1725.00,Check,Undeposited Funds,,0.00
KAMINSKI. C/o STATESMAN HATS (PVT) LTD.,AS007613,2019-03-15,000328,4025.00,Check,Undeposited Funds,,0.00
KAMINSKI. C/o STATESMAN HATS (PVT) LTD.,AS007616,2019-03-15,000328,5750.00,Check,Undeposited Funds,,0.00
KAMINSKI. C/o STATESMAN HATS (PVT) LTD.,AS007619,2019-03-15,000328,10350.00,Check,Undeposited Funds,,0.00
KAMINSKI. C/o STATESMAN HATS (PVT) LTD.,AS007630,2019-03-15,000328,63422.50,Check,Undeposited Funds,,0.00
STATEMAN HATS (Pvt) LTD.,AS007527,2019-03-15,000403,2449.50,Check,Undeposited Funds,,0.00
STATEMAN HATS (Pvt) LTD.,AS007528,2019-03-15,000403,6000.00,Check,Undeposited Funds,,0.00
STATEMAN HATS (Pvt) LTD.,AS007530,2019-03-15,000403,5750.00,Check,Undeposited Funds,,0.00
STATEMAN HATS (Pvt) LTD.,AS007550,2019-03-15,000403,5750.00,Check,Undeposited Funds,,0.00
STATEMAN HATS (Pvt) LTD.,AS007659,2019-03-15,000403,11200.00,Check,Undeposited Funds,,0.00
STATEMAN HATS (Pvt) LTD.,AS007660,2019-03-15,000403,146970.00,Check,Undeposited Funds,,0.00
STATEMAN HATS (Pvt) LTD.,AS007676,2019-03-15,000403,55200.00,Check,Undeposited Funds,,0.00
STATEMAN HATS (Pvt) LTD.,AS007677,2019-03-15,000403,25300.00,Check,Undeposited Funds,,0.00
STATEMAN HATS (Pvt) LTD.,AS007678,2019-03-15,000403,9200.00,Check,Undeposited Funds,,0.00
STATEMAN HATS (Pvt) LTD.,AS007679,2019-03-15,000403,3450.00,Check,Undeposited Funds,,0.00
STATEMAN HATS (Pvt) LTD.,AS007700,2019-03-15,000403,62315.00,Check,Undeposited Funds,,0.00
STATEMAN HATS (Pvt) LTD.,AS007704,2019-03-15,000403,55200.00,Check,Undeposited Funds,,0.00
STATEMAN HATS (Pvt) LTD.,AS007705,2019-03-15,000403,25300.00,Check,Undeposited Funds,,0.00
STATEMAN HATS (Pvt) LTD.,AS007706,2019-03-15,000403,9200.00,Check,Undeposited Funds,,0.00
STATEMAN HATS (Pvt) LTD.,AS007707,2019-03-15,000403,3450.00,Check,Undeposited Funds,,0.00
Digital Mobility Solutions Lanka (pvt)Ltd,AS007669,2019-03-15,015739,248400.00,Check,Undeposited Funds,,0.00
Digital Mobility Solutions Lanka (pvt)Ltd,AS007670,2019-03-15,015739,23678.50,Check,Undeposited Funds,,0.00
Digital Mobility Solutions Lanka (pvt)Ltd,AS007672,2019-03-15,015739,79966.00,Check,Undeposited Funds,,0.00
Phoenix Ogilvy (Pvt) Ltd,AS007689,2019-03-21,618185,262142.04,Check,Undeposited Funds,,0.00
Sinnadurai Sundaralingam & Balendra,AS007665,2019-03-21,212625,2875.00,Check,Undeposited Funds,,0.00
Orit Apparels Lanka (Pvt)Ltd,AS007590,2019-03-21,020593,180000.00,Check,Undeposited Funds,,0.00
Information Technologies & Enterprise Sol,AS007512,2019-03-21,Bank Deposit,65000.00,Bank Deposits,Undeposited Funds,,0.00
ebase asia,AS007737,2019-03-22,802732,74200.00,Check,Undeposited Funds,,0.00
LankaCom,AS007742,2019-03-25,574215,269500.00,Check,Undeposited Funds,,0.00
Tekxeon Interconnect (Pvt) Ltd,AS007497,2019-03-25,984686,264000.00,Check,Undeposited Funds,,0.00
Fineline Technology,AS007740,2019-03-26,322655,55900.00,Check,Undeposited Funds,,0.00
Fineline Technology,AS007731,2019-03-26,322654,12604.00,Check,Undeposited Funds,,0.00
David Pieris Holdings (PVT) Ltd,AS007638,2019-03-27,226124,598600.00,Check,Undeposited Funds,,0.00
LANKA MOUNT CASTLE (PVT) LTD,AS007730,2019-04-01,953264,51060.00,Check,Undeposited Funds,,0.00
Promowatch (Pvt) Ltd,AS007624,2019-04-01,778348,205700.00,Check,Undeposited Funds,,0.00
JAT Holdings (Pvt) Ltd,AS007691,2019-04-01,757632,584000.00,Check,Undeposited Funds,,0.00
SouthNet Technologies (Pvt) Ltd,AS007684,2019-04-02,202750,238331.75,Check,Undeposited Funds,,0.00
Winter Quilts,AS007667,2019-04-02,004819,125000.00,Check,Undeposited Funds,,0.00
TYAX (PVT)LTD,AS007696,2019-04-04,468099,360000.00,Check,Undeposited Funds,,0.00
Tech Crop Solutions (Pvt) Ltd,AS007772,2019-04-04,551296,88550.00,Check,Undeposited Funds,,0.00
KAMINSKI. C/o STATESMAN HATS (PVT) LTD.,AS007151,2019-04-04,600410,53935.00,Check,Undeposited Funds,,0.00
KAMINSKI. C/o STATESMAN HATS (PVT) LTD.,AS007152,2019-04-04,600410,54567.50,Check,Undeposited Funds,,0.00
KAMINSKI. C/o STATESMAN HATS (PVT) LTD.,AS007157,2019-04-04,600410,6900.00,Check,Undeposited Funds,,0.00
KAMINSKI. C/o STATESMAN HATS (PVT) LTD.,AS007158,2019-04-04,600410,3450.00,Check,Undeposited Funds,,0.00
KAMINSKI. C/o STATESMAN HATS (PVT) LTD.,AS007204,2019-04-04,600410,54883.75,Check,Undeposited Funds,,0.00
KAMINSKI. C/o STATESMAN HATS (PVT) LTD.,AS007212,2019-04-04,600410,8925.00,Check,Undeposited Funds,,0.00
KAMINSKI. C/o STATESMAN HATS (PVT) LTD.,AS007344,2019-04-04,600410,55516.25,Check,Undeposited Funds,,0.00
KAMINSKI. C/o STATESMAN HATS (PVT) LTD.,AS007354,2019-04-04,600410,55516.25,Check,Undeposited Funds,,0.00
KAMINSKI. C/o STATESMAN HATS (PVT) LTD.,AS007355,2019-04-04,600410,55200.00,Check,Undeposited Funds,,0.00
KAMINSKI. C/o STATESMAN HATS (PVT) LTD.,AS007356,2019-04-04,600410,49990.50,Check,Undeposited Funds,,0.00
Lakseya,AS007769,2019-04-04,050547,23500.00,Check,Undeposited Funds,,0.00
David Pieris Holdings (PVT) Ltd,AS007584,2019-04-08,229537,598600.00,Check,Undeposited Funds,,0.00
Avian,AS007662,2019-04-08,669002,344400.00,Check,Undeposited Funds,,0.00
Avian,AS007680,2019-04-08,669002,19600.00,Check,Undeposited Funds,,0.00
Digital Mobility Solutions Lanka (pvt)Ltd,AS007539,2019-04-08,015929,141622.50,Check,Undeposited Funds,,0.00
Digital Mobility Solutions Lanka (pvt)Ltd,AS007547,2019-04-08,015929,8625.00,Check,Undeposited Funds,,0.00
L.M.D Computer System,AS007771,2019-04-08,549217,84500.00,Check,Undeposited Funds,,0.00
My Computers (Pvt) Ltd,AS007778,2019-04-08,841654,32500.00,Check,Undeposited Funds,,0.00
Micro Solutions Information Systems (Pvt),AS007664,2019-04-09,754568,43182.50,Check,Undeposited Funds,,0.00
Intec Atebion,,2019-04-09,015079 -return,0.00,Check,Undeposited Funds,,0.00
Shangri La Hotels Lanka (Private)Limited,AS007372,2019-04-09,000015,40250.00,Check,Undeposited Funds,,0.00
Shangri La Hotels Lanka (Private)Limited,AS007437,2019-04-09,000015,40250.00,Check,Undeposited Funds,,0.00
Shangri La Hotels Lanka (Private)Limited,AS007505,2019-04-09,000015,40250.00,Check,Undeposited Funds,,0.00
Shangri La Hotels Lanka (Private)Limited,AS007596,2019-04-09,000015,120750.00,Check,Undeposited Funds,,0.00
Shangri La Hotels Lanka (Private)Limited,AS007652,2019-04-09,000015,40250.00,Check,Undeposited Funds,,0.00
LK Domain Registry,AS007784,2019-04-11,002132,15986.44,Check,Undeposited Funds,,0.00
Base Hp (Pvt) Ltd,AS007711,2019-04-11,751426,265000.00,Check,Undeposited Funds,,0.00
Base Hp (Pvt) Ltd,AS007716,2019-04-11,751426,122760.00,Check,Undeposited Funds,,0.00
Sinnadurai Sundaralingam & Balendra,AS007785,2019-04-12,231254,16000.00,Check,Undeposited Funds,,0.00
Pan Audio ( Pvt ) Ltd,AS007727,2019-04-16,195584,4910.50,Check,Undeposited Funds,,0.00
MTI Consulting (New Building),AS007777,2019-04-18,927438,22000.00,Check,Undeposited Funds,,0.00
Mr Malintha,AS007798,2019-04-25,CASH,27514.90,Cash,Undeposited Funds,,0.00
ZEOS SOLUTIONS,AS007799,2019-04-29,CASH,12098.00,Cash,Undeposited Funds,,2.00
Euro Asia Construction and Development (P,AS007770,2019-04-29,669494,68000.00,Check,Undeposited Funds,,0.00
WOXZONE (PVT) LTD,AS007782,2019-04-29,187000,17215.50,Check,Undeposited Funds,,0.00
Just in Time Technologies (Pvt)Ltd,AS007657,2019-04-29,026019,84700.00,Check,Undeposited Funds,,0.00
Tekxeon Interconnect (Pvt) Ltd,AS007497,2019-05-03,984698,39600.00,Check,Undeposited Funds,,0.00
BlueChip Technical Services(Pvt)Ltd,AS007458,2019-05-03,775629,88000.00,Check,Undeposited Funds,,0.00
Pacific Manning Agency Colombo(Pvt)Ltd,AS007786,2019-05-03,703659,21150.00,Check,Undeposited Funds,,0.00
SADE- Compagnie Generale de travaux d'hyd,AS007751,2019-05-03,545476,163705.00,Check,Undeposited Funds,,0.00
LANKA COMMODITY BROKERS LTD,AS007544,2019-05-03,923131,11270.00,Check,Undeposited Funds,,0.00
LANKA COMMODITY BROKERS LTD,AS007545,2019-05-03,923131,5750.00,Check,Undeposited Funds,,0.00
LANKA COMMODITY BROKERS LTD,AS007674,2019-05-03,923131,5750.00,Check,Undeposited Funds,,0.00
LANKA COMMODITY BROKERS LTD,AS007675,2019-05-03,923131,11270.00,Check,Undeposited Funds,,0.00
Nabhan,AS007729,2019-05-06,Reduce from Salary,4910.50,Cash,Undeposited Funds,,0.00
Sifaan Zavahir,AS007775,2019-05-06,Cash,34900.00,Cash,Undeposited Funds,,0.00
Advance Network Technologies (Pvt)Ltd,AS007816,2019-05-06,Bank Deposit,50600.00,Bank Deposits,Undeposited Funds,,0.00
Tech Crop Solutions (Pvt) Ltd,AS007754,2019-05-06,524404,73750.00,Check,Undeposited Funds,,0.00
N-able (Pvt) Ltd,AS007682,2019-05-07,028318,137000.00,Check,Undeposited Funds,,0.00
N-able (Pvt) Ltd,AS007681,2019-05-07,028317,105000.00,Check,Undeposited Funds,,0.00
Ceylinco General Insurance Limited,AS007752,2019-05-07,481954,382380.41,Check,Undeposited Funds,,0.00
Sumathi Information Technologies,AS007755,2019-05-07,631987,274225.00,Check,Undeposited Funds,,0.00
J L Morison Son & Jones (Ceylon)Ltd,AS007666,2019-05-07,025318,25875.00,Check,Undeposited Funds,,0.00
Onethro Com Net Services,AS007818,2019-05-09,215950,9775.00,Check,Undeposited Funds,,0.00
Digital Mobility Solutions Lanka (pvt)Ltd,AS007720,2019-05-09,015977,11500.00,Check,Undeposited Funds,,0.00
Digital Mobility Solutions Lanka (pvt)Ltd,AS007724,2019-05-09,015977,217677.75,Check,Undeposited Funds,,0.00
Plenty Foods (Pvt) Ltd,AS007732,2019-05-09,165655,448000.00,Check,Undeposited Funds,,0.00
Metropolitan Communications (Private) Ltd,AS007750,2019-05-09,519834,24150.00,Check,Undeposited Funds,,0.00
Looklet Design & Production,AS007717,2019-05-09,601150,136850.00,Check,Undeposited Funds,,0.00
David Pieris Information Technologies Lt,AS007697,2019-05-10,722956,274950.00,Check,Undeposited Funds,,0.00
Acecam (Pvt) Ltd,AS007804,2019-05-15,823116,148600.00,Check,Undeposited Funds,,0.00
Barclays Computers (Pvt) Ltd,AS007733,2019-05-15,686359,61650.00,Check,Undeposited Funds,,0.00
Barclays Computers (Pvt) Ltd,AS007734,2019-05-15,686359,84852.04,Check,Undeposited Funds,,0.00
Barclays Computers (Pvt) Ltd,AS007733,2019-05-15,Paid Reduce From pur,2050.00,Paid-Reduced From Purchases,Undeposited Funds,,0.00
Finco Technologies Pvt Ltd,AS007735,2019-05-16,733753,280000.00,Check,Undeposited Funds,,0.00
Seven X Lanka (Pvt) Ltd,AS007767,2019-05-16,623820,150867.64,Check,Undeposited Funds,,0.00
ICC Inernational Construction Consortium,AS007721,2019-05-21,374999,11385.00,Check,Undeposited Funds,,0.00
MICROCELLS LTD,AS007633,2019-05-21,Back Deposit,20700.00,Bank Deposits,Undeposited Funds,,0.00
Colombo Centre For Cognitive Computing (P,AS007756,2019-05-21,Back Deposit,44086.50,Bank Deposits,Undeposited Funds,,0.00
Asiri,AS007695,2019-05-21,Bank Deposit,15000.00,Bank Deposits,Undeposited Funds,,0.00
Sell-X Computers,AS007663,2019-05-21,Cash Deposits Bank,32750.00,Bank Deposits,Undeposited Funds,,0.00
Cargills Bank Ltd,AS007792,2019-05-21,029478,335400.00,Check,Undeposited Funds,,0.00
ICC Inernational Construction Consortium,AS007744,2019-05-22,374878,41112.50,Check,Undeposited Funds,,0.00
techtron,AS007739,2019-05-22,523039,65600.00,Check,Undeposited Funds,,0.00
I U C N,AS007824,2019-05-23,272050,21500.00,Check,Undeposited Funds,,0.00
Swedish Trading Audio Visual (Pvt) Ltd,AS007765,2019-05-23,354024,267594.06,Check,Undeposited Funds,,0.00
Ideal Finance Ltd,AS007746,2019-05-23,104609,48400.00,Check,Undeposited Funds,,0.00
Softlogic IT,AS007736,2019-05-24,000833,311000.00,Check,Undeposited Funds,,0.00
The Computer Center (pvt) Ltd,AS007773,2019-05-24,283813,32560.00,Check,Undeposited Funds,,0.00
KAMINSKI. C/o STATESMAN HATS (PVT) LTD.,AS007710,2019-05-25,000656,62315.63,Check,Undeposited Funds,,0.00
KAMINSKI. C/o STATESMAN HATS (PVT) LTD.,AS007719,2019-05-25,000656,1725.00,Check,Undeposited Funds,,0.00
KAMINSKI. C/o STATESMAN HATS (PVT) LTD.,AS007794,2019-05-25,000656,1725.00,Check,Undeposited Funds,,0.00
KAMINSKI. C/o STATESMAN HATS (PVT) LTD.,AS007811,2019-05-25,000656,61208.75,Check,Undeposited Funds,,0.00
STATEMAN HATS (Pvt) LTD.,AS007743,2019-05-25,000655,3450.00,Check,Undeposited Funds,,0.00
STATEMAN HATS (Pvt) LTD.,AS007757,2019-05-25,000655,9200.00,Check,Undeposited Funds,,0.00
STATEMAN HATS (Pvt) LTD.,AS007758,2019-05-25,000655,55200.00,Check,Undeposited Funds,,0.00
STATEMAN HATS (Pvt) LTD.,AS007759,2019-05-25,000655,25300.00,Check,Undeposited Funds,,0.00
Whiteglow (Pvt)Ltd,AS007574,2019-05-27,517413,18400.00,Check,Undeposited Funds,,0.00
LANKA COMMODITY BROKERS LTD,AS007708,2019-05-27,923173,11270.00,Check,Undeposited Funds,,0.00
LANKA COMMODITY BROKERS LTD,AS007709,2019-05-27,923173,5750.00,Check,Undeposited Funds,,0.00
Beyond Computer System,AS007725,2019-05-27,006750,21500.00,Check,Undeposited Funds,,0.00
DSI,AS007797,2019-05-28,797245,19000.00,Check,Undeposited Funds,,0.00
Nadeera Paints (Pvt) Ltd,AS007832,2019-05-29,629912,11500.00,Check,Undeposited Funds,,0.00
Digital Mobility Solutions Lanka (pvt)Ltd,AS007195,2019-05-29,016146,33925.00,Check,Undeposited Funds,,0.00
Mr. Thilak Bandara,AS007853,2019-05-29,Cash Payment,36294.00,Cash,Undeposited Funds,,0.00
a-Design Studio,AS007235,2019-05-30,Cancel Amount,50.00,cancelled,Undeposited Funds,,0.00
Department of Agriculture,AS007058,2019-05-30,Stamp Amount,25.00,cancelled,Undeposited Funds,,0.00
Mr. Thilak Bandara,AS007853,2019-06-03,Cash,3795.00,Cash,Undeposited Funds,,0.00
Mr. Thilak Bandara,AS007859,2019-06-03,cash,4910.50,Cash,Undeposited Funds,,0.00
Incotech Lanka (PVT) Ltd.,AS007712,2019-06-04,CASH Payment,60000.00,Cash,Undeposited Funds,,0.00
Hirdaramani Industries (Pvt) Ltd,AS007826,2019-06-05,Cash Deposit,174000.00,Bank Deposits,Undeposited Funds,,0.00
Saga Ceylan (Pvt) Ltd,AS007517,2019-06-06,CASH,34500.00,Cash,Undeposited Funds,,0.00
Incotech Lanka (PVT) Ltd.,AS007712,2019-06-06,Cash,2000.00,Cash,Undeposited Funds,,0.00
Softnet Information (Pvt) Ltd,AS007867,2019-06-06,400103,132000.00,Check,Undeposited Funds,,0.00
Sri Lanka Insurance Coporation ltd.,AS007745,2019-06-11,064316,1318758.00,Check,Undeposited Funds,,0.00
Abans PLC.,AS007860,2019-06-11,Advance Payment,687500.00,Bank Deposits,Undeposited Funds,,0.00
Asiri Hospital PLC,AS007271,2019-06-11,Bank Deposit,75325.00,Bank Deposits,Undeposited Funds,,0.00
Techno First (Pvt) Ltd,AS007788,2019-06-11,Back Deposit,328885.49,Bank Deposits,Undeposited Funds,,0.00
WOXZONE (PVT) LTD,AS007854,2019-06-11,187123,29463.00,Check,Undeposited Funds,,0.00
WOXZONE (PVT) LTD,AS007854,2019-06-11,187124,29463.00,Check,Undeposited Funds,,0.00
MNS Technologies,AS007880,2019-06-12,CASH,60000.00,Cash,Undeposited Funds,,0.00
Associated Resoorts Developers (Pvt)Ltd,AS006946,2019-06-13,CASH,33350.00,Cash,Undeposited Funds,,0.00
ICC Resorts (Pvt) Ltd,AS006947,2019-06-13,CASH,35362.50,Cash,Undeposited Funds,,0.00
Studio Net,AS007881,2019-06-18,312384,125000.00,Check,Undeposited Funds,,0.00
Studio Net,AS007881,2019-06-18,312385,125000.00,Check,Undeposited Funds,,0.00
Studio Net,AS007881,2019-06-18,312386,125000.00,Check,Undeposited Funds,,0.00
Fineline Technology,AS007749,2019-06-18,Bank Deposit,12604.00,Bank Deposits,Undeposited Funds,,0.00
UNION ASSURANCE PLC,AS007685,2019-06-19,031910,5750.00,Check,Undeposited Funds,,0.00
Digital Mobility Solutions Lanka (pvt)Ltd,AS007836,2019-06-19,016358,196360.20,Check,Undeposited Funds,,0.00
Silvacos (Pvt) Ltd,AS007789,2019-06-21,937595,16000.00,Check,Undeposited Funds,,0.00
Hiran Wickramanayake,AS007718,2019-06-25,926426,5750.00,Check,Undeposited Funds,,0.00
Dialog Axiata PLC,AS007045,2019-06-25,225987,42952.50,Check,Undeposited Funds,,0.00
Studio Lakdam,AS007741,2019-06-25,594982,50000.00,Check,Undeposited Funds,,0.00
techtron,AS007838,2019-06-25,564010,161000.00,Check,Undeposited Funds,,0.00
Smart Media (Pvt) Ltd,AS007807,2019-06-25,398626,103500.00,Check,Undeposited Funds,,0.00
Finco Technologies Pvt Ltd,AS007801,2019-06-25,790059,357000.00,Check,Undeposited Funds,,0.00
Tekxeon Interconnect (Pvt) Ltd,AS007827,2019-06-25,558759,293700.00,Check,Undeposited Funds,,0.00
Avian,AS007806,2019-06-25,669412,456850.00,Check,Undeposited Funds,,0.00
Technoland Computer systems and Networks,AS007895,2019-06-26,Cash,296000.00,Cash,Undeposited Funds,,0.00
STATEMAN HATS (Pvt) LTD.,AS007793,2019-06-27,000876,131962.50,Check,Undeposited Funds,,0.00
STATEMAN HATS (Pvt) LTD.,AS007795,2019-06-27,000876,9200.00,Check,Undeposited Funds,,0.00
STATEMAN HATS (Pvt) LTD.,AS007808,2019-06-27,000876,55200.00,Check,Undeposited Funds,,0.00
STATEMAN HATS (Pvt) LTD.,AS007809,2019-06-27,000876,25300.00,Check,Undeposited Funds,,0.00
STATEMAN HATS (Pvt) LTD.,AS007810,2019-06-27,000876,3450.00,Check,Undeposited Funds,,0.00
Digital Mobility Solutions Lanka (pvt)Ltd,AS007800,2019-06-28,016378,303791.19,Check,Undeposited Funds,,0.00
Barclays Computers (Pvt) Ltd,AS007783,2019-06-28,320193,118200.00,Check,Undeposited Funds,,0.00
Barclays Computers (Pvt) Ltd,AS007802,2019-06-28,320193,21500.00,Check,Undeposited Funds,,0.00
Cargills Bank Ltd,AS007884,2019-06-28,029833,59340.00,Check,Undeposited Funds,,0.00
Metropolitan Communications (Private) Ltd,AS007726,2019-06-28,519931,12075.00,Check,Undeposited Funds,,0.00
Metropolitan Communications (Private) Ltd,AS007820,2019-06-28,519992,48300.00,Check,Undeposited Funds,,0.00
Rapidventure (Pvt) Ltd,AS007774,2019-06-29,550030,60000.00,Check,Undeposited Funds,,0.00
Sevana Investment (Pvt) LTD,AS007899,2019-07-01,Cash,95450.00,Cash,Undeposited Funds,,0.00
techtron,AS007875,2019-07-02,575098,41750.00,Check,Undeposited Funds,,0.00
Tajima Colombo (Pvt) Ltd,AS007834,2019-07-05,191868,72967.50,Check,Undeposited Funds,,0.00
Lankem Ceylon PLC,AS007747,2019-07-05,702086,44000.00,Check,Undeposited Funds,,0.00
ABC TRADE & INVESTMENTS (PVT) LTD,AS007828,2019-07-05,524504,182000.00,Check,Undeposited Funds,,0.00
SMS Marketing (Pvt) Ltd,AS007882,2019-07-08,865646,22034.00,Check,Undeposited Funds,,0.00
LK Domain Registry,AS007921,2019-07-08,670513,64500.00,Check,Undeposited Funds,,0.00
Electro Cheval Lanka (Pvt) Ltd,AS007876,2019-07-10,266160,52000.00,Check,Undeposited Funds,,0.00
American Premium Water Systems (Pvt)Ltd,AS007175,2019-07-10,998199,5750.00,Check,Undeposited Funds,,0.00
American Premium Water Systems (Pvt)Ltd,AS007260,2019-07-10,998199,5750.00,Check,Undeposited Funds,,0.00
Seven X Lanka (Pvt) Ltd,AS007851,2019-07-11,635000,17800.00,Check,Undeposited Funds,,0.00
Smart Tech,AS007928,2019-07-12,063783,30049.50,Check,Undeposited Funds,,0.00
Abans PLC.,AS007860,2019-07-12,Bank Deposit,767250.00,Bank Deposits,Undeposited Funds,,0.00
Finco Technologies Pvt Ltd,AS007830,2019-07-12,839358,402280.00,Check,Undeposited Funds,,0.00
MACSON MESH,AS007699,2019-07-12,565171,12650.00,Check,Undeposited Funds,,0.00
MACSON MESH,AS007723,2019-07-12,565171,1725.00,Check,Undeposited Funds,,0.00
MACSON MESH,AS007870,2019-07-12,309419,3450.00,Check,Undeposited Funds,,0.00
MACSON MESH,AS007871,2019-07-12,309419,6900.00,Check,Undeposited Funds,,0.00
Rapidventure (Pvt) Ltd,AS007776,2019-07-15,858483,50922.00,Check,Undeposited Funds,,0.00
Sevana Investment (Pvt) LTD,AS007930,2019-07-17,CASH,4600.00,Cash,Undeposited Funds,,0.00
Avian,AS007823,2019-07-17,683509,639600.00,Check,Undeposited Funds,,0.00
We Effect.,AS007924,2019-07-18,554270,51000.00,Check,Undeposited Funds,,0.00
WinSoft Technologies (Pvt)Ltd,AS007887,2019-07-18,372878,57700.00,Check,Undeposited Funds,,0.00
WinSoft Technologies (Pvt)Ltd,AS007887,2019-07-18,372877,75000.00,Check,Undeposited Funds,,0.00
WinSoft Technologies (Pvt)Ltd,AS007887,2019-07-18,372876,75000.00,Check,Undeposited Funds,,0.00
Electro Net,AS007715,2019-07-19,Purchase Reduction,19906.50,Paid-Reduced From Purchases,Undeposited Funds,,0.00
Electro Net,AS007926,2019-07-19,Purchase Reduction,3593.50,Paid-Reduced From Purchases,Undeposited Funds,,0.00
Sri Lanka Insurance Coporation ltd.,AS007813,2019-07-19,142366,2933332.83,Check,Undeposited Funds,,0.00
Liyakta Office Systems (Pvt) Ltd,AS007686,2019-07-19,102130,8648.00,Check,Undeposited Funds,,0.00
Liyakta Office Systems (Pvt) Ltd,AS007738,2019-07-19,102130,8289.50,Check,Undeposited Funds,,0.00
STATEMAN HATS (Pvt) LTD.,AS007404,2019-07-22,001136,14750.00,Check,Undeposited Funds,,0.00
STATEMAN HATS (Pvt) LTD.,AS007490,2019-07-22,001136,25300.00,Check,Undeposited Funds,,0.00
STATEMAN HATS (Pvt) LTD.,AS007626,2019-07-22,001136,3450.00,Check,Undeposited Funds,,0.00
STATEMAN HATS (Pvt) LTD.,AS007627,2019-07-22,001136,9200.00,Check,Undeposited Funds,,0.00
STATEMAN HATS (Pvt) LTD.,AS007628,2019-07-22,001136,55200.00,Check,Undeposited Funds,,0.00
STATEMAN HATS (Pvt) LTD.,AS007629,2019-07-22,001136,25300.00,Check,Undeposited Funds,,0.00
STATEMAN HATS (Pvt) LTD.,AS007643,2019-07-22,001136,4255.00,Check,Undeposited Funds,,0.00
STATEMAN HATS (Pvt) LTD.,AS007814,2019-07-22,001136,97970.00,Check,Undeposited Funds,,0.00
STATEMAN HATS (Pvt) LTD.,AS007840,2019-07-22,001136,41350.00,Check,Undeposited Funds,,0.00
STATEMAN HATS (Pvt) LTD.,AS007843,2019-07-22,001136,9200.00,Check,Undeposited Funds,,0.00
STATEMAN HATS (Pvt) LTD.,AS007844,2019-07-22,001136,3450.00,Check,Undeposited Funds,,0.00
STATEMAN HATS (Pvt) LTD.,AS007845,2019-07-22,001136,25300.00,Check,Undeposited Funds,,0.00
STATEMAN HATS (Pvt) LTD.,AS007846,2019-07-22,001136,55200.00,Check,Undeposited Funds,,0.00
STATEMAN HATS (Pvt) LTD.,AS007848,2019-07-22,001136,14800.00,Check,Undeposited Funds,,0.00
STATEMAN HATS (Pvt) LTD.,AS007850,2019-07-22,001136,6300.00,Check,Undeposited Funds,,0.00
STATEMAN HATS (Pvt) LTD.,AS007857,2019-07-22,001136,55890.00,Check,Undeposited Funds,,0.00
STATEMAN HATS (Pvt) LTD.,AS007889,2019-07-22,001136,55200.00,Check,Undeposited Funds,,0.00
STATEMAN HATS (Pvt) LTD.,AS007890,2019-07-22,001136,25300.00,Check,Undeposited Funds,,0.00
STATEMAN HATS (Pvt) LTD.,AS007891,2019-07-22,001136,3450.00,Check,Undeposited Funds,,0.00
STATEMAN HATS (Pvt) LTD.,AS007892,2019-07-22,001136,9200.00,Check,Undeposited Funds,,0.00
Gennext (Pvt)Ltd,AS007847,2019-07-22,855035,229300.00,Check,Undeposited Funds,,0.00
Survey Department,AS007885,2019-07-22,343776,119975.00,Check,Undeposited Funds,,0.00
First Capital Holdings PLC,AS007877,2019-07-23,940543,45540.00,Check,Undeposited Funds,,0.00
LANKA COMMODITY BROKERS LTD,AS007763,2019-07-23,946308,11270.00,Check,Undeposited Funds,,0.00
LANKA COMMODITY BROKERS LTD,AS007764,2019-07-23,946308,5750.00,Check,Undeposited Funds,,0.00
LANKA COMMODITY BROKERS LTD,AS007766,2019-07-23,946308,5750.00,Check,Undeposited Funds,,0.00
LANKA COMMODITY BROKERS LTD,AS007812,2019-07-23,946308,11270.00,Check,Undeposited Funds,,0.00
Mr Ranga Perera,AS007935,2019-07-25,Cash,34920.00,Cash,Undeposited Funds,,0.00
Digital Mobility Solutions Lanka (pvt)Ltd,AS007909,2019-07-25,009065,484610.00,Check,Undeposited Funds,,0.00
MAC PC SOLUTIONS,AS006963,2019-07-25,CASH,15000.00,Cash,Undeposited Funds,,0.00
techtron,AS007878,2019-07-25,575145,155094.75,Check,Undeposited Funds,,0.00
Paan Paan,AS007835,2019-07-25,412203,41400.00,Check,Undeposited Funds,,0.00
Barclays Computers (Pvt) Ltd,AS007819,2019-07-25,302319 - setoff,63700.00,Check,Undeposited Funds,"71,500/- Reduce from invoice",0.00
Barclays Computers (Pvt) Ltd,AS007822,2019-07-25,302319 - setoff,64800.00,Check,Undeposited Funds,"71,500/- Reduce from invoice",0.00
Barclays Computers (Pvt) Ltd,AS007831,2019-07-25,302319 - setoff,31850.00,Check,Undeposited Funds,"71,500/- Reduce from invoice",0.00
Micro Solutions Information Systems (Pvt),AS007475,2019-07-30,Set off -19/06/1707,17606.50,Paid-Reduced From Purchases,Undeposited Funds,,0.00
Micro Solutions Information Systems (Pvt),AS007779,2019-07-30,Set off -19/06/1707,29330.00,Paid-Reduced From Purchases,Undeposited Funds,,0.00
Micro Solutions Information Systems (Pvt),AS007815,2019-07-30,Set off -19/06/1707,13800.00,Paid-Reduced From Purchases,Undeposited Funds,,0.00
Micro Solutions Information Systems (Pvt),AS007858,2019-07-30,Set off -19/06/1707,26910.00,Paid-Reduced From Purchases,Undeposited Funds,,0.00
Liyakta Office Systems (Pvt) Ltd,AS007738,2019-07-30,Set off,2.00,Cash,Undeposited Funds,,0.00
Asian Paints (Lanka) Limited,AS007588,2019-07-30,PAID,9200.00,Cash,Undeposited Funds,,0.00
Asian Paints (Lanka) Limited,AS007833,2019-07-30,Bank Deposit,75825.00,Bank Deposits,Undeposited Funds,,0.00
Techno First (Pvt) Ltd,AS007901,2019-07-30,Bank Deposit,106600.00,Bank Deposits,Undeposited Funds,,0.00
Techno First (Pvt) Ltd,AS007927,2019-07-30,Bank Deposit,66920.00,Bank Deposits,Undeposited Funds,,0.00
KAMINSKI. C/o STATESMAN HATS (PVT) LTD.,AS007839,2019-07-30,001148,5750.00,Check,Undeposited Funds,,0.00
KAMINSKI. C/o STATESMAN HATS (PVT) LTD.,AS007856,2019-07-30,001148,55890.00,Check,Undeposited Funds,,0.00
KAMINSKI. C/o STATESMAN HATS (PVT) LTD.,AS007869,2019-07-30,001148,1725.00,Check,Undeposited Funds,,0.00
KAMINSKI. C/o STATESMAN HATS (PVT) LTD.,AS007873,2019-07-30,001148,1725.00,Check,Undeposited Funds,,0.00
KAMINSKI. C/o STATESMAN HATS (PVT) LTD.,AS007896,2019-07-30,001148,61525.00,Check,Undeposited Funds,,0.00
KAMINSKI. C/o STATESMAN HATS (PVT) LTD.,AS007897,2019-07-30,001148,61525.00,Check,Undeposited Funds,,0.00
Studio Lakdam,AS007741,2019-07-30,527837,42000.00,Check,Undeposited Funds,,0.00
Studio Lakdam,AS007741,2019-07-30,527838,42000.00,Check,Undeposited Funds,,0.00
Rapidventure (Pvt) Ltd,AS007825,2019-07-31,568363,11500.00,Check,Undeposited Funds,,0.00
Nimbus Venture (Pvt) Ltd,AS007948,2019-08-01,798600,31050.00,Check,Undeposited Funds,,0.00
Softlogic IT,AS007886,2019-08-03,001113,600000.00,Check,Undeposited Funds,,0.00
My Computers (Pvt) Ltd,AS007960,2019-08-06,842042,45600.00,Check,Undeposited Funds,,0.00
Regency Teas (Pvt) Ltd,AS007905,2019-08-06,027963,100000.00,Check,Undeposited Funds,,0.00
Analytical Instruments (Pvt) Ltd,AS007915,2019-08-06,717958,137000.00,Check,Undeposited Funds,,0.00
Open Systems Integrators,AS007913,2019-08-07,015898,111400.20,Check,Undeposited Funds,,0.00
SLIM,AS007862,2019-08-07,1908070015905462 Com,240000.00,Bank Deposits,Undeposited Funds,,0.00
ICC Inernational Construction Consortium,AS007918,2019-08-08,695503,20125.00,Check,Undeposited Funds,,0.00
ICC Inernational Construction Consortium,AS007919,2019-08-08,695503,25875.00,Check,Undeposited Funds,,0.00
Base Hp (Pvt) Ltd,AS007898,2019-08-08,770489,120000.00,Check,Undeposited Funds,,0.00
Denipitiya Studio,AS006446,2019-08-08,Bank Deposit 2017,85000.00,Bank Deposits,Undeposited Funds,,0.00
Municipal Council,AS006863,2019-08-08,stamp,25.00,Bank Deposits,Undeposited Funds,,0.00
Survey Department,AS007014,2019-08-08,stamp,25.00,Cash,Undeposited Funds,,0.00
Survey Department,AS007507,2019-08-08,stamp,50.00,Cash,Undeposited Funds,,0.00
Survey Department,AS007885,2019-08-08,stamp,25.00,Cash,Undeposited Funds,,0.00
L.M.D Computer System,AS007771,2019-08-08,stamp,50.00,Cash,Undeposited Funds,,0.00
Softlogic IT,AS007912,2019-08-09,001147,753125.00,Check,Undeposited Funds,,0.00
Novaco Security Services (Pvt)Ltd,AS007861,2019-08-12,27040621Bank Deposit,5175.00,Bank Deposits,Undeposited Funds,,0.00
GREEN ENGINEERTNG SYSTEM (PVT) LIMITED,AS007967,2019-08-12,000066,19000.00,Check,Undeposited Funds,,0.00
Beyond Computer Systems (Pvt) Ltd,AS007872,2019-08-12,013106,95000.00,Check,Undeposited Funds,,0.00
British Cosmetics (PVT) Ltd,AS007904,2019-08-15,804506,178000.00,Check,Undeposited Funds,,0.00
LANKA COMMODITY BROKERS LTD,AS007874,2019-08-19,946429,5750.00,Check,Undeposited Funds,,0.00
LANKA COMMODITY BROKERS LTD,AS007888,2019-08-19,946429,11270.00,Check,Undeposited Funds,,0.00
LANKA COMMODITY BROKERS LTD,AS007864,2019-08-19,946384,5750.00,Check,Undeposited Funds,,0.00
LANKA COMMODITY BROKERS LTD,AS007865,2019-08-19,946384,11270.00,Check,Undeposited Funds,,0.00
SouthNet Technologies (Pvt) Ltd,AS007256,2019-08-20,Bank Deposit,3450.00,Bank Deposits,Undeposited Funds,,0.00
Softlogic IT,AS007922,2019-08-20,001194,481000.00,Check,Undeposited Funds,,0.00
Softlogic Life PLC,AS007936,2019-08-20,012077,14500.00,Check,Undeposited Funds,,0.00
Softlogic Life PLC,AS007937,2019-08-20,012077,5750.00,Check,Undeposited Funds,,0.00
Asia Pacific Technology Systems (Pvt) Ltd,AS007902,2019-08-21,629142,271107.20,Check,Undeposited Funds,,0.00
Lapro Technologies (Pvt) Ltd,AS007986,2019-08-26,961273,154500.00,Check,Undeposited Funds,,0.00
LK Domain Registry,AS007990,2019-08-26,007603,329540.00,Check,Undeposited Funds,,0.00
A & F Holdings ( Aasaf),AS007959,2019-08-27,PAID,3450.00,Cash,Undeposited Funds,,0.00
NOLIMIT,AS007917,2019-08-27,953961,28500.00,Check,Undeposited Funds,,0.00
a-Design Studio,AS007868,2019-08-27,005106,4600.00,Check,Undeposited Funds,,0.00
a-Design Studio,AS007991,2019-08-27,005106,2300.00,Check,Undeposited Funds,,0.00
SADE- Compagnie Generale de travaux d'hyd,AS007966,2019-08-27,332719,29900.00,Check,Undeposited Funds,,0.00
R.M. Chemicals Ceylon (Pvt) Ltd,AS007803,2019-08-27,Bank Transer,199726.00,Bank Deposits,Undeposited Funds,,0.00
Foto First Colour Lab,AS007969,2019-08-27,Bank Deposit,69000.00,Bank Deposits,Undeposited Funds,,0.00
Photo House,AS007968,2019-08-27,Bank Deposit,115200.00,Bank Deposits,Undeposited Funds,,0.00
Orit Apparels Lanka (Pvt) Ltd-Seethawaka,AS007863,2019-08-27,Bank Deposit,511888.00,Bank Deposits,Undeposited Funds,,0.00
Hotel Sansu,AS007442,2019-08-29,047439,2875.00,Check,Undeposited Funds,,0.00
Hotel Sansu,AS007701,2019-08-29,047439,1725.00,Check,Undeposited Funds,,0.00
BlueChip Technical Services(Pvt)Ltd,AS007914,2019-08-29,776049,234300.00,Check,Undeposited Funds,,0.00
Winter Quilts,AS007923,2019-08-29,959753,310000.00,Check,Undeposited Funds,,0.00
Asia Pacific Technology Systems (Pvt) Ltd,AS007641,2019-08-31,Cash,29037.50,Cash,Undeposited Funds,,0.00
MTI Consulting (New Building),AS007920,2019-09-02,Bank Deposit,116000.00,Bank Deposits,Undeposited Funds,,0.00
MAC PC SOLUTIONS,AS006963,2019-09-04,Cash,15000.00,Cash,Undeposited Funds,,0.00
Beyond Computer Systems (Pvt) Ltd,AS008013,2019-09-04,013074,295000.00,Check,Undeposited Funds,,0.00
Janathakshana (Gte) Ltd,AS008010,2019-09-05,130096,73312.50,Check,Undeposited Funds,,0.00
KAMINSKI. C/o STATESMAN HATS (PVT) LTD.,AS005159,2019-09-05,Wipeoff,240.00,Paid-Reduced From Purchases,Undeposited Funds,,0.00
Prime Finance PLC,AS007984,2019-09-05,004491,124200.00,Check,Undeposited Funds,,0.00
C3 Digital Signage Solutions (Pvt) Ltd,AS007987,2019-09-05,616462,304000.00,Check,Undeposited Funds,,0.00
TYAX (PVT)LTD,AS007929,2019-09-05,468367,425000.00,Check,Undeposited Funds,,0.00
UNION ASSURANCE PLC,AS007931,2019-09-05,034081,5750.00,Check,Undeposited Funds,,0.00
Avian,AS007903,2019-09-06,690159,269310.00,Check,Undeposited Funds,,0.00
Avian,AS007925,2019-09-06,690158,314000.00,Check,Undeposited Funds,,0.00
Avian,AS007934,2019-09-06,690158,13800.00,Check,Undeposited Funds,,0.00
Netcore Solutions,AS007849,2019-09-06,657152,32800.00,Check,Undeposited Funds,,0.00
Thread Works (Pvt) Ltd,AS007955,2019-09-06,905661,18400.00,Check,Undeposited Funds,,0.00
STATEMAN HATS (Pvt) LTD.,AS007941,2019-09-06,001297,9200.00,Check,Undeposited Funds,,0.00
STATEMAN HATS (Pvt) LTD.,AS007942,2019-09-06,001297,3450.00,Check,Undeposited Funds,,0.00
STATEMAN HATS (Pvt) LTD.,AS007943,2019-09-06,001297,25300.00,Check,Undeposited Funds,,0.00
STATEMAN HATS (Pvt) LTD.,AS007944,2019-09-06,001297,55200.00,Check,Undeposited Funds,,0.00
STATEMAN HATS (Pvt) LTD.,AS007954,2019-09-06,001297,3000.00,Check,Undeposited Funds,,0.00
DYN TECH ENTERPRISES,AS007933,2019-09-06,944846,52474.50,Check,Undeposited Funds,,0.00
DYN TECH ENTERPRISES,AS008016,2019-09-06,944846,27082.50,Check,Undeposited Funds,,0.00
KBSL Information Technologies Ltd,AS007974,2019-09-10,132987,840000.00,Check,Undeposited Funds,,0.00
WinSoft Technologies (Pvt)Ltd,AS007975,2019-09-11,383063,59000.00,Check,Undeposited Funds,,0.00
Data E Net Computer Systems (Pvt) Ltd,AS007753,2019-09-12,472403,30000.00,Check,Undeposited Funds,,0.00
Data E Net Computer Systems (Pvt) Ltd,AS007753,2019-09-12,472404,31571.00,Check,Undeposited Funds,,4.00
Exterme Computer Technologies Pvt Ltd,AS007768,2019-09-12,799345,29693.00,Check,Undeposited Funds,,0.00
Asian Paints (Lanka) Limited,AS007894,2019-09-12,270907,12420.00,Check,Undeposited Funds,,0.00
Base Hp (Pvt) Ltd,AS007964,2019-09-12,770609,224920.00,Check,Undeposited Funds,,0.00
DSI,AS007907,2019-09-16,118412,14000.00,Check,Undeposited Funds,,0.00
MTI Consulting (New Building),AS007841,2019-09-16,Bank Deposit,2875.00,Bank Deposits,Undeposited Funds,,0.00
Techno First (Pvt) Ltd,AS007938,2019-09-17,Bank Deposits,302356.17,Bank Deposits,Undeposited Funds,,0.00
Prima Management Services (Pvt) Ltd,AS007978,2019-09-17,003408,54600.00,Check,Undeposited Funds,,0.00
Studio Lakdam,AS007690,2019-09-18,945182,36200.00,Check,Undeposited Funds,,0.00
Seven X Lanka (Pvt) Ltd,AS007852,2019-09-18,642411,451000.00,Check,Undeposited Funds,,0.00
Sumathi Information Technologies,AS007950,2019-09-18,852162,126000.00,Check,Undeposited Funds,,0.00
Sumathi Information Technologies,AS007963,2019-09-18,852162,121800.00,Check,Undeposited Funds,,0.00
The Computer Center (pvt) Ltd,AS007962,2019-09-19,561861,184345.00,Check,Undeposited Funds,,0.00
The Computer Center (pvt) Ltd,AS007965,2019-09-19,561861,5548.75,Check,Undeposited Funds,,0.00
The Computer Center (pvt) Ltd,AS008011,2019-09-19,561861,46000.00,Check,Undeposited Funds,,0.00
LANKA COMMODITY BROKERS LTD,AS007945,2019-09-19,946718,5750.00,Check,Undeposited Funds,,0.00
LANKA COMMODITY BROKERS LTD,AS007946,2019-09-19,946718,11270.00,Check,Undeposited Funds,,0.00
Finco Technologies Pvt Ltd,AS007893,2019-09-20,962542,67000.00,Check,Undeposited Funds,,0.00
Studio Click,AS007939,2019-09-23,583902,100000.00,Check,Undeposited Funds,,0.00
Studio Click,AS007939,2019-09-23,583903,100000.00,Check,Undeposited Funds,,0.00
Studio Click,AS007939,2019-09-23,583904,116000.00,Check,Undeposited Funds,,0.00
KAMINSKI. C/o STATESMAN HATS (PVT) LTD.,AS007953,2019-09-23,,61525.00,Check,Undeposited Funds,,0.00
KAMINSKI. C/o STATESMAN HATS (PVT) LTD.,AS007998,2019-09-23,,62315.63,Check,Undeposited Funds,,0.00
TYAX (PVT)LTD,AS007971,2019-09-23,468421,174300.00,Check,Undeposited Funds,,0.00
Asiri Hospital PLC,AS007940,2019-09-26,Bank Deposit,30000.00,Bank Deposits,Undeposited Funds,,0.00
Asiri,AS007957,2019-09-26,Bank Deposits,23000.00,Bank Deposits,Undeposited Funds,,0.00
Incotech Lanka (PVT) Ltd.,AS007956,2019-09-26,066422,280000.00,Check,Undeposited Funds,,0.00
STATEMAN HATS (Pvt) LTD.,AS007995,2019-09-26,001471,9200.00,Check,Undeposited Funds,,0.00
STATEMAN HATS (Pvt) LTD.,AS007996,2019-09-26,001471,3450.00,Check,Undeposited Funds,,0.00
STATEMAN HATS (Pvt) LTD.,AS007997,2019-09-26,001471,25300.00,Check,Undeposited Funds,,0.00
STATEMAN HATS (Pvt) LTD.,AS007999,2019-09-26,001471,55200.00,Check,Undeposited Funds,,0.00
STATEMAN HATS (Pvt) LTD.,AS006856,2019-09-26,001470,259000.00,Check,Undeposited Funds,,0.00
STATEMAN HATS (Pvt) LTD.,AS007508,2019-09-26,001470,178639.51,Check,Undeposited Funds,,0.00
Aitken Spence Travels (Private)Limited.,AS007932,2019-09-26,339964,31000.00,Check,Undeposited Funds,,0.00
Nimbus Venture (Pvt) Ltd,AS008041,2019-09-27,863046,31050.00,Check,Undeposited Funds,,0.00
Gennext (Pvt)Ltd,AS007973,2019-10-01,855185,1370400.00,Check,Undeposited Funds,,0.00
UGA Escapes Management (Pvt) Ltd,AS007961,2019-10-02,757232,103500.00,Check,Undeposited Funds,,0.00
Data Management Systems (Pvt) Limited,AS007972,2019-10-02,034373,1919580.00,Check,Undeposited Funds,,0.00
Incotech Lanka (PVT) Ltd.,AS007956,2019-10-03,861205,180100.00,Check,Undeposited Funds,,0.00
Pretec Systems (Pvt)Ltd,AS007977,2019-10-03,319105,43000.00,Check,Undeposited Funds,,0.00
Rank Container Terminals,AS008019,2019-10-03,519480,28175.00,Check,Undeposited Funds,,0.00
PC Globe Systems (Pvt) Ltd,AS007301,2019-10-03,802473 Depo 2/10/18,44850.00,Check,Undeposited Funds,,0.00
Avian,AS007983,2019-10-03,690231,310500.00,Check,Undeposited Funds,,0.00
Avian,AS007989,2019-10-03,690231,2386.25,Check,Undeposited Funds,,0.00
Editing Table Studio,AS008003,2019-10-03,204183,29000.00,Check,Undeposited Funds,,0.00
The Buddhist Media Network,,2019-10-06,,0.00,Check,Cash Receivable from Lalith,,0.00
Search Advanced Technology,,2019-10-06,,0.00,Check,Cash Receivable from Lalith,,0.00
ICC Inernational Construction Consortium,AS008000,2019-10-09,808534,14605.00,Check,Undeposited Funds,,0.00
Electro Net,AS007926,2019-10-09,reduc fom pur 3641,4698.00,Paid-Reduced From Purchases,Undeposited Funds,,0.00
Electro Net,AS008062,2019-10-09,reduce from pur 3641,16583.00,Paid-Reduced From Purchases,Undeposited Funds,,0.00
American Premium Water Systems (Pvt)Ltd,AS008001,2019-10-09,598371,69000.00,Check,Undeposited Funds,,0.00
MNS Technologies,,2019-10-16,,0.00,Check,Undeposited Funds,,0.00
M S Technologies (Pvt) Ltd,AS008073,2019-10-17,465967,1051280.00,Check,Undeposited Funds,,0.00
Barclays Computers (Pvt) Ltd,AS007982,2019-10-17,set off,70925.00,SETOFF,Undeposited Funds,"1172554, 1174644, 1175341,",0.00
Barclays Computers (Pvt) Ltd,AS007982,2019-10-17,set off,7700.00,SETOFF,Undeposited Funds,"1175687, 1177079",0.00
Barclays Computers (Pvt) Ltd,AS008009,2019-10-17,set off,20800.00,SETOFF,Undeposited Funds,"1175687, 1177079",0.00
Barclays Computers (Pvt) Ltd,AS008009,2019-10-17,320220,10700.00,Check,Undeposited Funds,,0.00
Softlogic IT,AS007985,2019-10-17,001439,105805.00,Check,Undeposited Funds,,0.00
Softlogic IT,AS008029,2019-10-17,001542,631900.00,Check,Undeposited Funds,,0.00
Softlogic IT,AS008030,2019-10-17,001542,128180.00,Check,Undeposited Funds,,0.00
Avian,AS007952,2019-10-21,690290,150598.71,Check,Undeposited Funds,,0.00
UNION ASSURANCE PLC,AS008015,2019-10-21,035273,29000.00,Check,Undeposited Funds,,0.00
Finco Technologies Pvt Ltd,AS007951,2019-10-23,999591,150000.00,Check,Undeposited Funds,,0.00
Analytical Instruments (Pvt) Ltd,AS008036,2019-10-23,135186,15000.00,Check,Undeposited Funds,,0.00
Metropolitan Computers (Pvt) Ltd,AS007829,2019-10-23,910215,274550.00,Check,Undeposited Funds,,0.00
Metropolitan Computers (Pvt) Ltd,AS007829,2019-10-23,withholdings tax red,14450.00,With Holding TAX,Undeposited Funds,,0.00
Cargills Bank Ltd,AS008056,2019-10-24,031154,472100.00,Check,Undeposited Funds,,0.00
techtron,AS008012,2019-10-24,611849,93750.00,Check,Undeposited Funds,,0.00
Star Garments Group (Pvt) Ltd,AS007976,2019-10-25,Bank Deposit,90000.00,Bank Deposits,Undeposited Funds,,0.00
NOLIMIT,AS008035,2019-10-29,954248,24000.00,Check,Undeposited Funds,,0.00
STATEMAN HATS (Pvt) LTD.,AS007994,2019-10-29,001646,79000.00,Check,Undeposited Funds,,0.00
STATEMAN HATS (Pvt) LTD.,AS008021,2019-10-29,001646,16050.00,Check,Undeposited Funds,,0.00
STATEMAN HATS (Pvt) LTD.,AS008023,2019-10-29,001646,3250.00,Check,Undeposited Funds,,0.00
STATEMAN HATS (Pvt) LTD.,AS008031,2019-10-29,001646,106650.00,Check,Undeposited Funds,,0.00
STATEMAN HATS (Pvt) LTD.,AS008032,2019-10-29,001646,99000.00,Check,Undeposited Funds,,0.00
STATEMAN HATS (Pvt) LTD.,AS008033,2019-10-29,001646,11400.00,Check,Undeposited Funds,,0.00
STATEMAN HATS (Pvt) LTD.,AS008044,2019-10-29,001646,55200.00,Check,Undeposited Funds,,0.00
STATEMAN HATS (Pvt) LTD.,AS008045,2019-10-29,001646,25300.00,Check,Undeposited Funds,,0.00
STATEMAN HATS (Pvt) LTD.,AS008046,2019-10-29,001646,3450.00,Check,Undeposited Funds,,0.00
STATEMAN HATS (Pvt) LTD.,AS008047,2019-10-29,001646,9200.00,Check,Undeposited Funds,,0.00
KAMINSKI. C/o STATESMAN HATS (PVT) LTD.,AS008024,2019-10-29,001651,5692.50,Check,Undeposited Funds,,1725.00
Avian,AS007992,2019-10-29,690403,820250.00,Check,Undeposited Funds,,0.00
Avian,AS007988,2019-10-29,690413,6900.00,Check,Undeposited Funds,,0.00
Avian,AS007992,2019-10-29,690413,820250.00,Check,Undeposited Funds,,0.00
Information Technologies & Enterprise Sol,AS008084,2019-10-30,CASH PAID,22385.00,Cash,Undeposited Funds,,0.00
Creative Information Technologies,AS008075,2019-10-30,864856,31500.00,Check,Undeposited Funds,,0.00
Incotech Lanka (PVT) Ltd.,AS007956,2019-11-01,Cash,24000.00,Cash,Undeposited Funds,,0.00
ZEOS SOLUTIONS,AS008060,2019-11-04,233471,161460.00,Check,Undeposited Funds,,0.00
Survey Department,AS008002,2019-11-08,007378,760125.00,Check,Undeposited Funds,,0.00
Hirdaramani Industries (Pvt) Ltd,AS008074,2019-11-08,Bank Deposit,31800.00,Bank Deposits,Undeposited Funds,,0.00
T & D Associates.,AS008039,2019-11-08,Bank Deposit,125000.00,Bank Deposits,Undeposited Funds,,0.00
"MAS Fabrics(Pvt) Ltd , Thulhiriya",AS007993,2019-11-08,Bank Deposit,2289666.10,Bank Deposits,Undeposited Funds,,0.00
Beyond Computer Systems (Pvt) Ltd,AS007908,2019-11-13,GP Reduced AS008013,22000.00,GP Reduce,Undeposited Funds,,0.00
Metropolitan Communications (Private) Ltd,AS007900,2019-11-14,925136,24955.00,Check,Undeposited Funds,,0.00
EEE Tech Services,AS008122,2019-11-19,"043847 - Cash 21,000",65675.00,Check,Undeposited Funds,,0.00
Tech Crop Solutions (Pvt) Ltd,,2019-11-21,651542,31500.00,Check,Undeposited Funds,,0.00
techtron,AS008054,2019-11-21,616911,109500.00,Check,Undeposited Funds,,0.00
DYN TECH ENTERPRISES,AS008051,2019-11-22,949672,69920.00,Check,Undeposited Funds,,0.00
Telasis Solutions (Pvt) Ltd,AS008125,2019-11-22,598028,33000.00,Check,Undeposited Funds,,0.00
Regency Teas (Pvt) Ltd,AS008038,2019-11-22,563007,121500.00,Check,Undeposited Funds,,0.00
Asia Pacific Technology Systems (Pvt) Ltd,AS008014,2019-11-22,911630,20125.00,Check,Undeposited Funds,,0.00
EFL Headquarters (Pvt) Ltd,AS008072,2019-11-22,652842,24000.00,Check,Undeposited Funds,,0.00
Finco Technologies Pvt Ltd,AS007951,2019-11-22,552939,100000.00,Check,Undeposited Funds,,0.00
STATEMAN HATS (Pvt) LTD.,AS008071,2019-11-22,001807,8050.00,Check,Undeposited Funds,,0.00
STATEMAN HATS (Pvt) LTD.,AS008078,2019-11-22,001807,126500.00,Check,Undeposited Funds,,0.00
STATEMAN HATS (Pvt) LTD.,AS008079,2019-11-22,001807,6800.00,Check,Undeposited Funds,,0.00
STATEMAN HATS (Pvt) LTD.,AS008080,2019-11-22,001807,12500.00,Check,Undeposited Funds,,0.00
The Computer Center (pvt) Ltd,AS008076,2019-11-22,850531,171500.00,Check,Undeposited Funds,,0.00
Whiteglow (Pvt)Ltd,AS008130,2019-11-25,584099,88550.00,Check,Undeposited Funds,,0.00
KAMINSKI. C/o STATESMAN HATS (PVT) LTD.,AS008048,2019-11-26,001835,62790.00,Check,Undeposited Funds,,0.00
KAMINSKI. C/o STATESMAN HATS (PVT) LTD.,AS008065,2019-11-26,001835,6800.00,Check,Undeposited Funds,,0.00
KAMINSKI. C/o STATESMAN HATS (PVT) LTD.,AS008093,2019-11-26,001835,62790.00,Check,Undeposited Funds,,0.00
KAMINSKI. C/o STATESMAN HATS (PVT) LTD.,AS008094,2019-11-26,001835,3967.50,Check,Undeposited Funds,,0.00
KAMINSKI. C/o STATESMAN HATS (PVT) LTD.,AS008102,2019-11-26,001835,1725.00,Check,Undeposited Funds,,0.00
KAMINSKI. C/o STATESMAN HATS (PVT) LTD.,AS008103,2019-11-26,001835,3565.00,Check,Undeposited Funds,,0.00
KAMINSKI. C/o STATESMAN HATS (PVT) LTD.,AS008104,2019-11-26,001835,1500.00,Check,Undeposited Funds,,0.00
KAMINSKI. C/o STATESMAN HATS (PVT) LTD.,AS008105,2019-11-26,001835,1725.00,Check,Undeposited Funds,,0.00
KAMINSKI. C/o STATESMAN HATS (PVT) LTD.,AS008110,2019-11-26,001835,1725.00,Check,Undeposited Funds,,0.00
Lanka Hydraulic Institute Ltd,AS008028,2019-11-26,Bank Deposit,43400.00,Bank Deposits,Undeposited Funds,,0.00
Redline Technologies,AS007579,2019-11-26,000029,30000.00,Check,Undeposited Funds,,0.00
Redline Technologies,AS007579,2019-11-26,000030,30000.00,Check,Undeposited Funds,,0.00
Redline Technologies,AS007579,2019-11-26,000031,30000.00,Check,Undeposited Funds,,0.00
Redline Technologies,AS007579,2019-11-26,000032,18000.00,Check,Undeposited Funds,,0.00
Redline Technologies,AS007655,2019-11-26,000032,12000.00,Check,Undeposited Funds,,0.00
Redline Technologies,AS007655,2019-11-26,000033,30000.00,Check,Undeposited Funds,,0.00
Redline Technologies,AS007655,2019-11-26,000034,21000.00,Check,Undeposited Funds,,0.00
Redline Technologies,AS007713,2019-11-26,000034,9000.00,Check,Undeposited Funds,,0.00
Redline Technologies,AS007713,2019-11-26,000035,30000.00,Check,Undeposited Funds,,0.00
Redline Technologies,AS007713,2019-11-26,000036,30000.00,Check,Undeposited Funds,,0.00
Redline Technologies,AS007713,2019-11-26,000037,13500.00,Check,Undeposited Funds,,0.00
Redline Technologies,AS007762,2019-11-26,000037,16500.00,Check,Undeposited Funds,,0.00
Redline Technologies,AS007762,2019-11-26,000038,30000.00,Check,Undeposited Funds,,0.00
Redline Technologies,AS007762,2019-11-26,000039,30000.00,Check,Undeposited Funds,,0.00
Redline Technologies,AS007762,2019-11-26,000040,33500.00,Check,Undeposited Funds,,0.00
Rapidventure (Pvt) Ltd,AS008040,2019-11-27,597980,36672.35,Check,Undeposited Funds,,0.00
Mr Malintha,AS008143,2019-11-27,Cash,68000.00,Cash,Undeposited Funds,,0.00
KAMINSKI. C/o STATESMAN HATS (PVT) LTD.,AS007345,2019-11-29,001869,3740.00,Check,Undeposited Funds,,0.00
KAMINSKI. C/o STATESMAN HATS (PVT) LTD.,AS007347,2019-11-29,001869,14900.00,Check,Undeposited Funds,,0.00
KAMINSKI. C/o STATESMAN HATS (PVT) LTD.,AS007702,2019-11-29,001869,3450.00,Check,Undeposited Funds,,0.00
STATEMAN HATS (Pvt) LTD.,AS006166,2019-11-29,001854,4000.00,Check,Undeposited Funds,,0.00
STATEMAN HATS (Pvt) LTD.,AS006168,2019-11-29,001854,2000.00,Check,Undeposited Funds,,0.00
STATEMAN HATS (Pvt) LTD.,AS006177,2019-11-29,001854,1000.00,Check,Undeposited Funds,,0.00
STATEMAN HATS (Pvt) LTD.,AS006178,2019-11-29,001854,2000.00,Check,Undeposited Funds,,0.00
STATEMAN HATS (Pvt) LTD.,AS006195,2019-11-29,001854,2000.00,Check,Undeposited Funds,,0.00
STATEMAN HATS (Pvt) LTD.,AS006845,2019-11-29,001854,2875.00,Check,Undeposited Funds,,0.00
STATEMAN HATS (Pvt) LTD.,AS007161,2019-11-29,001854,3450.00,Check,Undeposited Funds,,0.00
STATEMAN HATS (Pvt) LTD.,AS007796,2019-11-29,001854,47150.00,Check,Undeposited Funds,,0.00
STATEMAN HATS (Pvt) LTD.,AS007981,2019-11-29,001854,67850.00,Check,Undeposited Funds,,0.00
STATEMAN HATS (Pvt) LTD.,AS007981,2019-11-29,SET OFF,8050.00,SETOFF,Undeposited Funds,,0.00
LTL Transformers (Pvt) Ltd,AS008059,2019-12-03,887170,80500.00,Check,Undeposited Funds,,0.00
Lalith Athulathmudali Vocational Trading,AS008064,2019-12-03,265388,35000.00,Check,Undeposited Funds,,0.00
Lalith Athulathmudali Vocational Trading,AS008083,2019-12-03,265388,14375.00,Check,Undeposited Funds,,0.00
IT Xpert Distribution,AS008153,2019-12-03,388054,330000.00,Check,Undeposited Funds,,0.00
UNION ASSURANCE PLC,AS008112,2019-12-03,036367,19500.00,Check,Undeposited Funds,,0.00
Barclays Computers (Pvt) Ltd,AS008043,2019-12-03,366794,31500.00,Check,Undeposited Funds,,0.00
Barclays Computers (Pvt) Ltd,AS008055,2019-12-03,366794,49000.00,Check,Undeposited Funds,,0.00
Barclays Computers (Pvt) Ltd,AS008063,2019-12-03,366794,63000.00,Check,Undeposited Funds,,0.00
Barclays Computers (Pvt) Ltd,AS008081,2019-12-03,366794,21460.00,Check,Undeposited Funds,,0.00
Tech Crop Solutions (Pvt) Ltd,AS008156,2019-12-04,651563,64000.00,Check,Undeposited Funds,,0.00
Pan Audio ( Pvt ) Ltd,AS008131,2019-12-06,830994,107500.00,Check,Undeposited Funds,,0.00
D Tech (Pvt) Ltd,AS008101,2019-12-09,362903,249000.00,Check,Undeposited Funds,,0.00
Avian,AS008034,2019-12-09,694646,81400.00,Check,Undeposited Funds,,0.00
Avian,AS008037,2019-12-09,694646,160630.00,Check,Undeposited Funds,,0.00
Survey Department,AS008121,2019-12-09,023547,179950.00,Check,Undeposited Funds,,0.00
Survey Department,AS008459,2019-12-09,023547,25.00,Check,Undeposited Funds,,0.00
Travel Center UK,AS008160,2019-12-09,534077,501500.00,Check,Undeposited Funds,,0.00
i 7 Computers,AS008117,2019-12-10,Bank Deposit,61400.00,Bank Deposits,Undeposited Funds,,0.00
Base Hp (Pvt) Ltd,AS008100,2019-12-12,792397,229400.00,Check,Undeposited Funds,,0.00
Peoples Organisation for Development Imp,AS008155,2019-12-13,CASH,18208.80,Cash,Undeposited Funds,,0.00
Print Animation (Pvt)Ltd,,2019-12-16,287111,46000.00,Check,Undeposited Funds,,46000.00
STATEMAN HATS (Pvt) LTD.,AS008089,2019-12-17,001919,9200.00,Check,Undeposited Funds,,0.00
STATEMAN HATS (Pvt) LTD.,AS008090,2019-12-17,001919,3450.00,Check,Undeposited Funds,,0.00
STATEMAN HATS (Pvt) LTD.,AS008091,2019-12-17,001919,25300.00,Check,Undeposited Funds,,0.00
STATEMAN HATS (Pvt) LTD.,AS008128,2019-12-17,001919,23000.00,Check,Undeposited Funds,,0.00
STATEMAN HATS (Pvt) LTD.,AS008132,2019-12-17,001919,25300.00,Check,Undeposited Funds,,0.00
STATEMAN HATS (Pvt) LTD.,AS008133,2019-12-17,001919,3450.00,Check,Undeposited Funds,,0.00
STATEMAN HATS (Pvt) LTD.,AS008134,2019-12-17,001919,9200.00,Check,Undeposited Funds,,0.00
Mr. Prasanna Senanayeke,AS008152,2019-12-18,CASH,111200.00,Cash,Undeposited Funds,,0.00
Asiri,AS008087,2019-12-20,Bank Deposit,30000.00,Bank Deposits,Undeposited Funds,,0.00
GLC,AS008026,2019-12-21,354196,43700.00,Check,Undeposited Funds,,0.00
The Computer Center (pvt) Ltd,AS008126,2019-12-23,165755,129100.00,Check,Undeposited Funds,,0.00
IT Xpert Distribution,AS008111,2019-12-24,388067,229835.00,Check,Undeposited Funds,,0.00
Regency Teas (Pvt) Ltd,AS008123,2019-12-24,086978,193200.00,Check,Undeposited Funds,,0.00
CEB -Wellampitiya,AS008173,2019-12-24,835481,151975.00,Check,Undeposited Funds,,0.00
Digital Mobility Solutions Lanka (pvt)Ltd,AS008061,2019-12-31,009593,41400.00,Check,Undeposited Funds,,0.00
Open Systems Integrators,AS008052,2019-12-31,016022,178876.00,Check,Undeposited Funds,,0.00
First Capital Holdings PLC,AS008120,2019-12-31,649939,91080.00,Check,Undeposited Funds,,0.00
SMS Marketing (Pvt) Ltd,AS008020,2019-12-31,866311,11810.50,Check,Undeposited Funds,,0.00
SMS Marketing (Pvt) Ltd,,2020-01-01,866312 Return,0,Check,Undeposited Funds,,0.00
Incotech Lanka (PVT) Ltd.,AS008116,2020-01-04,066500,262150.00,Check,Undeposited Funds,,0.00
Survey Department,AS008180,2020-01-06,023845,464975.00,Check,Undeposited Funds,,0.00
Avian,AS008050,2020-01-06,694726,28200.00,Check,Undeposited Funds,,0.00
Avian,AS008057,2020-01-06,694726,413600.00,Check,Undeposited Funds,,0.00
Prabath Kanishka Photography,AS008215,2020-01-06,Cash,33300.00,Check,Undeposited Funds,,0.00
JAY JAY MILLS LANKA (PVT) LTD,AS008127,2020-01-07,Bank Deposit,30000.00,Bank Deposits,Undeposited Funds,,0.00
T & D Associates,AS008118,2020-01-07,Bank Deposit,29900.00,Bank Deposits,Undeposited Funds,,0.00
MYD Clothing & Accessories,AS008172,2020-01-07,Bank Deposit,9200.00,Bank Deposits,Undeposited Funds,,0.00
Barclays Computers (Pvt) Ltd,AS008193,2020-01-07,Cash,2000.00,Cash,Undeposited Funds,,0.00
Lead Visa Consultancy,AS008218,2020-01-08,CASH,27000.00,Cash,Undeposited Funds,,0.00
Telasis Solutions (Pvt) Ltd,AS008217,2020-01-08,604249,67000.00,Check,Undeposited Funds,,0.00
LANKA COMMODITY BROKERS LTD,AS008137,2020-01-08,978757,11270.00,Check,Undeposited Funds,,0.00
LANKA COMMODITY BROKERS LTD,AS008138,2020-01-08,978757,5750.00,Check,Undeposited Funds,,0.00
LANKA COMMODITY BROKERS LTD,AS008139,2020-01-08,978757,5750.00,Check,Undeposited Funds,,0.00
LANKA COMMODITY BROKERS LTD,AS008140,2020-01-08,978757,11270.00,Check,Undeposited Funds,,0.00
NOLIMIT,AS008157,2020-01-08,412566,62424.00,Check,Undeposited Funds,,0.00
MACSON MESH,AS007842,2020-01-08,940929,7475.00,Check,Undeposited Funds,,0.00
MACSON MESH,AS008066,2020-01-08,940929,6348.00,Check,Undeposited Funds,,0.00
MACSON MESH,AS008107,2020-01-08,941007,5750.00,Check,Undeposited Funds,,0.00
MACSON MESH,AS008108,2020-01-08,941007,5750.00,Check,Undeposited Funds,,0.00
MACSON MESH,AS008109,2020-01-08,941007,3450.00,Check,Undeposited Funds,,0.00
UNION ASSURANCE PLC,AS008113,2020-01-09,037199,2875.00,Check,Undeposited Funds,,0.00
Pan Audio ( Pvt ) Ltd,AS008220,2020-01-09,599647,99500.00,Check,Undeposited Funds,,0.00
Dr. Dilan Croos,AS008221,2020-01-09,CASH,90000.00,Cash,Undeposited Funds,,0.00
Softlogic IT,AS008115,2020-01-13,945623,319260.00,Check,Undeposited Funds,,0.00
Softlogic IT,AS008129,2020-01-13,945623,253000.00,Check,Undeposited Funds,,0.00
Editing Table Studio,AS008151,2020-01-13,160932,87000.00,Check,Undeposited Funds,,0.00
STATEMAN HATS (Pvt) LTD.,AS008092,2020-01-13,002158,55200.00,Check,Undeposited Funds,,0.00
STATEMAN HATS (Pvt) LTD.,AS008147,2020-01-13,002158,4400.00,Check,Undeposited Funds,,0.00
STATEMAN HATS (Pvt) LTD.,AS008148,2020-01-13,002158,43000.00,Check,Undeposited Funds,,0.00
STATEMAN HATS (Pvt) LTD.,AS008149,2020-01-13,002158,7200.00,Check,Undeposited Funds,,0.00
STATEMAN HATS (Pvt) LTD.,AS008158,2020-01-13,002158,3000.00,Check,Undeposited Funds,,0.00
STATEMAN HATS (Pvt) LTD.,AS008159,2020-01-13,002158,12500.00,Check,Undeposited Funds,,0.00
STATEMAN HATS (Pvt) LTD.,AS008186,2020-01-13,002158,76140.00,Check,Undeposited Funds,,0.00
Navesta Pharmaceuticals (Pvt) Ltd,AS008154,2020-01-13,305172,118000.00,Cash,Undeposited Funds,,0.00
ICC Inernational Construction Consortium,AS008142,2020-01-13,150435,13800.00,Check,Undeposited Funds,,0.00
KAMINSKI. C/o STATESMAN HATS (PVT) LTD.,AS008049,2020-01-16,002189,3967.50,Check,Undeposited Funds,,0.00
KAMINSKI. C/o STATESMAN HATS (PVT) LTD.,AS008136,2020-01-16,002189,63106.25,Check,Undeposited Funds,,0.00
KAMINSKI. C/o STATESMAN HATS (PVT) LTD.,AS008141,2020-01-16,002189,3967.50,Check,Undeposited Funds,,0.00
KAMINSKI. C/o STATESMAN HATS (PVT) LTD.,AS008166,2020-01-16,002189,1620.00,Check,Undeposited Funds,,0.00
KAMINSKI. C/o STATESMAN HATS (PVT) LTD.,AS008167,2020-01-16,002189,1620.00,Check,Undeposited Funds,,0.00
KAMINSKI. C/o STATESMAN HATS (PVT) LTD.,AS008183,2020-01-16,002189,6480.00,Check,Undeposited Funds,,0.00
KAMINSKI. C/o STATESMAN HATS (PVT) LTD.,AS008184,2020-01-16,002189,1080.00,Check,Undeposited Funds,,0.00
PC Technologies (Pvt) Ltd,AS008198,2020-01-16,000073,31500.00,Check,Undeposited Funds,,0.00
J.F. Packaging Limited,AS008225,2020-01-16,618513,40000.00,Check,Undeposited Funds,,0.00
J.F. Packaging Limited,AS008225,2020-01-16,Cash (Transport),7000.00,Cash,Undeposited Funds,,0.00
WinSoft Technologies (Pvt)Ltd,AS008226,2020-01-17,032942,32800.00,Check,Undeposited Funds,,0.00
Electro Cheval Lanka (Pvt) Ltd,AS008192,2020-01-17,266161,31500.00,Check,Undeposited Funds,,0.00
Pacific Manning Agency Colombo(Pvt)Ltd,AS007786,2020-01-20,Stamp,0.80,SETOFF,Undeposited Funds,,0.00
CEB -Wellampitiya,AS008173,2020-01-20,Stamp,25.00,SETOFF,Undeposited Funds,,0.00
Survey Department,AS008002,2020-01-20,Stamp,25.00,SETOFF,Undeposited Funds,,0.00
Survey Department,AS008180,2020-01-20,Stamp,25.00,SETOFF,Undeposited Funds,,0.00
Survey Department,AS008121,2020-01-20,Stamp,50.00,SETOFF,Undeposited Funds,,0.00
ICC Inernational Construction Consortium,AS008162,2020-01-21,150684,9828.00,Check,Undeposited Funds,,0.00
Print Animation (Pvt)Ltd,AS008179,2020-01-21,620144,23000.00,Check,Undeposited Funds,,0.00
Department of Health Services - Southern,AS008191,2020-01-22,123368,320000.00,Check,Undeposited Funds,,0.00
Mr. Dilham,AS008231,2020-01-22,283891,18500.00,Check,Undeposited Funds,,0.00
"Rainbow Furniture & Electricals,",AS008171,2020-01-22,049114,86400.00,Check,Undeposited Funds,,0.00
Open Systems Integrators,AS008086,2020-01-22,031190,1060944.00,Check,Undeposited Funds,,0.00
Paan Paan,AS008174,2020-01-22,935256,135000.00,Check,Undeposited Funds,,0.00
Paan Paan,AS008181,2020-01-22,935256,5000.00,Check,Undeposited Funds,,0.00
Avian,AS008082,2020-01-23,697382,309300.00,Check,Undeposited Funds,,0.00
Information Technologies & Enterprise Sol,AS007512,2020-01-23,Bank Deposit,5000.00,Bank Deposits,Undeposited Funds,,0.00
Rank Container Terminals,AS008223,2020-01-24,602315,52920.00,Bank Deposits,Undeposited Funds,,0.00
KBSL Information Technologies Ltd,AS008150,2020-01-24,370199,1923000.04,Check,Undeposited Funds,,0.00
VS Information Systems (Pvt) Ltd,AS008178,2020-01-24,467977,464221.64,Check,Undeposited Funds,,0.00
M S Technologies (Pvt) Ltd,AS008190,2020-01-27,474288,108880.00,Check,Undeposited Funds,,0.00
Barclays Computers (Pvt) Ltd,AS008085,2020-01-27,Set off,42920.00,Paid-Reduced From Purchases,Undeposited Funds,,0.00
Barclays Computers (Pvt) Ltd,AS008088,2020-01-27,Set off,6830.00,Paid-Reduced From Purchases,Undeposited Funds,,0.00
Barclays Computers (Pvt) Ltd,AS008088,2020-01-27,833584,56170.00,Check,Undeposited Funds,,0.00
Barclays Computers (Pvt) Ltd,AS008095,2020-01-27,833584,53000.00,Check,Undeposited Funds,,0.00
MUSLIM AID,AS005455,2020-01-28,294514 (2014),10000.00,Check,Undeposited Funds,,0.00
MUSLIM AID,AS005459,2020-01-28,294514 (2014),3000.00,Check,Undeposited Funds,,0.00
MUSLIM AID,AS005466,2020-01-28,294514 (2014),2000.00,Check,Undeposited Funds,,0.00
Supervision Technology (Pvt) Ltd,AS008161,2020-01-29,Rainrow Invoice Redu,24840.00,Cash,Undeposited Funds,,0.00
Halcyon House Colombo,AS008169,2020-01-29,cash,3240.00,Cash,Undeposited Funds,,0.00
Halcyon House Colombo,AS008170,2020-01-29,cash,1620.00,Cash,Undeposited Funds,,0.00
Mr.Yakub Ariff,AS008027,2020-01-29,Cash,3680.00,Cash,Undeposited Funds,,0.00
Information Technologies & Enterprise Sol,AS007512,2020-02-01,Bank Deposit,5000.00,Bank Deposits,Undeposited Funds,,0.00
Information Technologies & Enterprise Sol,AS007512,2020-02-01,Bank Deposit,3000.00,Bank Deposits,Undeposited Funds,,0.00
LANKA MOUNT CASTLE (PVT) LTD,AS008098,2020-02-03,503498,53750.00,Check,Undeposited Funds,,0.00
LANKA MOUNT CASTLE (PVT) LTD,AS008098,2020-02-03,503499,53750.00,Check,Undeposited Funds,,0.00
LANKA MOUNT CASTLE (PVT) LTD,AS008098,2020-02-03,503500,53750.00,Check,Undeposited Funds,,0.00
LANKA MOUNT CASTLE (PVT) LTD,AS008098,2020-02-03,503501,11250.00,Check,Undeposited Funds,,0.00
LANKA MOUNT CASTLE (PVT) LTD,AS008099,2020-02-03,503501,42500.00,Check,Undeposited Funds,,0.00
LANKA MOUNT CASTLE (PVT) LTD,AS008099,2020-02-03,503502,53750.00,Check,Undeposited Funds,,0.00
LANKA MOUNT CASTLE (PVT) LTD,AS008099,2020-02-03,503503,53750.00,Check,Undeposited Funds,,0.00
Digital Mobility Solutions Lanka (pvt)Ltd,AS008200,2020-02-03,010020,599400.00,Check,Undeposited Funds,,0.00
Finco Technologies Pvt Ltd,AS007951,2020-02-03,700016,150000.00,Check,Undeposited Funds,,0.00
Grace Lanka Apperals (Pvt) Ltd,AS008236,2020-02-06,364307,79900.00,Check,Undeposited Funds,,0.00
Hirdaramani Industries (Pvt) Ltd,AS008201,2020-02-06,Bank Deposit HSBC,50400.00,Bank Deposits,Undeposited Funds,,0.00
ICC Inernational Construction Consortium,AS008188,2020-02-07,294145,28836.00,Check,Undeposited Funds,,0.00
Lanka Hospitals,AS008265,2020-02-07,Cash,70000.00,Cash,Undeposited Funds,,0.00
MUSLIM AID,AS008209,2020-02-11,B/D 962476,16200.00,Bank Deposits,Undeposited Funds,,0.00
MUSLIM AID,AS008185,2020-02-11,B/D 962475,62100.00,Bank Deposits,Undeposited Funds,,0.00
MUSLIM AID,AS008234,2020-02-11,BD 962488,65000.00,Bank Deposits,Undeposited Funds,,0.00
Data Management Systems (Pvt) Limited,AS008242,2020-02-11,302698,177520.80,Check,Undeposited Funds,,0.00
Advance Network Technologies (Pvt)Ltd,AS008264,2020-02-11,105970,167400.00,Check,Undeposited Funds,,0.00
ITED Technologies & Solutions (Pvt) Ltd,AS008197,2020-02-11,Bank Deposit,84240.00,Bank Deposits,Undeposited Funds,,0.00
ITED Technologies & Solutions (Pvt) Ltd,AS008197,2020-02-11,335204,84240.00,Check,Undeposited Funds,,0.00
ZEOS SOLUTIONS,AS006083,2020-02-12,Reduce From Commissi,11000.00,Reduce against Commissions,Undeposited Funds,,0.00
ZEOS SOLUTIONS,AS006219,2020-02-12,Reduce From Commissi,6500.00,Reduce against Commissions,Undeposited Funds,,0.00
ZEOS SOLUTIONS,AS008189,2020-02-13,Bank Deposit,98180.00,Bank Deposits,Undeposited Funds,,0.00
ZEOS SOLUTIONS,AS008189,2020-02-13,Reduce From Purchase,135000.00,Paid-Reduced From Purchases,Undeposited Funds,,0.00
STATEMAN HATS (Pvt) LTD.,AS008205,2020-02-13,002349,8640.00,Check,Undeposited Funds,,0.00
STATEMAN HATS (Pvt) LTD.,AS008206,2020-02-13,002349,3240.00,Check,Undeposited Funds,,0.00
STATEMAN HATS (Pvt) LTD.,AS008207,2020-02-13,002349,23760.00,Check,Undeposited Funds,,0.00
STATEMAN HATS (Pvt) LTD.,AS008216,2020-02-13,002349,6850.00,Check,Undeposited Funds,,0.00
STATEMAN HATS (Pvt) LTD.,AS008241,2020-02-13,002349,49500.00,Check,Undeposited Funds,,0.00
STATEMAN HATS (Pvt) LTD.,AS008245,2020-02-13,002349,22000.00,Check,Undeposited Funds,,0.00
STATEMAN HATS (Pvt) LTD.,AS008246,2020-02-13,002349,3000.00,Check,Undeposited Funds,,0.00
STATEMAN HATS (Pvt) LTD.,AS008247,2020-02-13,002349,8000.00,Check,Undeposited Funds,,0.00
STATEMAN HATS (Pvt) LTD.,AS008248,2020-02-13,002349,75000.00,Check,Undeposited Funds,,0.00
STATEMAN HATS (Pvt) LTD.,AS008249,2020-02-13,002349,75000.00,Check,Undeposited Funds,,0.00
STATEMAN HATS (Pvt) LTD.,AS008250,2020-02-13,002349,75000.00,Check,Undeposited Funds,,0.00
Fazaal Ceramics,AS008238,2020-02-13,063683,36800.00,Paid-Reduced From Purchases,Undeposited Funds,,0.00
Avian,AS008119,2020-02-14,697441,318945.00,Check,Undeposited Funds,,0.00
Avian,AS008163,2020-02-14,697435,55500.00,Check,Undeposited Funds,,0.00
Next IT Solutions,AS008273,2020-02-17,801777,262800.00,Check,Undeposited Funds,,0.00
Next IT Solutions,AS008273,2020-02-17,801778,262800.00,Check,Undeposited Funds,,0.00
Digitech Holdings (pvt) Ltd,AS008274,2020-02-17,996614,113950.00,Check,Undeposited Funds,"Check Return - 113,950.00",0.00
Mr Prasenna Senanayake  H N B,AS008276,2020-02-18,Cash,23700.00,Cash,Undeposited Funds,,0.00
Search Advanced Technology,AS008219,2020-02-19,035150,42550.00,Check,Undeposited Funds,,0.00
Supervision Technology (Pvt) Ltd,AS008161,2020-02-20,267602,20520.00,Check,Undeposited Funds,,0.00
WinSoft Technologies (Pvt)Ltd,AS008284,2020-02-25,039980,35000.00,Check,Undeposited Funds,,0.00
WinSoft Technologies (Pvt)Ltd,AS008284,2020-02-25,039981,44000.00,Check,Undeposited Funds,,0.00
Ceylon Electricity Board-col city,AS008096,2020-02-25,937596,19550.00,Check,Undeposited Funds,,0.00
Base Hp (Pvt) Ltd,AS008239,2020-02-25,792248,900000.00,Check,Undeposited Funds,,0.00
Information Technologies & Enterprise Sol,AS007512,2020-02-25,Bank Deposit,2000.00,Bank Deposits,Undeposited Funds,,0.00
Thread Works (Pvt) Ltd,AS008297,2020-02-27,cash,3000.00,Cash,Undeposited Funds,,0.00
Grace Lanka Apperals (Pvt) Ltd,AS008236,2020-02-27,428784,79900.00,Check,Undeposited Funds,,0.00
MUSLIM AID,,2020-02-27,SET OFF,0.00,SETOFF,Undeposited Funds,,0.00
MUSLIM AID,AS005352,2020-02-27,Bank Deposit,2000.00,Bank Deposits,Undeposited Funds,,50.00
MUSLIM AID,AS005353,2020-02-27,Bank Deposit,2000.00,Bank Deposits,Undeposited Funds,,50.00
MUSLIM AID,AS005884,2020-02-27,Bank Deposit,15000.00,Bank Deposits,Undeposited Funds,,50.00
MUSLIM AID,AS006043,2020-02-27,Bank Deposit,3700.00,Bank Deposits,Undeposited Funds,,50.00
MUSLIM AID,AS006259,2020-02-27,Bank Deposit,18000.00,Bank Deposits,Undeposited Funds,,50.00
MUSLIM AID,AS007071,2020-02-27,Bank Deposit,17250.00,Bank Deposits,Undeposited Funds,,50.00
Rapidventure (Pvt) Ltd,AS007947,2020-02-28,Bank Deposit,9000.00,Bank Deposits,Undeposited Funds,,0.00
Rapidventure (Pvt) Ltd,AS007949,2020-02-28,Bank Deposit,5750.00,Bank Deposits,Undeposited Funds,,0.00
Rapidventure (Pvt) Ltd,AS008077,2020-02-28,Bank Deposit,28200.00,Bank Deposits,Undeposited Funds,,0.00
Asiri Hospital PLC,AS007970,2020-02-28,Bank Deposit,46575.00,Bank Deposits,Undeposited Funds,,0.00
Studio Pro- Eye,AS008214,2020-03-02,697861,28000.00,Check,Undeposited Funds,,0.00
Studio Pro- Eye,AS008214,2020-03-02,697860,28000.00,Check,Undeposited Funds,Return 697860,0.00
Softlogic IT,AS008233,2020-03-02,002261,1326250.00,Check,Undeposited Funds,,0.00
Softlogic IT,AS008235,2020-03-02,002261,1225400.00,Check,Undeposited Funds,,0.00
SMS Marketing (Pvt) Ltd,AS008212,2020-03-02,Bank Deposit,3000.00,Bank Deposits,Undeposited Funds,,0.00
a-Design Studio,AS008298,2020-03-03,Cash,5000.00,Cash,Undeposited Funds,,0.00
KAMINSKI. C/o STATESMAN HATS (PVT) LTD.,AS008208,2020-03-04,002536,59265.00,Check,Undeposited Funds,,0.00
KAMINSKI. C/o STATESMAN HATS (PVT) LTD.,AS008237,2020-03-04,002536,1200.00,Check,Undeposited Funds,,0.00
KAMINSKI. C/o STATESMAN HATS (PVT) LTD.,AS008251,2020-03-04,002536,54875.00,Check,Undeposited Funds,,0.00
Singer (Sri Lanka) PLC,AS008258,2020-03-04,005458,119618.00,Check,Undeposited Funds,,0.00
Techno First (Pvt) Ltd,AS008230,2020-03-05,Bank Deposit,79600.00,Bank Deposits,Undeposited Funds,,0.00
Finco Technologies Pvt Ltd,AS007951,2020-03-06,770452,132800.00,Check,Undeposited Funds,,0.00
Triline Solutions (Pvt) Ltd,AS008285,2020-03-10,470171,211000.00,Check,Undeposited Funds,,0.00
Advance Network Technologies (Pvt)Ltd,AS008222,2020-03-10,Bank Deposit,51920.00,Bank Deposits,Undeposited Funds,,0.00
Digitech Holdings (pvt) Ltd,AS008259,2020-03-12,Cash,81250.00,Cash,Undeposited Funds,,0.00
STATEMAN HATS (Pvt) LTD.,AS008260,2020-03-12,002328,219652.68,Check,Undeposited Funds,,0.00
LANKA COMMODITY BROKERS LTD,AS008252,2020-03-13,978680,9800.00,Check,Undeposited Funds,,0.00
LANKA COMMODITY BROKERS LTD,AS008253,2020-03-13,978680,5000.00,Check,Undeposited Funds,,0.00
LANKA COMMODITY BROKERS LTD,AS008210,2020-03-13,978648,5400.00,Check,Undeposited Funds,,0.00
LANKA COMMODITY BROKERS LTD,AS008211,2020-03-13,978648,10584.00,Check,Undeposited Funds,,0.00
SMS Marketing (Pvt) Ltd,AS008212,2020-03-16,Bank Deposit,3160.00,Bank Deposits,Undeposited Funds,,0.00
Kandy General Hospital,AS007780,2020-04-24,Kandy Hospital,4999975.00,Check,Undeposited Funds,,0.00
Kandy General Hospital,AS007780,2020-04-24,Kandy Hospital,8531675.00,Check,Undeposited Funds,,0.00
SupremeSAT (PVT) LTD,AS008332,2020-04-29,Cash,49000.00,Cash,Undeposited Funds,,0.00
Mr Dharshana (CEB),AS008340,2020-05-02,Cash,29800.00,Cash,Undeposited Funds,,0.00
SupremeSAT (PVT) LTD,AS008341,2020-05-04,Bank Transfer,74400.00,Bank Deposits,Undeposited Funds,,0.00
MR T.Y. Sahith,AS008342,2020-05-05,Bank Transfer,17000.00,Bank Deposits,Undeposited Funds,,0.00
LANKA COMMODITY BROKERS LTD,AS008616,2020-05-07,Bank,9800.00,Cash,Undeposited Funds,,0.00
LANKA COMMODITY BROKERS LTD,AS008617,2020-05-07,Bank,5000.00,Cash,Undeposited Funds,,0.00
IT Xpert Distribution,AS008310,2020-05-09,Bank Transfer,49920.00,Bank Deposits,Undeposited Funds,,0.00
Ceylinco General Insurance Limited,AS008320,2020-05-09,366281,345435.00,Check,Undeposited Funds,,0.00
Mr Chamod,AS008344,2020-05-14,Cash,173000.00,Cash,Undeposited Funds,,0.00
STATEMAN HATS (Pvt) LTD.,AS008270,2020-05-14,Bank Deposit,9300.00,Bank Deposits,Undeposited Funds,,0.00
STATEMAN HATS (Pvt) LTD.,AS008278,2020-05-14,Bank Deposit,12500.00,Bank Deposits,Undeposited Funds,,0.00
STATEMAN HATS (Pvt) LTD.,AS008288,2020-05-14,Bank Deposit,32000.00,Bank Deposits,Undeposited Funds,,0.00
STATEMAN HATS (Pvt) LTD.,AS008291,2020-05-14,Bank Deposit,75000.00,Bank Deposits,Undeposited Funds,,0.00
STATEMAN HATS (Pvt) LTD.,AS008292,2020-05-14,Bank Deposit,8000.00,Bank Deposits,Undeposited Funds,,0.00
STATEMAN HATS (Pvt) LTD.,AS008293,2020-05-14,Bank Deposit,3000.00,Bank Deposits,Undeposited Funds,,0.00
STATEMAN HATS (Pvt) LTD.,AS008294,2020-05-14,Bank Deposit,22000.00,Bank Deposits,Undeposited Funds,,0.00
STATEMAN HATS (Pvt) LTD.,AS008296,2020-05-14,Bank Deposit,84500.00,Bank Deposits,Undeposited Funds,,0.00
Haat Holdings (Pvt) Ltd,AS008308,2020-05-14,219880,332500.00,Check,Undeposited Funds,,0.00
M S Technologies (Pvt) Ltd,AS008240,2020-05-14,474241,224000.00,Check,Undeposited Funds,,0.00
BlueChip Technical Services(Pvt)Ltd,AS008271,2020-05-18,776665,310740.00,Check,Undeposited Funds,,0.00
Asian Paints (Lanka) Limited,AS008243,2020-05-19,428386,13000.00,Check,Undeposited Funds,,0.00
FT Soft (Pvt) Ltd,AS008266,2020-05-20,862060,310080.00,Check,Undeposited Funds,,0.00
Base Hp (Pvt) Ltd,AS008301,2020-05-20,796737,1471200.00,Check,Undeposited Funds,,0.00
David Pieris Holdings (PVT) Ltd,AS008229,2020-05-20,307684,240000.00,Check,Undeposited Funds,,0.00
David Pieris Holdings (PVT) Ltd,AS008232,2020-05-20,307681,30000.00,Check,Undeposited Funds,,0.00
MACSON MESH,AS008283,2020-05-20,Purchased SET-OFF,1650.00,Cash,Undeposited Funds,SET-OFF (Toner Purchase of Yakub) Rs19700 x 2) Balance payment given by a Cheque 533346,0.00
MACSON MESH,AS008312,2020-05-20,Purchased SET-OFF,37750.00,Cash,Undeposited Funds,SET-OFF (Toner Purchase of Yakub) Rs19700 x 2) Balance payment given by a Cheque 533346,0.00
MACSON MESH,AS008283,2020-05-20,533346,4850.00,Check,Undeposited Funds,,0.00
STATEMAN HATS (Pvt) LTD.,AS008303,2020-05-26,829253,12500.00,Check,Undeposited Funds,,0.00
STATEMAN HATS (Pvt) LTD.,AS008304,2020-05-26,829253,9300.00,Check,Undeposited Funds,,0.00
STATEMAN HATS (Pvt) LTD.,AS008305,2020-05-26,829253,45000.00,Check,Undeposited Funds,,0.00
STATEMAN HATS (Pvt) LTD.,AS008306,2020-05-26,829253,58500.00,Check,Undeposited Funds,,0.00
STATEMAN HATS (Pvt) LTD.,AS008321,2020-05-26,829253,22000.00,Check,Undeposited Funds,,0.00
STATEMAN HATS (Pvt) LTD.,AS008322,2020-05-26,829253,3000.00,Check,Undeposited Funds,,0.00
STATEMAN HATS (Pvt) LTD.,AS008323,2020-05-26,829253,8000.00,Check,Undeposited Funds,,0.00
STATEMAN HATS (Pvt) LTD.,AS008324,2020-05-26,829253,75000.00,Check,Undeposited Funds,,0.00
STATEMAN HATS (Pvt) LTD.,AS008333,2020-05-26,829253,56250.00,Check,Undeposited Funds,,0.00
STATEMAN HATS (Pvt) LTD.,AS008334,2020-05-26,829253,7200.00,Check,Undeposited Funds,,0.00
STATEMAN HATS (Pvt) LTD.,AS008335,2020-05-26,829253,2700.00,Check,Undeposited Funds,,0.00
STATEMAN HATS (Pvt) LTD.,AS008336,2020-05-26,829253,19800.00,Check,Undeposited Funds,,0.00
STATEMAN HATS (Pvt) LTD.,AS008348,2020-05-26,829253,13500.00,Check,Undeposited Funds,,0.00
MACSON MESH,AS008350,2020-05-26,SETOFF,31900.00,Paid-Reduced From Purchases,Undeposited Funds,,0.00
Netnotch Holdings (Pvt) Ltd,AS008300,2020-05-26,216123,2000.00,Check,Undeposited Funds,,0.00
ADZ Insurance Brokers(Pvt) Ltd,AS008267,2020-05-26,920424,20400.00,Check,Undeposited Funds,,0.00
Supervision Technology (Pvt) Ltd,AS008279,2020-05-27,267622,45360.00,Check,Undeposited Funds,,0.00
Supervision Technology (Pvt) Ltd,AS008279,2020-05-27,267623,45360.00,Check,Undeposited Funds,,0.00
NOLIMIT,AS008302,2020-05-27,954814,58000.00,Check,Undeposited Funds,,0.00
Digitech Holdings (pvt) Ltd,2,2020-05-27,Bank Transfer,25000.00,Bank Deposits,Undeposited Funds,,0.00
CHINT Energy (Pvt) ltd,AS008261,2020-05-27,Bank Deposit,250000.00,Bank Deposits,Undeposited Funds,,0.00
Share Colombo Services,AS008360,2020-05-28,CASH,35000.00,Cash,Undeposited Funds,,0.00
Survey Department,AS008199,2020-05-29,038167,1369975.00,Check,Undeposited Funds,,0.00
Phoenix Ogilvy (Pvt) Ltd,AS008307,2020-05-29,748016,223480.00,Check,Undeposited Funds,,0.00
Nexsa High Tech Solution (Pvt) Ltd,AS008097,2020-05-29,Bank Deposit,17491.50,Bank Deposits,Undeposited Funds,,0.00
LANKA COMMODITY BROKERS LTD,AS008289,2020-05-29,978692,5000.00,Check,Undeposited Funds,,0.00
LANKA COMMODITY BROKERS LTD,AS008290,2020-05-29,978692,9800.00,Check,Undeposited Funds,,0.00
LANKA MOUNT CASTLE (PVT) LTD,AS008268,2020-05-29,Bank Deposit,37200.00,Bank Deposits,Undeposited Funds,,0.00
JAY JAY MILLS LANKA (PVT) LTD,AS008280,2020-06-01,578096,30000.00,Check,Undeposited Funds,,0.00
Data one Solutions (Pvt) Ltd,AS008349,2020-06-01,776578,163100.00,Check,Undeposited Funds,,0.00
LANKA MOUNT CASTLE (PVT) LTD,AS007855,2020-06-01,503502,53750.00,Bank Deposits,Undeposited Funds,,0.00
Triline Solutions (Pvt) Ltd,,2020-06-02,,0,Check,Undeposited Funds,,0.00
Industrial Clothing (Pvt) Ltd - Malwana,AS008196,2020-06-03,035539,490000.00,Check,Undeposited Funds,,0.00
Triline Solutions (Pvt) Ltd,AS008314,2020-06-03,479151,182000.00,Check,Undeposited Funds,,0.00
Avian,AS008175,2020-06-08,700993,58406.40,Check,Undeposited Funds,,0.00
Avian,AS008202,2020-06-08,700993,343400.00,Check,Undeposited Funds,,0.00
Avian,AS008203,2020-06-08,700993,39960.00,Check,Undeposited Funds,,0.00
Editing Table Studio,AS008315,2020-06-08,301291,27500.00,Check,Undeposited Funds,,0.00
Editing Table Studio,AS008316,2020-06-08,301291,2500.00,Check,Undeposited Funds,,0.00
Fazaal Ceramics,AS008272,2020-06-08,063700,37000.00,Check,Undeposited Funds,,0.00
DYN TECH ENTERPRISES,AS008269,2020-06-11,893822,66920.00,Check,Undeposited Funds,,0.00
Morison PLC,AS008346,2020-06-11,013112,15600.00,Check,Undeposited Funds,,0.00
Mr Chamod,AS008379,2020-06-11,CASH,109000.00,Cash,Undeposited Funds,,0.00
Ceylinco General Insurance Limited,AS008358,2020-06-12,366648,135720.00,Check,Undeposited Funds,,0.00
Pacific Manning Agency Colombo(Pvt)Ltd,AS008353,2020-06-12,736159,20580.00,Check,Undeposited Funds,,0.00
Mr. Wijendra,AS008388,2020-06-12,Bank Deposit,26100.00,Bank Deposits,Undeposited Funds,,0.00
MTI Consulting (New Building),AS008370,2020-06-12,Bank Deposit,21000.00,Bank Deposits,Undeposited Funds,,0.00
Kandy General Hospital,AS007780,2020-06-12,Direct Deposit,4999975.00,Check,Undeposited Funds,,0.00
Mr.Yakub Ariff,AS005311,2020-06-13,CASH,10000.00,Cash,Undeposited Funds,,0.00
Mr. Prashaktha,AS008392,2020-06-16,CASH PAYMENT,7600.00,Cash,Undeposited Funds,,0.00
Information Technologies & Enterprise Sol,AS007512,2020-06-16,Bank Deposit,1000.00,Bank Deposits,Undeposited Funds,,0.00
Digitech Holdings (pvt) Ltd,2,2020-06-16,BANK DEPOSIT,88950.00,Bank Deposits,Undeposited Funds,,0.00
HSB Holdings (Pvt)Ltd,AS008397,2020-06-17,453932,383150.00,Check,Undeposited Funds,,0.00
Triline Solutions (Pvt) Ltd,AS008394,2020-06-17,479160,8800.00,Check,Undeposited Funds,,0.00
Thakral One (Pvt) Ltd.,AS008282,2020-06-17,012001,444000.00,Check,Undeposited Funds,,0.00
IT Xpert (Pvt) Ltd,AS008398,2020-06-17,972038,165000.00,Check,Undeposited Funds,,0.00
Avian,AS008384,2020-06-17,701041,262000.00,Check,Undeposited Funds,,0.00
MACSON MESH,AS008164,2020-06-18,533524,3240.00,Check,Undeposited Funds,,0.00
MACSON MESH,AS008176,2020-06-18,533524,64800.00,Check,Undeposited Funds,,0.00
MACSON MESH,AS008177,2020-06-18,533524,139320.00,Check,Undeposited Funds,,0.00
MACSON MESH,AS008182,2020-06-18,533524,43740.00,Check,Undeposited Funds,,0.00
Fazaal Ceramics,AS008326,2020-06-18,117048,39000.00,Check,Undeposited Funds,,0.00
Fazaal Ceramics,AS008351,2020-06-18,117048,39000.00,Check,Undeposited Funds,,0.00
Fazaal Ceramics,AS008352,2020-06-18,117048,39000.00,Check,Undeposited Funds,,0.00
Mr.Yakub Ariff,AS005311,2020-06-18,095096,9000.00,Check,Undeposited Funds,,0.00
Mr.Yakub Ariff,AS008391,2020-06-18,095096,8000.00,Check,Undeposited Funds,,0.00
Intec Systems and Solutions (Pvt) Ltd,AS008383,2020-06-19,785559,17600.00,Check,Undeposited Funds,,0.00
a-Design Studio,AS008402,2020-06-19,CASH,7000.00,Cash,Undeposited Funds,,0.00
Avian,AS008262,2020-06-22,701052,217400.00,Cash,Undeposited Funds,,0.00
MACSON MESH,AS008373,2020-06-23,533564,20000.00,Cash,Undeposited Funds,,0.00
Flix11 (Private) Limited,AS008281,2020-06-24,023360,116000.00,Check,Undeposited Funds,,0.00
STATEMAN HATS (Pvt) LTD.,AS008361,2020-06-24,829425,18000.00,Check,Undeposited Funds,,0.00
STATEMAN HATS (Pvt) LTD.,AS008363,2020-06-24,829425,19800.00,Check,Undeposited Funds,,0.00
STATEMAN HATS (Pvt) LTD.,AS008364,2020-06-24,829425,2700.00,Check,Undeposited Funds,,0.00
STATEMAN HATS (Pvt) LTD.,AS008365,2020-06-24,829425,7200.00,Check,Undeposited Funds,,0.00
STATEMAN HATS (Pvt) LTD.,AS008366,2020-06-24,829425,56250.00,Check,Undeposited Funds,,0.00
STATEMAN HATS (Pvt) LTD.,AS008380,2020-06-24,829425,5500.00,Check,Undeposited Funds,,0.00
STATEMAN HATS (Pvt) LTD.,AS008381,2020-06-24,829425,5500.00,Check,Undeposited Funds,,0.00
KAMINSKI. C/o STATESMAN HATS (PVT) LTD.,AS008295,2020-06-24,829381,54875.00,Check,Undeposited Funds,,0.00
KAMINSKI. C/o STATESMAN HATS (PVT) LTD.,AS008309,2020-06-24,829381,1500.00,Check,Undeposited Funds,,0.00
KAMINSKI. C/o STATESMAN HATS (PVT) LTD.,AS008367,2020-06-24,829381,57900.00,Check,Undeposited Funds,,0.00
Haat Holdings (Pvt) Ltd,AS008347,2020-06-24,219913,332500.00,Check,Undeposited Funds,,0.00
EITS,AS008005,2020-06-24,CASH,100000.00,Cash,Undeposited Funds,R&D payment,0.00
Base Hp (Pvt) Ltd,AS008286,2020-06-25,812542,1163000.00,Check,Undeposited Funds,,0.00
X Press Solutions (Mr Irfan),AS007359,2020-06-26,SET OFF,56870.00,SETOFF,Undeposited Funds,,0.00
KAMINSKI. C/o STATESMAN HATS (PVT) LTD.,AS008104,2020-06-26,SET OFF,225.00,SETOFF,Undeposited Funds,,0.00
Barclays Computers (Pvt) Ltd,AS008299,2020-06-26,SET OFF,79000.00,SETOFF,Undeposited Funds,,0.00
First Capital Holdings PLC,AS008345,2020-06-26,352051,55200.00,Check,Undeposited Funds,,0.00
First Capital Holdings PLC,AS008317,2020-06-26,352148,244000.00,Check,Undeposited Funds,,0.00
Studio Lakdam,AS008257,2020-06-26,551175,32000.00,Check,Undeposited Funds,,0.00
Gennext (Pvt)Ltd,AS008420,2020-06-26,855408,52000.00,Check,Undeposited Funds,,0.00
Barclays Computers (Pvt) Ltd,AS008421,2020-06-26,CASH,68000.00,Cash,Undeposited Funds,,0.00
Ceylinco General Insurance Limited,AS008408,2020-06-29,367060,1121450.00,Cash,Undeposited Funds,,0.00
Ceylinco General Insurance Limited,AS008393,2020-06-29,366977,45240.00,Check,Undeposited Funds,,0.00
Aitken Spence Travels (Private)Limited.,AS008213,2020-06-29,Bank Deposit,22500.00,Bank Deposits,Undeposited Funds,,0.00
Intec Systems and Solutions (Pvt) Ltd,AS008400,2020-06-30,000134,17600.00,Check,Undeposited Funds,,0.00
LANKA MOUNT CASTLE (PVT) LTD,AS005626,2020-06-30,503503,798.00,Bank Deposits,Undeposited Funds,,0.00
LANKA MOUNT CASTLE (PVT) LTD,AS007352,2020-06-30,503503,821.50,Bank Deposits,Undeposited Funds,,0.00
LANKA MOUNT CASTLE (PVT) LTD,AS007358,2020-06-30,503503,49990.50,Bank Deposits,Undeposited Funds,,0.00
LANKA MOUNT CASTLE (PVT) LTD,AS007855,2020-06-30,503503,2140.00,Bank Deposits,Undeposited Funds,,0.00
Rapidventure (Pvt) Ltd,AS008423,2020-07-01,639192,33000.00,Check,Undeposited Funds,,0.00
LANKA COMMODITY BROKERS LTD,AS008337,2020-07-01,996173,5000.00,Check,Undeposited Funds,,0.00
LANKA COMMODITY BROKERS LTD,AS008339,2020-07-01,996173,9800.00,Check,Undeposited Funds,,0.00
LANKA COMMODITY BROKERS LTD,AS008368,2020-07-01,996173,5000.00,Check,Undeposited Funds,,0.00
LANKA COMMODITY BROKERS LTD,AS008369,2020-07-01,996173,9800.00,Check,Undeposited Funds,,0.00
Electro Net,AS008244,2020-07-02,000017,11891.00,Check,Undeposited Funds,,0.00
Electro Net,AS008435,2020-07-02,000017,7365.00,Check,Undeposited Funds,,0.00
EITS,AS008005,2020-07-03,Bank Deposit,83000.00,Bank Deposits,Undeposited Funds,R & D Payment,0.00
Open Systems Integrators,AS008275,2020-07-06,477507,361060.00,Check,Undeposited Funds,,0.00
STATEMAN HATS (Pvt) LTD.,AS008386,2020-07-07,911503,47500.00,Check,Undeposited Funds,,0.00
STATEMAN HATS (Pvt) LTD.,AS008416,2020-07-07,911503,7500.00,Check,Undeposited Funds,,0.00
KAMINSKI. C/o STATESMAN HATS (PVT) LTD.,AS008168,2020-07-07,911503,4860.00,Check,Undeposited Funds,,0.00
Paan Paan,AS008355,2020-07-07,503927,39000.00,Check,Undeposited Funds,,0.00
Paan Paan,AS008372,2020-07-07,503927,12500.00,Check,Undeposited Funds,,0.00
Mrs. Aqeela Aboo (Paan Paan),AS008371,2020-07-07,503927,5500.00,Check,Undeposited Funds,,0.00
Mrs. Aqeela Aboo (Paan Paan),AS008405,2020-07-07,503927,6500.00,Check,Undeposited Funds,,0.00
Super Unique IT Solutions,AS008443,2020-07-07,CASH,33000.00,Cash,Undeposited Funds,,0.00
Avian,AS008263,2020-07-10,710910,165000.00,Check,Undeposited Funds,,0.00
Avian,AS008311,2020-07-10,710910,165940.00,Check,Undeposited Funds,,0.00
KAMINSKI. C/o STATESMAN HATS (PVT) LTD.,AS008325,2020-07-13,911516,57625.00,Check,Undeposited Funds,,0.00
KAMINSKI. C/o STATESMAN HATS (PVT) LTD.,AS008338,2020-07-13,911516,57900.00,Check,Undeposited Funds,,0.00
KAMINSKI. C/o STATESMAN HATS (PVT) LTD.,AS008387,2020-07-13,911516,19300.00,Check,Undeposited Funds,,0.00
Thakral One (Pvt) Ltd.,AS008354,2020-07-14,012117,509660.00,Check,Undeposited Funds,,0.00
Base Hp (Pvt) Ltd,AS008286,2020-07-14,813027,1163000.00,Check,Undeposited Funds,,0.00
Tech Crop Solutions (Pvt) Ltd,AS008452,2020-07-14,692055,154050.00,Check,Undeposited Funds,,0.00
Next IT Solutions,AS008454,2020-07-15,Bank Deposit,76000.00,Bank Deposits,Undeposited Funds,,0.00
Netnotch Holdings (Pvt) Ltd,AS008407,2020-07-15,Bank Deposit,656500.00,Bank Deposits,Undeposited Funds,,0.00
ICC Inernational Construction Consortium,AS008403,2020-07-16,034506,37400.00,Check,Undeposited Funds,,0.00
Digital Mobility Solutions Lanka (pvt)Ltd,AS008401,2020-07-17,Bank Deposit,568100.00,Bank Deposits,Undeposited Funds,,0.00
Micro Solutions Information Systems (Pvt),AS008224,2020-07-22,313708,44193.60,Check,Undeposited Funds,,0.00
SMS Marketing (Pvt) Ltd,AS008212,2020-07-23,866580,10000.00,Check,Undeposited Funds,,0.00
Rapidventure (Pvt) Ltd,AS008457,2020-07-23,643422,16000.00,Check,Undeposited Funds,,0.00
STATEMAN HATS (Pvt) LTD.,AS008068,2020-07-23,002795,180650.00,Check,Undeposited Funds,,0.00
STATEMAN HATS (Pvt) LTD.,AS008069,2020-07-23,002795,31000.00,Check,Undeposited Funds,,0.00
STATEMAN HATS (Pvt) LTD.,AS008070,2020-07-23,002795,280000.00,Check,Undeposited Funds,,0.00
STATEMAN HATS (Pvt) LTD.,AS008194,2020-07-23,002795,117180.00,Check,Undeposited Funds,,0.00
STATEMAN HATS (Pvt) LTD.,AS008254,2020-07-23,002795,57400.00,Check,Undeposited Funds,,0.00
STATEMAN HATS (Pvt) LTD.,AS008255,2020-07-23,002795,58500.00,Check,Undeposited Funds,,0.00
CHINT Energy (Pvt) ltd,AS008261,2020-07-24,Bank Deposits,200000.00,Bank Deposits,Undeposited Funds,,0.00
CHINT Energy (Pvt) ltd,AS008377,2020-07-24,Bank Deposits,50000.00,Bank Deposits,Undeposited Funds,,0.00
CHINT Energy (Pvt) ltd,AS008318,2020-07-24,254869,250000.00,Check,Undeposited Funds,,0.00
Connaissance De Ceylon,AS008442,2020-07-24,Bank Deposit,5000.00,Bank Deposits,Undeposited Funds,,0.00
Fazaal Ceramics,AS008690,2020-07-27,699776,800000.00,Check,Undeposited Funds,,0.00
Avian,AS008277,2020-07-28,710931,352000.00,Check,Undeposited Funds,,0.00
Flix11 (Private) Limited,AS008343,2020-07-28,041580,71000.00,Check,Undeposited Funds,,0.00
Editing Table Studio,AS008316,2020-07-28,301325,52500.00,Check,Undeposited Funds,,0.00
Kumaran Book House,AS008462,2020-07-28,189837,260000.00,Check,Undeposited Funds,,0.00
Satecro Technologies,AS008460,2020-07-29,000115,120000.00,Check,Undeposited Funds,,0.00
Satecro Technologies,AS008460,2020-07-29,000113,120000.00,Check,Undeposited Funds,,0.00
Satecro Technologies,AS008460,2020-07-29,000116,96000.00,Check,Undeposited Funds,,0.00
Savinda Graphics system (Pvt) Ltd,AS008473,2020-07-30,917883,15000.00,Check,Undeposited Funds,,0.00
Savinda Graphics system (Pvt) Ltd,AS008474,2020-07-30,917883,10000.00,Check,Undeposited Funds,,0.00
MACSON MESH,AS008374,2020-07-30,533740,65000.00,Check,Undeposited Funds,,0.00
MACSON MESH,AS008412,2020-07-30,533740,10625.00,Check,Undeposited Funds,,0.00
MACSON MESH,AS008413,2020-07-30,533740,5000.00,Check,Undeposited Funds,,0.00
ICC Inernational Construction Consortium,AS008287,2020-07-30,552519,15900.00,Check,Undeposited Funds,,0.00
Data Management Systems (Pvt) Limited,AS008436,2020-07-30,302925,672873.60,Check,Undeposited Funds,17/0/2020 Deposit Date,0.00
Base Hp (Pvt) Ltd,AS008389,2020-07-30,812897,41856.00,Check,Undeposited Funds,,0.00
Base Hp (Pvt) Ltd,AS008404,2020-07-30,812897,41856.00,Check,Undeposited Funds,,0.00
Tajima Colombo (Pvt) Ltd,AS008356,2020-07-31,000070,65000.00,Check,Undeposited Funds,,0.00
Haat Holdings (Pvt) Ltd,AS008409,2020-07-31,220024,249750.00,Check,Undeposited Funds,,0.00
Sumathi Information Technologies,AS008362,2020-08-04,170052,110600.00,Check,Undeposited Funds,,0.00
STATEMAN HATS (Pvt) LTD.,AS008426,2020-08-11,002813,56250.00,Check,Undeposited Funds,,0.00
STATEMAN HATS (Pvt) LTD.,AS008427,2020-08-11,002813,7200.00,Check,Undeposited Funds,,0.00
STATEMAN HATS (Pvt) LTD.,AS008428,2020-08-11,002813,2700.00,Check,Undeposited Funds,,0.00
STATEMAN HATS (Pvt) LTD.,AS008429,2020-08-11,002813,19800.00,Check,Undeposited Funds,,0.00
KAMINSKI. C/o STATESMAN HATS (PVT) LTD.,AS008430,2020-08-11,002816,57900.00,Check,Undeposited Funds,,0.00
STATEMAN HATS (Pvt) LTD.,AS008114,2020-08-11,002824,172500.00,Check,Undeposited Funds,,0.00
STATEMAN HATS (Pvt) LTD.,AS008437,2020-08-11,002824,33500.00,Check,Undeposited Funds,,0.00
STATEMAN HATS (Pvt) LTD.,AS008438,2020-08-11,002824,196500.00,Check,Undeposited Funds,,0.00
STATEMAN HATS (Pvt) LTD.,AS008439,2020-08-11,002824,38000.00,Check,Undeposited Funds,,0.00
STATEMAN HATS (Pvt) LTD.,AS008448,2020-08-11,002824,6500.00,Check,Undeposited Funds,,0.00
STATEMAN HATS (Pvt) LTD.,AS008450,2020-08-11,002843 - 57187.75,28593.87,Check,Undeposited Funds,,0.00
STATEMAN HATS (Pvt) LTD.,AS008451,2020-08-11,002843 - 57187.75,28593.87,Check,Undeposited Funds,,0.00
Flix11 (Private) Limited,AS008385,2020-08-12,041563,395300.00,Check,Undeposited Funds,,0.00
Flix11 (Private) Limited,AS008422,2020-08-12,041565,18000.00,Check,Undeposited Funds,,0.00
Avian,AS008277,2020-08-12,710932,352000.00,Check,Undeposited Funds,,0.00
Survey Department,AS008459,2020-08-17,066631,179975.00,Check,Undeposited Funds,,0.00
LANKA COMMODITY BROKERS LTD,AS008431,2020-08-19,996242,9800.00,Check,Undeposited Funds,,0.00
LANKA COMMODITY BROKERS LTD,AS008432,2020-08-19,996242,5000.00,Check,Undeposited Funds,,0.00
LANKA COMMODITY BROKERS LTD,AS008468,2020-08-19,995898,5000.00,Check,Undeposited Funds,,0.00
LANKA COMMODITY BROKERS LTD,AS008469,2020-08-19,995898,9800.00,Check,Undeposited Funds,,0.00
Base Hp (Pvt) Ltd,AS008434,2020-08-20,812761,27500.00,Check,Undeposited Funds,,0.00
Triline Solutions (Pvt) Ltd,AS008447,2020-08-21,490851,17000.00,Cash,Undeposited Funds,,0.00
Rapidventure (Pvt) Ltd,AS008505,2020-08-25,656629,31300.00,Check,Undeposited Funds,,0.00
MS Technologies (Private) Limited,AS008506,2020-08-25,486861,234975.00,Check,Undeposited Funds,,0.00
Fortress Developers (Pvt) Ltd,AS008359,2020-08-25,CASH,2500.00,Cash,Undeposited Funds,,0.00
Base Hp (Pvt) Ltd,AS008449,2020-08-25,813082,134000.00,Check,Undeposited Funds,,0.00
Avian,AS008382,2020-08-25,710524,362750.00,Check,Undeposited Funds,,0.00
Avian,AS008425,2020-08-25,710524,7500.00,Check,Undeposited Funds,,0.00
Avian,AS008504,2020-08-25,710517,142620.00,Check,Undeposited Funds,,0.00
Colombo Centre For Cognitive Computing (P,AS008444,2020-08-25,Bank Deposit,125700.00,Bank Deposits,Undeposited Funds,,0.00
Asian Group of Companies,AS008501,2020-08-25,CASH,97700.00,Cash,Undeposited Funds,,0.00
Mrs. Aqeela Aboo (Paan Paan),AS008453,2020-08-25,074672,12000.00,Check,Undeposited Funds,,0.00
Paan Paan,AS008472,2020-08-25,732003,2000.00,Check,Undeposited Funds,,0.00
Satecro Technologies,AS008460,2020-08-26,000114,120000.00,Check,Undeposited Funds,,0.00
Mr. Marrikar,AS008509,2020-08-27,CASH,5000.00,Cash,Undeposited Funds,,0.00
TYAX (PVT)LTD,AS008395,2020-08-28,468905,36500.00,Check,Undeposited Funds,,0.00
MTI Consulting (New Building),AS008476,2020-08-28,Bank Deposit,190000.00,Bank Deposits,Undeposited Funds,,0.00
Abeygunawardene Associates (PVT) Ltd,AS008526,2020-08-28,455230,137330.00,Check,Undeposited Funds,,0.00
Prabath Kanishka Photography,AS008533,2020-09-02,CASH,50000.00,Cash,Undeposited Funds,,0.00
Avian,AS008382,2020-09-04,710523,362750.00,Check,Undeposited Funds,,0.00
MTI Consulting (New Building),AS008493,2020-09-07,Bank Deposit,34500.00,Bank Deposits,Undeposited Funds,,0.00
Studio Lakdam,AS008227,2020-09-08,551187,30000.00,Check,Undeposited Funds,,0.00
Nadeera Paints (Pvt) Ltd,AS008410,2020-09-09,683256,11500.00,Check,Undeposited Funds,,0.00
Softlogic IT,AS008445,2020-09-09,002876,39650.00,Check,Undeposited Funds,,0.00
Next IT Solutions,AS008539,2020-09-14,821343,200000.00,Check,Undeposited Funds,,0.00
Next IT Solutions,AS008539,2020-09-14,821344,181800.00,Check,Undeposited Funds,,0.00
STATEMAN HATS (Pvt) LTD.,AS008450,2020-09-14,003101,28593.87,Check,Undeposited Funds,,0.00
STATEMAN HATS (Pvt) LTD.,AS008451,2020-09-14,003101,28593.87,Check,Undeposited Funds,,0.00
STATEMAN HATS (Pvt) LTD.,AS008463,2020-09-14,003100,75000.00,Check,Undeposited Funds,,0.00
STATEMAN HATS (Pvt) LTD.,AS008464,2020-09-14,003100,8000.00,Check,Undeposited Funds,,0.00
STATEMAN HATS (Pvt) LTD.,AS008465,2020-09-14,003100,3000.00,Check,Undeposited Funds,,0.00
STATEMAN HATS (Pvt) LTD.,AS008466,2020-09-14,003100,22000.00,Check,Undeposited Funds,,0.00
STATEMAN HATS (Pvt) LTD.,AS008478,2020-09-14,003100,12500.00,Check,Undeposited Funds,,0.00
STATEMAN HATS (Pvt) LTD.,AS008490,2020-09-14,003100,93000.00,Check,Undeposited Funds,,0.00
STATEMAN HATS (Pvt) LTD.,AS008491,2020-09-14,003100,6500.00,Check,Undeposited Funds,,0.00
KAMINSKI. C/o STATESMAN HATS (PVT) LTD.,AS008516,2020-09-14,003124,56250.00,Check,Undeposited Funds,,0.00
Sri Lanka Insurance Coporation ltd.,AS008446,2020-09-14,155558,2562207.00,Check,Undeposited Funds,,0.00
Ceylinco General Insurance Limited,AS008495,2020-09-14,368540,18100.00,Check,Undeposited Funds,,0.00
Ceylinco General Insurance Limited,AS008496,2020-09-14,368540,18100.00,Check,Undeposited Funds,,0.00
Ceylinco General Insurance Limited,AS008497,2020-09-14,368540,18100.00,Check,Undeposited Funds,,0.00
Ceylinco General Insurance Limited,AS008508,2020-09-14,368540,3750.00,Check,Undeposited Funds,,0.00
FT Soft (Pvt) Ltd,AS008498,2020-09-17,635148,113000.00,Check,Undeposited Funds,,0.00
techtron,AS008531,2020-09-18,740699,221000.00,Check,Undeposited Funds,,0.00
techtron,AS008550,2020-09-18,740711,311400.00,Check,Undeposited Funds,,0.00
KAMINSKI. C/o STATESMAN HATS (PVT) LTD.,AS008467,2020-09-22,003138,57900.00,Check,Undeposited Funds,,0.00
KAMINSKI. C/o STATESMAN HATS (PVT) LTD.,AS008530,2020-09-22,003138,3500.00,Check,Undeposited Funds,,0.00
X Press Solutions (Mr Irfan),AS008441,2020-09-23,010456,6400.00,Check,Undeposited Funds,,1600.00
Haat Holdings (Pvt) Ltd,4,2020-09-23,Bank Deposit,247750.00,Bank Deposits,Undeposited Funds,,0.00
Haat Holdings (Pvt) Ltd,4,2020-09-23,Bank Deposit,2000.00,Check,Undeposited Funds,,0.00
CEB - Kelanitissa,AS008560,2020-09-23,838707,10000.00,Check,Undeposited Funds,,0.00
P.K.B. Samaradiwakara,AS008548,2020-09-24,Cash,89000.00,Cash,Undeposited Funds,,0.00
Global Technologies,AS008525,2020-09-24,000146,92000.00,Check,Undeposited Funds,,0.00
LAKDAM TRADING COMPANY (PVT) LTD,AS008554,2020-09-25,696385,48000.00,Check,Undeposited Funds,,0.00
Janathakshana (Gte) Ltd,AS008563,2020-09-28,Bank Deposit,44625.00,Bank Deposits,Undeposited Funds,,0.00
Micro Channel.,AS008577,2020-09-29,Bank Deposit,100000.00,Bank Deposits,Undeposited Funds,,0.00
Micro Channel.,AS008577,2020-09-29,cash,804600.00,Cash,Undeposited Funds,,0.00
Super Unique IT Solutions,AS008582,2020-09-29,cash,33200.00,Cash,Undeposited Funds,,0.00
Nimby Technologies (Pvt) Ltd,AS008502,2020-10-02,CASH,125000.00,Cash,Undeposited Funds,,0.00
Global Ehsan Relief,AS008576,2020-10-02,000305,180600.00,Check,Undeposited Funds,,0.00
Barclays Computers (Pvt) Ltd,AS008540,2020-10-05,438910,68000.00,Check,Undeposited Funds,,0.00
Barclays Computers (Pvt) Ltd,AS008527,2020-10-05,538086,39200.00,Check,Undeposited Funds,,0.00
Barclays Computers (Pvt) Ltd,AS008485,2020-10-05,SETOFF,34000.00,SETOFF,Undeposited Funds,"3018,3315,3554",0.00
Barclays Computers (Pvt) Ltd,AS008527,2020-10-05,SETOFF,28800.00,SETOFF,Undeposited Funds,"3018,3315,3554",0.00
Triline Solutions (Pvt) Ltd,AS008482,2020-10-06,493602,45500.00,Check,Undeposited Funds,,0.00
Advance Network Technologies (Pvt)Ltd,AS008591,2020-10-06,106002,84000.00,Check,Undeposited Funds,,0.00
Avian,AS008433,2020-10-07,711145,7500.00,Check,Undeposited Funds,,0.00
Avian,AS008440,2020-10-07,711145,272000.00,Check,Undeposited Funds,,0.00
Sysco Network Systems,AS008553,2020-10-09,039579,219900.00,Check,Undeposited Funds,,0.00
Mrs. Aqeela Aboo (Paan Paan),AS008378,2020-10-10,Bank Deposit,8500.00,Bank Deposits,Undeposited Funds,,0.00
Paan Paan,AS008507,2020-10-10,748594,7500.00,Check,Undeposited Funds,,0.00
NOLIMIT,AS008541,2020-10-10,955130,96000.00,Bank Deposits,Undeposited Funds,,0.00
Thakral One (Pvt) Ltd.,AS008484,2020-10-10,012426,392720.00,Check,Undeposited Funds,,0.00
Abeygunawardene Associates (PVT) Ltd,AS008561,2020-10-13,455237,13000.00,Check,Undeposited Funds,,0.00
Enext technology (Pvt) Ltd,AS008590,2020-10-13,429284,133700.00,Check,Undeposited Funds,,0.00
Studio Pro- Eye,3,2020-10-13,Bank Deposit,10000.00,Bank Deposits,Undeposited Funds,,0.00
Studio Pro- Eye,3,2020-10-13,Bank Deposit,10000.00,Bank Deposits,Undeposited Funds,,0.00
Mrs. Aqeela Aboo (Paan Paan),AS008499,2020-10-13,CASH,4000.00,Cash,Undeposited Funds,,0.00
X Press Solutions (Mr Irfan),AS008441,2020-10-14,SETOFF,21600.00,SETOFF,Undeposited Funds,,0.00
techtron,AS008579,2020-10-14,002502,223200.00,Check,Undeposited Funds,,0.00
techtron,AS008587,2020-10-14,002514,51900.00,Check,Undeposited Funds,,0.00
TYAX (PVT)LTD,AS008538,2020-10-14,469008,57000.00,Check,Undeposited Funds,,0.00
DYN TECH ENTERPRISES,AS008549,2020-10-15,Bank Deposit,108600.00,Bank Deposits,Undeposited Funds,,0.00
Base Hp (Pvt) Ltd,AS008419,2020-10-15,812972,207200.00,Check,Undeposited Funds,,0.00
Tallees Advertising (Pvt)Ltd,AS006867,2020-10-16,626756,3450.00,Check,Undeposited Funds,,0.00
Tallees Advertising (Pvt)Ltd,AS007238,2020-10-16,626756,23000.00,Check,Undeposited Funds,,0.00
STATEMAN HATS (Pvt) LTD.,AS008512,2020-10-16,Bank Deposit,22000.00,Bank Deposits,Undeposited Funds,,0.00
STATEMAN HATS (Pvt) LTD.,AS008513,2020-10-16,Bank Deposit,3000.00,Bank Deposits,Undeposited Funds,,0.00
STATEMAN HATS (Pvt) LTD.,AS008514,2020-10-16,Bank Deposit,8000.00,Bank Deposits,Undeposited Funds,,0.00
STATEMAN HATS (Pvt) LTD.,AS008515,2020-10-16,Bank Deposit,75000.00,Bank Deposits,Undeposited Funds,,0.00
STATEMAN HATS (Pvt) LTD.,AS008520,2020-10-16,Bank Deposit,12500.00,Bank Deposits,Undeposited Funds,,0.00
STATEMAN HATS (Pvt) LTD.,AS008521,2020-10-16,Bank Deposit,30000.00,Bank Deposits,Undeposited Funds,,0.00
STATEMAN HATS (Pvt) LTD.,AS008522,2020-10-16,Bank Deposit,7200.00,Bank Deposits,Undeposited Funds,,0.00
STATEMAN HATS (Pvt) LTD.,AS008523,2020-10-16,Bank Deposit,5500.00,Bank Deposits,Undeposited Funds,,0.00
STATEMAN HATS (Pvt) LTD.,AS008528,2020-10-16,Bank Deposit,40000.00,Bank Deposits,Undeposited Funds,,0.00
STATEMAN HATS (Pvt) LTD.,AS008532,2020-10-16,Bank Deposit,40000.00,Bank Deposits,Undeposited Funds,,0.00
Kandy General Hospital,AS008390,2020-10-19,308084,784975.00,Check,Undeposited Funds,,0.00
Kandy General Hospital,AS007780,2020-10-19,308082,1468275.00,Check,Undeposited Funds,,0.00
LTL Transformers (Pvt) Ltd,AS008562,2020-10-21,446812,79750.00,Check,Undeposited Funds,,0.00
Triline Solutions (Pvt) Ltd,AS008535,2020-10-21,498221,18360.00,Check,Undeposited Funds,,0.00
Sysco Network Systems,AS008578,2020-10-23,039582,85800.00,Check,Undeposited Funds,,0.00
Prime Finance PLC,AS008581,2020-10-23,008083,128000.00,Check,Undeposited Funds,,0.00
STATEMAN HATS (Pvt) LTD.,AS008451,2020-10-26,003357 P2,27362.26,Check,Undeposited Funds,,0.00
STATEMAN HATS (Pvt) LTD.,AS008450,2020-10-26,003357 P1,29825.48,Check,Undeposited Funds,,0.00
Nekzone Business System,AS008609,2020-10-26,095946,43600.00,Check,Undeposited Funds,,0.00
Digital Post Services,AS008586,2020-10-26,Bank Deposit,58900.00,Bank Deposits,Undeposited Funds,,0.00
M S Technologies (Pvt) Ltd,AS008610,2020-10-28,497829,148900.00,Check,Undeposited Funds,,0.00
Asia Pacific Technology Systems (Pvt) Ltd,AS008555,2020-10-28,Bank Deposit,51842.00,Bank Deposits,Undeposited Funds,,0.00
Asia Pacific Technology Systems (Pvt) Ltd,AS008559,2020-10-28,Bank Deposit,125000.00,Bank Deposits,Undeposited Funds,,0.00
A & F Holdings ( Aasaf),AS008414,2020-10-28,CASH,11000.00,Cash,Undeposited Funds,,0.00
Embassy of The Republic of Indonesia,AS008624,2020-11-11,964590,255350.00,Check,Undeposited Funds,,0.00
STATEMAN HATS (Pvt) LTD.,AS008450,2020-11-12,Bank Deposit,57187.78,Cash,Undeposited Funds,,0.00
STATEMAN HATS (Pvt) LTD.,AS008542,2020-11-12,Bank Deposit,6000.00,Cash,Undeposited Funds,,0.00
STATEMAN HATS (Pvt) LTD.,AS008543,2020-11-12,Bank Deposit,3000.00,Cash,Undeposited Funds,,0.00
STATEMAN HATS (Pvt) LTD.,AS008544,2020-11-12,Bank Deposit,2500.00,Cash,Undeposited Funds,,0.00
STATEMAN HATS (Pvt) LTD.,AS008557,2020-11-12,Bank Deposit,5300.00,Cash,Undeposited Funds,,0.00
STATEMAN HATS (Pvt) LTD.,AS008558,2020-11-12,Bank Deposit,5000.00,Cash,Undeposited Funds,,0.00
STATEMAN HATS (Pvt) LTD.,AS008564,2020-11-12,Bank Deposit,8000.00,Cash,Undeposited Funds,,0.00
STATEMAN HATS (Pvt) LTD.,AS008565,2020-11-12,Bank Deposit,2999.97,Cash,Undeposited Funds,,0.00
STATEMAN HATS (Pvt) LTD.,AS008566,2020-11-12,Bank Deposit,22000.00,Cash,Undeposited Funds,,0.00
STATEMAN HATS (Pvt) LTD.,AS008572,2020-11-12,Bank Deposit,75000.00,Cash,Undeposited Funds,,0.00
STATEMAN HATS (Pvt) LTD.,AS008565,2020-11-12,Payment Write Off,0.03,Cash,Undeposited Funds,,0.00
Mr H.A.M. Ishara,AS008628,2020-11-14,CASH,177500.00,Cash,Undeposited Funds,,0.00
Rapidventure (Pvt) Ltd,AS008551,2020-11-16,671868 - Bank Deposi,9200.00,Bank Deposits,Undeposited Funds,,0.00
FT Soft (Pvt) Ltd,AS008606,2020-11-16,WT15942043,69880.00,Bank Deposits,Undeposited Funds,,0.00
Cey Container Service (Pvt) Ltd,AS008534,2020-11-17,029169,55000.00,Check,Undeposited Funds,,0.00
Kandy General Hospital,AS008390,2020-11-17,stamp,25.00,Cash,Undeposited Funds,,0.00
Kandy General Hospital,AS007780,2020-11-17,308176,2999975.00,Check,Undeposited Funds,,0.00
Kandy General Hospital,AS007780,2020-11-17,308348,1999975.00,Check,Undeposited Funds,,0.00
Kandy General Hospital,AS007780,2020-11-17,308511,2999975.00,Check,Undeposited Funds,,0.00
Kandy General Hospital,AS007780,2020-11-20,308597,2831325.00,Check,Undeposited Funds,,0.00
Kandy General Hospital,AS007780,2020-11-20,Stamp Duty,200.00,Cash,Undeposited Funds,,0.00
BlueChip Technical Services(Pvt)Ltd,AS008552,2020-11-20,554427,109296.00,Check,Undeposited Funds,,0.00
T & D Associates,AS008594,2020-11-24,Bank Deposit,91000.00,Bank Deposits,Undeposited Funds,,0.00
T & D Associates,AS008625,2020-11-24,Bank Deposit,26500.00,Bank Deposits,Undeposited Funds,,0.00
NextEn (Pvt) Ltd,AS008636,2020-11-25,903219,111500.00,Check,Undeposited Funds,,0.00
Haat Holdings (Pvt) Ltd,AS008455,2020-11-26,749758,100000.00,Check,Undeposited Funds,,0.00
Adapt Information Technologies (Pvt) Ltd,AS008608,2020-11-26,529102,228900.00,Check,Undeposited Funds,,0.00
Adapt Information Technologies (Pvt) Ltd,AS008637,2020-11-26,529112,87600.00,Check,Undeposited Funds,,0.00
Data Management Systems (Pvt) Limited,AS008596,2020-11-27,589718,1657907.97,Check,Undeposited Funds,,0.00
Mr.Yakub Ariff,AS008627,2020-11-30,Cash,18000.00,Cash,Undeposited Funds,,0.00
Mr.Yakub Ariff,AS008632,2020-11-30,Bank Deposit,16000.00,Bank Deposits,Undeposited Funds,,0.00
MACSON MESH,AS008479,2020-11-30,Bank Deposit,4500.00,Bank Deposits,Undeposited Funds,,0.00
D.Samson Industries (Pvt) Ltd,AS008406,2020-11-30,Bank Deposit,21500.00,Bank Deposits,Undeposited Funds,,0.00
Supervision Technology (Pvt) Ltd,AS008483,2020-11-30,Bank Deposit,115100.00,Bank Deposits,Undeposited Funds,,0.00
Supervision Technology (Pvt) Ltd,AS008584,2020-11-30,Bank Deposit,84900.00,Bank Deposits,Undeposited Funds,,0.00
Netcore Solutions,AS008647,2020-12-02,742977,23440.00,Check,Undeposited Funds,,0.00
Survey Department,AS008597,2020-12-02,077470,179975.00,Check,Undeposited Funds,,0.00
Survey Department,AS008597,2020-12-02,Stamp Duty,25.00,Cash,Undeposited Funds,,0.00
Mr. Nalim,AS008650,2020-12-02,598029,15000.00,Check,Undeposited Funds,,0.00
Mr. Nalim,AS008650,2020-12-02,598029,15000.00,Check,Undeposited Funds,,0.00
LANKA COMMODITY BROKERS LTD,AS008330,2020-12-03,Bank Deposit,9800.00,Bank Deposits,Undeposited Funds,,0.00
LANKA COMMODITY BROKERS LTD,AS008331,2020-12-03,Bank Deposit,5000.00,Bank Deposits,Undeposited Funds,,0.00
American Premium Water Systems (Pvt)Ltd,AS008654,2020-12-07,866552,72000.00,Check,Undeposited Funds,,0.00
KAMINSKI. C/o STATESMAN HATS (PVT) LTD.,AS008568,2020-12-09,003448,44780.00,Check,Undeposited Funds,,0.00
Softlogic IT,AS008575,2020-12-09,002280,118000.00,Check,Undeposited Funds,,0.00
Softlogic IT,AS008547,2020-12-09,002128,186200.00,Check,Undeposited Funds,,0.00
Base Hp (Pvt) Ltd,AS008600,2020-12-11,827567,310500.00,Check,Undeposited Funds,,0.00
Singer (Sri Lanka) PLC,AS008595,2020-12-11,102043,107568.00,Check,Undeposited Funds,,0.00
Gennext (Pvt)Ltd,AS008607,2020-12-11,681751,115600.00,Check,Undeposited Funds,,0.00
Rapidventure (Pvt) Ltd,AS008580,2020-12-14,683020,31300.00,Check,Undeposited Funds,,0.00
Paan Paan,AS008573,2020-12-16,031806,2000.00,Check,Undeposited Funds,,0.00
Paan Paan,AS008574,2020-12-16,031806,2000.00,Check,Undeposited Funds,,0.00
Studio Lakdam,AS008227,2020-12-16,319973,50000.00,Check,Undeposited Funds,,0.00
Avian,AS008461,2020-12-16,711284,78700.00,Check,Undeposited Funds,,0.00
Satecro Technologies,AS008510,2020-12-16,Bank,10000.00,Bank Deposits,Undeposited Funds,,0.00
Haleys Business solution (Pvt) Ltd,AS008588,2020-12-17,864945,151500.00,Check,Undeposited Funds,Installation Charges Return by Cash,0.00
STATEMAN HATS (Pvt) LTD.,AS008602,2020-12-17,Bank Deposit,1650.00,Bank Deposits,Undeposited Funds,,0.00
STATEMAN HATS (Pvt) LTD.,AS008603,2020-12-17,Bank Deposit,900.00,Bank Deposits,Undeposited Funds,,0.00
STATEMAN HATS (Pvt) LTD.,AS008604,2020-12-17,Bank Deposit,1700.00,Bank Deposits,Undeposited Funds,,0.00
STATEMAN HATS (Pvt) LTD.,AS008605,2020-12-17,Bank Deposit,14750.00,Bank Deposits,Undeposited Funds,,0.00
STATEMAN HATS (Pvt) LTD.,AS008634,2020-12-17,Bank Deposit,70500.00,Bank Deposits,Undeposited Funds,,0.00
STATEMAN HATS (Pvt) LTD.,AS008635,2020-12-17,Bank Deposit,22500.00,Bank Deposits,Undeposited Funds,,0.00
STATEMAN HATS (Pvt) LTD.,AS008646,2020-12-17,Bank Deposit,10500.00,Bank Deposits,Undeposited Funds,,0.00
STATEMAN HATS (Pvt) LTD.,AS008651,2020-12-17,Bank Deposit,20000.00,Bank Deposits,Undeposited Funds,,0.00
Kandy General Hospital,AS008524,2020-12-18,309050,884975.00,Check,Undeposited Funds,,0.00
Kandy General Hospital,AS008524,2020-12-18,Stamp,25.00,SETOFF,Undeposited Funds,,0.00
STATEMAN HATS (Pvt) LTD.,AS008633,2020-12-22,Bank Deposit,452500.00,Bank Deposits,Undeposited Funds,,0.00
Barclays Computers (Pvt) Ltd,AS008583,2020-12-22,SETOFF From Purchase,196077.70,SETOFF,Undeposited Funds,,0.00
R.P. Systems,AS008666,2020-12-23,154008,128900.00,Check,Undeposited Funds,,0.00
Avian,AS008475,2020-12-23,714597,134500.00,Check,Undeposited Funds,,0.00
CHINT Energy (Pvt) ltd,AS008519,2020-12-23,260108,9275.00,Check,Undeposited Funds,,0.00
CHINT Energy (Pvt) ltd,AS008488,2020-12-23,260107,30000.00,Check,Undeposited Funds,,0.00
ITX360 (Pvt)Ltd,AS008593,2020-12-24,001381,463400.00,Check,Undeposited Funds,,0.00
United Nations Development Programme,AS008668,2020-12-24,Bank,116700.00,Bank Deposits,Undeposited Funds,,0.00
Mrs. Aqeela Aboo (Paan Paan),AS008684,2020-12-31,CASH,3000.00,Cash,Undeposited Funds,,0.00
Firefist insurance Limited,AS008592,2021-01-05,Bank Deposit,220348.00,Bank Deposits,Undeposited Funds,Confirm on 04/01/2021 by Mr.Shaheer,0.00
Avian,AS008494,2021-01-06,714598,173800.00,Check,Undeposited Funds,,0.00
Avian,AS008494,2021-01-06,714602,173800.00,Check,Undeposited Funds,,0.00
Regency Teas (Pvt) Ltd,AS008629,2021-01-06,723233,58000.00,Check,Undeposited Funds,,0.00
Kandy General Hospital,AS008686,2021-01-06,Cash Given,10000.00,Bank Deposits,Undeposited Funds,Deposited by Daminda,0.00
Kandy General Hospital,AS008687,2021-01-06,Cash Given,10000.00,Bank Deposits,Undeposited Funds,Deposited by Daminda,0.00
Abeygunawardene Associates (PVT) Ltd,AS008692,2021-01-11,455249,136000.00,Check,Undeposited Funds,,0.00
SkyNet Solutions & Co,,2021-01-11,266786,142300.00,Check,Undeposited Funds,,142300.00
LANKA COMMODITY BROKERS LTD,AS008517,2021-01-13,504659,9800.00,Check,Undeposited Funds,,0.00
LANKA COMMODITY BROKERS LTD,AS008518,2021-01-13,504659,5000.00,Check,Undeposited Funds,,0.00
LANKA COMMODITY BROKERS LTD,AS008569,2021-01-13,504659,5000.00,Check,Undeposited Funds,,0.00
LANKA COMMODITY BROKERS LTD,AS008570,2021-01-13,504659,9800.00,Check,Undeposited Funds,,0.00
Survey Department,AS008671,2021-01-18,096839,21000.00,Check,Undeposited Funds,,0.00
STATEMAN HATS (Pvt) LTD.,AS008471,2021-01-18,Bank Deposit,5280.00,Bank Deposits,Undeposited Funds,Voucher No-STH24728,0.00
STATEMAN HATS (Pvt) LTD.,AS008511,2021-01-18,Bank Deposit,5280.00,Bank Deposits,Undeposited Funds,Voucher No-STH24728,0.00
STATEMAN HATS (Pvt) LTD.,AS008567,2021-01-18,Bank Deposit,5280.00,Bank Deposits,Undeposited Funds,Voucher No-STH24728,0.00
STATEMAN HATS (Pvt) LTD.,AS008611,2021-01-18,Bank Deposit,75000.00,Bank Deposits,Undeposited Funds,Voucher No-STH24728,0.00
STATEMAN HATS (Pvt) LTD.,AS008612,2021-01-18,Bank Deposit,5280.00,Bank Deposits,Undeposited Funds,Voucher No-STH24728,0.00
STATEMAN HATS (Pvt) LTD.,AS008613,2021-01-18,Bank Deposit,22000.00,Bank Deposits,Undeposited Funds,Voucher No-STH24728,0.00
STATEMAN HATS (Pvt) LTD.,AS008614,2021-01-18,Bank Deposit,3000.00,Bank Deposits,Undeposited Funds,Voucher No-STH24728,0.00
STATEMAN HATS (Pvt) LTD.,AS008615,2021-01-18,Bank Deposit,8000.00,Bank Deposits,Undeposited Funds,Voucher No-STH24728,0.00
STATEMAN HATS (Pvt) LTD.,AS008638,2021-01-18,Bank Deposit,8000.00,Bank Deposits,Undeposited Funds,Voucher No-STH24728,0.00
STATEMAN HATS (Pvt) LTD.,AS008639,2021-01-18,Bank Deposit,3000.00,Bank Deposits,Undeposited Funds,Voucher No-STH24728,0.00
STATEMAN HATS (Pvt) LTD.,AS008640,2021-01-18,Bank Deposit,22000.00,Bank Deposits,Undeposited Funds,Voucher No-STH24728,0.00
STATEMAN HATS (Pvt) LTD.,AS008641,2021-01-18,Bank Deposit,75000.00,Bank Deposits,Undeposited Funds,Voucher No-STH24728,0.00
STATEMAN HATS (Pvt) LTD.,AS008655,2021-01-18,Bank Deposit,10000.00,Bank Deposits,Undeposited Funds,Voucher No-STH24728,0.00
STATEMAN HATS (Pvt) LTD.,AS008656,2021-01-18,Bank Deposit,13500.00,Bank Deposits,Undeposited Funds,Voucher No-STH24728,0.00
STATEMAN HATS (Pvt) LTD.,AS008659,2021-01-18,Bank Deposit,94000.00,Bank Deposits,Undeposited Funds,Voucher No-STH24728,0.00
STATEMAN HATS (Pvt) LTD.,AS008660,2021-01-18,Bank Deposit,57500.00,Bank Deposits,Undeposited Funds,Voucher No-STH24728,0.00
Base Hp (Pvt) Ltd,AS008622,2021-01-19,827712,357300.00,Check,Undeposited Funds,,0.00
techtron,AS008657,2021-01-19,019410,96500.00,Check,Undeposited Funds,,0.00
Studio I Max,AS008489,2021-01-19,Bank Deposit,15000.00,Bank Deposits,Undeposited Funds,,0.00
Athee,AS008710,2021-01-22,Card Payment,27000.00,Visa,Undeposited Funds,,0.00
Mrs. Aqeela Aboo (Paan Paan),AS008712,2021-01-25,CASH,4000.00,Cash,Undeposited Funds,,0.00
Synergy Ventures,AS008165,2021-01-26,229366,5400.00,Check,Undeposited Funds,C,0.00
CHINT Energy (Pvt) ltd,AS008318,2021-01-26,271323,40451.00,Check,Undeposited Funds,,0.00
CHINT Energy (Pvt) ltd,AS008470,2021-01-26,271323,9342.50,Check,Undeposited Funds,,0.00
CHINT Energy (Pvt) ltd,AS008487,2021-01-26,271323,37000.00,Check,Undeposited Funds,,0.00
CHINT Energy (Pvt) ltd,AS008571,2021-01-26,271323,9253.00,Check,Undeposited Funds,,0.00
CHINT Energy (Pvt) ltd,AS008618,2021-01-26,271323,9253.00,Check,Undeposited Funds,,0.00
CHINT Energy (Pvt) ltd,AS008648,2021-01-26,271323,1300.00,Check,Undeposited Funds,,0.00
Fazaal Ceramics,AS008690,2021-01-27,Bank Deposit,500000.00,Bank Deposits,Undeposited Funds,,0.00
CHINT Energy (Pvt) ltd,AS008598,2021-01-27,271354,19000.00,Check,Undeposited Funds,,0.00
Advance Network Technologies (Pvt)Ltd,AS008652,2021-01-29,Bank Deposit,43200.00,Bank Deposits,Undeposited Funds,,0.00
Supervision Technology (Pvt) Ltd,AS008584,2021-01-29,Bank Deposit,150000.00,Bank Deposits,Undeposited Funds,,0.00
STATEMAN HATS (Pvt) LTD.,AS008195,2021-01-29,Bank Deposit,126360.00,Bank Deposits,Undeposited Funds,,0.00
STATEMAN HATS (Pvt) LTD.,AS008418,2021-01-29,Bank Deposit,51840.00,Bank Deposits,Undeposited Funds,,0.00
STATEMAN HATS (Pvt) LTD.,AS008661,2021-01-29,Bank Deposit,94000.00,Bank Deposits,Undeposited Funds,,0.00
STATEMAN HATS (Pvt) LTD.,AS008695,2021-01-29,Bank Deposit,240000.00,Bank Deposits,Undeposited Funds,,0.00
STATEMAN HATS (Pvt) LTD.,AS008696,2021-01-29,Bank Deposit,220500.00,Bank Deposits,Undeposited Funds,,0.00
STATEMAN HATS (Pvt) LTD.,AS008715,2021-01-29,Bank Deposit,460200.00,Bank Deposits,Undeposited Funds,,0.00
Fineline Technology,AS008728,2021-01-30,002463,27000.00,Check,Undeposited Funds,,0.00
Open Systems Integrators,AS008733,2021-02-02,514553,50000.00,Check,Undeposited Funds,,0.00
Sumathi Information Technologies,AS008631,2021-02-03,912106,648725.00,Check,Undeposited Funds,,0.00
MUSLIM AID,AS008682,2021-02-03,988807,15000.00,Check,Undeposited Funds,,0.00
MUSLIM AID,AS008683,2021-02-03,988808,33350.00,Check,Undeposited Funds,,0.00
MUSLIM AID,AS008683,2021-02-03,955825,10350.00,Check,Undeposited Funds,,0.00
MUSLIM AID,AS008683,2021-02-03,831613,8050.00,Check,Undeposited Funds,,0.00
LANKA MOUNT CASTLE (PVT) LTD,AS008417,2021-02-03,Bank,51840.00,Bank Deposits,Undeposited Funds,,0.00
Information Technologies & Enterprise Sol,AS007512,2021-02-08,Bank Deposit,1000.00,Bank Deposits,Undeposited Funds,,0.00
Kandy General Hospital,AS008697,2021-02-08,CASH,10000.00,Cash,Undeposited Funds,,0.00
Supervision Technology (Pvt) Ltd,AS008584,2021-02-09,828293,150000.00,Check,Undeposited Funds,,0.00
LK Domain Registry,AS008735,2021-02-09,710420,326550.00,Check,Undeposited Funds,,0.00
Studio I Max,AS008489,2021-02-10,Cash,17000.00,Cash,Undeposited Funds,,0.00
Base Hp (Pvt) Ltd,AS008623,2021-02-11,818862,99000.00,Check,Undeposited Funds,,0.00
Base Hp (Pvt) Ltd,AS008662,2021-02-11,827831,576600.00,Check,Undeposited Funds,,0.00
Base Hp (Pvt) Ltd,AS008663,2021-02-11,827831,13000.00,Check,Undeposited Funds,,0.00
Mr. Pavithra Jayasundara,AS008741,2021-02-11,Card Payment,35000.00,Visa,Undeposited Funds,,0.00
Mr. Pavithra Jayasundara,AS008741,2021-02-11,Cash,100000.00,Cash,Undeposited Funds,,0.00
STATEMAN HATS (Pvt) LTD.,AS008669,2021-02-11,Bank Deposit,3000.00,Bank Deposits,Undeposited Funds,,0.00
STATEMAN HATS (Pvt) LTD.,AS008670,2021-02-11,Bank Deposit,5200.00,Bank Deposits,Undeposited Funds,,0.00
STATEMAN HATS (Pvt) LTD.,AS008674,2021-02-11,Bank Deposit,8000.00,Bank Deposits,Undeposited Funds,,0.00
STATEMAN HATS (Pvt) LTD.,AS008675,2021-02-11,Bank Deposit,3000.00,Bank Deposits,Undeposited Funds,,0.00
STATEMAN HATS (Pvt) LTD.,AS008676,2021-02-11,Bank Deposit,22000.00,Bank Deposits,Undeposited Funds,,0.00
STATEMAN HATS (Pvt) LTD.,AS008677,2021-02-11,Bank Deposit,75000.00,Bank Deposits,Undeposited Funds,,0.00
STATEMAN HATS (Pvt) LTD.,AS008694,2021-02-11,Bank Deposit,35500.00,Bank Deposits,Undeposited Funds,,0.00
STATEMAN HATS (Pvt) LTD.,AS008706,2021-02-11,Bank Deposit,71000.00,Bank Deposits,Undeposited Funds,,0.00
Mr. Azari Cader,AS008746,2021-02-15,CASH,8000.00,Cash,Undeposited Funds,,0.00
CeyNet Software Solutions (Pvt) Ltd,AS008748,2021-02-15,CASH,33500.00,Cash,Undeposited Funds,,0.00
Tech Solution Network,AS008750,2021-02-16,Cash,68500.00,Cash,Undeposited Funds,,0.00
ICC Inernational Construction Consortium,AS008589,2021-02-17,040924,7500.00,Check,Undeposited Funds,,0.00
ICC Inernational Construction Consortium,AS008601,2021-02-17,040924,2500.00,Check,Undeposited Funds,,0.00
ICC Inernational Construction Consortium,AS008630,2021-02-17,041258,7500.00,Check,Undeposited Funds,,0.00
The Computer Center (pvt) Ltd,AS008727,2021-02-17,340648,30000.00,Check,Undeposited Funds,,0.00
The Computer Center (pvt) Ltd,AS008713,2021-02-17,340613,192000.00,Check,Undeposited Funds,,0.00
The Computer Center (pvt) Ltd,AS008714,2021-02-17,340613,35000.00,Check,Undeposited Funds,,0.00
Avian,AS008545,2021-02-18,Bank Deposit,7500.00,Bank Deposits,Undeposited Funds,,0.00
Avian,AS008546,2021-02-18,Bank Deposit,7500.00,Bank Deposits,Undeposited Funds,,0.00
Avian,AS008556,2021-02-18,Bank Deposit,29000.00,Bank Deposits,Undeposited Funds,,0.00
Haat Holdings (Pvt) Ltd,AS008455,2021-02-23,Bank Deposit,14925.00,Bank Deposits,Undeposited Funds,,0.00
Haat Holdings (Pvt) Ltd,AS008456,2021-02-23,Bank Deposit,85075.00,Bank Deposits,Undeposited Funds,,0.00
Haat Holdings (Pvt) Ltd,AS008477,2021-02-23,Bank Deposit,335500.00,Bank Deposits,Undeposited Funds,,0.00
ADZ Insurance Brokers(Pvt) Ltd,AS008812,2021-02-23,519257,22100.00,Check,Undeposited Funds,,0.00
Avian,AS008503,2021-03-02,714694,173600.00,Check,Undeposited Funds,,0.00
Electro Net,AS008709,2021-03-05,000043,15000.00,Check,Undeposited Funds,,0.00
Share Colombo Services,AS008780,2021-03-05,685464,2000.00,Check,Undeposited Funds,,0.00
LK Domain Registry,AS008757,2021-03-05,024872,19040.00,Check,Undeposited Funds,,0.00
LK Domain Registry,AS008735,2021-03-05,020857,326550.00,Check,Undeposited Funds,,0.00
IT Xpert Distribution,AS008785,2021-03-09,Cash,147000.00,Check,Undeposited Funds,,0.00
FT Soft (Pvt) Ltd,AS008732,2021-03-09,659862,405000.00,Check,Undeposited Funds,,0.00
Base Hp (Pvt) Ltd,AS008665,2021-03-09,827884,252000.00,Check,Undeposited Funds,,0.00
Supervision Technology (Pvt) Ltd,AS008584,2021-03-10,Bank Deposit,98100.00,Bank Deposits,Undeposited Funds,,0.00
Avian,AS008503,2021-03-10,714695,173600.00,Check,Undeposited Funds,,0.00
SUDARSHANA SENADHEERA ARCHITECTS,AS008803,2021-03-12,Bank,24000.00,Bank Deposits,Undeposited Funds,,0.00
Peramuna Communication,AS008791,2021-03-15,CASH,37000.00,Cash,Undeposited Funds,,0.00
Crayon Software Lanka (Private) Ltd,AS008685,2021-03-16,Bank Deposit,1405000.00,Bank Deposits,Undeposited Funds,,0.00
Fazaal Ceramics,AS008698,2021-03-16,737970,114000.00,Check,Undeposited Funds,,0.00
Fazaal Ceramics,AS008699,2021-03-16,737970,114000.00,Check,Undeposited Funds,,0.00
International Organization for Migration,AS008753,2021-03-16,Bank,240200.00,Bank Deposits,Undeposited Funds,,0.00
ITs24x7,AS008795,2021-03-16,Bank,176000.00,Bank Deposits,Undeposited Funds,,0.00
STATEMAN HATS (Pvt) LTD.,AS008707,2021-03-16,Bank STH25125,6500.00,Bank Deposits,Undeposited Funds,,0.00
STATEMAN HATS (Pvt) LTD.,AS008708,2021-03-16,Bank STH25125,14500.00,Bank Deposits,Undeposited Funds,,0.00
STATEMAN HATS (Pvt) LTD.,AS008716,2021-03-16,Bank STH25125,8000.00,Bank Deposits,Undeposited Funds,,0.00
STATEMAN HATS (Pvt) LTD.,AS008717,2021-03-16,Bank STH25125,3000.00,Bank Deposits,Undeposited Funds,,0.00
STATEMAN HATS (Pvt) LTD.,AS008718,2021-03-16,Bank STH25125,22000.00,Bank Deposits,Undeposited Funds,,0.00
STATEMAN HATS (Pvt) LTD.,AS008719,2021-03-16,Bank STH25125,75000.00,Bank Deposits,Undeposited Funds,,0.00
STATEMAN HATS (Pvt) LTD.,AS008742,2021-03-16,Bank STH25125,17000.00,Bank Deposits,Undeposited Funds,,0.00
STATEMAN HATS (Pvt) LTD.,AS008743,2021-03-16,Bank STH25125,74000.00,Bank Deposits,Undeposited Funds,,0.00
STATEMAN HATS (Pvt) LTD.,AS008744,2021-03-16,Bank STH25125,3000.00,Bank Deposits,Undeposited Funds,,0.00
STATEMAN HATS (Pvt) LTD.,AS008783,2021-03-16,Bank STH25125,220000.00,Bank Deposits,Undeposited Funds,,0.00
STATEMAN HATS (Pvt) LTD.,AS008787,2021-03-16,Bank STH25125,110000.00,Bank Deposits,Undeposited Funds,,0.00
LANKA COMMODITY BROKERS LTD,AS008642,2021-03-17,513359,5000.00,Check,Undeposited Funds,,0.00
LANKA COMMODITY BROKERS LTD,AS008643,2021-03-17,513359,9800.00,Check,Undeposited Funds,,0.00
LANKA COMMODITY BROKERS LTD,AS008678,2021-03-17,513359,9800.00,Check,Undeposited Funds,,0.00
LANKA COMMODITY BROKERS LTD,AS008679,2021-03-17,513359,5000.00,Check,Undeposited Funds,,0.00
LANKA COMMODITY BROKERS LTD,AS008720,2021-03-17,513310,9800.00,Check,Undeposited Funds,,0.00
LANKA COMMODITY BROKERS LTD,AS008721,2021-03-17,513310,5000.00,Check,Undeposited Funds,,0.00
Mr Saman,AS008797,2021-03-17,CASH,33000.00,Cash,Undeposited Funds,,0.00
Paan Paan,AS008723,2021-03-17,296225,2000.00,Check,Undeposited Funds,,0.00
Paan Paan,AS008724,2021-03-17,296225,2000.00,Check,Undeposited Funds,,0.00
The Computer Center (pvt) Ltd,AS008740,2021-03-17,340672,60000.00,Check,Undeposited Funds,,0.00
MACSON MESH,AS008480,2021-03-17,,22500.00,Check,Undeposited Funds,,0.00
MACSON MESH,AS008691,2021-03-17,,12500.00,Check,Undeposited Funds,,0.00
STATEMAN HATS (Pvt) LTD.,AS008726,2021-03-18,Bank Deposit,376140.60,Bank Deposits,Undeposited Funds,,0.00
Mr. Nishantha Amunugama,AS008805,2021-03-19,CARD Payment,95000.00,Visa,Undeposited Funds,,0.00
Mr. Nishantha Amunugama,AS008805,2021-03-19,CASH,75000.00,Cash,Undeposited Funds,,0.00
Avian,AS008503,2021-03-19,728951,173600.00,Check,Undeposited Funds,,0.00
Studio Lakdam,AS008227,2021-03-22,562439,50000.00,Check,Undeposited Funds,,0.00
Studio Lakdam,AS008227,2021-03-22,562440,54000.00,Check,Undeposited Funds,,0.00
Vixva IT Solutions,AS008807,2021-03-22,Bank Deposit,36000.00,Bank Deposits,Undeposited Funds,,0.00
Open Systems Integrators,AS008796,2021-03-23,547398,209583.00,Check,Undeposited Funds,,0.00
Isuru Udayanga.,AS008809,2021-03-24,Bank Deposit,101000.00,Bank Deposits,Undeposited Funds,,0.00
Optimal Solutions.,AS008811,2021-03-25,Bank Deposit,231377.00,Bank Deposits,Undeposited Funds,,0.00
techtron,AS008725,2021-03-26,029799,36000.00,Check,Undeposited Funds,,0.00
techtron,AS008792,2021-03-26,050769,261000.00,Check,Undeposited Funds,,0.00
techtron,AS008752,2021-03-26,045085,182500.00,Check,Undeposited Funds,,0.00
Incotech Lanka (PVT) Ltd.,AS008779,2021-03-26,CASH,51500.00,Cash,Undeposited Funds,,0.00
Base Hp (Pvt) Ltd,AS008711,2021-03-30,837502,41000.00,Check,Undeposited Funds,,0.00
Base Hp (Pvt) Ltd,AS008739,2021-03-30,837502,45000.00,Check,Undeposited Funds,,0.00
Base Hp (Pvt) Ltd,AS008751,2021-03-30,837531,280000.00,Check,Undeposited Funds,,0.00
Ceylinco General Insurance Limited,AS008755,2021-03-30,371228,119400.00,Check,Undeposited Funds,,0.00
Fazaal Ceramics,AS008690,2021-03-31,738000,533200.00,Check,Undeposited Funds,,0.00
Avian,AS008503,2021-03-31,728952,173600.00,Check,Undeposited Funds,,0.00
Richard Pieris Finance Limited,AS008736,2021-04-01,043997,116600.00,Check,Undeposited Funds,,0.00
KTeK Networks (Pvt) Ltd,AS008786,2021-04-02,Bank Deposit,555400.00,Bank Deposits,Undeposited Funds,,0.00
Phoenix Ogilvy (Pvt) Ltd,AS008793,2021-04-07,749841,223480.00,Check,Undeposited Funds,,0.00
CHINT Energy (Pvt) ltd,AS008703,2021-04-07,279698,36000.00,Check,Undeposited Funds,,0.00
CHINT Energy (Pvt) ltd,AS008704,2021-04-07,279698,36000.00,Check,Undeposited Funds,,0.00
CHINT Energy (Pvt) ltd,AS008722,2021-04-07,279698,9477.50,Check,Undeposited Funds,,0.00
CHINT Energy (Pvt) ltd,AS008767,2021-04-07,279698,9477.50,Check,Undeposited Funds,,0.00
CHINT Energy (Pvt) ltd,AS008319,2021-04-07,279697,9342.50,Check,Undeposited Funds,,0.00
CHINT Energy (Pvt) ltd,AS008357,2021-04-07,279697,20800.00,Check,Undeposited Funds,,0.00
CHINT Energy (Pvt) ltd,AS008375,2021-04-07,279697,9342.50,Check,Undeposited Funds,,0.00
CHINT Energy (Pvt) ltd,AS008376,2021-04-07,279697,9342.50,Check,Undeposited Funds,,0.00
CHINT Energy (Pvt) ltd,AS008415,2021-04-07,279697,1500.00,Check,Undeposited Funds,,0.00
CHINT Energy (Pvt) ltd,AS008644,2021-04-07,279697,9253.00,Check,Undeposited Funds,,0.00
techtron,AS008806,2021-04-07,050800,366000.00,Check,Undeposited Funds,,0.00
techtron,AS008813,2021-04-07,050800,48000.00,Check,Undeposited Funds,,0.00
techtron,AS008819,2021-04-07,050824,87500.00,Check,Undeposited Funds,,0.00
techtron,AS008830,2021-04-07,050824,87000.00,Check,Undeposited Funds,,0.00
ICC Inernational Construction Consortium,AS008760,2021-04-07,567630,47550.00,Check,Undeposited Funds,,0.00
Elegant Knitting International,AS008789,2021-04-08,Bank Deposit,528250.00,Check,Undeposited Funds,,0.00
Elegant Knitting International,AS008790,2021-04-08,Bank Deposit,117500.00,Check,Undeposited Funds,,0.00
Adapt Information Technologies (Pvt) Ltd,AS008756,2021-04-10,Bank Deposits,63000.00,Bank Deposits,Undeposited Funds,,0.00
Adapt Information Technologies (Pvt) Ltd,AS008777,2021-04-10,Bank Deposits,146000.00,Bank Deposits,Undeposited Funds,,0.00
STATEMAN HATS (Pvt) LTD.,AS008761,2021-04-10,Bank Deposit,8000.00,Bank Deposits,Undeposited Funds,,0.00
STATEMAN HATS (Pvt) LTD.,AS008762,2021-04-10,Bank Deposit,3000.00,Bank Deposits,Undeposited Funds,,0.00
STATEMAN HATS (Pvt) LTD.,AS008763,2021-04-10,Bank Deposit,22000.00,Bank Deposits,Undeposited Funds,,0.00
STATEMAN HATS (Pvt) LTD.,AS008764,2021-04-10,Bank Deposit,75000.00,Bank Deposits,Undeposited Funds,,0.00
STATEMAN HATS (Pvt) LTD.,AS008798,2021-04-10,Bank Deposit,131000.00,Bank Deposits,Undeposited Funds,,0.00
Avian,AS008837,2021-04-16,729522,404000.00,Check,Undeposited Funds,,0.00
EFL Headquarters (Pvt) Ltd,AS008832,2021-04-16,Bank Deposit,64000.00,Bank Deposits,Undeposited Funds,,0.00
Mr Elsworth Michael Jansz,AS008839,2021-04-20,CASH,253500.00,Cash,Undeposited Funds,,0.00
Supervision Technology (Pvt) Ltd,AS008672,2021-04-20,Bank Deposit,72000.00,Bank Deposits,Undeposited Funds,,0.00
STATEMAN HATS (Pvt) LTD.,AS004338,2021-04-20,OLD Invoices,15900.00,SETOFF,Undeposited Funds,All Paid 50%,0.00
STATEMAN HATS (Pvt) LTD.,AS004372,2021-04-20,OLD Invoices,2000.00,SETOFF,Undeposited Funds,All Paid 50%,0.00
STATEMAN HATS (Pvt) LTD.,AS004412,2021-04-20,OLD Invoices,22400.00,SETOFF,Undeposited Funds,All Paid 50%,0.00
STATEMAN HATS (Pvt) LTD.,AS004450,2021-04-20,OLD Invoices,8120.00,SETOFF,Undeposited Funds,All Paid 50%,0.00
STATEMAN HATS (Pvt) LTD.,AS004644,2021-04-20,OLD Invoices,5880.00,SETOFF,Undeposited Funds,All Paid 50%,0.00
STATEMAN HATS (Pvt) LTD.,AS004798,2021-04-20,OLD Invoices,5376.00,SETOFF,Undeposited Funds,All Paid 50%,0.00
STATEMAN HATS (Pvt) LTD.,AS004944,2021-04-20,OLD Invoices,2800.00,SETOFF,Undeposited Funds,All Paid 50%,0.00
STATEMAN HATS (Pvt) LTD.,AS004987,2021-04-20,OLD Invoices,1120.00,SETOFF,Undeposited Funds,All Paid 50%,0.00
STATEMAN HATS (Pvt) LTD.,AS004989,2021-04-20,OLD Invoices,2800.00,SETOFF,Undeposited Funds,All Paid 50%,0.00
STATEMAN HATS (Pvt) LTD.,AS004996,2021-04-20,OLD Invoices,4480.00,SETOFF,Undeposited Funds,All Paid 50%,0.00
STATEMAN HATS (Pvt) LTD.,AS005500,2021-04-20,OLD Invoices,31293.00,SETOFF,Undeposited Funds,All Paid 50%,0.00
STATEMAN HATS (Pvt) LTD.,AS005501,2021-04-20,OLD Invoices,31293.00,SETOFF,Undeposited Funds,All Paid 50%,0.00
STATEMAN HATS (Pvt) LTD.,AS005533,2021-04-20,OLD Invoices,10500.00,SETOFF,Undeposited Funds,All Paid 50%,0.00
STATEMAN HATS (Pvt) LTD.,AS005574,2021-04-20,OLD Invoices,4000.00,SETOFF,Undeposited Funds,All Paid 50%,0.00
STATEMAN HATS (Pvt) LTD.,AS005575,2021-04-20,OLD Invoices,6000.00,SETOFF,Undeposited Funds,All Paid 50%,0.00
STATEMAN HATS (Pvt) LTD.,AS005576,2021-04-20,OLD Invoices,4000.00,SETOFF,Undeposited Funds,All Paid 50%,0.00
STATEMAN HATS (Pvt) LTD.,AS005645,2021-04-20,OLD Invoices,4000.00,SETOFF,Undeposited Funds,All Paid 50%,0.00
STATEMAN HATS (Pvt) LTD.,AS005694,2021-04-20,OLD Invoices,1500.00,SETOFF,Undeposited Funds,All Paid 50%,0.00
STATEMAN HATS (Pvt) LTD.,AS005714,2021-04-20,OLD Invoices,17200.00,SETOFF,Undeposited Funds,All Paid 50%,0.00
STATEMAN HATS (Pvt) LTD.,AS005850,2021-04-20,OLD Invoices,3000.00,SETOFF,Undeposited Funds,All Paid 50%,0.00
STATEMAN HATS (Pvt) LTD.,AS005851,2021-04-20,OLD Invoices,4000.00,SETOFF,Undeposited Funds,All Paid 50%,0.00
STATEMAN HATS (Pvt) LTD.,AS005886,2021-04-20,OLD Invoices,36990.00,SETOFF,Undeposited Funds,All Paid 50%,0.00
STATEMAN HATS (Pvt) LTD.,AS005896,2021-04-20,OLD Invoices,1000.00,SETOFF,Undeposited Funds,All Paid 50%,0.00
STATEMAN HATS (Pvt) LTD.,AS005899,2021-04-20,OLD Invoices,2250.00,SETOFF,Undeposited Funds,All Paid 50%,0.00
STATEMAN HATS (Pvt) LTD.,AS005900,2021-04-20,OLD Invoices,3000.00,SETOFF,Undeposited Funds,All Paid 50%,0.00
STATEMAN HATS (Pvt) LTD.,AS005996,2021-04-20,OLD Invoices,2000.00,SETOFF,Undeposited Funds,All Paid 50%,0.00
STATEMAN HATS (Pvt) LTD.,AS006000,2021-04-20,OLD Invoices,2000.00,SETOFF,Undeposited Funds,All Paid 50%,0.00
STATEMAN HATS (Pvt) LTD.,AS006003,2021-04-20,OLD Invoices,5000.00,SETOFF,Undeposited Funds,All Paid 50%,0.00
STATEMAN HATS (Pvt) LTD.,AS006004,2021-04-20,OLD Invoices,6000.00,SETOFF,Undeposited Funds,All Paid 50%,0.00
STATEMAN HATS (Pvt) LTD.,AS006006,2021-04-20,OLD Invoices,3000.00,SETOFF,Undeposited Funds,All Paid 50%,0.00
STATEMAN HATS (Pvt) LTD.,AS006007,2021-04-20,OLD Invoices,3000.00,SETOFF,Undeposited Funds,All Paid 50%,0.00
STATEMAN HATS (Pvt) LTD.,AS006009,2021-04-20,OLD Invoices,13500.00,SETOFF,Undeposited Funds,All Paid 50%,0.00
STATEMAN HATS (Pvt) LTD.,AS006040,2021-04-20,OLD Invoices,1000.00,SETOFF,Undeposited Funds,All Paid 50%,0.00
STATEMAN HATS (Pvt) LTD.,AS006063,2021-04-20,OLD Invoices,3000.00,SETOFF,Undeposited Funds,All Paid 50%,0.00
STATEMAN HATS (Pvt) LTD.,AS006065,2021-04-20,OLD Invoices,6000.00,SETOFF,Undeposited Funds,All Paid 50%,0.00
STATEMAN HATS (Pvt) LTD.,AS006142,2021-04-20,OLD Invoices,3500.00,SETOFF,Undeposited Funds,All Paid 50%,0.00
STATEMAN HATS (Pvt) LTD.,AS006169,2021-04-20,OLD Invoices,4000.00,SETOFF,Undeposited Funds,All Paid 50%,0.00
STATEMAN HATS (Pvt) LTD.,AS006170,2021-04-20,OLD Invoices,1000.00,SETOFF,Undeposited Funds,All Paid 50%,0.00
STATEMAN HATS (Pvt) LTD.,AS006281,2021-04-20,OLD Invoices,4500.00,SETOFF,Undeposited Funds,All Paid 50%,0.00
STATEMAN HATS (Pvt) LTD.,AS006893,2021-04-20,OLD Invoices,29450.00,SETOFF,Undeposited Funds,All Paid 50%,0.00
STATEMAN HATS (Pvt) LTD.,AS006894,2021-04-20,OLD Invoices,44850.00,SETOFF,Undeposited Funds,All Paid 50%,0.00
STATEMAN HATS (Pvt) LTD.,AS006969,2021-04-20,OLD Invoices,10250.00,SETOFF,Undeposited Funds,All Paid 50%,0.00
Jon Trepte,AS008844,2021-04-21,Bank,132200.00,Bank Deposits,Undeposited Funds,,0.00
LANKA COMMODITY BROKERS LTD,AS008845,2021-04-22,,4000.00,Check,Undeposited Funds,,0.00
LANKA COMMODITY BROKERS LTD,AS008765,2021-04-23,513248,9800.00,Check,Undeposited Funds,,0.00
LANKA COMMODITY BROKERS LTD,AS008766,2021-04-23,513248,5000.00,Check,Undeposited Funds,,0.00
Pretec Systems (Pvt)Ltd,AS008846,2021-04-23,330902,67000.00,Check,Undeposited Funds,,0.00
WinSoft Technologies (Pvt)Ltd,AS008835,2021-04-23,001916,38000.00,Check,Undeposited Funds,,0.00
WinSoft Technologies (Pvt)Ltd,AS008835,2021-04-23,001917,38000.00,Check,Undeposited Funds,,0.00
WinSoft Technologies (Pvt)Ltd,AS008835,2021-04-23,SETOFF,20000.00,SETOFF,Undeposited Funds,,0.00
KAMINSKI. C/o STATESMAN HATS (PVT) LTD.,AS007159,2021-04-28,Bank Deposit,3450.00,Bank Deposits,Undeposited Funds,,0.00
KAMINSKI. C/o STATESMAN HATS (PVT) LTD.,AS007466,2021-04-28,Bank Deposit,1725.00,Bank Deposits,Undeposited Funds,,0.00
KAMINSKI. C/o STATESMAN HATS (PVT) LTD.,AS007504,2021-04-28,Bank Deposit,58995.00,Bank Deposits,Undeposited Funds,,0.00
KAMINSKI. C/o STATESMAN HATS (PVT) LTD.,AS007673,2021-04-28,Bank Deposit,62473.75,Bank Deposits,Undeposited Funds,,0.00
KAMINSKI. C/o STATESMAN HATS (PVT) LTD.,AS007760,2021-04-28,Bank Deposit,62315.63,Bank Deposits,Undeposited Funds,,0.00
KAMINSKI. C/o STATESMAN HATS (PVT) LTD.,AS008411,2021-04-28,Bank Deposit,48600.00,Bank Deposits,Undeposited Funds,,0.00
KAMINSKI. C/o STATESMAN HATS (PVT) LTD.,AS008820,2021-04-28,Bank Deposit,50217.75,Bank Deposits,Undeposited Funds,,0.00
Mr. Arshad Milhar,AS008862,2021-04-28,CASH,40000.00,Cash,Undeposited Funds,,0.00
Sumathi Information Technologies,AS008631,2021-04-30,,0.00,Check,Undeposited Funds,,0.00
Avian,AS008861,2021-04-30,729546,146000.00,Check,Undeposited Funds,,0.00
Avian,AS008867,2021-04-30,729546,239200.00,Check,Undeposited Funds,,0.00
Redline Technologies,AS008866,2021-04-30,001883 (11/05/2021),51100.00,Check,Undeposited Funds,,0.00
Redline Technologies,AS008866,2021-04-30,001884 (12/05/2021),100000.00,Check,Undeposited Funds,,0.00
Redline Technologies,AS008866,2021-04-30,001885 (14/05/2021),100000.00,Check,Undeposited Funds,,0.00
Redline Technologies,AS008866,2021-04-30,001886 (17/05/2021),100000.00,Check,Undeposited Funds,,0.00
Redline Technologies,AS008866,2021-04-30,001887 (18/05/2021),100000.00,Check,Undeposited Funds,,0.00
Redline Technologies,AS008866,2021-04-30,001888 (19/05/2021),100000.00,Check,Undeposited Funds,,0.00
Sumathi Information Technologies,AS008776,2021-04-30,936156,154675.00,Check,Undeposited Funds,,0.00
NextGen Holdings,AS008870,2021-05-03,629023-06/06/21,7000.00,Check,Undeposited Funds,,0.00
NextGen Holdings,AS008870,2021-05-03,629022 -04/06/21,52000.00,Check,Undeposited Funds,,0.00
NextGen Holdings,AS008869,2021-05-03,629021-04/06/21,67000.00,Check,Undeposited Funds,,0.00
LANKA MOUNT CASTLE (PVT) LTD,AS008808,2021-05-03,Bank Deposit,33800.00,Bank Deposits,Undeposited Funds,,0.00
BlueChip Technical Services(Pvt)Ltd,AS008773,2021-05-05,777602,193800.00,Check,Undeposited Funds,,0.00
Base Hp (Pvt) Ltd,AS008864,2021-05-05,CASH,20100.00,Cash,Undeposited Funds,,0.00
Avian,AS008874,2021-05-06,729564,146000.00,Check,Undeposited Funds,,0.00
Mr. Nalim,AS008650,2021-05-06,Bank Deposit,10000.00,Bank Deposits,Undeposited Funds,,0.00
Electro Net,AS008745,2021-05-07,000048,68000.00,Check,Undeposited Funds,,0.00
LANKA COMMODITY BROKERS LTD,AS008875,2021-05-10,515120,595127.50,Check,Undeposited Funds,,0.00
Mr. Arshad Milhar,AS008862,2021-05-10,CASH,10000.00,Cash,Undeposited Funds,,0.00
Paan Paan,AS008754,2021-05-10,Bank Deposit,50000.00,Bank Deposits,Undeposited Funds,,0.00
Paan Paan,AS008769,2021-05-10,Bank Deposit,2000.00,Bank Deposits,Undeposited Funds,,0.00
Paan Paan,AS008818,2021-05-10,Bank Deposit,2000.00,Bank Deposits,Undeposited Funds,,0.00
Paan Paan,AS008858,2021-05-10,Bank Deposit,2000.00,Bank Deposits,Undeposited Funds,,0.00
LANKA COMMODITY BROKERS LTD,AS007979,2021-05-11,515033,11270.00,Check,Undeposited Funds,,0.00
LANKA COMMODITY BROKERS LTD,AS007980,2021-05-11,515033,5750.00,Check,Undeposited Funds,,0.00
LANKA COMMODITY BROKERS LTD,AS008017,2021-05-11,515033,5750.00,Check,Undeposited Funds,,0.00
LANKA COMMODITY BROKERS LTD,AS008018,2021-05-11,515033,6830.00,Check,Undeposited Funds,,0.00
Datalink Solutions (PVT) Ltd,AS008877,2021-05-11,bank Advance payment,20000.00,Bank Deposits,Undeposited Funds,,0.00
LANKA COMMODITY BROKERS LTD,AS008815,2021-05-11,515104,9800.00,Check,Undeposited Funds,,0.00
LANKA COMMODITY BROKERS LTD,AS008816,2021-05-11,515104,5000.00,Check,Undeposited Funds,,0.00
STATEMAN HATS (Pvt) LTD.,AS008799,2021-05-18,Bank Deposit,75000.00,Bank Deposits,Undeposited Funds,,0.00
STATEMAN HATS (Pvt) LTD.,AS008800,2021-05-18,Bank Deposit,22000.00,Bank Deposits,Undeposited Funds,,0.00
STATEMAN HATS (Pvt) LTD.,AS008801,2021-05-18,Bank Deposit,3000.00,Bank Deposits,Undeposited Funds,,0.00
STATEMAN HATS (Pvt) LTD.,AS008802,2021-05-18,Bank Deposit,8000.00,Bank Deposits,Undeposited Funds,,0.00
Ceylinco General Insurance Limited,AS008863,2021-05-20,372032 (13/05/2021),383557.00,Check,Undeposited Funds,,0.00
Power House - Derana,AS008778,2021-05-20,876990 (23/04/2021),389920.00,Check,Undeposited Funds,,0.00
BlueChip Technical Services(Pvt)Ltd,AS008693,2021-05-21,777639 (19/05/2021),188300.00,Check,Undeposited Funds,,0.00
BlueChip Technical Services(Pvt)Ltd,AS008804,2021-05-21,777639 (19/05/2021),294810.00,Check,Undeposited Funds,,0.00
Mr. Devon Senarathna,AS008924,2021-05-21,Bank Deposit,125000.00,Bank Deposits,Undeposited Funds,,0.00
Kandy General Hospital,AS008700,2021-05-25,408939 (13/05/2021),885000.00,Check,Undeposited Funds,,0.00
Silvacos (Pvt) Ltd,AS008758,2021-05-25,975524 (20/05/2021),416000.00,Check,Undeposited Funds,,0.00
ICC,AS008810,2021-05-25,043442 (12/05/2021),22500.00,Check,Undeposited Funds,,0.00
DPL Holdings Pvt Ltd,AS008891,2021-06-03,Bank Deposit,75000.00,Bank Deposits,Undeposited Funds,,0.00
SupremeSAT (PVT) LTD,AS008898,2021-06-09,CASH,59000.00,Check,Undeposited Funds,,0.00
STATEMAN HATS (Pvt) LTD.,AS008851,2021-06-12,Bank Deposit,8000.00,Bank Deposits,Undeposited Funds,,0.00
STATEMAN HATS (Pvt) LTD.,AS008852,2021-06-12,Bank Deposit,3000.00,Bank Deposits,Undeposited Funds,,0.00
STATEMAN HATS (Pvt) LTD.,AS008853,2021-06-12,Bank Deposit,22000.00,Bank Deposits,Undeposited Funds,,0.00
STATEMAN HATS (Pvt) LTD.,AS008854,2021-06-12,Bank Deposit,75000.00,Bank Deposits,Undeposited Funds,,0.00
STATEMAN HATS (Pvt) LTD.,AS008871,2021-06-12,Bank Deposit,18000.00,Bank Deposits,Undeposited Funds,,0.00
STATEMAN HATS (Pvt) LTD.,AS008872,2021-06-12,Bank Deposit,136300.00,Bank Deposits,Undeposited Funds,,0.00
Pacific Manning Agency Colombo(Pvt)Ltd,AS008850,2021-06-12,759508 (29/06/2021),22638.00,Check,Undeposited Funds,,0.00
TYAX (PVT)LTD,AS008821,2021-06-14,469517,1821000.00,Check,Undeposited Funds,,0.00
Base Hp (Pvt) Ltd,AS008836,2021-06-29,841818 28/06/2021,659600.00,Check,Undeposited Funds,,0.00
TYAX (PVT)LTD,AS008842,2021-06-29,469513 (11/06/2021),270441.00,Check,Undeposited Funds,,0.00
Ideal Finance Ltd,AS008841,2021-07-01,588845,68900.00,Check,Undeposited Funds,,0.00
Adapt Information Technologies (Pvt) Ltd,AS008847,2021-07-01,732792,36500.00,Check,Undeposited Funds,,0.00
Avian,AS008925,2021-07-01,799601,68748.00,Check,Undeposited Funds,,0.00
Supervision Technology (Pvt) Ltd,AS008731,2021-07-01,Bank Deposit,72000.00,Bank Deposits,Undeposited Funds,,0.00
STATEMAN HATS (Pvt) LTD.,AS008902,2021-07-02,Bank Deposit,288089.60,Bank Deposits,Undeposited Funds,,0.00
Avian,AS008928,2021-07-05,799603,102300.00,Check,Undeposited Funds,,0.00
ICC Inernational Construction Consortium,AS008876,2021-07-07,745920,7500.00,Check,Undeposited Funds,,0.00
ICC Inernational Construction Consortium,AS008889,2021-07-07,746492,55000.00,Check,Undeposited Funds,,0.00
579 Holdings,AS008932,2021-07-08,Bank,125500.00,Bank Deposits,Undeposited Funds,,0.00
Softlogic IT,AS008747,2021-07-13,002902,29900.00,Bank Deposits,Undeposited Funds,,0.00
Softlogic IT,AS008865,2021-07-13,603959,124000.00,Check,Undeposited Funds,,0.00
CEB - Distribution Division 01,AS008734,2021-07-13,,21300.00,Check,Undeposited Funds,,0.00
TYAX (PVT)LTD,AS008892,2021-07-14,469574 (13/07/2021),1689000.00,Check,Undeposited Funds,,0.00
ITX360 (Pvt)Ltd,AS008843,2021-07-16,Bank Deposit,486400.00,Bank Deposits,Undeposited Funds,,0.00
R. M. N Rajakaruna,AS008937,2021-07-16,Bank Deposit,39500.00,Bank Deposits,Undeposited Funds,,0.00
First Capital Holdings PLC,AS008901,2021-07-16,Bank Depsoit,57800.00,Bank Deposits,Undeposited Funds,,0.00
Tajima Colombo (Pvt) Ltd,AS008896,2021-07-16,000260,70200.00,Check,Undeposited Funds,,0.00
LANKA COMMODITY BROKERS LTD,AS008960,2021-07-16,528731,49500.00,Check,Undeposited Funds,,0.00
Datalink Solutions (PVT) Ltd,AS008877,2021-07-20,Bank Deposit,34000.00,Bank Deposits,Undeposited Funds,,0.00
STATEMAN HATS (Pvt) LTD.,AS008702,2021-07-20,Bank Deposit,210947.00,Bank Deposits,Undeposited Funds,,0.00
STATEMAN HATS (Pvt) LTD.,AS008879,2021-07-20,Bank Deposit,75000.00,Bank Deposits,Undeposited Funds,,0.00
STATEMAN HATS (Pvt) LTD.,AS008880,2021-07-20,Bank Deposit,22000.00,Bank Deposits,Undeposited Funds,,0.00
STATEMAN HATS (Pvt) LTD.,AS008881,2021-07-20,Bank Deposit,3000.00,Bank Deposits,Undeposited Funds,,0.00
STATEMAN HATS (Pvt) LTD.,AS008882,2021-07-20,Bank Deposit,8000.00,Bank Deposits,Undeposited Funds,,0.00
STATEMAN HATS (Pvt) LTD.,AS008903,2021-07-20,Bank Deposit,245400.00,Bank Deposits,Undeposited Funds,,0.00
STATEMAN HATS (Pvt) LTD.,AS008920,2021-07-20,Bank Deposit,7500.00,Bank Deposits,Undeposited Funds,,0.00
Mrs. Faraha,AS008954,2021-07-26,CASH,5000.00,Cash,Undeposited Funds,,0.00
DYN TECH ENTERPRISES,AS008934,2021-07-26,783040,43200.00,Check,Undeposited Funds,,0.00
Synergy Engineering (Pvt) ltd,AS008887,2021-07-26,CASH,16700.00,Cash,Undeposited Funds,,0.00
Paan Paan,AS008886,2021-07-26,Bank Deposit,2000.00,Bank Deposits,Undeposited Funds,,0.00
Paan Paan,AS008895,2021-07-26,Bank Deposit,33800.00,Bank Deposits,Undeposited Funds,,0.00
Supervision Technology (Pvt) Ltd,AS008772,2021-07-27,870150,92000.00,Check,Undeposited Funds,,0.00
Supervision Technology (Pvt) Ltd,AS008834,2021-07-27,267794,6750.00,Check,Undeposited Funds,,0.00
Supervision Technology (Pvt) Ltd,AS008943,2021-07-27,267794,6750.00,Check,Undeposited Funds,,0.00
BlueChip Technical Services(Pvt)Ltd,AS008905,2021-07-29,777776,1023800.00,Check,Undeposited Funds,,0.00
BlueChip Technical Services(Pvt)Ltd,AS008936,2021-07-29,777750,20000.00,Check,Undeposited Funds,,0.00
Barclays Computers (Pvt) Ltd,AS008784,2021-07-29,Set off,68000.00,SETOFF,Undeposited Funds,,0.00
Barclays Computers (Pvt) Ltd,AS008840,2021-07-29,Set-off,70000.00,SETOFF,Undeposited Funds,,0.00
Barclays Computers (Pvt) Ltd,AS008860,2021-07-29,Set off,70000.00,SETOFF,Undeposited Funds,,0.00
Barclays Computers (Pvt) Ltd,AS008904,2021-07-29,854451,42800.00,Check,Undeposited Funds,,0.00
Barclays Computers (Pvt) Ltd,AS008904,2021-07-29,Set off,27200.00,SETOFF,Undeposited Funds,,0.00
Consolidated Business Systems Limited,AS008961,2021-07-29,163641,156000.00,Check,Undeposited Funds,,0.00
Fazaal Ceramics,AS008396,2021-07-29,159004,39000.00,Check,Undeposited Funds,,0.00
Fazaal Ceramics,AS008701,2021-07-29,159004,120000.00,Check,Undeposited Funds,,0.00
Fazaal Ceramics,AS008729,2021-07-29,159004,59000.00,Check,Undeposited Funds,,0.00
Fazaal Ceramics,AS008768,2021-07-29,159004,40000.00,Check,Undeposited Funds,,0.00
Fazaal Ceramics,AS008814,2021-07-29,159004,40000.00,Check,Undeposited Funds,,0.00
Fazaal Ceramics,AS008859,2021-07-29,159004,40000.00,Check,Undeposited Funds,,0.00
Fazaal Ceramics,AS008893,2021-07-29,159004,40000.00,Check,Undeposited Funds,,0.00
Fazaal Ceramics,AS008915,2021-07-29,159004,41000.00,Check,Undeposited Funds,,0.00
Fazaal Ceramics,AS008953,2021-07-29,159004,41000.00,Check,Undeposited Funds,,0.00
ACSYS NETWORKS PRIVATE LIMITED,AS008900,2021-07-30,Bank Transer,114210.00,Bank Deposits,Undeposited Funds,,0.00
Adapt Information Technologies (Pvt) Ltd,AS008919,2021-07-30,743061,462000.00,Check,Undeposited Funds,,0.00
Rapidventure (Pvt) Ltd,AS008771,2021-08-02,066092,25100.00,Check,Undeposited Funds,,0.00
Delmage Forsyth & Co. Ltd,AS008899,2021-08-02,015308,85000.00,Check,Undeposited Funds,,0.00
MACSON MESH,AS008781,2021-08-02,635986,12000.00,Check,Undeposited Funds,,0.00
MACSON MESH,AS008822,2021-08-02,636418,18000.00,Check,Undeposited Funds,,0.00
Paan Paan,AS008916,2021-08-06,Bank Deposit,2000.00,Bank Deposits,Undeposited Funds,,0.00
Paan Paan,AS008952,2021-08-06,Bank Deposit,2000.00,Bank Deposits,Undeposited Funds,,0.00
Paan Paan,AS008964,2021-08-06,Bank Deposit,6500.00,Bank Deposits,Undeposited Funds,,0.00
Navesta Pharmaceuticals (Pvt) Ltd,AS008977,2021-08-06,Bank Deposit,52450.00,Bank Deposits,Undeposited Funds,,0.00
Mr. Nalim,AS008981,2021-08-09,CASH,5000.00,Cash,Undeposited Funds,,0.00
Avian,AS008985,2021-08-10,Bank,148500.00,Bank Deposits,Undeposited Funds,,0.00
Kandy General Hospital,AS008848,2021-08-10,Bank Deposit,885000.00,Bank Deposits,Undeposited Funds,,0.00
Prima Management Services (Pvt) Ltd,AS008962,2021-08-11,Bank Deposit,561600.00,Bank Deposits,Undeposited Funds,,0.00
Prima Management Services (Pvt) Ltd,AS008963,2021-08-11,Bank Deposit,323600.00,Bank Deposits,Undeposited Funds,,0.00
Sanasa Insurance Company Limited,AS008939,2021-08-12,Bank Transer,40000.00,Bank Deposits,Undeposited Funds,,0.00
techtron,AS008918,2021-08-16,Bank,197000.00,Bank Deposits,Undeposited Funds,,0.00
STATEMAN HATS (Pvt) LTD.,AS008906,2021-08-18,STH25878 July Paymen,8000.00,Check,Undeposited Funds,,0.00
STATEMAN HATS (Pvt) LTD.,AS008907,2021-08-18,STH25878 July Paymen,3000.00,Check,Undeposited Funds,,0.00
STATEMAN HATS (Pvt) LTD.,AS008908,2021-08-18,STH25878 July Paymen,22000.00,Check,Undeposited Funds,,0.00
STATEMAN HATS (Pvt) LTD.,AS008909,2021-08-18,STH25878 July Paymen,75000.00,Check,Undeposited Funds,,0.00
STATEMAN HATS (Pvt) LTD.,AS008910,2021-08-18,STH25878 July Paymen,55350.00,Check,Undeposited Funds,,0.00
STATEMAN HATS (Pvt) LTD.,AS008926,2021-08-18,STH25878 July Paymen,382244.76,Check,Undeposited Funds,,0.00
STATEMAN HATS (Pvt) LTD.,AS008931,2021-08-18,STH25878 July Paymen,10000.00,Check,Undeposited Funds,,0.00
STATEMAN HATS (Pvt) LTD.,AS008955,2021-08-18,STH25878 July Paymen,56000.00,Check,Undeposited Funds,,0.00
Mr. Nalim,AS008990,2021-08-20,CASH,5000.00,Cash,Undeposited Funds,,0.00
LANKA COMMODITY BROKERS LTD,AS008855,2021-08-20,,9800.00,,Undeposited Funds,,0.00
LANKA COMMODITY BROKERS LTD,AS008856,2021-08-20,,5000.00,,Undeposited Funds,,0.00
LANKA COMMODITY BROKERS LTD,AS008883,2021-08-20,,9800.00,,Undeposited Funds,,0.00
LANKA COMMODITY BROKERS LTD,AS008884,2021-08-20,,5000.00,,Undeposited Funds,,0.00
Sampath Senaratharachige Asso,AS008979,2021-08-24,213820 (24/08/2021),76000.00,Check,Undeposited Funds,,0.00
SLIM,AS008930,2021-08-26,,46000.00,Bank Deposits,Undeposited Funds,,0.00
Eureka Technology Partners (Pvt)Ltd,AS008994,2021-08-27,BANK,365000.00,Bank Deposits,Undeposited Funds,,0.00
Electro Net,AS008917,2021-08-27,SETOFF,2100.00,SETOFF,Undeposited Funds,,0.00
Adapt Information Technologies (Pvt) Ltd,AS008938,2021-09-01,743123,402400.00,Check,Undeposited Funds,,0.00
ITX360 (Pvt)Ltd,AS008935,2021-09-02,,275500.00,Bank Deposits,Undeposited Funds,,0.00
Avian,AS009012,2021-09-02,824063,217296.00,Check,Undeposited Funds,,0.00
CEB - Distribution Division 01,AS008940,2021-09-06,138130 (02/08/2021),49600.00,Check,Undeposited Funds,,0.00
LANKA COMMODITY BROKERS LTD,AS008959,2021-09-07,,150000.00,,Undeposited Funds,,0.00
LANKA COMMODITY BROKERS LTD,AS008875,2021-09-08,,595127.50,,Undeposited Funds,,0.50
LANKA COMMODITY BROKERS LTD,AS008913,2021-09-08,,9799.50,,Undeposited Funds,,0.50
D C L Engineering (Private) Limited,AS009015,2021-09-09,975380,575000.00,Check,Undeposited Funds,,0.00
D C L Engineering (Private) Limited,AS009015,2021-09-09,975381,575000.00,Check,Undeposited Funds,,0.00
WinSoft Technologies (Pvt)Ltd,21-MAY14,2021-09-10,Bank Deposit,76000.00,Bank Deposits,Undeposited Funds,,0.00
Akoit Solutions,AS009017,2021-09-13,BANK,42500.00,Bank Deposits,Undeposited Funds,,0.00
ITX360 (Pvt)Ltd,AS008941,2021-09-13,Bank Deposit,250900.00,Bank Deposits,Undeposited Funds,,0.00
Data Management Systems (Pvt) Limited,AS008988,2021-09-14,121037,79373.00,Check,Undeposited Funds,,0.00
Data Management Systems (Pvt) Limited,AS008989,2021-09-14,121035,192850.00,Check,Undeposited Funds,,0.00
Data Management Systems (Pvt) Limited,AS008987,2021-09-14,121036,411075.00,Check,Undeposited Funds,,0.00
Thilini Prasadika,AS009018,2021-09-15,CASH,7000.00,Check,Undeposited Funds,,0.00
Editing Table Studio,AS008933,2021-09-16,,35000.00,Bank Deposits,Undeposited Funds,,0.00
STATEMAN HATS (Pvt) LTD.,AS008945,2021-09-16,,8000.00,Bank Deposits,Undeposited Funds,,0.00
STATEMAN HATS (Pvt) LTD.,AS008946,2021-09-16,,3000.00,Bank Deposits,Undeposited Funds,,0.00
STATEMAN HATS (Pvt) LTD.,AS008947,2021-09-16,,22000.00,Bank Deposits,Undeposited Funds,,0.00
STATEMAN HATS (Pvt) LTD.,AS008948,2021-09-16,,75000.00,Bank Deposits,Undeposited Funds,,0.00
Kandy General Hospital,AS008942,2021-09-16,410393,885000.00,Check,Undeposited Funds,,0.00
Elegant Knitting International,AS008957,2021-09-16,853821,5500.00,Bank Deposits,Undeposited Funds,,0.00
Elegant Knitting International,AS008969,2021-09-16,853821,15000.00,Bank Deposits,Undeposited Funds,,0.00
Elegant Knitting International,AS008973,2021-09-16,853821,15000.00,Bank Deposits,Undeposited Funds,,0.00
LANKA COMMODITY BROKERS LTD,AS008912,2021-09-17,538316,5000.00,Check,Undeposited Funds,,0.00
LANKA COMMODITY BROKERS LTD,AS008949,2021-09-17,538316,5000.00,Check,Undeposited Funds,,0.00
LANKA COMMODITY BROKERS LTD,AS008950,2021-09-17,538316,9800.00,Check,Undeposited Funds,,0.00
TYAX (PVT)LTD,AS008929,2021-09-21,469690,131000.00,Check,Undeposited Funds,,0.00
Avian,AS009025,2021-09-29,824099,189160.00,Check,Undeposited Funds,,0.00
LAKDAM TRADING COMPANY (PVT) LTD,AS008968,2021-10-28,,1000.00,Cash,Undeposited Funds,,0.00
E-Net Integrated Solutions (Pvt.) Ltd,AS009838,2023-08-25,Cash,955290.00,Cash,Undeposited Funds,,0.00
E-Net Integrated Solutions (Pvt.) Ltd,AS009839,2023-08-25,cash,290000.00,Cash,Undeposited Funds,,0.00
E-Net Integrated Solutions (Pvt.) Ltd,AS009845,2023-09-05,Cash,305570.00,Cash,Undeposited Funds,,0.00
Mr  Michael Elsworth Jansz,AS010069,2024-06-10,,332000.00,Cash,Undeposited Funds,,0.00
